{"__Version":"0.1","App":"3e380cd4-72c5-4766-8b98-029373d78489","Test_7F478737223C4B69":"57b4174b-756c-412f-aceb-42c4f8f86828","Host":"73047853-2d9f-4f88-b2f1-dd8bc8fb2052","PACo_CommandBarMenu_A":"ed5e2837-adff-4dd7-8086-d3cc54ae31db","html_CommandBarMenu_A_Visualization":"f683d6bd-fb3e-481d-9a38-ce1f359940e2","shp_CommandBarMenu_A_Visualization":"0b0e0665-6c04-417f-bc12-d3c43d81835f","gall_CommandBarMenu_A":"5398ea10-39d6-4988-b691-1385703388d1","galleryTemplate1":"d47c2835-e72c-4afb-8d73-a1a503da78ac","img_CommandBarMenu_A_Gall":"1f193efb-8dfc-4511-9b10-7e445097d051","icn_CommandBarMenu_A_Gall":"f3f5f6b5-b302-4d53-939d-566f99c8cf8e","lbl_CommandBarMenu_A_Gall":"530912ea-1b8a-45ff-aa7b-c83c96f086b3","shp_CommandBarMenu_A_Gall_Divider":"a0e1e48a-2076-4ed5-ac37-1bb310eedc16","PACo_DetailsList_C":"d2903bce-9e91-432c-b69b-6d9eec435713","html_DetailsList_C_Visualization":"19b46ef1-be2f-43c6-bc17-b7da9a1564ba","shp_DetailsList_C_Visualization":"29a75a98-18ac-4846-bb6e-9b37bbb827a5","gall_DetailsList_C":"30dfc5bf-12b2-4cc3-a476-b9e02e54674b","galleryTemplate4":"a8789022-e291-4cf2-bb34-6b2d161b8b67","shp_DetailsList_C_Gall":"82693900-d671-4b9b-a721-58846eab28fb","cb_DetailsList_C_Gall":"816df06f-43ef-4284-b67b-bb1ddb9aa8fc","lbl_DetailsList_C_Gall_Title":"5f3123cd-27cb-4e69-99b8-1f88a2f5b891","lbl_DetailsList_C_Gall_Subtitle":"c839971c-d102-486e-b3a7-ee68321415c5","lbl_DetailsList_C_Gall_Body":"1e723bc4-ed1d-40d9-9278-66cbc5dbe6ee","shp_DetailList_C_Gall_Divider":"89fa0e0d-4993-42e8-b6b9-2ff599b9287c","PACo_Panel_A":"6b26901b-6dfe-4e69-b61e-df283a66b954","html_Panel_A":"6413b356-cac6-4587-b8df-cabbd1e48053","shp_Panel_A_Area":"feac7652-36bb-48c6-b6d1-6a68671e2beb","html_Panel_A_CommandBar_Visualization":"14717eaa-d674-4e5a-a58f-545c906044f7","shp_Panel_A":"9bfb5b2d-f464-4551-8374-41804a6d6da1","shp_Panel_A_CommandBar_Visualization":"7dbb24a0-56e9-4701-a17d-34a4d037b0f7","cntr_Panel_A_CommandBar":"882ed8d8-c9bc-433c-a3e7-a32e0c5976bb","img_Panel_A_CommandBar_1":"f4000265-3178-49c6-920a-5e4b2f74dc8f","icn_Panel_A_CommandBar_1":"268e4f48-fb19-45e9-9868-2705eaa6bdb7","lbl_Panel_A_CommandBar_1":"217eeb85-983f-496f-bf6b-2cfc0d147dca","img_Panel_A_CommandBar_2":"fa37359c-76fa-4086-86e0-23c73e51f7fe","icn_Panel_A_CommandBar_2":"b02857de-8cc1-41e9-94a4-60f1e4b2e65d","lbl_Panel_A_CommandBar_2":"dae48580-1909-4dbc-9b4f-c24f47f0525e","gall_Panel_A":"cb14ba6c-578f-4ce0-a9c8-39442810cc81","galleryTemplate2":"fc4beed9-8e71-43dd-ad80-73734ca07f15","lbl_Panel_A_Gall_Label":"efffdc32-9117-47ba-a812-c6dad664082a","lbl_Panel_A_Gall_Text":"0aba5b9f-209d-44dc-81e3-8b4bb01109dd","cntr_Panel_A_Button":"cd75b59b-feaa-4771-8de9-c8b92d11490e","btn_Panel_A_Button":"e58c3a47-2026-45ed-92a2-7f98966ea314","icn_Panel_A_Button":"f16c7914-c407-4c37-b018-bd575f107a6f","img_Panel_A_Button":"78d55b55-179e-4944-99d4-8f4237f454c9","lbl_Panel_A_Button":"9f38e805-b9c3-416e-8409-921436deb5c6","html_Panel_A_Button":"1dbd664e-c72e-4e3f-b1d7-fe39803c552e","html_Panel_A_CommandBar_1":"06bd6cd7-b036-47d6-ab0c-9e6d47a2b2f1","html_Panel_A_CommandBar_2":"eacd9571-4874-471c-8435-e05dd731c53c","PACo_Nav_B":"20932fd0-0f00-4c45-b0db-fbf9aa067c2b","html_Nav_B_Visualization":"a47353d6-450a-4dbc-94db-1909ab866cf8","shp_Nav_B_Visualization":"7ef63674-ad1d-4551-93bb-514a128b6e5a","gall_Nav_B":"f8a07463-880e-49bc-ad9c-375f2aaac383","galleryTemplate1_3":"76f2b814-8d36-47e1-ba96-08602af8cda5","shp_Nav_B_Gall":"00a7191c-1946-46cd-bb01-d2c0c236899f","img_Nav_B_Gall":"d1f71df8-f57e-4506-9074-c84aca869137","lbl_Nav_B_Gall":"8b7d2726-ec00-467c-9afc-b8822b42d0f7","icn_Nav_B_Gall":"b4a95a09-b0e0-4cf6-a48f-00b9f2d55bce","shp_Nav_B_Gall_Divider":"ebd12920-bb05-4a9d-bfc9-bdbba8e73e29","PACo_HeaderSettingsMenu_A":"33dbdd55-1bad-4018-8434-31bd00a93b52","html_HeaderSettingsMenu_A_Visualization":"9b9ce35f-5d15-466a-bfe9-7168ee6adaa9","shp_HeaderSettingsMenu_A_Area_Visualization":"fd7c3da1-7caf-43c5-adb5-bc6e05e51d18","gall_HeaderSettingsMenu_A":"79248cdb-4a1e-40d0-b7bc-2f4de14719a7","galleryTemplate1_2":"e7b474f5-d29b-45b2-bb3e-dece49dd5fc4","shp_HeaderSettingsMenu_A_Gall":"09d5ed19-63ee-4c0c-b628-b1243873b377","lbl_HeaderSettingsMenu_A_Gall":"d4a96274-f020-45e9-8ac1-a0fa0ca62ea6","icn_HeaderSettingsMenu_A_Gall":"8bc59baa-847b-41ce-9e95-7c0b65a94fa1","shp_HeaderSettingsMenu_A_Gall_Divider":"f9c6e49e-ced1-4fa1-a4f8-203040cf9466","shp_HeaderSettingsMenu_A":"60356113-1ef9-4061-8cc6-104b2afd3c20","PACo_Dialog_A":"6990b38a-518f-4c8b-95f0-46a8522eaafe","cntr_Dialog_A":"0ea29938-37bd-4177-ad8a-32fb435070f2","html_Dialog_A_Visualization":"ced1a940-f81d-4bef-a8a0-eea61628437a","shp_Dialog_A_Visualization":"9b93e8fd-052e-4809-91c6-7d922ecc0297","shp_Dialog_A_Area":"a1134efa-9773-4f92-af0f-998c5cb55747","lbl_Dialog_A_Title":"8ddc67a9-2b8c-4eef-9704-59b3b0a56485","lbl_Dialog_A_Message":"a135f20e-0a84-48b9-a275-ce133881a144","html_Dialog_A_Message":"557f649e-fa45-4f9a-b8a6-6a4529f67484","cntr_Dialog_A_Button_Last":"42165a8d-491e-4c95-b5b8-89edb4cdf5a2","icn_Dialog_A_Button_Last":"93ca0208-d945-4701-a96d-4d849b1f1158","img_Dialog_A_Button_Last":"04533ff4-3cb4-4e87-b918-c3f6bb40883d","lbl_Dialog_A_Button_Last":"ae74298e-478c-456d-b4ad-6e6b4b230d3b","btn_Dialog_A_Button_Last":"644675c4-9178-4cb1-a123-bc2d3ef489a9","cntr_Dialog_A_Button_First":"273cb12e-8c2d-4848-9cf5-7e6d943b1e6e","icn_Dialog_A_Button_First":"f51fd84e-cafa-4e12-9d49-8456e6c5d883","img_Dialog_A_Button_First":"5c2a3af3-9967-4e97-9180-71e7d69b079e","lbl_Dialog_A_Button_First":"295b3a4e-25fa-4120-9917-3094e503df3f","btn_Dialog_A_Button_First":"7e4de86f-da5f-472a-8237-c95962fc768f","html_Dialog_A_Button_First":"8e513b7f-fb42-417f-877b-57619bbf264d","html_Dialog_A_Button_Last":"11a848e2-6061-4a63-a84f-a1f2d83e81e4","PACo_CommandBar_B":"b8026383-ed5c-4ce4-a9cf-0344cf5503da","html_CommandBar_B_Visualization":"9deb5475-0fa5-47d2-8e4d-8c8de1b9aa2e","shp_CommandBar_B_Visualization":"70d3917a-343e-4ad8-b785-0df046f85a44","cntr_CommandBar_B":"510fddfe-607f-48fb-aa6b-0e7faf91e0c2","img_CommandBar_B_1":"38848b72-c59f-410f-8f59-0b74edf3885d","icn_CommandBar_B_1":"a616232e-c1fc-4744-8466-c4840185db1e","lbl_CommandBar_B_1":"44224cd1-98c1-4688-9fce-e585ce021212","img_CommandBar_B_2":"562ca630-47ac-4f73-9efd-7065198cd302","lbl_CommandBar_B_2":"2262cc6c-70e0-42a6-a7f1-7768c24e135e","icn_CommandBar_B_2":"c9cafc89-d741-403f-be45-3f8988f2aea3","img_CommandBar_B_3":"8aadeb48-15c7-46b2-9f8b-3e906c7f2ad2","lbl_CommandBar_B_3":"ca67c9ca-605c-45cb-92d9-43e4985bf563","icn_CommandBar_B_3":"2b18b196-2034-46b8-a3f9-2d3b94308d59","img_CommandBar_B_4":"f5bc273e-b64e-4b69-8532-777b3915a028","icn_CommandBar_B_4":"1b2d0236-a338-4bc0-a715-dda9de3e9020","lbl_CommandBar_B_4":"2c85a0e4-fe28-4180-8458-36c3a55a1072","img_CommandBar_B_5":"00250dce-dd91-4aac-9d1a-b1c8c7b4ff00","lbl_CommandBar_B_5":"f6adc703-d50f-4300-9223-47ef1f33289b","icn_CommandBar_B_5":"fe34ae88-84be-46a5-92ee-7bc7d0e46f33","img_CommandBar_B_6":"eb26fb46-6391-44e8-82fa-73bb260ecdbb","lbl_CommandBar_B_6":"7602fa7e-2594-43ca-90be-cd98e7341a19","icn_CommandBar_B_6":"bb7fa7d0-232a-4202-8c90-1564cdb4128b","img_CommandBar_B_7":"941e7be9-c972-423e-8d9e-50623743942a","lbl_CommandBar_B_7":"21ef680d-e726-4b21-8008-948567a6bcf7","icn_CommandBar_B_7":"b8524c58-1300-44bf-bba5-313a755b06c6","img_CommandBar_B_8":"b146afcd-cc14-4136-a6f4-d9c68b16b54c","lbl_CommandBar_B_8":"0b82913c-5a5d-4c97-8cfb-93a13b6fd386","icn_CommandBar_B_8":"f6a09b89-6cf0-484c-b873-ace076d6f438","lbl_CommandBar_B_Menu":"9aa59187-c03c-40af-ad4d-c29b46bfcfd4","icn_CommandBar_B_Menu":"daa8f0ec-8f2a-42e6-977a-e39e0e714062","html_CommandBar_B_1":"793358de-abf4-44dd-9a2a-c4adb5f80d3a","html_CommandBar_B_2":"eb4289db-6866-48b2-abcd-d450e3b055e1","html_CommandBar_B_3":"8ab80baf-d73d-45f1-b602-d41347611836","html_CommandBar_B_4":"4691858d-f84b-4e63-b938-3fca6307c625","html_CommandBar_B_5":"76003589-23e1-4323-a0c3-2f7d4c8e2551","html_CommandBar_B_6":"ef5e4494-ec0c-4acd-8b97-0b1a3d2adf73","html_CommandBar_B_7":"4fbfec3f-0669-4931-94a5-c1fc04043f60","html_CommandBar_B_8":"58b73ceb-2791-4892-8432-754d01f32ddf","PACo_DetailsList_A":"25330851-1c42-48e1-88f5-490ad95e4ab2","html_DetailsList_A_Visualization":"e02228e5-656e-4fd1-ac85-b251006e24c0","shp_DetailsList_A_Visualization":"8e57ae94-b5d1-4288-89c3-f8cbcae0c600","cntr_DetailsList_A_Main":"685a4819-d258-48e9-bc48-1983a9f07f98","cntr_DetailsList_A":"25508e29-587d-44a2-b9cf-a3cf59fc6059","lbl_DetailsList_A_Header_1":"858ed4ec-8279-4d6f-a22e-b303aa63a438","icn_DetailsList_A_Header_1":"74b2226c-4c1c-49b7-824f-2902f50eb98f","cb_DetailsList_A_Header":"223948b9-2374-469c-a94b-7b45165365be","icn_DetailsList_A_Header_Sorting":"33b98570-228d-42d2-b0fc-7c18b9c672c2","lbl_DetailsList_A_Header_2":"87a82424-0fcd-4001-b0f6-bf779d09e6c4","icn_DetailsList_A_Header_2":"00556148-0641-4715-b041-273cdbb6add2","lbl_DetailsList_A_Header_3":"bfb530fd-7ab5-4508-ad49-41279c542ba6","icn_DetailsList_A_Header_3":"315cca8b-26dc-4893-abc7-d6bbc737717b","lbl_DetailsList_A_Header_4":"592837ab-30c0-43ac-86fb-76e06cae1dd0","icn_DetailsList_A_Header_4":"4a05e1c7-ebbf-429b-84e6-44ac38467008","lbl_DetailsList_A_Header_5":"a42ecbc2-54e0-4c87-b95c-afe642738945","icn_DetailsList_A_Header_5":"d4c4a60b-bd57-406a-9022-b2f4c9cc2e74","lbl_DetailsList_A_Header_6":"6fb3fb46-1970-449e-a183-7fc93bf90798","icn_DetailsList_A_Header_6":"db3df0c9-8a6d-4e65-a4fe-62111cffaf85","lbl_DetailsList_A_Header_7":"b7acb376-e85f-4049-a9a1-91c4dd2fb9d4","icn_DetailsList_A_Header_7":"63e6348d-b440-41ee-aba6-df021f18b93d","lbl_DetailsList_A_Header_8":"4cebc194-1152-4571-a2b2-17a185a09c8c","icn_DetailsList_A_Header_8":"5401571d-58c1-446c-acb5-14fb81e7b1db","lbl_DetailsList_A_Header_9":"0f40b211-25a4-441a-8f11-135f122927ce","icn_DetailsList_A_Header_9":"e25dc9f3-11d0-45b1-945a-cfe45961364e","lbl_DetailsList_A_Header_10":"2aba63c1-1fd7-4f84-bc30-58b22679c8c2","icn_DetailsList_A_Header_10":"2c77089a-4d5c-46d3-ba46-0243fbae2473","lbl_DetailsList_A_Header_11":"f7402dd5-ef96-47bd-85c3-ef33bfed5b61","icn_DetailsList_A_Header_11":"a1782cec-ee51-4a59-b233-c8aa9cbb7fef","lbl_DetailsList_A_Header_12":"995ff1e3-7c87-4b28-9e51-341a8b2351b6","icn_DetailsList_A_Header_12":"b0e0cbe9-933a-417c-90e9-b05743c8f336","lbl_DetailsList_A_Header_13":"69c74a7f-1cab-41ff-9f60-4ab9a76a5da5","icn_DetailsList_A_Header_13":"025c6a67-fc80-41e4-ab11-0fb29391455e","lbl_DetailsList_A_Header_14":"f83cb427-b41b-4e87-b7cc-80cf6d30dac0","icn_DetailsList_A_Header_14":"05bc6722-11fa-46c1-967a-6340d8aaf3ba","lbl_DetailsList_A_Header_15":"ae159e96-b67f-4957-93a9-733cf39ee1b5","icn_DetailsList_A_Header_15":"488e4852-ea6f-4630-9e2d-579049d0c7f0","lbl_DetailsList_A_Header_16":"45db2b66-fd1a-4635-90af-6305f838a157","icn_DetailsList_A_Header_16":"8e156676-b016-47a1-a255-6f3193417107","lbl_DetailsList_A_Header_17":"2b795c8d-b163-4ac2-aa5b-e7d42e189f1b","icn_DetailsList_A_Header_17":"340000c5-4dfd-471e-ac5c-66e1508fdf64","lbl_DetailsList_A_Header_18":"d1d4e24d-8a93-4f64-84e0-59811b3f90da","icn_DetailsList_A_Header_18":"ebae07b8-a863-4ed5-beb0-498be4b910f9","lbl_DetailsList_A_Header_19":"86882515-a8fb-42bb-8b17-d6f842e4c80a","icn_DetailsList_A_Header_19":"6e6467e0-4d3a-4f2f-a646-0bece25b12a1","lbl_DetailsList_A_Header_20":"28176014-b784-45a9-a550-f7f36f436e90","icn_DetailsList_A_Header_20":"56e16d2b-a740-42df-a786-bea5b77e22d6","gall_DetailsList_A":"bbe3cb86-b0ae-4a21-93c0-176d027b4a6c","galleryTemplate2_3":"f834e78f-c922-48e2-a4ed-85dec1cd1643","lbl_DetailsList_A_Gall_1":"369f8da5-57cd-4192-80d1-86b93a2413a9","cb_DetailsList_A_Gall":"4f91e3db-e10e-4dd0-9297-3a91fb88f25f","lbl_DetailsList_A_Gall_2":"47799fb3-e38c-439e-9ae1-e7144b7c0940","lbl_DetailsList_A_Gall_3":"b3e022e9-e6cd-41ff-8c6f-75202b91f73a","lbl_DetailsList_A_Gall_4":"69e02b43-17b2-472c-adfe-3455c113a206","lbl_DetailsList_A_Gall_5":"64abcdf3-c16f-4012-aebb-b9d76a24a089","lbl_DetailsList_A_Gall_6":"bf7d32f1-b9da-437f-90a4-9c366c0d4010","lbl_DetailsList_A_Gall_7":"f14e6958-23be-40fb-8c76-b729bd1005ab","lbl_DetailsList_A_Gall_8":"f9b4cd68-2f8a-45da-89d1-f4861bf786ce","lbl_DetailsList_A_Gall_9":"afc915a0-66f4-45b6-900a-e107de057db1","lbl_DetailsList_A_Gall_10":"cd33ec8e-0427-4c1e-b312-31bcc537b921","lbl_DetailsList_A_Gall_11":"d6e5e5a4-32a1-4636-bb14-5083146304d6","lbl_DetailsList_A_Gall_12":"d2529811-5b91-4a11-b29e-efdd20277f76","lbl_DetailsList_A_Gall_13":"bed208a9-dfea-4eec-a23d-8f4030ac1fd6","lbl_DetailsList_A_Gall_14":"ab443dab-fd79-42f5-b9c7-d4f005dac631","lbl_DetailsList_A_Gall_15":"c958ffde-9577-4098-8a9e-ee18a0841546","lbl_DetailsList_A_Gall_16":"6e830169-bbed-4a2c-9d8f-a230e2227ff0","lbl_DetailsList_A_Gall_17":"7ee3a14e-a256-4487-b75c-813ac2c5e9dd","lbl_DetailsList_A_Gall_18":"e8f6ebc5-8ca7-450f-9cf1-452cb915d184","lbl_DetailsList_A_Gall_19":"9a109fd3-fff9-4d57-a1d4-c875c1a3e1dc","lbl_DetailsList_A_Gall_20":"8d4238f7-d67d-4a93-95b1-789ad5609ae7","shp_DetailsList_A_Gall_Divider":"80a4acda-b8ba-472f-8cba-10498dcbe1df","PACo_SearchBox_A":"7f493baa-8b4c-465a-bdf4-7057dd6a8b29","html_SearchBox_A_Visualization":"596f28e5-6fcf-4fdd-8e03-c4c720ab764d","shp_SearchBox_A_Visualization":"6d5846e5-dfd0-4ac3-b91f-5981bf724007","ti_SearchBox_A":"2b809595-8cb9-4d12-be75-60fcef00c93a","img_SearchBox_A_Search":"0d9c8829-3395-4715-afd9-16b038a78e0f","PACo_Header_A":"d66fb2cd-4246-4c0c-8efe-2933cf2625dd","html_Header_A_Visualization":"628ec52d-3979-4db0-b283-25c83c72a39e","lbl_Header_A":"c7add38c-83ae-40d9-8cb3-cd90972c31b8","img_Header_A_Back":"1c07781e-0af9-490a-a50d-c5604704140c","icn_Header_A_Back":"1b55f13f-b693-4374-837b-adc71fa863c0","img_Header_A_Nav":"1ad694b3-ea50-47b6-85ae-00869849aa0f","icn_Header_A_Nav":"76a60ff2-f8cd-49e1-9c6d-dac256bbdc65","img_Header_A_Logo":"e0ec476e-983f-4a9a-bdc3-d66234931a15","icn_Header_A_Logo":"d65c5497-16b0-4c52-a99b-50eb1bb36cc2","img_Header_A_LanguagesMenu":"5b8d6af5-a340-4deb-a822-949551b68010","icn_Header_A_LanguagesMenu":"a32c3c77-2fd0-4be2-89b1-7adfd0c165a3","img_Header_A_Help":"bbf5bbc3-4c15-47c2-9859-96081cfb2b14","icn_Header_A_Help":"cbefd29d-6d58-4951-9609-4c3ad73e3f98","img_Header_A_SettingsMenu":"cf7c178a-8c2d-4d6a-93e4-836a81db9a23","icn_Header_A_SettingsMenu":"e8e71cde-dadb-4d86-91c4-4a0367f7a22d","shp_Header_A_Visualization":"4988e161-09e6-43cf-9d42-c0a39be3bad6","PACo_TabsMenu_A":"dc3264eb-9bec-403e-8384-18104b8bce3e","html_TabsMenu_A_Visualization":"d0dfa089-e3f9-4df9-a6c8-a704c33e08a4","shp_TabsMenu_A_Visualization":"c8194339-4494-4423-b1cb-d782c591a043","gall_TabsMenu_A":"11d3761e-79e5-44ee-b968-50408490096a","galleryTemplate1_7":"4cdcb675-371f-4c3d-83af-61d368e49b58","shp_TabsMenu_A":"4a718c61-c1ff-4570-af87-352973b3a92d","icn_Tabs_A_Gall":"ef0da055-bb76-4806-9a71-eb0a55744204","lbl_TabsMenu_A_Gall":"8c55336d-b29e-4e79-85e9-9fd2c4dbfc28","shp_TabsMenu_A_Gall_Divider":"b0f53760-d049-46bc-8270-8ea7d89a5df6","PACo_Tabs_A":"a76db34e-e6d1-48bb-8431-8ab7e1ffecb7","html_Tabs_A_Visualization":"4b09639b-fe6b-4ef0-b9c0-22a8f07b56c8","shp_Tabs_A_Visualization":"a192ec58-dec3-4ea2-9498-d92bfe21e94a","cntr_Tabs_A":"40a18a61-2ff5-4043-bd46-6be300b4d8a8","lbl_Tabs_A_1":"4ed57ffb-c34f-4a88-80b7-017e934d3f66","icn_Tabs_A_1":"7a8ab36c-8da8-402d-8e6c-b0103b974499","lbl_Tabs_A_2":"daf9e869-b988-459c-91a7-41c7cb725ab6","icn_Tabs_A_2":"2494a98c-d94d-4a07-abbe-a6db73a6f68e","lbl_Tabs_A_3":"a0cb38aa-3ac0-4668-8d5e-323e68c363f6","icn_Tabs_A_3":"e536d83a-8398-4735-a615-78fda4edb8a5","lbl_Tabs_A_4":"be4a328e-bc86-4e50-b860-742860d1b14a","icn_Tabs_A_4":"a75f96bf-6b35-4089-a152-a1c3720404a7","lbl_Tabs_A_5":"0e74927d-b4b9-42da-b738-3959fa9294b3","icn_Tabs_A_5":"6b9e200c-87d1-486a-a225-b07544302e01","lbl_Tabs_A_6":"02dd5a62-f1f5-4ca2-ac14-e9769c360105","icn_Tabs_A_6":"d1690467-331a-40f7-a102-71b3bec11a5c","lbl_Tabs_A_7":"c10e6c6c-d37d-4f06-8629-72141faf97e9","icn_Tabs_A_7":"1da68362-a5dd-400d-b56f-6fc5a935b534","lbl_Tabs_A_8":"8b3a3ed6-c0a8-4739-abb6-dca0382d7eeb","icn_Tabs_A_8":"4895c095-9e88-4582-aff4-7f5536219552","lbl_Tabs_A_Menu":"36a0c1d1-b8a2-4e74-a864-b94881848632","icn_Tabs_A_Menu":"f394f68a-2e75-4529-abd7-812d41408712","shp_Tabs_A_1":"50309871-4254-40b4-a644-8f04a9621e86","shp_Tabs_A_2":"9f732aa6-c5f7-420f-b15e-26f60ad94412","shp_Tabs_A_3":"a1f28b58-a2a8-4afb-b51f-8f1d14ac1c46","shp_Tabs_A_4":"251ca67e-deda-417a-9c77-8e0d435b3621","shp_Tabs_A_5":"fe5f3c7a-72d7-4d36-9797-c7da87a9f495","shp_Tabs_A_6":"30bf4020-c9bf-4eeb-91ad-9e4aa91e417b","shp_Tabs_A_7":"900532af-58ec-4967-a9fd-9c886746e0e4","shp_Tabs_A_8":"69bced45-0a19-4a19-94aa-9b2cb4e60436","html_Tabs_A_1":"33405db9-732e-48fa-9b3b-352f718f7a89","html_Tabs_A_2":"c9547f2d-0c57-4610-ba7a-0fcfb4eb3223","html_Tabs_A_3":"bb70dbce-eddc-4f29-bf55-0dbc7d529ae5","html_Tabs_A_4":"69d6bd0b-f09a-49ce-a4de-224340a29bb7","html_Tabs_A_5":"4b0ab272-6e46-4db1-95fa-4f2385b88c93","html_Tabs_A_6":"432410fd-a5a3-468a-8a70-b5d7c33da910","html_Tabs_A_7":"2f777d6c-7622-45de-b987-713f223724de","html_Tabs_A_8":"516ab9ea-e252-4d41-8915-49979791a804","PACo_HeaderLanguagesMenu_A":"50ab318d-968a-4718-a2fa-ea2baa9b8132","html_HeaderLanguagesMenu_A_Visualization":"e9beae19-ae9b-42d5-9344-afbbf43788e5","shp_HeaderLanguagesMenu_A_Visualization":"5f7d01c1-aa09-4b0e-97ee-30adddb9864e","gall_HeaderLanguagesMenu_A":"2100160c-5014-42f2-a451-bbc2c20330ca","galleryTemplate1_6":"6d6dcc6f-be21-4fa4-92e0-0935e8f47579","img_HeaderLanguagesMenu_A_Gall":"e641c8e1-f903-4d10-a7b3-e6d6876d8157","icn_HeaderLanguagesMenu_A_Gall":"ae56a0cb-4bd5-4d59-97c0-46abb24f3de9","shp_HeaderLanguagesMenu_A_Gall_Divider":"50452e18-8706-4d11-ba85-8b1cedeab693","PACo_Spinner_A":"b2f2df4a-97aa-4c91-885c-119cb16fc781","img_Spinner_A":"dd4c43d0-b9c2-4625-bf63-39dc57dc8b3e","lbl_Spinner_A":"d37be0d5-d5df-4149-88a3-a3b2ff12b9fe","PACo_ProgressIndicator_B":"a6a19374-3fe4-43ac-afd7-f76e33df030b","html_ProgressIndicator_B_Visualization":"22db6137-5b09-4a3b-bb1d-478842c44b19","shp_ProgressIndicator_B_Visualization":"9b1c69b9-7a91-4eff-b79f-2af7a1c41b5d","gall_ProgressIndicator_B":"208b8008-db00-4790-830c-65b33427f7c4","galleryTemplate1_4":"bceabeff-de52-47b8-b7e4-f77020fb50f5","shp_ProgressIndicator_B_Gall_Circle1":"986c4bed-3196-4a6d-b66f-c3caf48ac487","shp_ProgressIndicator_B_Gall_Circle2":"21ffc374-679c-4476-95f8-04164810b3ed","shp_ProgressIndicator_B_Gall_Circle3":"c7d468f0-3fad-47dc-ad08-6ca5139b2370","shp_ProgressIndicator_B_Gall_Left":"707dd042-d283-4d9f-a442-f3bf871882fd","shp_ProgressIndicator_B_Gall_Right":"55ec7f02-dd6a-4e36-8e2f-4ec05bcc9d1d","lbl_ProgressIndicator_B_Gall":"ee8bc4e6-ff37-4da7-821b-9c98dff11370","PACo_Button_A":"086e6731-b748-4cbc-861d-f66d1948907f","cntr_Button_A":"70d16679-11b3-4d6c-ace2-5ed1af728b9e","btn_Button_A":"cd9dd2c9-a9c9-4476-babc-b732c582265b","icn_Button_A":"f57de96b-4ae7-411e-849d-ce3f704ba2d5","img_Button_A":"6dd3ad3f-f0f9-431b-9b1e-9d1611d7ba68","lbl_Button_A":"8e19dc59-f1d1-4172-a6f2-1c60ea50d33d","html_Button_A":"924bc8ab-fe12-41a7-a00a-255303095b83","PACo_Tile_B":"4f70d0ce-d59c-412d-aae2-d3918da45d17","html_Tile_B_Visualization":"03fe3fdb-10e3-4912-bb03-0feec719f5cc","shp_Tile_B_Visualization":"52314a1e-ca61-45a6-9d13-8ae315779618","lbl_Tile_B":"fe033a18-91bc-4625-a833-0dfe473c9ca9","icn_Tile_B":"04434d72-d636-4d74-984d-e6b7349c5699","PACo_Icon_A":"6c55ec47-65b9-4aad-baff-d93abfa37070","html_Icon_A_Visualization":"5e2ec908-83af-4cfe-8c2f-6e35fff00c43","shp_Icon_A_Visualization":"7766ac3b-55cc-4977-93ac-245302a7674e","img_Icon_A":"5256d90b-135c-438e-8fc6-a1bf27e12443","icn_Icon_A":"d44c370c-f8cd-4cbc-b2b3-2bb7466ed378","PACo_Visualization_A":"a9a2750a-5091-4e2e-8d66-27e5560c0267","html_Elevation_A":"212fe58b-0ccf-41b7-a255-c71a908857e3","shp_Elevation_A":"a9d3f55a-9c33-4e29-9319-7f0cd6d1aa5a","Restart Screen":"5ab334ea-cc80-4fe1-9bc4-25578e462d8a","cmp_Restart_Button":"708b8822-29f6-4313-9c2b-70bb51ae36d0","Home Screen":"515f79de-c3e1-4847-99ce-9d12e1fa7834","cntr_Home_Main":"ca567068-8781-4bfc-963a-0f9d0794a7f3","cmp_Home_Header":"0a0ad075-ed2e-4735-b381-07fcd49fe03f","cmp_Home_Panel":"e80adf5f-b211-4332-9fe8-ac1ae66c8dd9","cmp_Home_Dialog":"0f0328ce-065f-4c5e-a133-067dc8e5315b","cmp_Home_Spinner":"70edcb66-f52c-4ed7-a027-4be6937a3277","cmp_Home_HeaderLanguagesMenu":"75e35854-3b1f-4799-82db-16e82c2b4029","cmp_Home_Nav":"d4cc5343-34af-41b7-bd7c-46b80e3c9684","cmp_Home_HeaderSettingsMenu":"0e13be83-0976-4e96-94a3-e55ed5b052a8","cmp_Home_CommandBar":"4aadee6b-1704-425d-b8d3-11d07d997e00","cmp_Home_Form_Main":"6c388f97-4487-47dc-9fe9-e6e0243e3ac0","cmp_Home_Form":"7dd843a3-fa81-4176-97eb-d491f05f38e2","cmp_Home_Form_ProgressIndicator":"081466c5-5d5b-4772-9ec3-8fa1632a7049","cmp_Home_Form_Tabs":"4ab4a992-5cfd-439f-a42e-b5eca0372684","cmp_Home_Form_TabsMenu":"3adeef77-17cd-40d8-ab78-927fb3328d11","cmp_Home_Form_Form":"718be643-f0a6-47cc-9c15-3612acc86166","cmp_Home_Form_Files":"82289794-d916-4351-8a15-bbff9037f6aa","cmp_Home_Form_Actions":"5127a781-cf11-44ac-8fa5-e7c941cab2b4","cmp_Home_Form_Other":"a97af843-4e1f-4478-8a4f-942eb315728e","cntr_Home_Form_Form":"552f3b6b-8e58-4af3-b588-19824eea5fe2","lbl_Home_Form_Form":"bc521d11-eff2-4740-8a47-0f8c70688fe9","cmp_Home_Form_Form_Back":"f21cabcd-43d6-49d4-acfa-a3622548913a","lbl_Home_Form_Form_Mode":"aedea5a3-63ac-4ba3-859e-91e89054d4bf","cntr_Home_Form_Files":"c5b111a2-24d0-4d2b-ac08-79e54a94be8b","lbl_Home_Form_Files":"16d9d2ff-cf35-46ce-bd36-8bee9d5304ba","cmp_Home_Form_Form_Files":"4cc45285-cc6e-4f43-b25f-5e4204b30445","cntr_Home_Form_Actions":"5d364cc8-cd92-4535-8a5b-53bcbbdad6aa","lbl_Home_Form_Actions":"34c0c32c-0300-432e-b296-c64017079368","cmp_Home_Form_Form_Actions":"9688a416-462c-4d41-80a1-2ce1e4298908","cntr_Home_Form_Other":"8da88578-e861-45d8-a8d4-12ac1a079517","lbl_Home_Form_Other":"7c027a93-a44f-4954-bce6-bc253e15fc22","cmp_Home_Form_Form_Other":"3ef970bf-74be-48d5-94e8-5667aa1d8350","cmp_Home_CommandBarMenu":"378a88e8-7019-438a-ba4a-f3f636bfe160","cmp_Home_SearchBox_Icon":"6a3f0cbc-3350-4edb-9e1e-3c181909a612","cmp_Home_SearchBox":"3193b281-515d-4e6d-8f0b-9ed81c902ead","cntr_Home_Filter_ItemType":"045b42ff-9434-43f1-ae07-64feb903a7d5","cmp_Home_Filter_ItemType_Visualization":"4f475a21-8ed2-4b76-a26e-c8f193d711c3","dd_Home_Filter_ItemType":"c4b60d39-e64c-421d-8306-a211844f5efb","cmp_Home_RecordsSelected":"b44d8b1c-11a9-4d8e-b768-8c1b82b38659","cmp_Home_DetailsList_Small":"95d0c62c-2d84-4462-bbf6-c4c3f296e9e8","cmp_Home_DetailsList":"13306b90-293f-48c5-af72-2078437dcfab","lbl_Second_NoRecords":"c462e233-185d-442a-b4fa-74171c99f73e","btn_Home":"cedeffd7-35a4-46ae-af66-03d95d71ff36","btn_Start":"b8b2e67f-77f8-4924-8c0a-83b7fc279875","Redirect Screen":"af2fd87c-bb81-4f71-ab31-0723364ce99a","cntr_Redirect_Main":"11960708-67ef-4809-bab9-6238db1e5d90","cmp_Redirect_Spinner":"6ffa3ca0-1ef8-4b6d-bfea-b9297153f483","btn_Redirect":"14e3329b-6031-4fe9-83d1-7caf4b4e6daa","Color Screen":"c9407e9b-69b5-49e5-b7fd-89cb9b148f2a","cntr_Color":"66af3789-9c4f-4465-a431-ea84082ebff2","shp_Color_themePrimary":"6d02475e-1ca9-4826-b6d5-67bfe259dac9","lbl_Color_themePrimary_1":"db69c9df-b393-4686-ba81-de895b9c3bcb","shp_Color_themeLighterAlt":"35c09b25-187f-4b65-828c-6a4be91ccf9c","lbl_Color_themeLighterAlt_1":"dcf9ac89-b53f-401e-9a1f-bc94bda10f0b","shp_Color_themeLighter":"135481ca-162c-465a-98bd-6e2a225fbb56","lbl_Color_themeLighter_1":"107f32c5-e7e8-4e78-962d-9e4faa978e99","shp_Color_themeLight":"dc5e2939-cd1d-4bee-9111-84c861860e88","lbl_Color_themeLight_1":"89e079c7-aa86-49c7-8632-b7cb521ba65e","shp_Color_themeTertiary":"14c1c31b-125d-4fa0-b9b1-10462140e3c8","lbl_Color_themeTertiary_1":"1a735271-c48a-4a87-9b6f-b9689aaa415e","shp_Color_themeSecondary":"f12f2f9c-4a38-4c71-a613-9c7ff29c5b46","lbl_Color_themeSecondary_1":"ba092192-acd9-48bd-85d3-42a3655c1fb3","shp_Color_themeDarkAlt":"50cd2701-a75a-4cc6-8397-dd0ba9bdc5e9","lbl_Color_themeDarkAlt_1":"b5538bcb-8578-4253-b037-8733dbfd0ea4","lbl_Color_themePrimary_2":"34499de3-01e4-41f0-a157-c6babc8e2b71","lbl_Color_themeLighterAlt_2":"235f6757-202d-47ee-aefa-df95683480cd","lbl_Color_themeLighter_2":"6036213b-e6c8-4cca-a31e-5ac745dc3e42","lbl_Color_themeLight_2":"88a2528b-2cb1-4b46-8fc6-d68907142efb","lbl_Color_themeTertiary_2":"0c74eb6c-903a-4fbd-81c0-763b769880eb","lbl_Color_themeSecondary_2":"307bc12e-ee34-4359-81e6-03ff7d80e971","lbl_Color_themeDarkAlt_2":"a53f777c-4c28-44e7-bb9f-9cf82e7a185d","shp_Color_themeDark":"ae5ac01b-b8a5-4e79-ac5b-cd298faf6a01","lbl_Color_themeDark_1":"5d3431c4-5509-47f1-9cf3-92d10a973a13","shp_Color_themeDarker":"57b88ebf-4c3e-44aa-99fa-0ea8d7c64518","lbl_Color_themeDarker_1":"5d5f3819-11c0-4123-b423-b1e66688aad0","shp_Color_neutralLighterAlt":"d32cb487-1761-4911-9dc4-702a8182c549","lbl_Color_neutralLighterAlt_1":"b9729dd5-fa28-4742-af9d-92fdd909368d","shp_Color_neutralLighter":"b27f7da2-dcbb-4b3e-b094-52cc09931a14","lbl_Color_neutralLighter_1":"731bb67f-00cc-4339-9907-d64953754c5d","shp_Color_neutralLight":"244964a6-34db-4e91-ae58-42da06b37e22","lbl_Color_neutralLight_1":"da4b4d8d-a7c2-41c4-a0f2-3efe96d30197","shp_Color_neutralQuaternaryAlt":"24b02092-fe82-4fb4-bce1-3bf4b43b22fd","lbl_Color_neutralQuaternaryAlt_1":"512e9eea-12f0-476c-b7ef-299edebc12fd","shp_Color_neutralQuaternary":"432037ff-d28b-4d55-bcfc-15c8f4814f42","lbl_Color_neutralQuaternary_1":"c6df17a6-d591-450b-b573-49eb6a8adca1","lbl_Color_themeDark_2":"c39e4f66-a5be-4e68-99f3-3de419e909e1","lbl_Color_themeDarker_2":"7ad74a61-6b34-4431-8f49-4b82854fde7d","lbl_Color_neutralLighterAlt_2":"356f3758-dbda-46ec-bb8a-bc5d3bf8e364","lbl_Color_neutralLighter_2":"d217ff08-5f1f-4856-b0a8-b625fc85b0c9","lbl_Color_neutralLight_2":"dd88a391-119e-41df-a8c9-1c827348eb2f","lbl_Color_neutralQuaternaryAlt_2":"fa600c21-ef1d-4904-9c33-5f668dc2f820","lbl_Color_neutralQuaternary_2":"71ee40cb-027b-4623-a68d-efb58c7d81c8","shp_Color_neutralTertiaryAlt":"f4789954-9059-4401-ab21-4328bb74d3aa","lbl_Color_neutralTertiaryAlt_1":"36e81833-859f-4d6e-96c6-55eebfe71121","shp_Color_neutralTertiary":"8dc40914-fff9-48fe-8839-fb336c5d3640","lbl_Color_neutralTertiary_1":"636336ea-efb7-4c5a-9053-6f90f4ec458f","shp_Color_neutralSecondary":"aaeda2c7-cfe0-4c2c-be91-0fdc7453cb1d","lbl_Color_neutralSecondary_1":"43a092b0-9a20-46ce-b80e-59f3edc1e8e8","shp_Color_neutralSecondaryAlt":"c9cf7cf9-bbc0-4465-be8c-1e4c47d2cd28","lbl_Color_neutralSecondaryAlt_1":"d33d9f5b-31ee-4440-90a7-a550ac6443e3","shp_Color_neutralPrimaryAlt":"9649bd53-8a72-46cb-b9c3-0fc90f1e9e03","lbl_Color_neutralPrimaryAlt_1":"b56d4130-5a0d-415c-9218-e81ffb873c0b","shp_Color_neutralPrimary":"b72091c6-74f3-4e45-a457-aa1c6033e4dc","lbl_Color_neutralPrimary_1":"9d80c312-cfe8-4d68-8ec6-6cccf32e1153","shp_Color_neutralDark":"88c5721b-5495-4296-81cf-f54a757e1b56","lbl_Color_neutralDark_1":"7c6559a9-e6cc-46a0-8eeb-936dac75f42b","lbl_Color_neutralTertiaryAlt_2":"39c78f97-ade6-4fa0-b950-47ac92c957a0","lbl_Color_neutralTertiary_2":"cbeb0af3-af63-4408-a05b-c20880411661","lbl_Color_neutralSecondary_2":"38a27327-4316-4722-a755-0e6663f7a1e2","lbl_Color_neutralSecondaryAlt_2":"7ddd0240-baee-43e1-bd20-64fe858acf31","lbl_Color_neutralPrimaryAlt_2":"c50ed182-ed23-47a5-b1a9-cd27f843c066","lbl_Color_neutralPrimary_2":"1f557cda-7515-41f5-979c-208077a5a3b1","lbl_Color_neutralDark_2":"bf4e7d1d-58c3-4010-8773-391fca98a8de","shp_Color_Black":"aafc693a-ece3-4bab-9b02-38a71a7a40a5","lbl_Color_Black_1":"b8954d7a-5b84-4d17-982f-50d0ab8be84b","shp_Color_White":"be627723-526f-4a4c-8199-70dc0e075b12","lbl_Color_White_1":"d0599ac3-a6ee-414a-af11-4ba930b50feb","lbl_Color_Black_2":"80508dc9-1248-4133-a1f8-45e65b3aac6f","lbl_Color_White_2":"eba513d7-56e8-4d90-90ef-bbdaa2e3bfc3","Third Screen":"956972d0-6b55-4896-8b8b-22c34598aab5","cntr_Third_Main":"0a5ba18b-1255-4fc3-8f52-4ee50ac34105","cmp_Third_Header":"8d4a3d13-348a-4906-b33e-4e37109c37ec","cmp_Third_Spinner":"e9063954-f64c-47ec-9eb0-634d0a00bf7d","cmp_Third_Nav":"77253add-2f10-4708-b64e-499301e55890","cmp_Third_Visualization":"41c0e4d4-058c-4c97-b85f-1eca3ce5f410","cmp_Third_Button_MessageCenter_Maintenance":"7c2b8f27-9105-4867-aafe-f01342dbdb89","cmp_Third_Button_MessageCenter_TimeOut":"e9ab4f74-eb16-44e4-979e-5d55111295fd","cmp_Third_Button_MessageCenter_Error":"53caf96a-638e-4e0d-9c54-f3da3cdefcd0","btn_Third":"d7b5d7fc-0513-4719-961f-c67809fb75c6","Second Screen":"8c6a563b-a4a8-4953-a66b-89ecc83d3cca","cntr_Second_Main":"df5e0b87-7528-4100-bc05-e684c2c45b9c","cmp_Second_Header":"b1ff56a7-f1ae-4201-a7e7-7cfa0c04078a","cmp_Second_Spinner":"034f1812-46f4-4c17-ae44-2027c7fc68d2","cmp_Second_Nav":"651478dd-ad6a-440f-b0a7-09bbd77ec3a0","cmp_Second_Visualization":"7c7bfbfa-2615-4f96-ba82-efb0b8fdf648","btn_Second":"b679f790-6b79-4ff5-97d4-9a9f7994058d","Fourth Screen":"5574df7a-9d2c-4894-b1d3-87e14047827c","cntr_Fourth_Main":"f2a2c4c2-6539-4db0-807f-53f213f72ee5","cmp_Fourth_Header":"b7cc8615-342f-4b2b-8dd5-4a2bf3f4ac73","cmp_Fourth_Spinner":"42f18125-2c3a-4bf1-80c8-c7bdfdbd5a15","cmp_Fourth_Nav":"2be1be8b-adb9-4e4b-953c-923c8ebb1182","cmp_Fourth_Visualization":"65e535bc-5ee8-4f09-878f-b2500602b2ee","btn_Fourth":"23f3fe10-041f-49e2-9cff-7b0fe1743c8f","Fifth Screen":"981f5f0c-776e-464b-b22e-558955edd0f6","cntr_Fifth_Main":"93b59fcc-4e0d-46fe-9c15-b2881d80f2bb","cmp_Fifth_Header":"50536357-f414-4071-9dbe-f0b20a8ac89d","cmp_Fifth_Spinner":"e49b7d7f-ac19-4cb9-852c-437b94b570fc","cmp_Fifth_Nav":"6be3fa25-3ec2-4767-9387-9d3d94c5ce61","cmp_Fifth_Visualization":"837d7864-30c4-4808-8f74-d427c8e4b12c","btn_Fifth":"4cb6a821-98e5-4776-ae14-a4ad585d83a9","Themes Screen":"a476b432-5c81-4d84-869e-a8626e83a0a7","cntr_Themes_Main":"0a4f0be8-064c-4eab-a9d4-86b600a03de0","cmp_Themes_Header":"a912fa5d-7660-49d6-9c46-2147aee1a7cd","cmp_Themes_Spinner":"7ce21a77-7db5-45bb-adbf-01f7474bd7b0","cmp_Themes_Visualization":"b0a465e0-27ab-4689-bff8-0131fc5941d1","cmp_Themes_Button_Default":"4bfa2970-9769-4704-8f96-ac0803549e0d","cmp_Themes_Button_Dark":"98ef3f77-c0cb-4a1e-abba-11ef0919b5c0","cmp_Themes_Button_HighContrast":"e0a8e953-a8c9-4ef8-86d0-9ce960861abd","btn_Themes":"959ba846-90e8-4828-859d-d87fb3f523ad","btn_Themes_All":"852a9108-eea4-4dbf-8f50-5a6bb8bd4008","Message Center Screen":"eeed55a1-92a3-435b-9b14-eaae805a2c09","cntr_MessageCenter_Main":"d01df911-644a-4313-8582-073a87466ba1","cmp_MessageCenter_Header":"0cf24531-23cf-4834-b3c4-cd7fd56de4d6","cmp_MessageCenter_Dialog":"2e4d687c-8056-4d3f-b70f-75cd823ee343","cmp_MessageCenter_Spinner":"75864831-e1fa-424a-bd20-432abea6cdd5","btn_MessageCenter":"d84d77a0-74ea-40c6-abe0-2bc1e8fc9e63","Controls Screen":"75a719a3-ddd4-4b57-9eb7-6903091efd7e","lbl_Controls_ti":"deba93bc-a058-4b4f-9aff-b148c401770c","ti_Controls":"9ac9084e-65d6-478a-9f4b-37729b8ae806","ti_Controls_Diabled":"de01eb05-23e8-4e2b-81f4-61ec3b98ad02","lbl_Controls_dd":"53d94c1e-a042-41f0-9621-44b0ac8610b4","dd_Controls":"d12f5909-b3da-443a-b00e-b19d4a7482df","dd_Controls_Diabled":"9a0877a8-4123-4f3d-839a-6e00bfa955b1","lbl_Controls_dp":"54e58340-9dd9-4173-b4e9-3a61ba4d6d9b","dp_Controls":"345292a7-ec77-431e-a798-1e6ac86cd7f3","dp_Controls_Diabled":"1f72cf04-dcad-4aad-b959-af5cae4eb19d","lbl_Controls_cb":"64d50066-5aaf-4aff-8a3f-75d99f142551","cb_Contols":"399e8418-728b-474f-8617-75fb41e90273","cb_Contols_Diabled":"a251fd33-92d9-4ac2-8e49-c8a04e803900","lbl_Controls_btn":"5ff0f29e-e8a6-467f-9c7a-79d0fd6020cd","btn_Control_Primary":"107e89da-5131-46eb-9e28-2005d03f7d93","btn_Control_Secondary":"3db00599-4fe0-4307-a675-7c4f56c41bdf","btn_Control_Primary_Diabled":"0dcfe7da-0c19-43ce-be53-71374b85b9a4","btn_Control_Secondary_Diabled":"916eb60c-bfaa-47d6-8d04-523123a46719","lbl_Controls_icn":"6a464fcb-176b-4f04-9cd1-5a6a49f0de39","icn_Control":"3efc16ab-ebb3-4df6-9675-5b8e9821746e","icn_Control_Diabled":"3be0faa2-615c-4ec7-8b09-ba20b7b5dd4e","lbl_Controls_Disabled":"57a862a3-bcdd-4752-97d5-5326e903dfa2"}