{"__Version":"0.1","App":"3e380cd4-72c5-4766-8b98-029373d78489","Test_7F478737223C4B69":"57b4174b-756c-412f-aceb-42c4f8f86828","Host":"73047853-2d9f-4f88-b2f1-dd8bc8fb2052","PACo_Panel_A":"94bf9dae-813e-48cb-a053-e9e4da369d05","html_Panel_A":"5ee5dd3c-ef02-4c8d-8739-52632ac6b78f","shp_Panel_A_Area":"cb96b7e4-1f1f-47f6-bd84-0d869ece4e09","html_Panel_A_CommandBar_Visualization":"c321d856-1bad-4bdf-b4c5-c6767fae2ae3","shp_Panel_A":"5cc7e92e-914c-42f1-9fc1-a484ec89c01f","shp_Panel_A_CommandBar_Visualization":"c16da48c-14a6-4f62-8d4b-de89b77cda18","cntr_Panel_A_CommandBar":"8af99123-2abd-49d1-91e4-e84f496d68dd","img_Panel_A_CommandBar_1":"7271ddae-32b6-4b89-90ed-7a361bd3036e","icn_Panel_A_CommandBar_1":"94732015-8a3d-4363-a608-9ce07251eccb","lbl_Panel_A_CommandBar_1":"4f88568e-dedb-4ed9-989d-5c2c902e69f3","img_Panel_A_CommandBar_2":"fadb6db7-238f-4442-9ecc-f5f954ffecf2","icn_Panel_A_CommandBar_2":"a642668d-85d9-48be-ab45-e7e770fe80e6","lbl_Panel_A_CommandBar_2":"93574530-4a03-4fe1-915f-af61daa75be2","gall_Panel_A":"c431ca2d-ef60-42f0-b6cc-590d07ca7b9d","galleryTemplate2":"61d9ddf6-b6a3-40fc-96ae-e1cc9669faa0","lbl_Panel_A_Gall_Label":"2e4f98dc-9290-43ba-bc94-4a3e50b2106a","lbl_Panel_A_Gall_Text":"9dda6f0d-8782-444c-bddc-5ee04d4983fe","cntr_Panel_A_Button":"d7510f71-daa6-4c7b-8384-e2a60a340456","btn_Panel_A_Button":"41bb1225-e2ed-4355-8c24-25cb7ca24f8d","icn_Panel_A_Button":"ad6000a0-62e6-41ae-86dd-e6257fdda64e","img_Panel_A_Button":"c976c679-6e1d-4388-b1d2-bbee7c8b5c37","lbl_Panel_A_Button":"92890e7f-e1b9-4015-b660-71d5741a980f","html_Panel_A_Button":"eccc4a43-76f1-4dbf-85ca-7e3967e2b9ca","html_Panel_A_CommandBar_1":"6092a5e3-1d17-4115-990b-79edb0943d23","html_Panel_A_CommandBar_2":"6835326d-d924-4044-8a93-caa7f83f9c26","PACo_CommandBarMenu_A":"1c6c7828-f378-490c-9f3b-85f415709706","html_CommandBarMenu_A_Visualization":"0a7e07f1-a243-4dfb-9819-6102b3ff1451","shp_CommandBarMenu_A_Visualization":"f3537a52-97b9-4708-88ea-1ae197d3603e","gall_CommandBarMenu_A":"bfc2d1ac-b765-449d-a34a-c011c3921250","galleryTemplate1":"c492547f-1a05-4908-9989-f636a1e809e5","img_CommandBarMenu_A_Gall":"76b5dae3-3a4a-4c55-b10a-74407d84598c","icn_CommandBarMenu_A_Gall":"86169d25-58f2-4ab1-ab74-d192c9bf9377","lbl_CommandBarMenu_A_Gall":"e42e66e9-3dd5-4cfa-b523-37e51c43efcc","shp_CommandBarMenu_A_Gall_Divider":"e6e3fd46-36cd-40fa-be1b-ea2ee4f20a82","PACo_DetailsList_C":"916d1059-a772-4b25-b102-0595d80d050b","html_DetailsList_C_Visualization":"9a771882-32f1-4179-aa53-b3abc2eaba13","shp_DetailsList_C_Visualization":"a910832c-81be-491f-9ee4-30aaea5c82e1","gall_DetailsList_C":"0ad9f7c5-a8e1-4970-b475-32a9912fde67","galleryTemplate4":"8cc6e432-0b25-4718-b4e7-b4d38b4dbf76","shp_DetailsList_C_Gall":"97fa9d13-e7ab-425d-a59b-fdc1cd29c86a","cb_DetailsList_C_Gall":"ec73bd29-d8ff-496c-aec6-399eb1502ddc","lbl_DetailsList_C_Gall_Title":"a4906c46-c8c1-4698-8669-d076f5189e3e","lbl_DetailsList_C_Gall_Subtitle":"dece3e61-1322-4ab3-8712-268d18d826ee","lbl_DetailsList_C_Gall_Body":"262360a4-25c0-49d9-89f8-1ef2248bdc39","shp_DetailList_C_Gall_Divider":"5b3968d7-6af1-4126-964a-f1bdc4f13798","PACo_Nav_B":"652ae266-cec6-405a-85f7-ca06bbf2e2c8","html_Nav_B_Visualization":"9d2b25d9-a305-4c6a-86a1-e4b747b76920","shp_Nav_B_Visualization":"1dd1c6b5-1e19-41e8-b43a-700c6ea6b345","gall_Nav_B":"cc9ef09a-fc4c-44c2-aeed-5c00b092663b","galleryTemplate1_3":"7facbaa8-ac3a-432c-a883-667f1628ebf5","shp_Nav_B_Gall":"7e12c81a-6a25-40ec-b33f-a879a1435a6d","img_Nav_B_Gall":"d1845e0a-b8cf-4dc1-ac8a-c74f105772df","lbl_Nav_B_Gall":"1d77ff42-245b-4bb9-84dc-c09c24281487","icn_Nav_B_Gall":"29b445e5-ce36-487b-afa2-f0ac5bc47b95","shp_Nav_B_Gall_Divider":"2219609c-6baa-4b04-8738-2bdd23578e5a","PACo_CommandBar_B":"1559c3f9-a50b-4139-bd08-fb41cd3c1594","html_CommandBar_B_Visualization":"ac9c340d-8144-4308-bd85-6c17e3c859bd","shp_CommandBar_B_Visualization":"aa42bad8-7d77-4f0e-8b0d-c743144ff684","cntr_CommandBar_B":"3e1b7b59-c6d6-4c73-b33b-5362379f784e","img_CommandBar_B_1":"a4225d34-d39d-4c69-9711-d18818b74f83","icn_CommandBar_B_1":"0ff5c2c1-6496-44c1-9402-eb64e70009c6","lbl_CommandBar_B_1":"391b13fa-7b09-416c-8b87-dccb3a0de37a","img_CommandBar_B_2":"4c04f4aa-b4a6-491d-982a-cb1bc00c6dd6","lbl_CommandBar_B_2":"b1eb0f1c-18ad-41e2-8426-f47b28421445","icn_CommandBar_B_2":"fc4edba9-9fbe-443c-9eb1-ba0a7c33bd73","img_CommandBar_B_3":"290fc3a6-ed60-4dbd-8f28-de7718c1d092","lbl_CommandBar_B_3":"4ff1ee4d-920c-4bb2-ad6f-e01878205051","icn_CommandBar_B_3":"9d493261-9db1-4673-81a2-b43be2e98bbc","img_CommandBar_B_4":"757ecb0d-a707-4ed3-ada9-5dd2ba7a9acb","icn_CommandBar_B_4":"ca9c44ba-d48a-4fc9-89fa-11cd705abc3a","lbl_CommandBar_B_4":"d9129e37-1ef1-4053-96ca-c247d812c160","img_CommandBar_B_5":"325d28c5-f560-4acb-95e0-c41a6aa1c895","lbl_CommandBar_B_5":"a49b0897-fb90-44a8-867e-365db28a1bf9","icn_CommandBar_B_5":"28a61abd-96a5-4978-ae48-89cec5efcafe","img_CommandBar_B_6":"b009adec-499c-4fca-bab9-f8f47c59f895","lbl_CommandBar_B_6":"621ca658-4b6b-40bf-a3bd-8724b680c09c","icn_CommandBar_B_6":"f6e6f02c-8077-4b32-a06b-de3f33513f7a","img_CommandBar_B_7":"091f0271-88ab-4434-968c-3ffd946f947a","lbl_CommandBar_B_7":"deeb400d-cd83-4773-8f48-a5bdee078a4a","icn_CommandBar_B_7":"cbb2af7d-8ad6-475e-81b2-fd1f36f01c00","img_CommandBar_B_8":"4e972b7a-4f82-4220-bfa6-923926a58d0b","lbl_CommandBar_B_8":"adf26641-0e91-4022-8230-6c430fef04e1","icn_CommandBar_B_8":"5120047a-c03a-4155-81c0-2153cf94a392","lbl_CommandBar_B_Menu":"befb3fa7-3069-4b4d-ad2f-710fcaddfb58","icn_CommandBar_B_Menu":"4b7d33fb-4f4a-47aa-9413-4676581b674e","html_CommandBar_B_1":"fca532c9-f635-4d1e-a33e-6f0aff7ad4e6","html_CommandBar_B_2":"1cd6202b-6882-423f-a581-3a340d387bcb","html_CommandBar_B_3":"5888c917-736a-413f-b79c-0dd5fb153907","html_CommandBar_B_4":"977d3087-e016-4127-85da-ea2c8794b9a5","html_CommandBar_B_5":"8e5212d9-21c2-41ea-a8de-95ca5923e059","html_CommandBar_B_6":"36ada5f5-54d5-4cab-a86e-fdeaab18d27c","html_CommandBar_B_7":"7a908f08-1acc-41dc-a906-463cb45e3a09","html_CommandBar_B_8":"7addfe89-bc30-464c-9b6d-9d64c7bc6f5a","PACo_HeaderSettingsMenu_A":"d665a9c1-787c-419f-841a-52d060da4565","html_HeaderSettingsMenu_A_Visualization":"d6c4dc57-0e88-4fb5-b97c-f300645799d8","shp_HeaderSettingsMenu_A_Area_Visualization":"15e7aa91-0940-4c1e-a79e-cc490ac03561","gall_HeaderSettingsMenu_A":"3667a37a-e17f-489c-879f-fcbc5ec97e39","galleryTemplate1_2":"466a0bcf-df23-4d2c-b8bb-aec0dc8a696b","shp_HeaderSettingsMenu_A_Gall":"d0bd0138-f93a-4d5d-9a43-30289d6020ef","lbl_HeaderSettingsMenu_A_Gall":"4f74f631-7fb4-497b-ae31-7184187ec717","icn_HeaderSettingsMenu_A_Gall":"0c888ef8-19fc-4cf3-a9ab-aebf34c7f907","shp_HeaderSettingsMenu_A_Gall_Divider":"bdc0886e-0a00-4ebb-827a-d6201a024488","shp_HeaderSettingsMenu_A":"531594d6-c3e5-4acd-94ca-de6da04eeb0b","PACo_Dialog_A":"40c9fa47-c7ae-412d-8a5f-3c6fb91fd91d","cntr_Dialog_A":"1e045c9e-b523-4084-8dfa-c72821775c2a","html_Dialog_A_Visualization":"705fd3de-d6b4-422d-9701-e9983edf1a6f","shp_Dialog_A_Visualization":"c9e10cdd-0afa-4963-a412-d7f4ced943a9","shp_Dialog_A_Area":"e0786399-8e86-4988-8b7d-26dc41e1a0d1","lbl_Dialog_A_Title":"acca4650-cfd0-4511-b335-c874c0143090","lbl_Dialog_A_Message":"87397a32-7d78-4398-8024-26bd0d865eef","html_Dialog_A_Message":"5b88bafd-e96e-4b08-ac3a-14680cb43d28","cntr_Dialog_A_Button_Last":"9a63dbdf-1723-4e43-afcf-fd4e5c5a2812","icn_Dialog_A_Button_Last":"c52b974f-b7a3-4883-b187-aafb06313597","img_Dialog_A_Button_Last":"d838412f-2487-4779-a0d2-3cf88da6d694","lbl_Dialog_A_Button_Last":"e6bbe1f1-623a-4798-ad85-3dc69a5e64c7","btn_Dialog_A_Button_Last":"0fec28ad-fee6-481b-9dd7-1ce807f5bb77","cntr_Dialog_A_Button_First":"f75fc582-01bf-4eb0-91fa-f77afe05d384","icn_Dialog_A_Button_First":"b41a6a88-797c-416c-a308-07acd5885f9b","img_Dialog_A_Button_First":"14079d4a-e6af-45fc-9e27-9bccf16f5e44","lbl_Dialog_A_Button_First":"71977424-82ac-4c8b-b30e-d561e2ecbc80","btn_Dialog_A_Button_First":"e1928420-8847-4aae-9663-5add92c35dc5","html_Dialog_A_Button_First":"0626ba14-75f1-4376-a0bc-9e2bb0c9d67e","html_Dialog_A_Button_Last":"ce3d6aab-b152-4d7f-b93c-5bc5af845040","PACo_Tabs_A":"d0645161-a01b-4b76-b043-550d9b8c2ddd","html_Tabs_A_Visualization":"e368ba6b-11c4-4a4e-8cdc-985a2e8cd7cc","shp_Tabs_A_Visualization":"6fa0a01b-04c3-4d66-b642-64a225ef7a4b","cntr_Tabs_A":"e3b29b8c-83d7-406e-a9ba-de5045a57b65","lbl_Tabs_A_1":"482cbe74-dc3c-4f02-bfa9-d4a4823c024f","icn_Tabs_A_1":"d9729bcf-2bde-4127-be9d-4fcc188448df","lbl_Tabs_A_2":"5c2f5cfe-2726-478f-8144-3137126fc37e","icn_Tabs_A_2":"aadca52d-da7d-4cfa-96cc-33a223f1e7f3","lbl_Tabs_A_3":"70099b90-722d-4160-83d8-2bae61a9ff6e","icn_Tabs_A_3":"812caa83-876c-4536-b186-c1bc4cc40142","lbl_Tabs_A_4":"caabf97f-65b0-47e0-9364-a09f2ed3e3fc","icn_Tabs_A_4":"5174881a-7878-44c2-95a8-63c11ff3084a","lbl_Tabs_A_5":"418f1738-3415-47d0-bd36-3c936d17f9ef","icn_Tabs_A_5":"0b4bbe95-8253-40af-a074-ac860cfb9cee","lbl_Tabs_A_6":"872d4de8-9c3e-4031-b404-9fc9bc6914f8","icn_Tabs_A_6":"b6bf1788-5e59-418c-87a3-e1c087c4e94d","lbl_Tabs_A_7":"a1efcd2a-0e2c-4383-8947-f0e28de3e164","icn_Tabs_A_7":"ed8182bb-401e-4882-a8be-7206a29cf830","lbl_Tabs_A_8":"2b47bdf5-d4f0-4769-a375-64832a3a0347","icn_Tabs_A_8":"a5956afc-5768-4a5f-819f-6c03e17e87ec","lbl_Tabs_A_Menu":"c8d3af48-aac7-4644-acbd-becd301899ea","icn_Tabs_A_Menu":"79e2d288-13a7-46bf-b48c-b3e456cf480b","shp_Tabs_A_1":"fe0ca485-e7f4-4b73-9633-56dc6619f896","shp_Tabs_A_2":"dee66c34-0880-485b-ac26-fd770ef48a3a","shp_Tabs_A_3":"1641eb5c-6180-4523-8951-a42f61c960b4","shp_Tabs_A_4":"65afed66-d9f7-4b52-8fa1-007e8ee0e12b","shp_Tabs_A_5":"21f3e0fd-d36e-4bae-92fe-1dbc082db092","shp_Tabs_A_6":"347a1e92-c4d4-49b5-bfb7-f2c3712205c2","shp_Tabs_A_7":"5fa00287-0e47-4d94-a613-fa73c3bc4249","shp_Tabs_A_8":"c26df79b-6066-4406-810e-d47ef7ffecf5","html_Tabs_A_1":"d5f58820-143f-42e0-b2a2-0e2f4c89ba5f","html_Tabs_A_2":"03058dcc-4234-421c-b1de-55e7bec8ff5a","html_Tabs_A_3":"c5422f57-e35f-495f-a48c-eccbb3f883e6","html_Tabs_A_4":"bf58efa5-b51d-4c9f-8de9-d31a9e6191da","html_Tabs_A_5":"73e3b7ab-7212-46ea-b29d-7499635edc42","html_Tabs_A_6":"90607eab-e0b9-4fbc-8124-ffb00847939f","html_Tabs_A_7":"235f693a-c1ee-4059-b5ee-916606625d2f","html_Tabs_A_8":"29792a04-7ea2-4647-9103-f8d1b8569c30","PACo_HeaderLanguagesMenu_A":"e97553bb-0878-46ff-8df0-003ca4b3cb7c","html_HeaderLanguagesMenu_A_Visualization":"13259b58-8feb-454b-8f87-e29c6ee208be","shp_HeaderLanguagesMenu_A_Visualization":"e7719397-2174-4106-9fb3-db7e266a34cd","gall_HeaderLanguagesMenu_A":"baffbc03-8e9a-4769-b93e-a958ecb923ac","galleryTemplate1_6":"c7ba9869-a932-4926-89b8-e05dbfefd8dc","img_HeaderLanguagesMenu_A_Gall":"c3222fb5-13fc-495d-ad64-c2175723df29","icn_HeaderLanguagesMenu_A_Gall":"d2308c4d-e2d2-4057-9db5-eb55434494b7","shp_HeaderLanguagesMenu_A_Gall_Divider":"823d9530-f77c-40e9-aafd-defbcce37537","PACo_Spinner_A":"32fe12a1-730d-4d57-b1ae-94b18f53e3b2","img_Spinner_A":"6f5535be-020a-407c-9e21-254488b3df6b","lbl_Spinner_A":"763e738f-1fbc-4c8b-a35b-17f0821ecf5e","PACo_ProgressIndicator_B":"948cbb36-df9a-4aab-943c-db552d59f858","html_ProgressIndicator_B_Visualization":"4325b2f6-42bf-4397-aaf6-6362a9395c7c","shp_ProgressIndicator_B_Visualization":"c72e12d6-734c-44a7-a1b8-98bb64d9ec62","gall_ProgressIndicator_B":"e980c78d-7240-469d-bb00-8edca6c3a268","galleryTemplate1_4":"20389028-3bc2-4aba-9e11-166aada2591f","shp_ProgressIndicator_B_Gall_Circle1":"3ee1c8b1-49c5-4e3b-b23d-2b0b26043a27","shp_ProgressIndicator_B_Gall_Circle2":"d984bbe6-5b69-485a-a194-11f9b0a876d0","shp_ProgressIndicator_B_Gall_Circle3":"74f634f5-02fe-4674-b924-f5b5248552ec","shp_ProgressIndicator_B_Gall_Left":"138d762d-9e58-4568-9a17-ce0612fe771a","shp_ProgressIndicator_B_Gall_Right":"92f892db-28a5-45bd-a200-d1ea212474e4","lbl_ProgressIndicator_B_Gall":"e57261f5-02dc-4968-a4a7-de5cf0d5eca4","PACo_Button_A":"d9657a84-3879-4fbc-bb80-e81f8066d2eb","cntr_Button_A":"e0c4b4c5-999c-403f-8fce-a42baaea7c38","btn_Button_A":"3a536677-ef47-429b-ba53-86eada551527","icn_Button_A":"c6f01783-cb8d-4567-85aa-fa10968a8b03","img_Button_A":"35f9e1b4-8f1b-4c00-b48d-26304f155e20","lbl_Button_A":"825734b5-5ad9-4262-b446-a57fe87df272","html_Button_A":"64fd554c-5f9c-480f-b059-41681960af80","PACo_Tile_B":"d41a1e3d-14a9-400a-8caa-5f998c85af0c","html_Tile_B_Visualization":"b4950357-183e-4ec6-9b80-3e4fb463863f","shp_Tile_B_Visualization":"268710e7-4792-4068-a520-295fbed9d1a8","lbl_Tile_B":"85f1ce9e-4693-4ff7-9482-949088ee605b","icn_Tile_B":"588834fb-4c4b-4ad6-9c0d-f46eadbb9bf1","PACo_Icon_A":"2e370ae7-ca65-4601-a237-d8c264c2d753","html_Icon_A_Visualization":"21c8742d-c875-4fec-8674-771331279dc5","shp_Icon_A_Visualization":"bb350d90-d816-452d-bb96-64a957870732","img_Icon_A":"e1387e2f-658a-47f1-a667-18274ad31795","icn_Icon_A":"1d8ea085-2a3e-4d14-a92b-5fd3ee480a31","PACo_Visualization_A":"9ddeb84e-1075-45fb-8ad9-7df45c816e67","html_Elevation_A":"31c8b145-6a8c-49b0-a5d6-f94f67b8724b","shp_Elevation_A":"45d67761-6e7f-4a65-bcce-bd059b8679c6","PACo_TabsMenu_A":"151f9046-9775-4c44-ac54-fe23e7695231","html_TabsMenu_A_Visualization":"307f5a5f-2e5c-45d8-b9d4-a960e889afd9","shp_TabsMenu_A_Visualization":"d06a3b41-dc8b-4161-bbd7-608dac030dc5","gall_TabsMenu_A":"151fe46a-e94f-4052-9c41-0868a9db27aa","galleryTemplate1_7":"ed5e121c-4372-4e8f-841a-c064f91dde94","shp_TabsMenu_A":"7eeb3fbe-ff1a-45af-a286-7d3edb053556","icn_Tabs_A_Gall":"d383ee8c-ba7c-4ff2-882e-673df68fe8e1","lbl_TabsMenu_A_Gall":"55ee92e6-2b33-42dd-a32b-3ed8473a9e65","shp_TabsMenu_A_Gall_Divider":"d073cbca-b46a-47aa-8670-da010bfe4144","PACo_Header_A":"04fb877a-63ff-4334-a1d4-db4bf62863e1","html_Header_A_Visualization":"1e7954af-12fe-4021-a063-fbd7f60839ec","lbl_Header_A":"adf7b820-7ea3-4d90-8dba-e457652e97b1","img_Header_A_Back":"13ace4b3-0b88-4ec6-aa32-86f24cc1cd0a","icn_Header_A_Back":"65610214-edeb-4b90-a647-c74634ce83fc","img_Header_A_Nav":"07dfc6c4-72cc-493e-9723-3b63eb662fbd","icn_Header_A_Nav":"5a1fe4fa-ed43-4761-bace-d8a5bd2809f3","img_Header_A_Logo":"b27e7b9c-6623-48fd-a080-1c9a32fa2367","icn_Header_A_Logo":"097d49d9-e5d4-4be8-b910-bd044e46d962","img_Header_A_LanguagesMenu":"edb61234-44c3-455e-835c-022707d6ff33","icn_Header_A_LanguagesMenu":"063ab2f8-e92e-4600-a892-9bd6dd3e29e0","img_Header_A_Help":"f97df51b-7c5b-4934-9a42-b8a8846a6799","icn_Header_A_Help":"022534f8-b754-4e06-92bc-58bad065c402","img_Header_A_SettingsMenu":"e8254c1e-945c-428a-aa5a-8d6da7836e4a","icn_Header_A_SettingsMenu":"f2c27943-3ce0-4458-854c-0a5643755a9d","shp_Header_A_Visualization":"243edf26-488c-4290-aa9e-9f60b2631a3c","PACo_DetailsList_A":"dcb6a440-b00d-477e-bacc-4eb7424e18a7","html_DetailsList_A_Visualization":"3cb81cc6-0961-4ee6-b2a8-ce5814b25d39","shp_DetailsList_A_Visualization":"1e04ed20-b05a-4c9f-bf70-2d4dddb0ab81","cntr_DetailsList_A_Main":"f1a0672f-66a4-4da6-982a-21612d4a179a","cntr_DetailsList_A":"219db84b-150f-46c0-9df3-896d7622fc36","lbl_DetailsList_A_Header_1":"d354a95f-af2e-42a0-9733-64f6535aaf04","icn_DetailsList_A_Header_1":"bdb1f28f-81fd-4595-843b-5ab2261f668f","cb_DetailsList_A_Header":"a7349a46-a86c-4aeb-9a0f-4bc676489884","icn_DetailsList_A_Header_Sorting":"2b6f974b-fc7d-4828-ba58-7244847b7e20","lbl_DetailsList_A_Header_2":"4e4e4434-09db-48e6-9a67-abc7328e3101","icn_DetailsList_A_Header_2":"f638e988-4660-4fea-b93c-c24ab566a155","lbl_DetailsList_A_Header_3":"fd790df1-d41e-4c32-b305-a54f8d4f0e9f","icn_DetailsList_A_Header_3":"9bab08b5-71c6-41ae-93e4-2e057326400e","lbl_DetailsList_A_Header_4":"7e69d571-819d-4a9f-9890-0b9c89048401","icn_DetailsList_A_Header_4":"c21720a4-3c90-4ea7-ba20-27ccff5ddbc5","lbl_DetailsList_A_Header_5":"8b308801-fff0-4f8c-b0b8-934124d993db","icn_DetailsList_A_Header_5":"ce126b06-de87-44f0-879e-b622d0ede9c9","lbl_DetailsList_A_Header_6":"a1d372f3-d6d3-4d43-94f0-544443a4dc36","icn_DetailsList_A_Header_6":"bcef2f73-bfa2-4d05-a821-a0f0d0f70b2f","lbl_DetailsList_A_Header_7":"26feb471-d0b0-4ea3-96d7-a780888dcf0d","icn_DetailsList_A_Header_7":"633267cf-7134-4eaf-80c4-e6968697d0c3","lbl_DetailsList_A_Header_8":"2e6fb2d3-bd23-4e52-9e2a-f0ca6bd9a81a","icn_DetailsList_A_Header_8":"1e396eff-c04c-48a8-b503-223eb03d65e2","lbl_DetailsList_A_Header_9":"418b0617-c24d-43d5-9b1f-4525acd29d66","icn_DetailsList_A_Header_9":"dd6ae091-b2ab-4bdd-a7e6-5ea69ba09eaa","lbl_DetailsList_A_Header_10":"ae5b54b7-facd-450d-b134-8d0df65c704e","icn_DetailsList_A_Header_10":"e1328920-54a0-44ff-bda9-bd7d559d3689","lbl_DetailsList_A_Header_11":"9a2bb215-fa70-4948-b658-0d254a7e82a1","icn_DetailsList_A_Header_11":"8d1b6a65-e638-4830-a72b-01b6700da33b","lbl_DetailsList_A_Header_12":"b16902fd-9cfb-4b0d-a944-2bd91cf9fb8d","icn_DetailsList_A_Header_12":"9a5c7e97-5d81-438f-9a26-12f9421e6b92","lbl_DetailsList_A_Header_13":"0f4d846d-533f-46f4-8cf8-91aeb9af38ca","icn_DetailsList_A_Header_13":"1d080d7e-46e8-4574-b14b-6014025991f9","lbl_DetailsList_A_Header_14":"b6c29fab-2f3f-416f-848d-6ff982fbe1ea","icn_DetailsList_A_Header_14":"7ae7046e-dcf1-43a2-aa27-8e9be7e193c3","lbl_DetailsList_A_Header_15":"a2fe2ccf-c189-4375-ae9b-8465645bad14","icn_DetailsList_A_Header_15":"3799bc8d-19e4-446d-a122-86dfae17828b","lbl_DetailsList_A_Header_16":"214ab4cd-2368-486e-9140-22d0d607f7cc","icn_DetailsList_A_Header_16":"b5c0a087-a395-4eb5-a17d-2b8f330778c9","lbl_DetailsList_A_Header_17":"9c60abf1-4495-45c8-95fc-1639a117074d","icn_DetailsList_A_Header_17":"e6650782-854f-4d64-a55d-2f8b1d329157","lbl_DetailsList_A_Header_18":"d91424d4-bcc5-45cd-9a05-e925316e94e5","icn_DetailsList_A_Header_18":"a16e45fb-f130-4837-a693-5c386edf5664","lbl_DetailsList_A_Header_19":"a9dd6db5-9882-43c4-99c4-f0c7675db085","icn_DetailsList_A_Header_19":"5ee5caf4-e6f2-4c92-a15b-0a39ccd067ae","lbl_DetailsList_A_Header_20":"7d2eb7ec-2592-4feb-be98-82a439116aa3","icn_DetailsList_A_Header_20":"01ab89b1-8db6-4299-9939-ba420ca043c4","gall_DetailsList_A":"d3e8d089-21d9-499f-ac09-b0dcf97e74c8","galleryTemplate2_3":"05d0bdad-c646-4cf7-9c9e-7bd33ecf4175","lbl_DetailsList_A_Gall_1":"eaaeee89-2008-4861-8ac3-787dbc5d2904","cb_DetailsList_A_Gall":"87e870ff-4c84-42aa-b368-49c00ba83baf","lbl_DetailsList_A_Gall_2":"54aebdcd-f989-4a00-a50f-13069baa0d5d","lbl_DetailsList_A_Gall_3":"e0499cbf-57f5-4046-9bd0-40ac5349037f","lbl_DetailsList_A_Gall_4":"5d625567-382f-4499-abda-73c583eef5e6","lbl_DetailsList_A_Gall_5":"9bc4c0ba-1852-4f6a-87cf-083c5321378a","lbl_DetailsList_A_Gall_6":"827e2c41-0470-47a0-9eda-d6ee8123d604","lbl_DetailsList_A_Gall_7":"9c28cd40-3c60-4420-95ae-f3539c94d68e","lbl_DetailsList_A_Gall_8":"63a8d0aa-3ee7-4579-8ee4-52ba6937e05f","lbl_DetailsList_A_Gall_9":"56efe0e8-740e-4e0d-9a1b-3221ab618ccf","lbl_DetailsList_A_Gall_10":"dfa95273-271c-4aa8-bc1c-e93d442d4235","lbl_DetailsList_A_Gall_11":"d666a6ce-b45d-42f6-afba-1879d2f2c6d3","lbl_DetailsList_A_Gall_12":"c8705b4f-8735-4a66-bc04-48680deb613f","lbl_DetailsList_A_Gall_13":"74f8cbf1-034b-4ca9-81c6-028204d82f23","lbl_DetailsList_A_Gall_14":"bb81cd24-ee9b-4594-ba8e-97ef907ae35d","lbl_DetailsList_A_Gall_15":"5b331301-646f-467e-a95b-64b1ea315406","lbl_DetailsList_A_Gall_16":"92d068c7-498b-4cc9-8cff-c0a1194dda8b","lbl_DetailsList_A_Gall_17":"950ca5c5-5d23-4eb1-ab60-989148d4631f","lbl_DetailsList_A_Gall_18":"4e9b29fb-64f5-4f13-9ac3-60554d3e2bd1","lbl_DetailsList_A_Gall_19":"2a329a3a-5309-48b9-a360-9b85bd5069a1","lbl_DetailsList_A_Gall_20":"a24ef1a5-872d-419e-9101-8576a6065803","shp_DetailsList_A_Gall_Divider":"46f671da-89c6-4102-89e1-ce8aeb46fd0e","PACo_SearchBox_A":"8db48668-b275-4e36-9789-8b4a4847e4c2","html_SearchBox_A_Visualization":"39462264-c15e-4938-8c4f-0445cd2c12c7","shp_SearchBox_A_Visualization":"9a34e095-ff75-437b-949b-c0811797c1b3","ti_SearchBox_A":"48e44ae9-bc66-4c95-9d0c-e47d5b6fcf4c","img_SearchBox_A_Search":"ae25a76a-bafe-414e-9c72-6f2414af5ce3","Restart Screen":"5ab334ea-cc80-4fe1-9bc4-25578e462d8a","cmp_Restart_Button":"708b8822-29f6-4313-9c2b-70bb51ae36d0","Home Screen":"515f79de-c3e1-4847-99ce-9d12e1fa7834","cntr_Home_Main":"ca567068-8781-4bfc-963a-0f9d0794a7f3","cmp_Home_Header":"0a0ad075-ed2e-4735-b381-07fcd49fe03f","cmp_Home_Dialog":"0f0328ce-065f-4c5e-a133-067dc8e5315b","cmp_Home_Spinner":"70edcb66-f52c-4ed7-a027-4be6937a3277","cmp_Home_HeaderLanguagesMenu":"75e35854-3b1f-4799-82db-16e82c2b4029","cmp_Home_Panel":"e80adf5f-b211-4332-9fe8-ac1ae66c8dd9","cmp_Home_Nav":"d4cc5343-34af-41b7-bd7c-46b80e3c9684","cmp_Home_HeaderSettingsMenu":"0e13be83-0976-4e96-94a3-e55ed5b052a8","cmp_Home_CommandBar":"4aadee6b-1704-425d-b8d3-11d07d997e00","cmp_Home_Form_Main":"6c388f97-4487-47dc-9fe9-e6e0243e3ac0","cmp_Home_Form":"7dd843a3-fa81-4176-97eb-d491f05f38e2","cmp_Home_Form_ProgressIndicator":"081466c5-5d5b-4772-9ec3-8fa1632a7049","cmp_Home_Form_Tabs":"4ab4a992-5cfd-439f-a42e-b5eca0372684","cmp_Home_Form_TabsMenu":"3adeef77-17cd-40d8-ab78-927fb3328d11","cmp_Home_Form_Form":"718be643-f0a6-47cc-9c15-3612acc86166","cmp_Home_Form_Files":"82289794-d916-4351-8a15-bbff9037f6aa","cmp_Home_Form_Actions":"5127a781-cf11-44ac-8fa5-e7c941cab2b4","cmp_Home_Form_Other":"a97af843-4e1f-4478-8a4f-942eb315728e","cntr_Home_Form_Form":"552f3b6b-8e58-4af3-b588-19824eea5fe2","lbl_Home_Form_Form":"bc521d11-eff2-4740-8a47-0f8c70688fe9","cmp_Home_Form_Form_Back":"f21cabcd-43d6-49d4-acfa-a3622548913a","lbl_Home_Form_Form_Mode":"aedea5a3-63ac-4ba3-859e-91e89054d4bf","cntr_Home_Form_Files":"c5b111a2-24d0-4d2b-ac08-79e54a94be8b","lbl_Home_Form_Files":"16d9d2ff-cf35-46ce-bd36-8bee9d5304ba","cmp_Home_Form_Form_Files":"4cc45285-cc6e-4f43-b25f-5e4204b30445","cntr_Home_Form_Actions":"5d364cc8-cd92-4535-8a5b-53bcbbdad6aa","lbl_Home_Form_Actions":"34c0c32c-0300-432e-b296-c64017079368","cmp_Home_Form_Form_Actions":"9688a416-462c-4d41-80a1-2ce1e4298908","cntr_Home_Form_Other":"8da88578-e861-45d8-a8d4-12ac1a079517","lbl_Home_Form_Other":"7c027a93-a44f-4954-bce6-bc253e15fc22","cmp_Home_Form_Form_Other":"3ef970bf-74be-48d5-94e8-5667aa1d8350","cmp_Home_CommandBarMenu":"378a88e8-7019-438a-ba4a-f3f636bfe160","cmp_Home_SearchBox_Icon":"6a3f0cbc-3350-4edb-9e1e-3c181909a612","cmp_Home_SearchBox":"3193b281-515d-4e6d-8f0b-9ed81c902ead","cntr_Home_Filter_ItemType":"045b42ff-9434-43f1-ae07-64feb903a7d5","cmp_Home_Filter_ItemType_Visualization":"4f475a21-8ed2-4b76-a26e-c8f193d711c3","dd_Home_Filter_ItemType":"c4b60d39-e64c-421d-8306-a211844f5efb","cmp_Home_RecordsSelected":"b44d8b1c-11a9-4d8e-b768-8c1b82b38659","cmp_Home_DetailsList_Small":"95d0c62c-2d84-4462-bbf6-c4c3f296e9e8","cmp_Home_DetailsList":"13306b90-293f-48c5-af72-2078437dcfab","lbl_Second_NoRecords":"c462e233-185d-442a-b4fa-74171c99f73e","btn_Home":"cedeffd7-35a4-46ae-af66-03d95d71ff36","btn_Start":"b8b2e67f-77f8-4924-8c0a-83b7fc279875","Redirect Screen":"af2fd87c-bb81-4f71-ab31-0723364ce99a","cntr_Redirect_Main":"11960708-67ef-4809-bab9-6238db1e5d90","cmp_Redirect_Spinner":"6ffa3ca0-1ef8-4b6d-bfea-b9297153f483","btn_Redirect":"14e3329b-6031-4fe9-83d1-7caf4b4e6daa","Color Screen":"c9407e9b-69b5-49e5-b7fd-89cb9b148f2a","cntr_Color":"66af3789-9c4f-4465-a431-ea84082ebff2","shp_Color_themePrimary":"6d02475e-1ca9-4826-b6d5-67bfe259dac9","lbl_Color_themePrimary_1":"db69c9df-b393-4686-ba81-de895b9c3bcb","shp_Color_themeLighterAlt":"35c09b25-187f-4b65-828c-6a4be91ccf9c","lbl_Color_themeLighterAlt_1":"dcf9ac89-b53f-401e-9a1f-bc94bda10f0b","shp_Color_themeLighter":"135481ca-162c-465a-98bd-6e2a225fbb56","lbl_Color_themeLighter_1":"107f32c5-e7e8-4e78-962d-9e4faa978e99","shp_Color_themeLight":"dc5e2939-cd1d-4bee-9111-84c861860e88","lbl_Color_themeLight_1":"89e079c7-aa86-49c7-8632-b7cb521ba65e","shp_Color_themeTertiary":"14c1c31b-125d-4fa0-b9b1-10462140e3c8","lbl_Color_themeTertiary_1":"1a735271-c48a-4a87-9b6f-b9689aaa415e","shp_Color_themeSecondary":"f12f2f9c-4a38-4c71-a613-9c7ff29c5b46","lbl_Color_themeSecondary_1":"ba092192-acd9-48bd-85d3-42a3655c1fb3","shp_Color_themeDarkAlt":"50cd2701-a75a-4cc6-8397-dd0ba9bdc5e9","lbl_Color_themeDarkAlt_1":"b5538bcb-8578-4253-b037-8733dbfd0ea4","lbl_Color_themePrimary_2":"34499de3-01e4-41f0-a157-c6babc8e2b71","lbl_Color_themeLighterAlt_2":"235f6757-202d-47ee-aefa-df95683480cd","lbl_Color_themeLighter_2":"6036213b-e6c8-4cca-a31e-5ac745dc3e42","lbl_Color_themeLight_2":"88a2528b-2cb1-4b46-8fc6-d68907142efb","lbl_Color_themeTertiary_2":"0c74eb6c-903a-4fbd-81c0-763b769880eb","lbl_Color_themeSecondary_2":"307bc12e-ee34-4359-81e6-03ff7d80e971","lbl_Color_themeDarkAlt_2":"a53f777c-4c28-44e7-bb9f-9cf82e7a185d","shp_Color_themeDark":"ae5ac01b-b8a5-4e79-ac5b-cd298faf6a01","lbl_Color_themeDark_1":"5d3431c4-5509-47f1-9cf3-92d10a973a13","shp_Color_themeDarker":"57b88ebf-4c3e-44aa-99fa-0ea8d7c64518","lbl_Color_themeDarker_1":"5d5f3819-11c0-4123-b423-b1e66688aad0","shp_Color_neutralLighterAlt":"d32cb487-1761-4911-9dc4-702a8182c549","lbl_Color_neutralLighterAlt_1":"b9729dd5-fa28-4742-af9d-92fdd909368d","shp_Color_neutralLighter":"b27f7da2-dcbb-4b3e-b094-52cc09931a14","lbl_Color_neutralLighter_1":"731bb67f-00cc-4339-9907-d64953754c5d","shp_Color_neutralLight":"244964a6-34db-4e91-ae58-42da06b37e22","lbl_Color_neutralLight_1":"da4b4d8d-a7c2-41c4-a0f2-3efe96d30197","shp_Color_neutralQuaternaryAlt":"24b02092-fe82-4fb4-bce1-3bf4b43b22fd","lbl_Color_neutralQuaternaryAlt_1":"512e9eea-12f0-476c-b7ef-299edebc12fd","shp_Color_neutralQuaternary":"432037ff-d28b-4d55-bcfc-15c8f4814f42","lbl_Color_neutralQuaternary_1":"c6df17a6-d591-450b-b573-49eb6a8adca1","lbl_Color_themeDark_2":"c39e4f66-a5be-4e68-99f3-3de419e909e1","lbl_Color_themeDarker_2":"7ad74a61-6b34-4431-8f49-4b82854fde7d","lbl_Color_neutralLighterAlt_2":"356f3758-dbda-46ec-bb8a-bc5d3bf8e364","lbl_Color_neutralLighter_2":"d217ff08-5f1f-4856-b0a8-b625fc85b0c9","lbl_Color_neutralLight_2":"dd88a391-119e-41df-a8c9-1c827348eb2f","lbl_Color_neutralQuaternaryAlt_2":"fa600c21-ef1d-4904-9c33-5f668dc2f820","lbl_Color_neutralQuaternary_2":"71ee40cb-027b-4623-a68d-efb58c7d81c8","shp_Color_neutralTertiaryAlt":"f4789954-9059-4401-ab21-4328bb74d3aa","lbl_Color_neutralTertiaryAlt_1":"36e81833-859f-4d6e-96c6-55eebfe71121","shp_Color_neutralTertiary":"8dc40914-fff9-48fe-8839-fb336c5d3640","lbl_Color_neutralTertiary_1":"636336ea-efb7-4c5a-9053-6f90f4ec458f","shp_Color_neutralSecondary":"aaeda2c7-cfe0-4c2c-be91-0fdc7453cb1d","lbl_Color_neutralSecondary_1":"43a092b0-9a20-46ce-b80e-59f3edc1e8e8","shp_Color_neutralSecondaryAlt":"c9cf7cf9-bbc0-4465-be8c-1e4c47d2cd28","lbl_Color_neutralSecondaryAlt_1":"d33d9f5b-31ee-4440-90a7-a550ac6443e3","shp_Color_neutralPrimaryAlt":"9649bd53-8a72-46cb-b9c3-0fc90f1e9e03","lbl_Color_neutralPrimaryAlt_1":"b56d4130-5a0d-415c-9218-e81ffb873c0b","shp_Color_neutralPrimary":"b72091c6-74f3-4e45-a457-aa1c6033e4dc","lbl_Color_neutralPrimary_1":"9d80c312-cfe8-4d68-8ec6-6cccf32e1153","shp_Color_neutralDark":"88c5721b-5495-4296-81cf-f54a757e1b56","lbl_Color_neutralDark_1":"7c6559a9-e6cc-46a0-8eeb-936dac75f42b","lbl_Color_neutralTertiaryAlt_2":"39c78f97-ade6-4fa0-b950-47ac92c957a0","lbl_Color_neutralTertiary_2":"cbeb0af3-af63-4408-a05b-c20880411661","lbl_Color_neutralSecondary_2":"38a27327-4316-4722-a755-0e6663f7a1e2","lbl_Color_neutralSecondaryAlt_2":"7ddd0240-baee-43e1-bd20-64fe858acf31","lbl_Color_neutralPrimaryAlt_2":"c50ed182-ed23-47a5-b1a9-cd27f843c066","lbl_Color_neutralPrimary_2":"1f557cda-7515-41f5-979c-208077a5a3b1","lbl_Color_neutralDark_2":"bf4e7d1d-58c3-4010-8773-391fca98a8de","shp_Color_Black":"aafc693a-ece3-4bab-9b02-38a71a7a40a5","lbl_Color_Black_1":"b8954d7a-5b84-4d17-982f-50d0ab8be84b","shp_Color_White":"be627723-526f-4a4c-8199-70dc0e075b12","lbl_Color_White_1":"d0599ac3-a6ee-414a-af11-4ba930b50feb","lbl_Color_Black_2":"80508dc9-1248-4133-a1f8-45e65b3aac6f","lbl_Color_White_2":"eba513d7-56e8-4d90-90ef-bbdaa2e3bfc3","Third Screen":"956972d0-6b55-4896-8b8b-22c34598aab5","cntr_Third_Main":"0a5ba18b-1255-4fc3-8f52-4ee50ac34105","cmp_Third_Header":"8d4a3d13-348a-4906-b33e-4e37109c37ec","cmp_Third_Spinner":"e9063954-f64c-47ec-9eb0-634d0a00bf7d","cmp_Third_Nav":"77253add-2f10-4708-b64e-499301e55890","cmp_Third_Visualization":"41c0e4d4-058c-4c97-b85f-1eca3ce5f410","cmp_Third_Button_MessageCenter_Maintenance":"7c2b8f27-9105-4867-aafe-f01342dbdb89","cmp_Third_Button_MessageCenter_TimeOut":"e9ab4f74-eb16-44e4-979e-5d55111295fd","cmp_Third_Button_MessageCenter_Error":"53caf96a-638e-4e0d-9c54-f3da3cdefcd0","btn_Third":"d7b5d7fc-0513-4719-961f-c67809fb75c6","Second Screen":"8c6a563b-a4a8-4953-a66b-89ecc83d3cca","cntr_Second_Main":"df5e0b87-7528-4100-bc05-e684c2c45b9c","cmp_Second_Header":"b1ff56a7-f1ae-4201-a7e7-7cfa0c04078a","cmp_Second_Spinner":"034f1812-46f4-4c17-ae44-2027c7fc68d2","cmp_Second_Nav":"651478dd-ad6a-440f-b0a7-09bbd77ec3a0","cmp_Second_Visualization":"7c7bfbfa-2615-4f96-ba82-efb0b8fdf648","btn_Second":"b679f790-6b79-4ff5-97d4-9a9f7994058d","Fourth Screen":"5574df7a-9d2c-4894-b1d3-87e14047827c","cntr_Fourth_Main":"f2a2c4c2-6539-4db0-807f-53f213f72ee5","cmp_Fourth_Header":"b7cc8615-342f-4b2b-8dd5-4a2bf3f4ac73","cmp_Fourth_Spinner":"42f18125-2c3a-4bf1-80c8-c7bdfdbd5a15","cmp_Fourth_Nav":"2be1be8b-adb9-4e4b-953c-923c8ebb1182","cmp_Fourth_Visualization":"65e535bc-5ee8-4f09-878f-b2500602b2ee","btn_Fourth":"23f3fe10-041f-49e2-9cff-7b0fe1743c8f","Fifth Screen":"981f5f0c-776e-464b-b22e-558955edd0f6","cntr_Fifth_Main":"93b59fcc-4e0d-46fe-9c15-b2881d80f2bb","cmp_Fifth_Header":"50536357-f414-4071-9dbe-f0b20a8ac89d","cmp_Fifth_Spinner":"e49b7d7f-ac19-4cb9-852c-437b94b570fc","cmp_Fifth_Nav":"6be3fa25-3ec2-4767-9387-9d3d94c5ce61","cmp_Fifth_Visualization":"837d7864-30c4-4808-8f74-d427c8e4b12c","btn_Fifth":"4cb6a821-98e5-4776-ae14-a4ad585d83a9","Themes Screen":"a476b432-5c81-4d84-869e-a8626e83a0a7","cntr_Themes_Main":"0a4f0be8-064c-4eab-a9d4-86b600a03de0","cmp_Themes_Header":"a912fa5d-7660-49d6-9c46-2147aee1a7cd","cmp_Themes_Spinner":"7ce21a77-7db5-45bb-adbf-01f7474bd7b0","cmp_Themes_Visualization":"b0a465e0-27ab-4689-bff8-0131fc5941d1","cmp_Themes_Button_Default":"4bfa2970-9769-4704-8f96-ac0803549e0d","cmp_Themes_Button_Dark":"98ef3f77-c0cb-4a1e-abba-11ef0919b5c0","cmp_Themes_Button_HighContrast":"e0a8e953-a8c9-4ef8-86d0-9ce960861abd","btn_Themes":"959ba846-90e8-4828-859d-d87fb3f523ad","btn_Themes_All":"852a9108-eea4-4dbf-8f50-5a6bb8bd4008","Message Center Screen":"eeed55a1-92a3-435b-9b14-eaae805a2c09","cntr_MessageCenter_Main":"d01df911-644a-4313-8582-073a87466ba1","cmp_MessageCenter_Header":"0cf24531-23cf-4834-b3c4-cd7fd56de4d6","cmp_MessageCenter_Dialog":"2e4d687c-8056-4d3f-b70f-75cd823ee343","cmp_MessageCenter_Spinner":"75864831-e1fa-424a-bd20-432abea6cdd5","btn_MessageCenter":"d84d77a0-74ea-40c6-abe0-2bc1e8fc9e63","Controls Screen":"75a719a3-ddd4-4b57-9eb7-6903091efd7e","lbl_Controls_ti":"deba93bc-a058-4b4f-9aff-b148c401770c","ti_Controls":"9ac9084e-65d6-478a-9f4b-37729b8ae806","ti_Controls_Diabled":"de01eb05-23e8-4e2b-81f4-61ec3b98ad02","lbl_Controls_dd":"53d94c1e-a042-41f0-9621-44b0ac8610b4","dd_Controls":"d12f5909-b3da-443a-b00e-b19d4a7482df","dd_Controls_Diabled":"9a0877a8-4123-4f3d-839a-6e00bfa955b1","lbl_Controls_dp":"54e58340-9dd9-4173-b4e9-3a61ba4d6d9b","dp_Controls":"345292a7-ec77-431e-a798-1e6ac86cd7f3","dp_Controls_Diabled":"1f72cf04-dcad-4aad-b959-af5cae4eb19d","lbl_Controls_cb":"64d50066-5aaf-4aff-8a3f-75d99f142551","cb_Contols":"399e8418-728b-474f-8617-75fb41e90273","cb_Contols_Diabled":"a251fd33-92d9-4ac2-8e49-c8a04e803900","lbl_Controls_btn":"5ff0f29e-e8a6-467f-9c7a-79d0fd6020cd","btn_Control_Primary":"107e89da-5131-46eb-9e28-2005d03f7d93","btn_Control_Secondary":"3db00599-4fe0-4307-a675-7c4f56c41bdf","btn_Control_Primary_Diabled":"0dcfe7da-0c19-43ce-be53-71374b85b9a4","btn_Control_Secondary_Diabled":"916eb60c-bfaa-47d6-8d04-523123a46719","lbl_Controls_icn":"6a464fcb-176b-4f04-9cd1-5a6a49f0de39","icn_Control":"3efc16ab-ebb3-4df6-9675-5b8e9821746e","icn_Control_Diabled":"3be0faa2-615c-4ec7-8b09-ba20b7b5dd4e","lbl_Controls_Disabled":"57a862a3-bcdd-4752-97d5-5326e903dfa2"}