{"schemaVersion":"1.0","appDefinitionTemplate":{"id":"/providers/Microsoft.PowerApps/apps/","type":"Microsoft.PowerApps/apps","tags":{"primaryDeviceWidth":"1366","primaryDeviceHeight":"80","supportsPortrait":"true","supportsLandscape":"true","primaryFormFactor":"Tablet","publisherVersion":"3.23043.16","minimumRequiredApiVersion":"2.2.0","hasComponent":"true","hasUnlockedComponent":"true","isUnifiedRootApp":"false","sienaVersion":"20230503T101427Z-3.23043.16.0"},"properties":{"appVersion":"2023-05-03T10:14:27Z","lifeCycleId":"Published","createdByClientVersion":{"major":3,"minor":23043,"build":16,"revision":0,"majorRevision":0,"minorRevision":0},"minClientVersion":{"major":3,"minor":23043,"build":16,"revision":0,"majorRevision":0,"minorRevision":0},"backgroundColor":"rgba(78, 81, 128, 1)","backgroundImageUri":"/11842186482361839553/Nf1220ded-8a3f-4fb3-a9ad-8e9c1a1b2c3b-logoSmallFile","displayName":"PACo-Extra","description":"PACo-Extra","commitMessage":"Version 2.0","appUris":{"documentUri":{"value":"/11842186482361839553/N9686457d-12c7-488b-8a0c-6d7382e3009c-document.msapp"},"imageUris":[],"additionalUris":[]},"createdTime":"0001-01-01T00:00:00Z","lastModifiedTime":"0001-01-01T00:00:00Z","sharedGroupsCount":0,"sharedUsersCount":0,"connectionReferences":{},"databaseReferences":{},"almMode":"Environment","performanceOptimizationEnabled":true,"canConsumeAppPass":true,"enableModernRuntimeMode":false,"executionRestrictions":{"isTeamsOnly":false,"dataLossPreventionEvaluationResult":{"status":"Compliant","lastEvaluationDate":"2023-04-17T12:18:52.9837879Z","violations":[],"violationsByPolicy":[],"violationErrorMessage":"The app uses the following connectors: ."}}},"appType":"ClassicCanvasApp","appComponents":[]}}