{"__Version":"0.1","App":"3e380cd4-72c5-4766-8b98-029373d78489","Test_7F478737223C4B69":"57b4174b-756c-412f-aceb-42c4f8f86828","Host":"73047853-2d9f-4f88-b2f1-dd8bc8fb2052","PACo_CommandBarMenu_A":"e18f4c13-1598-463d-9d17-91e1c9b6b16a","html_CommandBarMenu_A_Visualization":"ef3f8218-5dd8-400c-9c65-a0fb1148f5d2","shp_CommandBarMenu_A_Visualization":"6940c229-64f0-40a0-a635-73a7a88e46f9","gall_CommandBarMenu_A":"3e243a83-360a-4fce-8753-fa49bcbfc672","galleryTemplate1":"dc4e2a65-d951-415f-ae97-9b65ce087640","img_CommandBarMenu_A_Gall":"260074b9-c2d8-46a5-9e0f-ad6b9e791b8a","icn_CommandBarMenu_A_Gall":"bc06c15b-33dc-41a2-80e7-1870b7d6105d","lbl_CommandBarMenu_A_Gall":"f6d99a7d-ddf6-49cc-ab33-59020e2f93da","shp_CommandBarMenu_A_Gall_Divider":"455aaee3-6fd8-4674-a385-9bda08dac53f","PACo_DetailsList_C":"38e4f3b9-3a1c-4371-bede-e6df37a2dc0e","html_DetailsList_C_Visualization":"c6762e5a-9a6b-40da-a2fb-f41ec45077e6","shp_DetailsList_C_Visualization":"0e02cab5-69ea-41b9-ac00-bd442cc1f2b3","gall_DetailsList_C":"5d238e7f-2cc6-412d-af72-eea9f4f2edb8","galleryTemplate4":"03f5e684-cd81-4d96-935d-58ece3e12716","shp_DetailsList_C_Gall":"d062557e-354a-4d67-8866-af397d9fbb41","cb_DetailsList_C_Gall":"ff0bf41b-3233-428a-b60b-bcb0db758506","lbl_DetailsList_C_Gall_Title":"92f9b628-9e67-4e30-af0b-0a2304950f51","lbl_DetailsList_C_Gall_Subtitle":"b5616e4b-9df6-4a49-ba46-a13e15b6ac25","lbl_DetailsList_C_Gall_Body":"0db43e3e-4190-4b4a-8c0a-be43fda38479","shp_DetailList_C_Gall_Divider":"14a607da-0adb-4b01-9f16-c7b06190b556","PACo_Panel_A":"59b8f5b8-7cab-425f-ac39-a908cb1815a4","html_Panel_A":"ba7e5d0d-07c4-4037-a4fa-31967f23f89c","shp_Panel_A_Area":"6c1207d7-dd87-4eb7-995c-36949fd9a2f2","html_Panel_A_CommandBar_Visualization":"8e0c2b90-6853-4702-bb89-a4a1bb65bcbb","shp_Panel_A":"2f7b9abf-cf12-45c9-bbc0-b301fe0a7380","shp_Panel_A_CommandBar_Visualization":"7c154374-4895-4b11-b727-fd568d2c71a2","cntr_Panel_A_CommandBar":"a9a82987-a3f5-498d-86db-7ac8a5286093","img_Panel_A_CommandBar_1":"ebc01444-498e-4e25-b009-409d60b72d82","icn_Panel_A_CommandBar_1":"4407fdbf-f19c-447c-b925-29ab9f480262","lbl_Panel_A_CommandBar_1":"9c551c52-5c56-45dd-a95a-5ebad3708086","img_Panel_A_CommandBar_2":"a95c5502-2d25-40e0-bfca-e6b0de50769c","icn_Panel_A_CommandBar_2":"16509249-8e44-4f52-aaef-dcf2c8bfdd64","lbl_Panel_A_CommandBar_2":"99f07560-4229-43e2-9d9a-82e4ecc0740b","gall_Panel_A":"cd768bfd-38d2-4617-9594-5abeabbc62ac","galleryTemplate2":"5e1cf243-85ad-4b7a-9d09-2f383648f977","lbl_Panel_A_Gall_Label":"36fabbe9-b028-40d9-8390-0e624b92cb82","lbl_Panel_A_Gall_Text":"5d8954fc-0006-4445-a1df-613a66b92dc2","cntr_Panel_A_Button":"487b0360-1732-4114-9174-5af3940f4dbd","shp_Panel_A_Button":"5b0bd5e7-89e7-4b76-ba98-0e84878ef1a2","icn_Panel_A_Button":"30d07c41-a882-4831-ab7a-37a60833bde3","img_Panel_A_Button":"1a60b65f-71da-49be-9712-507cb8d3144d","lbl_Panel_A_Button":"96571355-b890-4243-9b17-9b546c502c68","html_Panel_A_Button":"8819ed1c-d42a-421d-a84e-267aa47afd4b","html_Panel_A_CommandBar_1":"974edc9a-dc1d-4c5d-8617-29f9194faeeb","html_Panel_A_CommandBar_2":"82aee50b-63d7-468e-aa96-81bd36407216","PACo_Nav_B":"9d4d4b2e-bca3-40c8-954f-bc395e96941b","html_Nav_B_Visualization":"da5121f1-da14-41bc-9872-cee965bed71f","shp_Nav_B_Visualization":"57636265-82b3-413c-b9ed-1f5e7624d38a","gall_Nav_B":"fb8f399d-ee0a-4542-a109-693df1fd6950","galleryTemplate1_3":"3b1554a3-4668-41b0-9535-66c45f70c44c","shp_Nav_B_Gall":"96430d65-4277-4694-8ee8-226aec9abc87","img_Nav_B_Gall":"8f567672-d44c-422c-add8-0290b9863e3f","lbl_Nav_B_Gall":"31cde5ee-2e66-4760-b43d-795df56b00b5","icn_Nav_B_Gall":"a7b0b4cb-7e50-421c-ab72-c45906ec4958","shp_Nav_B_Gall_Divider":"e915f54a-9d4d-4ec6-9cc8-6aa5be0005ed","PACo_HeaderSettingsMenu_A":"f0516b5f-870a-48b5-b39c-ec2f6a216cef","html_HeaderSettingsMenu_A_Visualization":"3f31d1c0-3bae-4c65-bbdc-2b74465bfbea","shp_HeaderSettingsMenu_A_Area_Visualization":"3b341d7f-06e4-4db6-85ff-c08529242078","gall_HeaderSettingsMenu_A":"6534ebf0-f14f-4dbd-ad15-523e5cdb990e","galleryTemplate1_2":"432626ad-98e7-4e99-a0db-bd54a778789f","shp_HeaderSettingsMenu_A_Gall":"224b686c-b7c9-4896-b98c-17e9f0024356","lbl_HeaderSettingsMenu_A_Gall":"600dc417-751e-4db0-a295-f3a064e8f55a","icn_HeaderSettingsMenu_A_Gall":"68d68828-5743-4fd5-82df-3058dba6a08d","shp_HeaderSettingsMenu_A_Gall_Divider":"8d0ef5ac-fa52-4eba-b326-72fa5946b67e","shp_HeaderSettingsMenu_A":"eddcb024-d016-4d28-9897-300c712a444e","PACo_Dialog_A":"2fc15942-a368-405a-a6bb-dd66c644fc96","cntr_Dialog_A":"db2cabef-dad3-48ee-9292-4c21c3fb966b","html_Dialog_A_Visualization":"5b5fb827-ca3a-4f22-83dc-1bb22ceafe34","shp_Dialog_A_Visualization":"0f98e2a0-a6df-4201-b25e-50561141f21b","shp_Dialog_A_Area":"23b84725-e03c-47ca-8cab-746af8447e68","lbl_Dialog_A_Title":"b8cc063e-4950-4d59-9b76-411e8f051ded","lbl_Dialog_A_Message":"08893c6a-0f30-4d82-8dfe-68cccb172b3e","html_Dialog_A_Message":"1ef0aa01-2d6d-4ad1-978b-cf46ae070c0d","cntr_Dialog_A_Button_Last":"c678a158-8413-42b7-a933-0d101714d6d9","img_Dialog_A_Button_Last":"346dfea6-5a66-45fc-b4c2-d3ecf55c00e4","shp_Dialog_A_Button_Last":"7f0a3c73-e531-474f-b466-a3988f1d4f9d","lbl_Dialog_A_Button_Last":"c94b4fa1-568f-4cf1-8430-f13b750e52aa","icn_Dialog_A_Button_Last":"e58aa907-d91c-48f0-b39c-45978d8ce33f","cntr_Dialog_A_Button_First":"ee23dc75-f018-4bce-bd20-17da22e17c35","img_Dialog_A_Button_First":"59c41636-605a-4e80-a2e3-6d3629738720","shp_Dialog_A_Button_First":"c434692e-58f1-4360-8680-b31ee5e02ec5","lbl_Dialog_A_Button_First":"7bd15f6b-7ac8-4b51-a751-5b476efcb976","icn_Dialog_A_Button_First":"0f09cd9b-1643-4d48-a813-39bd15851b87","html_Dialog_A_Button_First":"c246d6c0-c31c-40e3-b339-9964cd602e47","html_Dialog_A_Button_Last":"ad1308d1-f058-437f-9ea5-0d41c43cbe21","PACo_CommandBar_B":"4e7c3e29-7503-4976-8f57-8e99372690d3","html_CommandBar_B_Visualization":"be6267e6-92c5-4b56-9775-438cc4da8a1b","shp_CommandBar_B_Visualization":"ca5c064e-24fc-4687-bbdc-248c0d899f27","cntr_CommandBar_B":"faea2d5b-d9a2-482f-af14-544a721a8be4","img_CommandBar_B_1":"41c14859-271f-47dd-935e-e4675fbea4dd","icn_CommandBar_B_1":"5afad6bb-a6cf-4533-9ba0-7974c7ca148f","lbl_CommandBar_B_1":"d49dfa85-b231-4a88-a6ff-69bdfc356412","img_CommandBar_B_2":"6aedd10c-1fc7-49bc-be0e-626945add229","lbl_CommandBar_B_2":"52fe560b-839f-43ee-b0b4-02fa7a7f265a","icn_CommandBar_B_2":"617ecdcb-d13b-4cad-a1b5-633395495252","img_CommandBar_B_3":"1ca69004-2c8f-403f-a7a9-104822ec01bb","lbl_CommandBar_B_3":"f4cb8b78-0b50-43a7-bab5-872f6d23265c","icn_CommandBar_B_3":"77a8c181-69c1-4d89-975f-8851c18e2acf","img_CommandBar_B_4":"b8f4cac6-94d2-4ee6-b047-89161caba349","icn_CommandBar_B_4":"ad4be39c-b53d-4510-b822-0bd05c17c117","lbl_CommandBar_B_4":"cb42cc3a-a060-41d7-a377-5ad49c81affb","img_CommandBar_B_5":"0175880e-54af-4476-9e72-056b67c5af41","lbl_CommandBar_B_5":"e932cc47-62cf-4ce5-9d2f-451fd6529b6b","icn_CommandBar_B_5":"cea512ed-439c-4c58-98da-ff59f9d5d729","img_CommandBar_B_6":"cee8e9e1-60bf-4cba-ab75-568d2eb308e3","lbl_CommandBar_B_6":"97f42dc2-0a27-4933-a49d-9422a1cc043d","icn_CommandBar_B_6":"377a0ad2-1633-4d2c-8dd1-c1ddfadd638d","img_CommandBar_B_7":"54089c5a-3a65-4cc6-95ca-f3a57e2b6395","lbl_CommandBar_B_7":"938c94e5-4e18-4f65-a7a0-e9640e32ea0a","icn_CommandBar_B_7":"3b25ac6e-863f-414f-a21f-e9d7b55d6a7f","img_CommandBar_B_8":"465bdf3f-4594-451f-94d8-ca9ebf0ecc0d","lbl_CommandBar_B_8":"f8f438c5-5ef5-4b5a-9008-04e4f841a655","icn_CommandBar_B_8":"61c189e0-43e8-48a2-b9bf-3271a7bfd6af","lbl_CommandBar_B_Menu":"49be362a-8ba2-454a-b74d-5c4fa308dbe1","icn_CommandBar_B_Menu":"bd31450c-69ea-45c1-8dbc-aca7bec7e2fb","html_CommandBar_B_1":"974a1549-7b69-48b7-9f24-1bbe3565473b","html_CommandBar_B_2":"55344dcf-b972-4d38-b9b7-d5516ec8e6e5","html_CommandBar_B_3":"57342c49-a680-423d-8fa9-2876cb0eba18","html_CommandBar_B_4":"6790e5cf-1efa-4534-bf70-6a75159d5a21","html_CommandBar_B_5":"c6ea925f-7852-4087-badc-c91726756a92","html_CommandBar_B_6":"70b4ef28-8218-4ae6-8f98-60aa2159dff1","html_CommandBar_B_7":"74e7fe72-a826-4e7b-a421-b93b6cf6e68a","html_CommandBar_B_8":"eed95ceb-d2b0-4fab-bb5f-f7833d3b18fe","PACo_DetailsList_A":"aff355a0-238b-4f78-bc99-4ddc8c45f12b","html_DetailsList_A_Visualization":"e395ba36-8ebb-4ca5-aea4-af37b89215de","shp_DetailsList_A_Visualization":"ed41f677-6a56-4335-82c4-d5f098f2e579","cntr_DetailsList_A_Main":"462a6fc7-7a94-4fbb-b814-8ed4ef70264b","cntr_DetailsList_A":"6bcdd0a1-d8b1-4fb6-acdf-b95202528621","lbl_DetailsList_A_Header_1":"3034f6b2-6521-4e15-b7e8-66e71b7ace67","icn_DetailsList_A_Header_1":"9b9805cc-3e40-4e70-870e-312d0217284e","cb_DetailsList_A_Header":"d13bea04-ff9b-499f-a3a1-ce8e8969c3e4","icn_DetailsList_A_Header_Sorting":"863d254f-84aa-4b5b-aec3-6479719e168b","lbl_DetailsList_A_Header_2":"35157b5c-6c95-4c3f-96d6-8a77aaf9b235","icn_DetailsList_A_Header_2":"29fe19f3-9916-42ed-8e0f-09818c4e64b7","lbl_DetailsList_A_Header_3":"6d670b2a-43d9-444b-9d7f-dee2ffef12bc","icn_DetailsList_A_Header_3":"d6c6dac6-78dc-4874-8f9e-8590eb42b637","lbl_DetailsList_A_Header_4":"7064c507-4d44-4005-8f14-8a336eac6705","icn_DetailsList_A_Header_4":"e7f5a31e-e9f0-4455-843b-f33defb6dbb8","lbl_DetailsList_A_Header_5":"69b75e63-7a47-4e71-b9b8-327009e45d8a","icn_DetailsList_A_Header_5":"cdf8f400-e2ec-4113-94ed-20945f262534","lbl_DetailsList_A_Header_6":"a456bb29-18bf-48bc-9399-292b7df105be","icn_DetailsList_A_Header_6":"46145e69-2ec1-4645-bda8-a02b76d22f42","lbl_DetailsList_A_Header_7":"7cc956aa-fcef-42a7-bd81-9818f83e9164","icn_DetailsList_A_Header_7":"2d943009-ff6a-45d4-8934-89a3578aa026","lbl_DetailsList_A_Header_8":"2822fa0f-6da7-48f9-b7a9-2a9e4c2e77c0","icn_DetailsList_A_Header_8":"3b4af852-e7ed-47e7-b3fd-97af76c88079","lbl_DetailsList_A_Header_9":"e3073943-b738-44cb-8380-08a31460029c","icn_DetailsList_A_Header_9":"fd487dd1-75e9-42bc-acaa-0aaf54181316","lbl_DetailsList_A_Header_10":"462dedc4-776c-487f-be53-53d8ebaa8af8","icn_DetailsList_A_Header_10":"9d2f7091-856e-49aa-aaed-aef51581e85c","lbl_DetailsList_A_Header_11":"4b00a907-423c-47a1-b2df-dac3ba5d2534","icn_DetailsList_A_Header_11":"02353ff0-ccf7-43b8-a9f1-fa30cbcac933","lbl_DetailsList_A_Header_12":"766b977d-e0ad-4d27-a342-76dbb6d57b29","icn_DetailsList_A_Header_12":"bed14324-2cc5-4690-8929-87328d9c4d3b","lbl_DetailsList_A_Header_13":"08efbb74-01f8-4413-b195-72b85ef36dd3","icn_DetailsList_A_Header_13":"8b5d694d-b3e1-4e86-aeb4-1b1ae10a58d0","lbl_DetailsList_A_Header_14":"13e39fb5-b636-450c-b39d-30902025644d","icn_DetailsList_A_Header_14":"adf1b65a-287d-409d-88b8-fac3ed32f480","lbl_DetailsList_A_Header_15":"ca2f7e71-fb62-4ade-8670-b58a94e33f31","icn_DetailsList_A_Header_15":"7fdd6a01-bdf7-4105-b21f-b9c44b4c63fc","lbl_DetailsList_A_Header_16":"790bfeaa-2630-43cb-8a41-61898e1f04e6","icn_DetailsList_A_Header_16":"fcf6901f-38bc-46f0-addd-a9bda0f32865","lbl_DetailsList_A_Header_17":"183269a8-bc63-41fc-9d92-d9d030625c22","icn_DetailsList_A_Header_17":"52943a78-7430-443a-81f8-ce75692a7447","lbl_DetailsList_A_Header_18":"9bb54139-adbf-43a7-86d8-c04e08d7cb5e","icn_DetailsList_A_Header_18":"ba731cd5-3fb4-4bb4-a3db-ff195d79717f","lbl_DetailsList_A_Header_19":"6b7f494b-b462-42aa-a8fc-935d17d86773","icn_DetailsList_A_Header_19":"5fd0eaa4-3cb1-425d-be23-580d9f4b7d23","lbl_DetailsList_A_Header_20":"9dc56bf6-27d8-4be5-b425-38936444e0fe","icn_DetailsList_A_Header_20":"2d76c59b-d566-4eb3-a94a-36f6528dae7a","gall_DetailsList_A":"4b55e6db-fa5a-4286-a405-29647ff56d8b","galleryTemplate2_3":"4ccf773d-1fbe-49d1-bfb3-f16de9548a47","lbl_DetailsList_A_Gall_1":"c40e9337-57a0-4d4c-9f0a-11b75d087d42","cb_DetailsList_A_Gall":"55787e03-64c0-47a7-a7c3-9194e892c5de","lbl_DetailsList_A_Gall_2":"19eff40c-75a5-41fd-a8ea-c5afc42b1628","lbl_DetailsList_A_Gall_3":"6d33528e-96da-4136-8d7e-294774c5c2d9","lbl_DetailsList_A_Gall_4":"5e343b89-b625-4766-a59a-e6e0b88cfab3","lbl_DetailsList_A_Gall_5":"b7765ebf-7491-42b6-9e9f-2f63703a4d19","lbl_DetailsList_A_Gall_6":"df9dadb6-92be-40d5-8a36-7a37409299f1","lbl_DetailsList_A_Gall_7":"1e13f5ac-4257-4f19-9d8c-5bc82df7c4fa","lbl_DetailsList_A_Gall_8":"93523df3-b1c3-4000-a7fd-a2971a6de1c7","lbl_DetailsList_A_Gall_9":"0ea0fdff-7493-451f-b3eb-fb53be9fe34f","lbl_DetailsList_A_Gall_10":"cae513ea-12be-4e72-b65f-64737ee3aaae","lbl_DetailsList_A_Gall_11":"95d03a8f-6d3b-43f6-b980-69b3e527d8ae","lbl_DetailsList_A_Gall_12":"4a0a5688-73ea-4ebd-92ae-14d56694bc1f","lbl_DetailsList_A_Gall_13":"6ee97216-7e43-4029-a509-20ae5a15564b","lbl_DetailsList_A_Gall_14":"fc2c2d83-ae2d-47df-a6b2-b555de2c71dc","lbl_DetailsList_A_Gall_15":"b5fa5220-288d-46eb-ac69-b1bd319180c1","lbl_DetailsList_A_Gall_16":"61d9f20c-6236-4f53-8def-032fcb13a929","lbl_DetailsList_A_Gall_17":"5a122511-f4bd-4e69-a527-320a27d0cba7","lbl_DetailsList_A_Gall_18":"b5b71ca4-8f49-491d-847a-474865e4668d","lbl_DetailsList_A_Gall_19":"5297d6c0-1af5-4094-9e3a-9883bbcc8704","lbl_DetailsList_A_Gall_20":"c48545ac-589f-4250-b306-fc3aa8bd8840","shp_DetailsList_A_Gall_Divider":"63fc7789-454b-4de7-bcb0-6142bbd12e2f","PACo_SearchBox_A":"c7f46622-8576-4dc4-b544-afff9c32e5a4","html_SearchBox_A_Visualization":"118938b5-6ddd-45eb-8151-93db47c64633","shp_SearchBox_A_Visualization":"3568d0fe-c204-46ad-8259-01544b81ff99","ti_SearchBox_A":"81c3bf56-3aee-466d-a4ac-63c4792c056d","img_SearchBox_A_Search":"95858c22-aac6-4f4f-8b47-c86e98e2526a","PACo_Header_A":"431d997f-fa43-4783-8026-d717c5840ab7","html_Header_A_Visualization":"b1e4c50b-ddf0-4358-8ff7-e06457b1c8a1","lbl_Header_A":"61ce9e08-c7c3-4927-9ebb-6067bdd5df7a","img_Header_A_Back":"1eb56abc-d60a-48f0-9074-698a3cf88244","icn_Header_A_Back":"2b727093-4eca-4d7a-9fd1-b2e3af63ae0d","img_Header_A_Nav":"930267b4-cf76-468e-a09f-5b142a386615","icn_Header_A_Nav":"be9a7c65-54fd-4e29-acf9-1cb158c21470","img_Header_A_Logo":"643d1481-f0a0-4aa6-8f15-81d0a8166a46","icn_Header_A_Logo":"83d994c6-6dac-4a11-802d-230c390795d9","img_Header_A_SettingsMenu":"4e44f984-de2c-4592-b15c-684c3d5efb98","icn_Header_A_SettingsMenu":"0257387e-c59f-49ca-95a2-160c76e354c3","img_Header_A_Help":"e1ae6b52-21e2-49ba-901b-d9ef6dfaa00c","icn_Header_A_Help":"947d11af-0285-45d9-8289-5a2dda884f74","img_Header_A_LanguagesMenu":"f32d75f6-3d0c-41c5-a034-2d57630b64e4","icn_Header_A_LanguagesMenu":"24416bd9-caa7-46f0-9477-b329e8489087","shp_Header_A_Visualization":"98af2f91-9cc2-4a29-8b18-020f8d3c3fb1","PACo_TabsMenu_A":"f30211e4-5583-4968-9b49-9b46187c656b","html_TabsMenu_A_Visualization":"a5f88dbe-465d-4637-9e55-4e6c847410a4","shp_TabsMenu_A_Visualization":"baa78f10-06b7-4c89-9c8b-5acb3f13ba59","gall_TabsMenu_A":"55fb060f-89a3-4c1c-9ca0-dac171337b01","galleryTemplate1_7":"e6400f55-dec1-44c8-bd3c-29b77d2821c4","shp_TabsMenu_A":"6087b912-e140-4eb0-88f4-4cfb5598a64a","icn_Tabs_A_Gall":"455520de-7ecd-40f2-92f2-e67eb5a66a75","lbl_TabsMenu_A_Gall":"82ef63cd-7c0d-4950-89b8-6088a61eb305","shp_TabsMenu_A_Gall_Divider":"ce27872c-dafb-4b04-8ab2-dbade09933d2","PACo_Tabs_A":"7b2b31c4-29b0-46eb-9a6b-79830e1ebba5","html_Tabs_A_Visualization":"372c5747-b530-46cd-a366-4887e1837bde","shp_Tabs_A_Visualization":"2fca3967-8a32-45ec-98c1-32a74ea14c16","cntr_Tabs_A":"c802484a-7a2d-4080-bd51-b22dafa4c41f","lbl_Tabs_A_1":"c50a17d5-3f43-4068-9682-58dddf8cf76c","icn_Tabs_A_1":"f2b99dfd-8b11-4b1d-9d58-2f1b0b7d80ec","lbl_Tabs_A_2":"83a40cec-9a1d-4a88-8a8a-832c4708d782","icn_Tabs_A_2":"deb14554-4549-47f2-817a-2730b331f9a0","lbl_Tabs_A_3":"94aaeeb5-02b0-45f1-830f-04336715fd57","icn_Tabs_A_3":"35fb973d-5dc0-4aff-872d-dc3a25bd1d9e","lbl_Tabs_A_4":"51b27a1d-5be1-4de4-b5b9-7bcf7ad90539","icn_Tabs_A_4":"87b87254-052e-4026-b6d5-3381202e0df2","lbl_Tabs_A_5":"d93dfff8-109e-4433-8b3d-234bf6514f61","icn_Tabs_A_5":"96b5f55b-8f29-4a51-b408-68440e25188b","lbl_Tabs_A_6":"0a92e6e1-dbfc-43a6-8e19-be7ce233a45d","icn_Tabs_A_6":"302503e0-93d8-467a-84d7-f870e1f6e19e","lbl_Tabs_A_7":"cdffdf26-8dc5-49ed-bb37-fbc10b5202bb","icn_Tabs_A_7":"c800b6c4-03f5-4a12-990c-efc6f830968e","lbl_Tabs_A_8":"1f073f42-baa0-4458-97ae-555ed2b03cba","icn_Tabs_A_8":"e6ba390a-0ab1-4a98-afed-dccca0153fee","lbl_Tabs_A_Menu":"6add3216-6ce2-43a8-9d47-7a8ef3b578dd","icn_Tabs_A_Menu":"9bf27c33-4c8a-4365-bb1d-0257231d798f","shp_Tabs_A_1":"6d6ad628-4c49-48f9-9bd8-fe3153288eb2","shp_Tabs_A_2":"d5ef858c-53bc-419a-9e77-a34bf972c35c","shp_Tabs_A_3":"71a41fb3-2518-4d6e-9804-b35ae62f258b","shp_Tabs_A_4":"12f37bd8-5b89-45da-9f14-88255400dcb4","shp_Tabs_A_5":"1b04548a-a670-46f0-b40f-8db2804aed3b","shp_Tabs_A_6":"e312c49f-b3f8-41d5-b640-12c5d78e0887","shp_Tabs_A_7":"eb83b709-e758-4f3d-8782-a16ac0a853f6","shp_Tabs_A_8":"380834c3-5b18-43cb-a541-59f4fb559b81","html_Tabs_A_1":"a54f04f7-6cf2-41f2-a3c1-a0381e56ff81","html_Tabs_A_2":"c332a795-0e0e-4c6b-b599-f932e10d3f03","html_Tabs_A_3":"2860d761-1eef-46ef-aa65-cc10610615b9","html_Tabs_A_4":"8d651e1c-d499-49e4-845d-ed131eaa4913","html_Tabs_A_5":"be3a0fc0-6ef4-464b-b702-297a1e8fe483","html_Tabs_A_6":"077c5fa9-8a21-40a9-805a-3c260c8dcf28","html_Tabs_A_7":"b33b7905-a882-49ad-b000-5efca1efb9a6","html_Tabs_A_8":"d8a099f7-fbc5-4d4f-85f9-3e2be4391fdd","PACo_HeaderLanguagesMenu_A":"5cea7ea8-8b53-4463-869e-975c45714f8a","html_HeaderLanguagesMenu_A_Visualization":"fcfb8e91-bf50-42d2-8a04-70cebc9186a2","shp_HeaderLanguagesMenu_A_Visualization":"30fbe5c2-0e43-46ca-8aeb-875260758afa","gall_HeaderLanguagesMenu_A":"1a2d69ef-a2e2-4e61-9d1c-48b0508cac59","galleryTemplate1_6":"73f521ad-d405-4c0d-bce5-f48a7bf27fe5","img_HeaderLanguagesMenu_A_Gall":"4329ace8-78a6-4a9e-8ef3-afc9f22da8cd","icn_HeaderLanguagesMenu_A_Gall":"11afe000-ce70-41c2-8280-ba49fede56b3","shp_HeaderLanguagesMenu_A_Gall_Divider":"9270666b-de8d-40b1-bebe-4fbc02f0e2c0","PACo_Spinner_A":"2d2dcf54-16a7-447a-87d9-10e634d457d2","img_Spinner_A":"160b859b-0bfc-4576-a006-aa3d95a07d81","lbl_Spinner_A":"b00d9019-d4da-4497-ad40-d454c7e08f98","PACo_ProgressIndicator_B":"d4adf705-04aa-401c-9c12-9fbaf4b0ade9","html_ProgressIndicator_B_Visualization":"d2982421-6a3e-4ce4-828f-fe04512cefde","shp_ProgressIndicator_B_Visualization":"38694d6d-67c8-4880-8c1e-d4738bab18fc","gall_ProgressIndicator_B":"5f10c169-e760-453c-9534-6b21fc1e80bc","galleryTemplate1_4":"ddc82531-5448-4847-8530-b48b89bb17cf","shp_ProgressIndicator_B_Gall_Circle1":"ebfbda31-41de-4bbd-8eac-a19f24fd863e","shp_ProgressIndicator_B_Gall_Circle2":"4bc21e65-e3d5-4e2e-9793-f32fd71c4efa","shp_ProgressIndicator_B_Gall_Circle3":"34e782dd-72c4-4e6b-b9d1-983c6a2b2c6d","shp_ProgressIndicator_B_Gall_Left":"998a9ca1-525b-401d-86ca-602d646bf39e","shp_ProgressIndicator_B_Gall_Right":"f0810d7e-d868-42c7-bd45-180265e6cb8d","lbl_ProgressIndicator_B_Gall":"c655453a-416f-444b-8ee7-e0a09f81333c","PACo_Button_A":"31db51dc-5f79-4758-8434-faa8d9626ca1","cntr_Button_A":"cb45ae81-c5a8-42ef-88fe-47db898379ea","shp_Button_A":"283b424c-533b-46a9-a94a-97a53768319e","icn_Button_A":"2e7f97b7-4516-4f80-9a92-c4dd0f2b4864","img_Button_A":"0182d7c5-67ea-44b8-9809-d4ecbc06085e","lbl_Button_A":"bfe4121d-6e31-47ab-8d77-70a20529ee0a","html_Button_A":"d5c297af-ff2d-40af-8584-f95a7806e423","PACo_Tile_B":"33094690-9af7-47c0-b64b-20c8856d10c8","html_Tile_B_Visualization":"6c3c83f6-5d0d-4ba7-9b79-fbf6702f5416","shp_Tile_B_Visualization":"d89dc532-3f63-477e-adee-f9dd556fecfa","lbl_Tile_B":"8393877d-92c4-4439-81a8-06460bf3d772","icn_Tile_B":"da837aa4-a98c-4d20-9efe-4649fbd73cb1","PACo_Icon_A":"ef1052f8-5e3f-4338-b2b5-c2774d534989","html_Icon_A_Visualization":"1284a620-9891-4bed-a290-b33d2894f55d","shp_Icon_A_Visualization":"45b010bf-753f-4477-b746-8c672af635fd","img_Icon_A":"58552050-c5de-4329-8fca-0f45a35d6997","icn_Icon_A":"d618da10-7df2-4be7-b561-bde073929df8","PACo_Visualization_A":"2d703308-135c-4eb8-83b2-5eee7a7c688c","html_Elevation_A":"2932a586-1be1-4138-ae61-d63eff1d2318","shp_Elevation_A":"be5cd2c5-86b8-45c5-84f4-159b6157cff2","Restart Screen":"5ab334ea-cc80-4fe1-9bc4-25578e462d8a","cmp_Restart_Button":"708b8822-29f6-4313-9c2b-70bb51ae36d0","Home Screen":"515f79de-c3e1-4847-99ce-9d12e1fa7834","cntr_Home_Main":"ca567068-8781-4bfc-963a-0f9d0794a7f3","cmp_Home_Header":"0a0ad075-ed2e-4735-b381-07fcd49fe03f","cmp_Home_Panel":"e80adf5f-b211-4332-9fe8-ac1ae66c8dd9","cmp_Home_Dialog":"0f0328ce-065f-4c5e-a133-067dc8e5315b","cmp_Home_Spinner":"70edcb66-f52c-4ed7-a027-4be6937a3277","cmp_Home_HeaderLanguagesMenu":"75e35854-3b1f-4799-82db-16e82c2b4029","cmp_Home_Nav":"d4cc5343-34af-41b7-bd7c-46b80e3c9684","cmp_Home_HeaderSettingsMenu":"0e13be83-0976-4e96-94a3-e55ed5b052a8","cmp_Home_CommandBar":"4aadee6b-1704-425d-b8d3-11d07d997e00","cmp_Home_Form_Main":"6c388f97-4487-47dc-9fe9-e6e0243e3ac0","cmp_Home_Form":"7dd843a3-fa81-4176-97eb-d491f05f38e2","cmp_Home_Form_ProgressIndicator":"081466c5-5d5b-4772-9ec3-8fa1632a7049","cmp_Home_Form_Tabs":"4ab4a992-5cfd-439f-a42e-b5eca0372684","cmp_Home_Form_TabsMenu":"3adeef77-17cd-40d8-ab78-927fb3328d11","cmp_Home_Form_Form":"718be643-f0a6-47cc-9c15-3612acc86166","cmp_Home_Form_Files":"82289794-d916-4351-8a15-bbff9037f6aa","cmp_Home_Form_Actions":"5127a781-cf11-44ac-8fa5-e7c941cab2b4","cmp_Home_Form_Other":"a97af843-4e1f-4478-8a4f-942eb315728e","cntr_Home_Form_Form":"552f3b6b-8e58-4af3-b588-19824eea5fe2","lbl_Home_Form_Form":"bc521d11-eff2-4740-8a47-0f8c70688fe9","cmp_Home_Form_Form_Back":"f21cabcd-43d6-49d4-acfa-a3622548913a","lbl_Home_Form_Form_Mode":"aedea5a3-63ac-4ba3-859e-91e89054d4bf","cntr_Home_Form_Files":"c5b111a2-24d0-4d2b-ac08-79e54a94be8b","lbl_Home_Form_Files":"16d9d2ff-cf35-46ce-bd36-8bee9d5304ba","cmp_Home_Form_Form_Files":"4cc45285-cc6e-4f43-b25f-5e4204b30445","cntr_Home_Form_Actions":"5d364cc8-cd92-4535-8a5b-53bcbbdad6aa","lbl_Home_Form_Actions":"34c0c32c-0300-432e-b296-c64017079368","cmp_Home_Form_Form_Actions":"9688a416-462c-4d41-80a1-2ce1e4298908","cntr_Home_Form_Other":"8da88578-e861-45d8-a8d4-12ac1a079517","lbl_Home_Form_Other":"7c027a93-a44f-4954-bce6-bc253e15fc22","cmp_Home_Form_Form_Other":"3ef970bf-74be-48d5-94e8-5667aa1d8350","cmp_Home_CommandBarMenu":"378a88e8-7019-438a-ba4a-f3f636bfe160","cmp_Home_SearchBox_Icon":"6a3f0cbc-3350-4edb-9e1e-3c181909a612","cmp_Home_SearchBox":"3193b281-515d-4e6d-8f0b-9ed81c902ead","cntr_Home_Filter_ItemType":"045b42ff-9434-43f1-ae07-64feb903a7d5","cmp_Home_Filter_ItemType_Visualization":"4f475a21-8ed2-4b76-a26e-c8f193d711c3","dd_Home_Filter_ItemType":"c4b60d39-e64c-421d-8306-a211844f5efb","cmp_Home_RecordsSelected":"b44d8b1c-11a9-4d8e-b768-8c1b82b38659","cmp_Home_DetailsList_Small":"95d0c62c-2d84-4462-bbf6-c4c3f296e9e8","cmp_Home_DetailsList":"13306b90-293f-48c5-af72-2078437dcfab","lbl_Second_NoRecords":"c462e233-185d-442a-b4fa-74171c99f73e","btn_Home":"cedeffd7-35a4-46ae-af66-03d95d71ff36","btn_Start":"b8b2e67f-77f8-4924-8c0a-83b7fc279875","Redirect Screen":"af2fd87c-bb81-4f71-ab31-0723364ce99a","cntr_Redirect_Main":"11960708-67ef-4809-bab9-6238db1e5d90","cmp_Redirect_Spinner":"6ffa3ca0-1ef8-4b6d-bfea-b9297153f483","btn_Redirect":"14e3329b-6031-4fe9-83d1-7caf4b4e6daa","Color Screen":"c9407e9b-69b5-49e5-b7fd-89cb9b148f2a","cntr_Color":"66af3789-9c4f-4465-a431-ea84082ebff2","shp_Color_themePrimary":"6d02475e-1ca9-4826-b6d5-67bfe259dac9","lbl_Color_themePrimary_1":"db69c9df-b393-4686-ba81-de895b9c3bcb","shp_Color_themeLighterAlt":"35c09b25-187f-4b65-828c-6a4be91ccf9c","lbl_Color_themeLighterAlt_1":"dcf9ac89-b53f-401e-9a1f-bc94bda10f0b","shp_Color_themeLighter":"135481ca-162c-465a-98bd-6e2a225fbb56","lbl_Color_themeLighter_1":"107f32c5-e7e8-4e78-962d-9e4faa978e99","shp_Color_themeLight":"dc5e2939-cd1d-4bee-9111-84c861860e88","lbl_Color_themeLight_1":"89e079c7-aa86-49c7-8632-b7cb521ba65e","shp_Color_themeTertiary":"14c1c31b-125d-4fa0-b9b1-10462140e3c8","lbl_Color_themeTertiary_1":"1a735271-c48a-4a87-9b6f-b9689aaa415e","shp_Color_themeSecondary":"f12f2f9c-4a38-4c71-a613-9c7ff29c5b46","lbl_Color_themeSecondary_1":"ba092192-acd9-48bd-85d3-42a3655c1fb3","shp_Color_themeDarkAlt":"50cd2701-a75a-4cc6-8397-dd0ba9bdc5e9","lbl_Color_themeDarkAlt_1":"b5538bcb-8578-4253-b037-8733dbfd0ea4","lbl_Color_themePrimary_2":"34499de3-01e4-41f0-a157-c6babc8e2b71","lbl_Color_themeLighterAlt_2":"235f6757-202d-47ee-aefa-df95683480cd","lbl_Color_themeLighter_2":"6036213b-e6c8-4cca-a31e-5ac745dc3e42","lbl_Color_themeLight_2":"88a2528b-2cb1-4b46-8fc6-d68907142efb","lbl_Color_themeTertiary_2":"0c74eb6c-903a-4fbd-81c0-763b769880eb","lbl_Color_themeSecondary_2":"307bc12e-ee34-4359-81e6-03ff7d80e971","lbl_Color_themeDarkAlt_2":"a53f777c-4c28-44e7-bb9f-9cf82e7a185d","shp_Color_themeDark":"ae5ac01b-b8a5-4e79-ac5b-cd298faf6a01","lbl_Color_themeDark_1":"5d3431c4-5509-47f1-9cf3-92d10a973a13","shp_Color_themeDarker":"57b88ebf-4c3e-44aa-99fa-0ea8d7c64518","lbl_Color_themeDarker_1":"5d5f3819-11c0-4123-b423-b1e66688aad0","shp_Color_neutralLighterAlt":"d32cb487-1761-4911-9dc4-702a8182c549","lbl_Color_neutralLighterAlt_1":"b9729dd5-fa28-4742-af9d-92fdd909368d","shp_Color_neutralLighter":"b27f7da2-dcbb-4b3e-b094-52cc09931a14","lbl_Color_neutralLighter_1":"731bb67f-00cc-4339-9907-d64953754c5d","shp_Color_neutralLight":"244964a6-34db-4e91-ae58-42da06b37e22","lbl_Color_neutralLight_1":"da4b4d8d-a7c2-41c4-a0f2-3efe96d30197","shp_Color_neutralQuaternaryAlt":"24b02092-fe82-4fb4-bce1-3bf4b43b22fd","lbl_Color_neutralQuaternaryAlt_1":"512e9eea-12f0-476c-b7ef-299edebc12fd","shp_Color_neutralQuaternary":"432037ff-d28b-4d55-bcfc-15c8f4814f42","lbl_Color_neutralQuaternary_1":"c6df17a6-d591-450b-b573-49eb6a8adca1","lbl_Color_themeDark_2":"c39e4f66-a5be-4e68-99f3-3de419e909e1","lbl_Color_themeDarker_2":"7ad74a61-6b34-4431-8f49-4b82854fde7d","lbl_Color_neutralLighterAlt_2":"356f3758-dbda-46ec-bb8a-bc5d3bf8e364","lbl_Color_neutralLighter_2":"d217ff08-5f1f-4856-b0a8-b625fc85b0c9","lbl_Color_neutralLight_2":"dd88a391-119e-41df-a8c9-1c827348eb2f","lbl_Color_neutralQuaternaryAlt_2":"fa600c21-ef1d-4904-9c33-5f668dc2f820","lbl_Color_neutralQuaternary_2":"71ee40cb-027b-4623-a68d-efb58c7d81c8","shp_Color_neutralTertiaryAlt":"f4789954-9059-4401-ab21-4328bb74d3aa","lbl_Color_neutralTertiaryAlt_1":"36e81833-859f-4d6e-96c6-55eebfe71121","shp_Color_neutralTertiary":"8dc40914-fff9-48fe-8839-fb336c5d3640","lbl_Color_neutralTertiary_1":"636336ea-efb7-4c5a-9053-6f90f4ec458f","shp_Color_neutralSecondary":"aaeda2c7-cfe0-4c2c-be91-0fdc7453cb1d","lbl_Color_neutralSecondary_1":"43a092b0-9a20-46ce-b80e-59f3edc1e8e8","shp_Color_neutralSecondaryAlt":"c9cf7cf9-bbc0-4465-be8c-1e4c47d2cd28","lbl_Color_neutralSecondaryAlt_1":"d33d9f5b-31ee-4440-90a7-a550ac6443e3","shp_Color_neutralPrimaryAlt":"9649bd53-8a72-46cb-b9c3-0fc90f1e9e03","lbl_Color_neutralPrimaryAlt_1":"b56d4130-5a0d-415c-9218-e81ffb873c0b","shp_Color_neutralPrimary":"b72091c6-74f3-4e45-a457-aa1c6033e4dc","lbl_Color_neutralPrimary_1":"9d80c312-cfe8-4d68-8ec6-6cccf32e1153","shp_Color_neutralDark":"88c5721b-5495-4296-81cf-f54a757e1b56","lbl_Color_neutralDark_1":"7c6559a9-e6cc-46a0-8eeb-936dac75f42b","lbl_Color_neutralTertiaryAlt_2":"39c78f97-ade6-4fa0-b950-47ac92c957a0","lbl_Color_neutralTertiary_2":"cbeb0af3-af63-4408-a05b-c20880411661","lbl_Color_neutralSecondary_2":"38a27327-4316-4722-a755-0e6663f7a1e2","lbl_Color_neutralSecondaryAlt_2":"7ddd0240-baee-43e1-bd20-64fe858acf31","lbl_Color_neutralPrimaryAlt_2":"c50ed182-ed23-47a5-b1a9-cd27f843c066","lbl_Color_neutralPrimary_2":"1f557cda-7515-41f5-979c-208077a5a3b1","lbl_Color_neutralDark_2":"bf4e7d1d-58c3-4010-8773-391fca98a8de","shp_Color_Black":"aafc693a-ece3-4bab-9b02-38a71a7a40a5","lbl_Color_Black_1":"b8954d7a-5b84-4d17-982f-50d0ab8be84b","shp_Color_White":"be627723-526f-4a4c-8199-70dc0e075b12","lbl_Color_White_1":"d0599ac3-a6ee-414a-af11-4ba930b50feb","lbl_Color_Black_2":"80508dc9-1248-4133-a1f8-45e65b3aac6f","lbl_Color_White_2":"eba513d7-56e8-4d90-90ef-bbdaa2e3bfc3","Third Screen":"956972d0-6b55-4896-8b8b-22c34598aab5","cntr_Third_Main":"0a5ba18b-1255-4fc3-8f52-4ee50ac34105","cmp_Third_Header":"8d4a3d13-348a-4906-b33e-4e37109c37ec","cmp_Third_Spinner":"e9063954-f64c-47ec-9eb0-634d0a00bf7d","cmp_Third_Nav":"77253add-2f10-4708-b64e-499301e55890","cmp_Third_Visualization":"41c0e4d4-058c-4c97-b85f-1eca3ce5f410","cmp_Third_Button_MessageCenter_Maintenance":"7c2b8f27-9105-4867-aafe-f01342dbdb89","cmp_Third_Button_MessageCenter_TimeOut":"e9ab4f74-eb16-44e4-979e-5d55111295fd","cmp_Third_Button_MessageCenter_Error":"53caf96a-638e-4e0d-9c54-f3da3cdefcd0","btn_Third":"d7b5d7fc-0513-4719-961f-c67809fb75c6","Second Screen":"8c6a563b-a4a8-4953-a66b-89ecc83d3cca","cntr_Second_Main":"df5e0b87-7528-4100-bc05-e684c2c45b9c","cmp_Second_Header":"b1ff56a7-f1ae-4201-a7e7-7cfa0c04078a","cmp_Second_Spinner":"034f1812-46f4-4c17-ae44-2027c7fc68d2","cmp_Second_Nav":"651478dd-ad6a-440f-b0a7-09bbd77ec3a0","cmp_Second_Visualization":"7c7bfbfa-2615-4f96-ba82-efb0b8fdf648","btn_Second":"b679f790-6b79-4ff5-97d4-9a9f7994058d","Fourth Screen":"5574df7a-9d2c-4894-b1d3-87e14047827c","cntr_Fourth_Main":"f2a2c4c2-6539-4db0-807f-53f213f72ee5","cmp_Fourth_Header":"b7cc8615-342f-4b2b-8dd5-4a2bf3f4ac73","cmp_Fourth_Spinner":"42f18125-2c3a-4bf1-80c8-c7bdfdbd5a15","cmp_Fourth_Nav":"2be1be8b-adb9-4e4b-953c-923c8ebb1182","cmp_Fourth_Visualization":"65e535bc-5ee8-4f09-878f-b2500602b2ee","btn_Fourth":"23f3fe10-041f-49e2-9cff-7b0fe1743c8f","Fifth Screen":"981f5f0c-776e-464b-b22e-558955edd0f6","cntr_Fifth_Main":"93b59fcc-4e0d-46fe-9c15-b2881d80f2bb","cmp_Fifth_Header":"50536357-f414-4071-9dbe-f0b20a8ac89d","cmp_Fifth_Spinner":"e49b7d7f-ac19-4cb9-852c-437b94b570fc","cmp_Fifth_Nav":"6be3fa25-3ec2-4767-9387-9d3d94c5ce61","cmp_Fifth_Visualization":"837d7864-30c4-4808-8f74-d427c8e4b12c","btn_Fifth":"4cb6a821-98e5-4776-ae14-a4ad585d83a9","Themes Screen":"a476b432-5c81-4d84-869e-a8626e83a0a7","cntr_Themes_Main":"0a4f0be8-064c-4eab-a9d4-86b600a03de0","cmp_Themes_Header":"a912fa5d-7660-49d6-9c46-2147aee1a7cd","cmp_Themes_Spinner":"7ce21a77-7db5-45bb-adbf-01f7474bd7b0","cmp_Themes_Visualization":"b0a465e0-27ab-4689-bff8-0131fc5941d1","cmp_Themes_Button_Default":"4bfa2970-9769-4704-8f96-ac0803549e0d","cmp_Themes_Button_Dark":"98ef3f77-c0cb-4a1e-abba-11ef0919b5c0","cmp_Themes_Button_HighContrast":"e0a8e953-a8c9-4ef8-86d0-9ce960861abd","btn_Themes":"959ba846-90e8-4828-859d-d87fb3f523ad","btn_Themes_All":"852a9108-eea4-4dbf-8f50-5a6bb8bd4008","Message Center Screen":"eeed55a1-92a3-435b-9b14-eaae805a2c09","cntr_MessageCenter_Main":"d01df911-644a-4313-8582-073a87466ba1","cmp_MessageCenter_Header":"0cf24531-23cf-4834-b3c4-cd7fd56de4d6","cmp_MessageCenter_Dialog":"2e4d687c-8056-4d3f-b70f-75cd823ee343","cmp_MessageCenter_Spinner":"75864831-e1fa-424a-bd20-432abea6cdd5","btn_MessageCenter":"d84d77a0-74ea-40c6-abe0-2bc1e8fc9e63","Controls Screen":"75a719a3-ddd4-4b57-9eb7-6903091efd7e","lbl_Controls_ti":"deba93bc-a058-4b4f-9aff-b148c401770c","ti_Controls":"9ac9084e-65d6-478a-9f4b-37729b8ae806","ti_Controls_Diabled":"de01eb05-23e8-4e2b-81f4-61ec3b98ad02","lbl_Controls_dd":"53d94c1e-a042-41f0-9621-44b0ac8610b4","dd_Controls":"d12f5909-b3da-443a-b00e-b19d4a7482df","dd_Controls_Diabled":"9a0877a8-4123-4f3d-839a-6e00bfa955b1","lbl_Controls_dp":"54e58340-9dd9-4173-b4e9-3a61ba4d6d9b","dp_Controls":"345292a7-ec77-431e-a798-1e6ac86cd7f3","dp_Controls_Diabled":"1f72cf04-dcad-4aad-b959-af5cae4eb19d","lbl_Controls_cb":"64d50066-5aaf-4aff-8a3f-75d99f142551","cb_Contols":"399e8418-728b-474f-8617-75fb41e90273","cb_Contols_Diabled":"a251fd33-92d9-4ac2-8e49-c8a04e803900","lbl_Controls_btn":"5ff0f29e-e8a6-467f-9c7a-79d0fd6020cd","btn_Control_Primary":"107e89da-5131-46eb-9e28-2005d03f7d93","btn_Control_Secondary":"3db00599-4fe0-4307-a675-7c4f56c41bdf","btn_Control_Primary_Diabled":"0dcfe7da-0c19-43ce-be53-71374b85b9a4","btn_Control_Secondary_Diabled":"916eb60c-bfaa-47d6-8d04-523123a46719","lbl_Controls_icn":"6a464fcb-176b-4f04-9cd1-5a6a49f0de39","icn_Control":"3efc16ab-ebb3-4df6-9675-5b8e9821746e","icn_Control_Diabled":"3be0faa2-615c-4ec7-8b09-ba20b7b5dd4e","lbl_Controls_Disabled":"57a862a3-bcdd-4752-97d5-5326e903dfa2"}