{"__Version":"0.1","App":"0e7b36a8-40d1-417f-9e25-408111ec2e76","Test_7F478737223C4B69":"0a0f468f-f34c-4843-90ce-4b7ba2858d44","Host":"40dbe3fc-41a0-42c2-bfe7-1648aabbd687","PACo_Tile_B":"377d779f-1b71-40ba-83b6-e2e1489145c3","html_Tile_B_CSS":"3d9613f4-fb6e-423d-afd2-f66967cf65db","cntr_Tile_B_DropShadow":"a68c733d-3514-4b62-8724-065fb9bb963a","shp_Tile_B_Background":"2efe83e8-758f-40bc-aa16-67658b5f664c","lbl_Tile_B":"9c54bdbf-d712-4518-af17-415842ea1369","icn_Tile_B":"21d06d31-7ae7-465b-ac7f-9a0b4ae8fee3","PACo_Visualization_A":"6410f812-cb7e-448a-9faf-5b25bd70c2f5","html_Visualization_A_CSS":"fbfdebc8-d877-4d48-872e-a321a6578617","cntr_Visualization_A_DropShadow":"5c63ec83-e733-42f2-80b2-9e280b0bee32","shp_Visualization_A_Background":"063d1693-d8f2-429e-abab-1d92dbda7b30","PACo_Spinner_A":"e0740872-92a6-489a-828c-80fe7831e66f","img_Spinner_A":"95ed1eb6-d177-4505-b23f-06403999218a","lbl_Spinner_A":"d1e25612-80f8-4c58-97b1-dfcf3f631de1","PACo_Header_A":"995c0a0c-7189-4555-a4cf-dd04fe0c7f15","cntr_Header_A_DropShadow":"dadc8657-4461-46f6-9895-f746e37c1ab1","html_Header_A_CSS":"4b13ad41-53d0-4c1a-b4f6-3a5e8d4a1cd5","shp_Header_A_Background":"46d5bc56-2015-4221-bcf4-aafe03902db0","lbl_Header_A":"33b8d4f1-6634-43f2-838e-e0ea3beb3e97","img_Header_A_Back":"1219ce84-fa8b-4e44-b59f-aaf498ed53f6","icn_Header_A_Back":"59b0c37c-28a5-4d71-8491-e236e8f5cefe","img_Header_A_Nav":"cc57e158-41bb-4ec3-8a86-8c51b9fa1bac","icn_Header_A_Nav":"210d5bdb-8a21-447a-9473-9cfef41cd9a4","img_Header_A_LanguagesMenu":"2cec9e02-f2f2-4d4c-a35f-94cb88ee1d6f","icn_Header_A_LanguagesMenu":"47b654df-286a-4df5-944f-c305bb7fdc3a","img_Header_A_Help":"c2e38dd4-fc76-4401-942c-de5b26f07196","icn_Header_A_Help":"58e007b7-7801-4282-91c7-2671dd29e0ee","img_Header_A_SettingsMenu":"44ad14cc-b981-406a-b4ad-fbec422c7308","icn_Header_A_SettingsMenu":"27d03ecd-e7ef-45c0-87dc-4b4e3573fc6e","img_Header_A_Logo":"bebe75e8-0a57-411e-a724-e4ce002ee4ac","icn_Header_A_Logo":"54478136-27ee-4567-a029-5276386227df","PACo_DetailsList_C":"d467a4fb-a2fb-44d8-a9df-3d58fd069b9c","html_DetailsList_C_CSS":"0dbf2651-37e5-4a3c-9152-a7f70a99205d","cntr_DetailsList_C_DropShadow":"440d518d-9f19-46b4-9e60-41727aa1a362","shp_DetailsList_C_Background":"22b9a1e2-f70f-475b-bdc8-0158ec46fb79","gall_DetailsList_C":"c15eaf7d-e499-41ca-9b65-7bb0448b07b7","galleryTemplate4":"c2167f4d-990d-4981-ae11-c880ac6f4bb8","shp_DetailsList_C_Gall":"0986be89-2b0c-4509-8910-1a0f89ac66c5","cb_DetailsList_C_Gall":"10471bf1-8533-4ac0-b322-613f25f810bd","lbl_DetailsList_C_Gall_Title":"fbab2bad-2c71-4564-8c5b-84182133a812","shp_DetailsList_C_Gall_Select":"9e2a27a3-9a4a-473b-9a80-0cb28bb5f4b3","lbl_DetailsList_C_Gall_Subtitle":"1790f595-34a2-4c20-a0ac-4476f17983dd","lbl_DetailsList_C_Gall_Body":"4685febf-7841-4412-ae07-ecfdda8338e2","shp_DetailList_C_Gall_Divider":"13c1e6ed-5cec-4038-a953-2b8fa566e166","PACo_DetailsList_B":"1c722fa3-0cf1-4247-9d17-7f8a9b6db523","html_DetailsList_B_CSS":"623883d2-a919-4be3-848e-152464367688","cntr_DetailsList_B_DropShadow":"ef695719-445c-476f-9c4d-b95ce9e11de0","shp_DetailsList_B_Background":"6c5b7f97-c044-4221-be76-a7bfdf34c98a","cntr_DetailsList_B_Main":"cc5bc1d4-39f8-4576-87f0-e4691c501aba","cntr_DetailsList_B":"9de4c413-c115-4bc9-b8ef-3751d9c1a928","lbl_DetailsList_B_Header_1":"3e5b104e-f466-4dd8-bfde-97609de5679e","icn_DetailsList_B_Header_1":"d307b90a-b951-4017-9f0d-181ad3d81cfc","cb_DetailsList_B_Header":"f1235f6e-3647-4b0a-bcec-d4d508acbc7a","img_DetailsList_B_Header_Sorting":"1f8cd531-38f9-4623-ba71-84d9493f0749","lbl_DetailsList_B_Header_2":"07e97100-1f12-4fd1-a4cc-9e8ed4bc9e8f","icn_DetailsList_B_Header_2":"2d9960d2-43b5-4669-9a53-0552a596d94d","lbl_DetailsList_B_Header_3":"c6c783ae-add6-4d80-a6b8-5882819570af","icn_DetailsList_B_Header_3":"5e8fc87e-7afc-45cf-a701-a6f4a52b8e86","lbl_DetailsList_B_Header_4":"87c86078-f60d-4852-8e69-672de1f80fec","icn_DetailsList_B_Header_4":"e545a710-3afb-4b7b-884a-305fff899315","lbl_DetailsList_B_Header_5":"25e9bbfe-69e0-43d1-a9a3-b0c852f96141","icn_DetailsList_B_Header_5":"3c962761-9feb-489b-a985-59c953890676","lbl_DetailsList_B_Header_6":"e9c8918c-4b40-4c9e-930a-c77b8733d2d9","icn_DetailsList_B_Header_6":"23906550-4095-414f-ac72-01ca15bb88a8","lbl_DetailsList_B_Header_7":"0d532d26-bc7f-4cb9-bb9b-77c8dc40f2de","icn_DetailsList_B_Header_7":"0c9385c3-5cf1-4298-86a3-affac6c93c15","lbl_DetailsList_B_Header_8":"63f437e8-e652-4cc5-97fe-5366ff152440","icn_DetailsList_B_Header_8":"1d8f781c-76ce-4e44-887f-6d7b919dd55f","lbl_DetailsList_B_Header_9":"e0fba669-214b-4272-a4d2-11ce3007f5c6","icn_DetailsList_B_Header_9":"cabcbc2e-4786-4f64-839f-f1cd69909f7a","lbl_DetailsList_B_Header_10":"ece0eec6-168f-4bca-9759-b7240db3fa48","icn_DetailsList_B_Header_10":"a7575e8c-f207-4e39-834f-8fd9ec02d820","shp_DetailsList_B_Divider":"b03f95c2-f74c-4408-a15d-8541b80e3180","gall_DetailsList_B":"177a9fa9-041f-4ef8-a3ae-fb49b3a87d48","galleryTemplate2_4":"3381a2c0-d06e-468f-9c46-841ac20fafde","lbl_DetailsList_B_Gall_1":"3928fb90-1fcd-4932-9163-d390fe7861c4","cb_DetailsList_B_Gall":"b4aca113-1187-4c4c-badb-4ad3daf31349","shp_DetailsList_B_Gall":"7e8bf4aa-218a-4808-9430-4640ea5caa43","lbl_DetailsList_B_Gall_2":"83966b58-cc61-433c-a881-0610a53517db","lbl_DetailsList_B_Gall_3":"a5e00aa9-8cfb-4cae-83fe-3f118bc26488","lbl_DetailsList_B_Gall_4":"55c26fb5-7789-49e6-9ccd-e45ab1442b0e","lbl_DetailsList_B_Gall_5":"d3a991e0-6e26-4aa4-8602-3c720bd0073f","lbl_DetailsList_B_Gall_6":"3f5c7b3a-f1cb-4638-a429-e5554014239a","lbl_DetailsList_B_Gall_7":"93517bdf-0d0d-41fd-8b90-84788cec8c3d","lbl_DetailsList_B_Gall_8":"c9b16fa1-35c5-4ec7-96a0-9b5216ca304e","lbl_DetailsList_B_Gall_9":"fb19dcfa-da12-43db-9e8c-dd2c5a9f025f","lbl_DetailsList_B_Gall_10":"a276246b-546d-40ee-b1a8-16647fc64d26","shp_DetailsList_B_Gall_Divider":"0d772d16-2b27-4310-9127-2d32dee6e618","PACo_Nav_B":"8e35b9f3-9761-4a84-993e-a25e86177963","html_Nav_B_CSS":"544e7dd0-4138-4fea-b9b7-04a32bfd535d","cntr_Nav_B_DropShadow":"20534bd7-d4a8-40b0-a5d5-cd5931eb7784","shp_Nav_B_Background":"79d43fa0-d884-41a6-bea8-4b6a57ee2c36","gall_Nav_B":"c59f05b9-1f6a-4b91-bf76-820ece17ad58","galleryTemplate1_3":"8f04c6f5-1746-43fa-a4db-6e0913b24a72","shp_Nav_B_Gall_Bottom":"6100f405-ad13-469f-a466-35c69363701f","img_Nav_B_Gall":"5d1a9586-9fe2-4d67-b2e6-4c4dfdb426f6","lbl_Nav_B_Gall":"a983083e-fce7-4366-8eee-dedebfc5c10b","icn_Nav_B_Gall":"b68efe75-733a-4f59-9804-aedea9106f80","shp_Nav_B_Gall_Top":"b0090e0e-a72c-40a3-ab73-8402deb7ebf1","shp_Nav_B_Gall_Divider":"6a779283-abb6-41e7-beaf-b52877e3fcfb","PACo_HeaderSettingsMenu_A":"e748e086-7fff-4697-b33c-869e096e39fb","html_HeaderSettingsMenu_A_Visualization":"00045c8e-f2d7-49c1-9058-491af0b75096","gall_HeaderSettingsMenu_A":"521408d7-5000-4bae-8102-8a6c29ae756e","galleryTemplate1_2":"498b25ec-81c3-4cf1-a212-01cd0ef2b7ca","shp_HeaderSettingsMenu_A_Gall_Bottom":"90fba29a-2ca5-4346-888d-0e16704927dd","lbl_HeaderSettingsMenu_A_Gall":"66dacfe2-faa4-45ae-a177-a8191e37c85f","icn_HeaderSettingsMenu_A_Gall":"00c48490-e007-4793-82ee-6693938c6419","shp_HeaderSettingsMenu_A_Gall_Top":"138f476e-933a-42fb-9baf-df8006b1ee67","shp_HeaderSettingsMenu_A_Gall_Divider":"a6dda479-202f-4f44-8f73-ef267f1af920","shp_HeaderSettingsMenu_A_Visualization":"ee53fd28-fe8b-44b4-9dae-d2f9265ef435","PACo_Dialog_A":"7ea64cff-98cb-4a87-a13c-8e76a33bf854","cntr_Dialog_A":"2d92c8a8-1ada-4a97-8b3b-2cfd1f18c1c2","html_Dialog_A_CSS":"7261ced9-4583-496a-a717-14abdd9cb3ff","cntr_Dialog_A_DropShadow":"791b4dff-1525-4df6-a341-2b23f03a2955","shp_Dialog_A_Background":"bc8653c8-887e-4e0e-a698-23b5011d2c51","lbl_Dialog_A_Title":"00da5dc4-a9ff-494a-adc5-8b26c1cf9d9b","lbl_Dialog_A_Message":"ef600fb0-50ec-4275-b0f7-875a61a8080d","html_Dialog_A_Message":"00df6928-5aa9-4ce6-8e15-2b8435150911","cntr_Dialog_A_Button_Last":"4ad4504c-4afb-4ee6-b767-d9dc29c3e8a1","icn_Dialog_A_Button_Last":"a256e523-7e21-41fd-8263-c180ba2b2494","img_Dialog_A_Button_Last":"281a7560-f9c5-4f5b-9b1a-5d9da34576fb","lbl_Dialog_A_Button_Last":"47795a15-dde4-4d00-9e50-210a1f02738b","btn_Dialog_A_Button_Last":"e9d0450b-3742-49a7-bafb-91917a498127","cntr_Dialog_A_Button_First":"e0bc6e05-0404-4412-aa18-7fe6149bee12","btn_Dialog_A_Button_First":"0adaaf4c-4afe-4bdc-a6f5-51bc3ba987dc","icn_Dialog_A_Button_First":"a4c4641d-df33-46cd-a93f-9487851a39c1","img_Dialog_A_Button_First":"c5916a2d-111a-4233-8f6f-af128b1a7e47","lbl_Dialog_A_Button_First":"5781f50e-5c06-4ca8-9efc-aa32a6763c4b","html_Dialog_A_Button_First":"7109ccdf-6532-4198-957f-46037f6e952b","html_Dialog_A_Button_Last":"19f645ce-91ca-4bb8-96f9-921ca078f70d","PACo_CommandBar_B":"a9da7c09-9533-43ea-ba8d-212c70aa26fc","html_CommandBar_B_CSS":"5067fdd8-ebce-4a13-b3d8-d9377981d945","cntr_CommandBar_B_DropShadow":"2b6b0d34-9b55-42ca-a1ec-4a3476cc74b6","shp_CommandBar_B_Background":"d2bd57cc-bdfb-42c2-acf8-8aaa07b27f73","cntr_CommandBar_B":"c3a2d516-5a88-49c2-9898-4e1992cdaf5f","shp_CommandBar_B_1_Disabled":"85b098e5-8448-4511-bd90-6a09631b44ce","img_CommandBar_B_1":"4874b446-af92-4904-ac5e-bcdaa91995b9","lbl_CommandBar_B_1":"f7213a80-1cda-40ed-a394-900ac46badfc","icn_CommandBar_B_1":"ccd81eb7-1b0f-43c4-9ae4-f8a1b7ac9814","shp_CommandBar_B_2_Disabled":"9452fdf4-1e79-4816-9dcf-5e405939c87b","img_CommandBar_B_2":"0168a118-9608-4025-afe4-e50c131ddaca","lbl_CommandBar_B_2":"d3a74050-8b3e-4222-b934-236c0eba3d1a","icn_CommandBar_B_2":"7a296573-263e-4a2c-9a7f-352a728fb1af","shp_CommandBar_B_3_Disabled":"78913247-4dc6-452f-bd8e-5c0e7cecdcfc","img_CommandBar_B_3":"ef72b2f8-77de-4edc-a515-48d367b1576b","icn_CommandBar_B_3":"6bdded14-a5cc-49d9-a6cf-37abce3b192c","lbl_CommandBar_B_3":"606d6a7d-20ec-4482-9b47-11dde4cb27f6","shp_CommandBar_B_4_Disabled":"4300ad1f-9f8e-480e-806a-0131680f357b","img_CommandBar_B_4":"440e023e-5e58-4146-a4be-a5d876a97eb6","lbl_CommandBar_B_4":"949b81dc-03f4-4a74-a35d-640e49dcc280","icn_CommandBar_B_4":"61b0904c-a656-4346-b4cb-bf0c3c1abdef","shp_CommandBar_B_5_Disabled":"134984f1-ce8f-48f5-af8a-f95e04f7faf0","img_CommandBar_B_5":"0321e5de-f10f-48b4-8968-84f32cac4159","lbl_CommandBar_B_5":"edaa234a-c6d0-4033-88d7-103e8d83ae8a","icn_CommandBar_B_5":"1a79a79c-d9d7-4599-9c9e-f530d0644180","shp_CommandBar_B_6_Disabled":"f1e33855-debf-436f-836a-1099c055a9f1","img_CommandBar_B_6":"c1b35630-d215-48b6-b031-81dae7cbb001","lbl_CommandBar_B_6":"00156a7d-45d7-4f17-9b67-f1856e93d40f","icn_CommandBar_B_6":"7e6ac681-b620-449a-8a9b-2c4eba04f2e5","shp_CommandBar_B_7_Disabled":"b95bb562-feeb-4b04-980f-3ba22ba33bf1","img_CommandBar_B_7":"722dc8a7-7b66-4b89-8e9d-9fa3ecd366a0","lbl_CommandBar_B_7":"02f01492-efb6-48f2-9d84-2cdcffe1b15c","icn_CommandBar_B_7":"562a55c2-899a-40cc-aace-55b0de931449","shp_CommandBar_B_8_Disabled":"515df258-a348-40ef-8b86-a1a1a144eb75","img_CommandBar_B_8":"d84cddbf-4c9d-4476-aa25-0a8afc13977a","lbl_CommandBar_B_8":"b65f5d8c-9601-423d-9ad8-fd5b52730ede","icn_CommandBar_B_8":"fa7b7fac-1dbb-4d88-b093-014e1cde0827","lbl_CommandBar_B_Menu":"54b7d188-980f-46ab-ac18-a5653c0c46d4","icn_CommandBar_B_Menu":"1e814513-9d4c-485b-8f7f-c9e03c37f264","html_CommandBar_B_1":"6a7668e8-2837-4144-a413-e0c06b805896","html_CommandBar_B_2":"88f00de9-236a-45c9-a041-e42060ddc107","html_CommandBar_B_3":"be3edeba-d5f2-41de-9d55-b3238f971489","html_CommandBar_B_4":"6e69daf4-cb4b-4fbd-b1cb-4e06667f81f2","html_CommandBar_B_5":"9d9d1427-5052-4692-a60f-21e115e765ba","html_CommandBar_B_6":"8759f0d5-757e-40d0-a2ba-24d6ce3d4c02","html_CommandBar_B_7":"e5d3f7e0-53a9-48a3-8aba-f3c91a29fd06","html_CommandBar_B_8":"dbc859be-2d63-436b-b14b-7eade673af06","PACo_Panel_A":"7c6f53ed-dbee-41d8-b8c5-aacb52410434","icn_Panel_WholeArea":"3f63ab0d-8736-49df-876f-7a313cc9371f","html_Panel_A":"d21407fe-9fc5-427e-85ec-571b9346177e","shp_Panel_A_Area":"33713bdf-a4c3-47d3-93d0-9fe2f4cb31b6","html_Panel_A_Searchbox_CSS":"c50e1478-578e-468e-816a-ab258d45c644","shp_Panel_A":"a6073181-faa3-4b27-8a2e-49a33f6e10c2","cntr_Panel_A_Searchbox_DropShadow":"b1493c04-2800-4b4b-b3ab-72ff6390dbec","shp_Panel_A_Searchbox_Background":"31a80a64-bd7c-4c3e-9bbb-dec5facb2134","cntr_Panel_A_CommandBar":"6b817b3e-68c4-4283-90fa-9dc7afe9e1d9","img_Panel_A_CommandBar_1":"09ec5742-2f6a-47cb-a408-cf01fc18d824","icn_Panel_A_CommandBar_1":"6901be81-226f-4f37-9cf7-e779914004f5","lbl_Panel_A_CommandBar_1":"888eddd9-e5f6-471d-bd09-65ff3c31cd24","img_Panel_A_CommandBar_2":"0275855c-a8ca-4fa2-9de1-28b96c2ccbaf","icn_Panel_A_CommandBar_2":"015b811c-496a-4d6b-824c-340ca719bfe1","lbl_Panel_A_CommandBar_2":"18589ddf-beeb-4663-b881-cb2a05a257b3","gall_Panel_A":"a8d87494-3c26-4c7e-8acc-1bb2563ec046","galleryTemplate2":"030ba7ff-e873-4453-9d64-a6231ed17f8b","lbl_Panel_A_Gall_Label":"29f3fb74-5ff1-4d00-b42e-138e1a2b212d","lbl_Panel_A_Gall_Text":"c62efd62-2c56-46ac-949a-976746458f01","cntr_Panel_A_Button":"9bb739e9-5fba-4132-8e75-d6ee65d6a211","btn_Panel_A_Button":"c5ab489b-28a4-46ce-bddd-4d70677a43bf","icn_Panel_A_Button":"e393f820-4d45-48f2-82c3-2267c5f11045","img_Panel_A_Button":"7aa76a8b-7df5-4fa4-b023-9f29f87bafb4","lbl_Panel_A_Button":"9080c20d-a6a0-4acf-94e6-c45d8a75e0a0","html_Panel_A_Button":"4e027139-5e41-40e4-af90-aab7d6cc5a00","html_Panel_A_CommandBar_1":"0f705c1d-5555-4b92-be61-4bbcd94dcc38","html_Panel_A_CommandBar_2":"7c151cac-dbbf-4063-bf8c-64eaa9719a38","PACo_SearchBox_A":"88e1a3b5-1fef-48f1-b0c5-8de9a1b04333","html_SearchBox_A_CSS":"ac172a64-384a-4a30-989f-b3e6dfe7d7e0","cntr_SearchBox_A_DropShadow":"fe721b1d-9743-429b-b0e0-bfe547334ee6","shp_SearchBox_A_Background":"7c00a8de-945b-41b7-aeed-3093e858626d","ti_SearchBox_A":"53873b1d-1cb4-494c-8003-977020afd009","img_SearchBox_A_Search":"cf03d280-22c1-4fbf-a352-c540d7a0c906","img_SearchBox_A_Clear":"6a3401db-bde2-4b1d-aa8c-9164ab2bcb2f","icn_SearchBox_A_Clear":"4a1fa0c8-345e-437a-be5e-30257b786743","Home Screen":"f1a7eb2a-a077-4564-a086-6b42c99ef1fb","btn_Home":"b1570841-3682-43e2-9656-f35e739162e5","cntr_Home":"0c609d90-a9c7-4c6b-8030-fd099445f42d","cmp_Home_PACo_Header_A":"ed705f64-9de5-4e13-a6f8-bec0b1f6e7a9","cmp_Home_PACo_Panel_A":"4b342d1b-bad9-43bd-8612-ab4d99f39057","cmp_Home_PACo_Dialog_A":"d4b4ed73-4327-4c76-a726-c27cfcb9bf6e","cmp_Home_PACo_Spinner_A":"fc0a37b9-99a5-48b1-a546-1ed94c2460a0","cmp_Home_PACo_Nav_B":"dd1e29be-3cd5-42d7-a07d-d09c7d8b05d0","cmp_Home_PACo_HeaderSettingsMenu_A":"6f9a841b-5211-4e33-a226-50245f911901","cmp_Home_PACo_CommandBar_B":"8a0bcf66-454a-4e92-a719-3b6c7ce11d9c","cmp_Home_PACo_SearchBox_A":"097b939c-530a-4ab5-bd40-30f7b450da9d","cmp_Home_PACo_Tile_B":"216a4ba6-8980-4082-8f47-73a475b783bc","cmp_Home_PACo_DetailsList_C":"c2d03244-25b2-4108-8cfd-c8495ba61657","cmp_Home_PACo_DetailsList_B":"399b4097-2413-4e15-b811-ec6fea215c16","Start Screen":"6d65bb8e-7b5d-4e96-9643-0ba54b0c4890","btn_Start":"15a88c49-6c95-43f9-b45a-c2bc31c0a79e","btn_Start_PACo_CommandBar_B":"dd926018-535b-4f9b-ab7e-8e9bae11f5f4","btn_Start_PACo_DetailsList_B":"bd893e88-d278-493c-8a8e-a893df22b692","btn_Start_PACo_DetailsList_C":"ed1ee790-90c4-4c36-958b-13343fd3dba6","btn_Start_PACo_Dialog_A":"82889bd0-8194-4a5c-8391-13f141b736b5","btn_Start_PACo_HeaderSettingsMenu_A":"96687072-54b6-4ac4-beb0-220b9c820333","btn_Start_PACo_Header_A":"97994638-f0e4-4ef1-b067-b16cc1eab6b6","btn_Start_PACo_Info_B":"9750c880-2690-4b43-b3c2-2c7f5903fba8","btn_Start_PACo_Panel_A":"4d1c44e8-debe-4015-adc8-e1ced99e0cb8","btn_Start_PACo_Nav_B":"67976343-3db5-4de1-ac1a-7181abbe2b80","btn_Start_PACo_SearchBox_A":"656506e9-d3f2-46bc-b219-0fd84c1cbba0","btn_Start_PACo_Spinner_A":"ed0ac523-bcdf-40e1-b3ba-b18b512cb335","btn_Start_PACo_Tile_B":"9f4b148f-324b-49a3-8bd7-580071899d31","btn_Start_PACo_Visualization_A":"02034312-5bee-47ae-ab1a-0a4f6a21e35c","Second Screen":"ab9e5a58-8eb3-4abc-b778-e2a12eea231f","btn_Second":"7a951b79-a178-4877-943c-78883067a0f8","cntr_Second":"c9e8c56b-e76b-44bd-90b7-cc176d1cd05a","cmp_Second_PACo_Header_A":"41e0319a-cc6e-49d8-9e5f-9f4d773e9988","cmp_Second_PACo_Nav_B":"e3a37398-6e96-43de-9ac4-f65dbfb90182","cmp_Second_PACo_Visualization_A":"48921306-c05e-451a-84ef-1834ecfb8e4e","Fourth Screen":"af0689ce-34f9-49b4-8b3a-02f40d0a2d19","btn_Fourth":"205c1621-3ec0-494d-89df-14bf0341646c","cntr_Fourth":"f246ae24-390e-4706-8fe0-47fc4261dc61","cmp_Fourth_PACo_Header_A":"3d70cf53-d1be-4174-bb63-5d533bd550cd","cmp_Fourth_PACo_Nav_B":"b0492ede-b115-4315-ab32-03a0ace5a808","cmp_Fourth_PACo_Visualization_A":"40fc74e2-a815-4de8-85cc-e7ea239e2065","Third Screen":"91321ba5-8a2e-4de8-8e7e-949a08a4a38b","btn_Third":"a88f45e3-839d-4ca8-a8d8-804b34a60dbd","cntr_Third":"b6e3d28f-1ad5-4622-a96d-d47c444686fd","cmp_Third_PACo_Header_A":"ae7c9749-092b-45af-97fd-c6a8ee647528","cmp_Third_PACo_Nav_B":"c1debadf-c959-4d57-b769-552eb88a0c21","cmp_Third_PACo_Visualization_A":"395e42ae-8858-4857-a6cb-2be4cc4b75fb","Setting Screen":"a5839943-df5a-40f4-92dd-4eb62c16d9b4","btn_Setting":"0f83fd5b-5b4a-4781-b734-6fda6c5bf05b","cntr_Setting":"445d3ead-d7d9-48d0-9f3d-230464c6a86e","cmp_Setting_PACo_Header_A":"64ad292d-f8c8-41c7-b52d-bb18ddaeef94","cmp_Setting_PACo_Visualization_A":"e5448a53-3a19-4379-9090-ded38ad30ede","cmp_Home_PACo_Visualization_A_NoRecords":"c5273dcd-87fe-4196-9fcf-a2887199100e","lbl_Home_NoRecords":"4f80df0b-502f-472b-9dbd-63f5baf45d16","cntr_Home_NoRecords":"b4303317-04f5-4caa-b7ce-61aac6113e68"}