{"__Version":"0.1","App":"88e9cb14-29d3-4f98-b946-db0dd36b1cff","Test_7F478737223C4B69":"1c297253-b180-4421-a7fa-1ff70939e0ab","Host":"3ff61b70-422d-4a1a-84ba-84436641aaf3","PACo_DetailsList_C":"d7a689ac-cd73-473a-8bd6-b361ae6be106","html_DetailsList_C_CSS":"b4611a94-53fd-4eb8-bc6b-b5e894b98372","cntr_DetailsList_C_DropShadow":"207e7ac3-5bb9-448f-b489-08ec45531854","shp_DetailsList_C_Background":"3de8b918-4f56-4320-86d3-caf36d589d03","gall_DetailsList_C":"095c65f0-1178-43ad-a28f-4b3eb282529d","galleryTemplate4":"a003a428-0284-4218-94df-4be532d92aac","shp_DetailsList_C_Gall":"eca2a0de-7f3f-418c-b754-51f368ac30fc","cb_DetailsList_C_Gall":"a769788c-9f6e-4998-93b7-d0b1a9c064df","lbl_DetailsList_C_Gall_Title":"1fd72747-80ef-4831-823c-21198f585b46","shp_DetailsList_C_Gall_Select":"5172278c-ef0a-4b36-b53e-ba396f083575","lbl_DetailsList_C_Gall_Subtitle":"a707a6a1-4d6e-4a50-878a-d3fcfd1fee2d","lbl_DetailsList_C_Gall_Body":"84f3b122-9d03-42fd-91fd-322dcb54c2aa","shp_DetailList_C_Gall_Divider":"10000687-de38-42fa-9c4c-7cae76de54d5","PACo_Dialog_A":"02171817-429b-4830-8098-d984daa815c3","cntr_Dialog_A":"26ba2398-acd6-4ace-9b58-1855d381446b","html_Dialog_A_CSS":"bd4efc0d-5658-46b2-9f15-0656bb389ee3","cntr_Dialog_A_DropShadow":"ccc67352-ad18-4f25-88cf-420606ff8b6e","shp_Dialog_A_Background":"4301a140-2c05-4892-96f0-c14d1288e0b3","lbl_Dialog_A_Title":"c01359a1-d5c8-48f5-84d9-11e5591e34ba","lbl_Dialog_A_Message":"e2f6e26f-2c85-4a12-9bb8-407a853859cd","html_Dialog_A_Message":"835cec46-45ba-4015-a7c4-a31471bc5f40","cntr_Dialog_A_Button_Last":"bd040ad7-84e4-4269-91f6-952144945ecf","icn_Dialog_A_Button_Last":"53efd723-5192-4a95-8156-02c0cff5c527","img_Dialog_A_Button_Last":"97a85d6a-a6bc-4f54-b6cf-8ca85aa8e686","lbl_Dialog_A_Button_Last":"0c3b4296-acdb-4494-b1b9-1e35ab248f52","btn_Dialog_A_Button_Last":"c03aadbc-d5af-45af-9045-dc24ef61d871","cntr_Dialog_A_Button_First":"c43338da-5dfb-46df-b489-47d34afad934","btn_Dialog_A_Button_First":"b4d006ae-2cd5-4931-b6c1-69cd5b197f43","icn_Dialog_A_Button_First":"108b3f1b-1414-4ea3-b818-ed6ebd6a096f","img_Dialog_A_Button_First":"34712b74-8b59-413c-a551-58f97aea6435","lbl_Dialog_A_Button_First":"f515ca66-ccef-4939-ae1b-b27f639ebe33","html_Dialog_A_Button_First":"608e2661-550d-4bf8-bec2-a03306fc7591","html_Dialog_A_Button_Last":"0d8ee0c4-f943-41f8-abab-24c3737e2604","PACo_ProgressIndicator_Shimmer_A":"82fdc69c-ff4d-478b-8ede-3057e89b36cd","html_ProgressIndicator_Shimmer_A_CSS":"e9b440b9-a68b-4dfc-a895-eb6a774dffa1","cntr_ProgressIndicator_Shimmer_A_DropShadow":"2556270a-2700-49bc-8962-dab4c45cecd7","shp_ProgressIndicator_Shimmer_A_Background":"839b971c-1c4d-42ff-93ae-206228d11376","gall_ProgressIndicator_Shimmer_A":"201888f5-b6a9-4d05-8654-2f66cbdb77fb","galleryTemplate1_8":"45d4bc81-0718-48bb-988d-f8256b9839b8","shp_ProgressIndicator_Shimmer_A_Gall_Circle1":"1f49bb23-8853-427e-b3c7-83348a0ad15e","shp_ProgressIndicator_Shimmer_A_Gall_Left":"b2dbb1d7-502b-4fb6-adf8-bcb24cc50d36","shp_ProgressIndicator_Shimmer_A_Gall_Right":"0f730dbc-ea93-4229-aa49-537f73ce818b","shp_ProgressIndicator_Shimmer_A_Gall":"678772b8-cd4b-4514-9cd8-a950d0b1f965","PACo_CommandBar_Shimmer_A":"6a108fa3-270b-4fb4-a19f-47a1d7c271f0","html_CommandBar_Shimmer_A_CSS":"dc1881ac-80eb-4592-9aed-05e3292575f0","cntr_CommandBar_Shimmer_A_DropShadow":"d500dfa6-2d8a-4e26-8c63-1fca27dbd179","shp_CommandBar_Shimmer_A_Background":"cb4c2f8e-f362-4bff-b029-4c0baefe12dc","cntr_CommandBar_Shimmer_A":"4ccd7451-a5ac-40dd-bbc9-b06e8d7672e7","shp_CommandBar_Shimmer_A_1":"feb944ff-99c8-492f-8300-adba6a219580","shp_CommandBar_Shimmer_A_2":"6d2c1584-ea72-4e2a-9e8a-4a206ade2c86","shp_CommandBar_Shimmer_A_3":"d1ed0ed7-3c30-4dd4-847f-d6bffc036f72","PACo_Info_A":"ce0e3cb3-dc3a-4726-9620-8ed42d3f58bc","cntr_Info_A":"7e74f6c7-21f8-49bd-b025-b0682ceda52f","html_Info_A_CSS":"2da0d223-3134-458c-8305-cdc0c7d2983c","cntr_Info_A_DropShadow":"32a797da-c615-488a-ae17-2b6e65dea36c","shp_Info_A_Background":"a1c4a567-2526-487c-a936-bd3349de5f55","lbl_Info_A_Title":"5fe3d1af-c7dc-4a5b-8c91-599aefe8c2cc","html_Info_A_Message":"a040cf6e-b0dd-4913-a11b-4b4569c3a2ab","lbl_Info_A_Message":"4617641c-da8c-47dc-81ca-f4090506ebc4","cntr_Info_A_Button":"3ee5bfcd-af3c-4a08-96b1-888b240951c1","btn_Info_A_Button":"7709639c-2ea3-4785-be2b-023818d44727","icn_Info_A_Button":"a691d663-bf80-474c-b387-283b77841455","img_Info_A_Button":"8dab0c12-2eda-415d-8a98-78dedea6b19b","lbl_Info_A_Button":"545b67f8-cb5a-4bdc-8dda-8e6765421f3f","img_Info_A":"886ce32f-d7fa-4e89-b14d-d77dddcf1570","html_Info_A":"a5b077da-bedf-4f12-ab94-7421e3d24f34","PACo_TabsMenu_A":"92e8537f-b7cf-42b9-ac0e-9dd75d2468b0","html_TabsMenu_A_CSS":"935a080d-223d-492b-bcfd-3ef2134d4404","cntr_TabsMenu_A_DropShadow":"05d5c719-c507-4fc2-ae9e-d3b3198c0392","shp_TabsMenu_A_Background":"ca03c7b5-5dc8-4197-bfd9-4278de3df405","gall_TabsMenu_A":"78e53043-1879-4c4b-96a1-1533c7000ec4","galleryTemplate1_7":"c22c9759-4939-45a5-a235-bde0c4a81c90","shp_TabsMenu_A_Disabled":"8e592bf6-b512-43b2-9588-935b5e4d5576","shp_TabsMenu_A_Selected":"d715444f-ac5d-4188-a313-ea1b7e1574a5","icn_TabsMenu_A_Gall":"12c0c9f3-6575-4ee2-857c-f481857cda75","lbl_TabsMenu_A_Gall":"7107ded4-8a9e-41d6-9b78-ac8804d83f6a","shp_TabsMenu_A_Gall_Divider":"8bfc02d5-7511-46ab-80e7-eabf4b2a520a","PACo_Visualization_B":"7e785d0b-9bc1-42b0-95cb-2475b0588456","html_Visualization_B_CSS":"cdcff91f-35f3-4b7f-a4dd-a2c4138261a1","cntr_Visualization_B_DropShadow":"89ada30d-fd0e-43de-ad0d-eec5d519ca58","shp_Visualization_B_Background":"c1fd59bc-e7a5-470a-93ee-0691bc8f675a","cntr_Visualization_B_Button_Last":"e21deebf-b662-4164-844f-3752d2951448","icn_Visualization_B_Button_Last":"6c4f2882-79eb-434d-a1ea-6ef3c60f9557","img_Visualization_B_Button_Last":"bd869eb3-1718-4477-9460-f279b2391561","lbl_Visualization_B_Button_Last":"e19f3676-efc5-4f9c-bbf1-65e1a44a3cad","btn_Visualization_B_Button_Last":"1181a09b-c581-420c-9ad9-5abdfc3a50d8","cntr_Visualization_B_Button_First":"4b07e873-b6bd-4bb3-9ec4-b8b20ca57c0f","btn_Visualization_B_Button_First":"4c375135-d08e-435b-80db-de472dbca52f","icn_Visualization_B_Button_First":"4208cd63-b80e-4125-bacb-126dbf6253d6","img_Visualization_B_Button_First":"68470338-1604-4609-9d12-0c6dc27b9e0e","lbl_Visualization_B_Button_First":"222e555e-4e0e-4271-a96a-6294034f36fb","html_Visualization_B_Button_First":"bc9235ce-550b-4917-a439-02d456308d62","html_Visualization_B_Button_Last":"571a98fb-90f7-4a36-8959-bf7ec93c79d3","PACo_Dialog_B":"1bf8e296-620a-496c-84f6-0d9d2ca6ac29","cntr_Dialog_B":"6e6bc7ac-372c-48d3-aaca-b785f1d5cd81","html_Dialog_B_CSS":"4decbe99-48d1-4f2e-ba6a-15946dedb9d5","cntr_Dialog_B_DropShadow":"1fe5cef2-9361-48ef-ace9-8486b82e713f","shp_Dialog_B_Background":"88655d7d-2268-4f53-87c0-599edabbce5d","cntr_Dialog_B_Button_Last":"4592c80d-f279-4a1c-9e30-41a6ea842439","icn_Dialog_B_Button_Last":"09a154e8-5185-42be-a742-337dd892e606","img_Dialog_B_Button_Last":"e1965521-06a1-4c83-a559-e190d294dfac","lbl_Dialog_B_Button_Last":"709c193e-6b56-4c71-bb30-dc66aec14af5","btn_Dialog_B_Button_Last":"adf7150e-7124-45fc-a831-c91db63b2620","cntr_Dialog_B_Button_First":"26733c2f-132f-4b52-a6ff-c84e4c045ea6","btn_Dialog_B_Button_First":"10b576b9-f48a-463f-a89c-6a91cb84f4d6","icn_Dialog_B_Button_First":"391c9e26-ad65-41a3-9a2f-b3da15ff7c98","img_Dialog_B_Button_First":"77ff30d9-8430-4833-9cef-8146980546db","lbl_Dialog_B_Button_First":"9f7051dc-fb34-4105-bb91-15e47200c89f","html_Dialog_B_Button_First":"236198ff-5f24-40e8-82f4-41ecee6c5233","html_Dialog_B_Button_Last":"65dbe593-ff29-4594-ab11-32cde7e83325","PACo_Breadcrumb_A":"7fd6eff1-4cb3-4361-8eb3-df3d8ade7a1a","html_Breadcrumb_A_Visualization":"09754a88-92fe-4555-a92c-3ab3ff97b111","html_Breadcrumb_A_CSS":"a1b1649d-a12d-45b9-8cc2-996fceadbd51","cntr_Breadcrumb_A_DropShadow":"e26684ba-8cb2-423f-9720-67083bfd3429","shp_Breadcrumb_A_Background":"d3635682-a0a9-4fee-917f-9e0dbf665429","cntr_Breadcrumb_A":"9b5a39ec-e634-4d12-99ab-34476535c608","icn_Breadcrumb_A_1":"bdf4a97e-ffbe-446e-9bf1-30980602d877","lbl_Breadcrumb_A_1":"5b676f66-dd24-4c45-9644-5ee5f1a7e0a6","icn_Breadcrumb_A_2":"c23f4fc7-e9a3-4733-a48f-065eef999548","lbl_Breadcrumb_A_2":"cd721cdc-17c3-4668-8d31-38f5f161beed","icn_Breadcrumb_A_3":"78699d6a-c6ef-4726-a139-8e6f43615262","lbl_Breadcrumb_A_3":"a13bfb1d-ae5d-4641-abc8-58dee6591273","icn_Breadcrumb_A_4":"6bca3168-301a-4072-971b-1f902d920675","lbl_Breadcrumb_A_4":"2885a53d-0fe2-4dbb-b813-d963ff4fc30c","icn_Breadcrumb_A_5":"4707331e-443b-45ed-8384-f51bd5bc46f2","lbl_Breadcrumb_A_5":"4c21d669-41dc-4d3f-a4db-6cd30adb97f9","img_Breadcrumb_A_1_2":"71be420d-090b-4daf-9de2-305b6fbb6c1f","img_Breadcrumb_A_2_3":"d1f60fa6-0a38-49d3-a984-b669242330d5","img_Breadcrumb_A_3_4":"30bcdf99-08cb-487f-9b4a-29d940d88f17","img_Breadcrumb_A_4_5":"e7d2c917-7856-4b09-b30e-9800a2654e1e","html_Breadcrumb_A_1":"cf0fe03d-6530-4f9d-8fbc-08621b32753e","html_Breadcrumb_A_2":"63a31d8d-a23b-4845-a42f-f623a10d60ec","html_Breadcrumb_A_3":"844f87c5-5a27-4f1f-9390-776e9fd2bc2c","html_Breadcrumb_A_4":"2f9c1f45-cceb-4b11-afe3-47e6d4e8a9fa","html_Breadcrumb_A_5":"edbf979a-0c42-4dda-9d17-5d5e74ac8fdb","PACo_Nav_B":"48b0bd2f-7a04-484a-95c1-c7112b22ee38","html_Nav_B_CSS":"95bc4dc8-2249-41b8-b928-0c7fb8b5d798","cntr_Nav_B_DropShadow":"4bfb37ab-30fb-45d4-8b80-8b12338bfe8a","shp_Nav_B_Background":"d34f4526-e302-4263-86f4-4f415ba7a5ae","gall_Nav_B":"f6a977c7-e21a-4ea7-903d-1deb755a9315","galleryTemplate1_3":"2d028fd8-5c16-4ea6-8aba-0859be1ba3a1","shp_Nav_B_Gall_Bottom":"2b183df0-feb3-4b8a-9ad4-d76a78eb1a58","img_Nav_B_Gall":"ed83ed22-42b3-41f0-8a66-b0307ebc1562","lbl_Nav_B_Gall":"ca9528cd-ee86-40ed-9f36-a330837eda20","icn_Nav_B_Gall":"78694097-98fb-4afc-9bae-7d526f8c9315","shp_Nav_B_Gall_Top":"e0758bce-1f7f-4cbd-b78a-2680f2c3a319","shp_Nav_B_Gall_Divider":"470e0e6c-26f4-48f7-9742-d74316216387","PACo_Icon_A":"ae63428a-c88a-4860-b4f5-441790456b82","html_Icon_A_CSS":"2ae269f8-712c-4200-8160-4d309733d47b","cntr_Icon_A_DropShadow":"d284f8de-bd8b-4c44-81b3-68ef8d0dd8c0","shp_Icon_A_Background":"431e7dd4-b3be-459f-9082-6c8103cfa2ce","img_Icon_A":"effed0de-e8a2-4b1a-b172-de9b8f4f2c11","icn_Icon_A":"356fc15e-27c7-430a-96ea-ae3e8d4ca69c","PACo_HeaderLanguagesMenu_A":"0fc30738-29d6-42da-bc31-e86fca128a1a","html_HeaderLanguagesMenu_A_CSS":"fd568ba4-775f-44f5-b7bd-cbac6dd7415b","cntr_HeaderLanguagesMenu_A_DropShadow":"9fc7a274-b11a-42d0-b78c-4b6ff74232ac","shp_HeaderLanguagesMenu_A_Background":"b6f24295-7a4d-4aec-abe1-afc2364b6720","gall_HeaderLanguagesMenu_A":"cb32cd96-1643-4ddd-a0ee-0b12fccf5f04","galleryTemplate1_6":"3423be30-05dc-4220-a2fe-a05a7cf117fa","img_HeaderLanguagesMenu_A_Gall":"8311619d-1ce3-4d47-a4df-aab12dff965f","icn_HeaderLanguagesMenu_A_Gall":"1a82cba9-90e3-47d7-b9a5-1dca8276b764","shp_HeaderLanguagesMenu_A_Gall_Divider":"3717b9b9-c92e-4e0f-b2ab-2056181a023b","PACo_Tabs_A":"e1d3898f-9dd5-47ee-a199-ee349821fcaf","html_Tabs_A_CSS":"0685e78c-2cb8-47c7-9e35-b204cf74612b","cntr_Tabs_A_DropShadow":"536b8673-fb44-4693-884b-0a8b25258bed","shp_Tabs_A_Background":"07f53880-935f-4e3c-895d-5cfd98991233","cntr_Tabs_A":"d2501d2c-481b-4f5d-8a0d-a92c6d65f802","shp_Tabs_A_1_Disabled":"ca38d2fa-57f6-447f-a37e-23d02fccef0a","lbl_Tabs_A_1":"f075345f-6447-4608-8f2a-de2d0918dab3","icn_Tabs_A_1":"b461ae4b-8a26-4fa4-a1ab-5ddcc56bb37f","shp_Tabs_A_2_Disabled":"50fcd099-f696-46cf-a698-2b466fc8b395","lbl_Tabs_A_2":"604f713f-4fc6-49c0-8a0a-4e522b464532","icn_Tabs_A_2":"be6751f5-727f-4f31-89b6-e437a2a27ba3","shp_Tabs_A_3_Disabled":"dac46363-e405-47ef-b046-d81127d41898","lbl_Tabs_A_3":"fca8f18e-5a48-4c3f-b9e5-101cb3d4f9f0","icn_Tabs_A_3":"d7a13158-f1c1-4cdc-9377-2daf9a7e4ce0","shp_Tabs_A_4_Disabled":"c570f216-f342-4a6f-a585-034ea1145c5e","lbl_Tabs_A_4":"f628eada-5c79-446c-9bd2-f1c54cddbaca","icn_Tabs_A_4":"61c37c6b-1307-49ac-9688-7061ec54a628","shp_Tabs_A_5_Disabled":"c02f4e91-9a2c-421a-90dc-2c42fcbf3b9a","lbl_Tabs_A_5":"c5ab52d2-d669-4a77-83a8-445839c413e4","icn_Tabs_A_5":"83d6fc07-701a-4c90-89d8-7916ca54e9c3","shp_Tabs_A_6_Disabled":"559793ca-9d42-4552-a293-a84afc76430c","lbl_Tabs_A_6":"5a8f552b-b313-4953-980a-23ad1404b275","icn_Tabs_A_6":"6deeaf13-f30b-4e0d-8896-d3c6bd82e964","shp_Tabs_A_7_Disabled":"9be1be3a-8510-4aef-8fb1-3b3520246127","lbl_Tabs_A_7":"10485f52-583a-44ad-a26e-5d0888de2eed","icn_Tabs_A_7":"1e12afa4-b3d6-42e8-9cc7-a8d3c40af168","shp_Tabs_A_8_Disabled":"e18b66a6-7377-4fdf-94c0-436d6f57f100","lbl_Tabs_A_8":"828dfdac-e43f-408f-973e-89f25b6a044e","icn_Tabs_A_8":"c04250ef-c0f2-4fb1-85eb-d63f53b3bcf5","lbl_Tabs_A_Menu":"22f798ca-33eb-4c9b-b707-4e85fde85b42","icn_Tabs_A_Menu":"9ef2bdaf-9be8-4755-b700-d174e403d161","shp_Tabs_A_1_Selected":"f50aca61-4f58-4151-a70d-bc7a8ac292b8","shp_Tabs_A_2_Selected":"9a06e151-1bb9-4929-b171-48805b867659","shp_Tabs_A_3_Selected":"0ab2200d-c7ec-4c64-8566-25a399385b4e","shp_Tabs_A_4_Selected":"49436079-20f0-4f9e-8e47-52f7782bd381","shp_Tabs_A_5_Selected":"6d29979b-615f-411d-a5c9-1191cbaa13c8","shp_Tabs_A_6_Selected":"af5f5f3d-168b-463b-b387-d7a8051fb01a","shp_Tabs_A_7_Selected":"7fe78a7d-451b-40b5-ac3c-af933ba1f125","shp_Tabs_A_8_Selected":"81208e1a-aa91-4fb2-b557-4da13ca08945","html_Tabs_A_1":"8d33ed5b-2936-4f73-bb92-a510eaa1556e","html_Tabs_A_2":"ceb24f09-5d62-4f24-a47d-bc274e477cd6","html_Tabs_A_3":"76640342-0a34-499e-b060-6037477cf010","html_Tabs_A_4":"97d6736a-15ec-4fdb-9dbe-c831d654baf2","html_Tabs_A_5":"1508fe33-489c-44c9-8b56-ad47efaee672","html_Tabs_A_6":"7c5234a2-1efb-4405-8934-2b4ac0534718","html_Tabs_A_7":"95d5a67e-c9db-4dbd-bc85-b97e99fba23d","html_Tabs_A_8":"8d9b6812-9e36-4aba-b5e6-63efdfa3e5f0","PACo_ProgressIndicator_Shimmer_B":"d209233a-2509-4b70-92ca-cea64a9f0674","html_ProgressIndicator_Shimmer_B_CSS":"cb3d51e8-8c6e-48ed-815a-1ca5c9f853d4","cntr_ProgressIndicator_Shimmer_B_DropShadow":"5a9040cc-7770-4a32-b82b-9f9fdcdf4b31","shp_ProgressIndicator_Shimmer_B_Background":"434dc5e6-5990-4842-af49-b590adafdf89","gall_ProgressIndicator_Shimmer_B":"7a110aae-be9c-495d-b144-096ae532ef28","galleryTemplate3_1":"4d2e3182-9ac9-4c33-9d74-7d57fcbaf282","shp_ProgressIndicator_Shimmer_B_Gall_Top":"35f46c2d-2415-4c99-bd4a-94c6ffab293f","shp_ProgressIndicator_Shimmer_B_Gall_Circle1":"499e759f-c74d-4c25-8cb3-3e479ea47ba4","shp_ProgressIndicator_Shimmer_B_Gall":"d5150b27-d102-4977-9ae9-d240a385f487","shp_ProgressIndicator_Shimmer_B_Gall_Bottom":"3331d0e3-7c5b-4cce-91d5-785b462b18be","PACo_Tile_B":"8d504b56-e9ed-44cd-91da-e9b0d1be4d5f","html_Tile_B_CSS":"90542df4-c567-497b-bbb1-830e0726a1dd","cntr_Tile_B_DropShadow":"069c32ab-4abe-447b-be41-61972c6c6c44","shp_Tile_B_Background":"2f131191-3e35-4a04-8502-364a63301cc3","lbl_Tile_B":"1aadc14e-185a-4e15-b397-440bc14b4c95","icn_Tile_B":"3fd99c3e-9471-48b3-8f48-85d6d3c163f5","PACo_SelectList_A":"2b65d6ca-c363-485f-aa85-45fb171cb3b5","cntr_SelectList_A":"a7191a6b-94c4-4059-b2c3-98e655765979","html_SelectList_A_CSS":"880ca3e5-69c7-45fd-b5e7-d764ff48a4d0","cntr_SelectList_A_DropShadow":"1fb29627-a028-4a9e-abef-c515ce3ffe74","shp_SelectList_A_Background":"29b63d44-4d5f-4c80-8909-6a42a4df79c4","cntr_SelectList_A_SearchBox":"11229042-ef98-4443-b8f9-f406af1353d3","html_SelectList_A_Searchbox_CSS":"67d640c0-d366-41c0-8432-51487e1a8c72","cntr_SelectList_A_Searchbox_DropShadow":"933357e2-8d99-4989-b1f4-a58e7ead1912","shp_SelectList_A_Searchbox_Background":"991e4f2f-f06a-43a7-be15-cc93a7b3309b","ti_SelectList_A_SearchBox":"db6adaac-5d32-45c3-a8e4-299304e13251","img_SelectList_A_SearchBox":"3e42f258-247b-401c-bb3e-388e2dfb90a9","img_SelectList_A_SearchBox_Clear":"aa6b3711-6a21-496b-9ca7-5dc413ca8b78","icn_SelectList_A_SearchBox_Clear":"b919885b-2fdf-4b4c-bda6-b034915aa41a","html_SelectList_A_Gall_CSS":"3d515546-a582-4f31-8b9c-6dd4e7cc8a22","cntr_SelectList_A_Gall_DropShadow":"17fe1afd-9f1d-4400-b1c3-098f8af0ffd5","shp_SelectList_A_Gall_Background":"00ae0574-4255-4510-a908-17fb4ae31b54","gall_SelectList_A":"c7d0d5d1-1ee1-46ca-8fb2-31700caa7a06","galleryTemplate5_1":"2accfafc-074a-4a0e-aa52-0d05796ec5f5","lbl_SelectList_A_Gall":"6e8e9ef6-aa36-4c35-8447-1d85d7f4d4a9","icn_SelectList_A_Gall":"99859e51-3a8a-4993-b5fa-96864f1c8447","shp_SelectList_A_Gall_Divider":"0ca7d48f-0fd0-43cf-b9c0-b8f07f9f49de","cntr_SelectList_A_Button":"78a40107-0c90-4fa0-afba-0a3bad7fe862","icn_SelectList_A_Button":"8c577447-e35b-49fc-b4fa-a0dbcaaab2b2","img_SelectList_A_Button":"4c2f258c-a2cc-4837-81a4-580455750135","lbl_SelectList_A_Button":"3d6145f5-4f7b-4671-8114-11b25cf27f5b","btn_SelectList_A_Button":"d9f7264f-5321-4874-8ce1-683765e851d6","html_SelectList_A_Button":"d2b31f19-f1b8-4478-9cd0-948b616b54ab","PACo_CommandBar_Item_A":"bddfd0bb-0bcd-4290-ab4b-87d3419a9700","shp_CommandBar_Item_A_Background":"667d5248-4986-4d7d-8eb3-195337cd9313","img_CommandBar_Item_A":"055bd313-ca00-4a84-83a0-90070701ad7c","icn_CommandBar_Item_A":"67a86573-578e-4ca0-a5d0-7adac311867f","lbl_CommandBar_Item_A":"7b4a5839-3b15-4a18-a86a-dc79c5463cc1","html_CommandBar_Item_A":"cf09215c-ada3-4b99-8ed6-f2061dc653a1","PACo_HeaderSettingsMenu_A":"22dbf293-6d75-4479-9592-6bb0c2fe9acd","html_HeaderSettingsMenu_A_Visualization":"971551c4-97fa-4a4a-99bc-878e84061dba","gall_HeaderSettingsMenu_A":"cdeed13d-4d00-46d5-9c33-a60baf2b6956","galleryTemplate1_2":"3ead6316-ac79-47a5-af43-115350651713","shp_HeaderSettingsMenu_A_Gall_Bottom":"d0ea5a03-0d28-419c-9acd-0a8cf799b6cc","lbl_HeaderSettingsMenu_A_Gall":"1778ddd9-9891-4f93-bbe1-aaf172753c57","icn_HeaderSettingsMenu_A_Gall":"571e28a1-60b7-491d-b107-4a36db186b30","shp_HeaderSettingsMenu_A_Gall_Top":"e81b9fce-eaed-49c7-a187-097357c520f6","shp_HeaderSettingsMenu_A_Gall_Divider":"71502f84-a3d0-4330-83e1-173fea95adfb","shp_HeaderSettingsMenu_A_Visualization":"fcf1686d-8719-4b70-abb4-15a61415d76a","PACo_Panel_A":"df238331-dae8-4b0c-a6c6-ade59dd29b92","icn_Panel_WholeArea":"961b1f00-5dc0-4ea7-9d40-1d37b57189a7","html_Panel_A":"26a14e58-b1fa-4a5b-a959-f1d7873f2710","shp_Panel_A_Area":"16c57be2-2f60-4f87-b782-54328d59e9d9","html_Panel_A_Searchbox_CSS":"3e0c1e76-cd82-4370-bf11-7c9067e85b60","shp_Panel_A":"cecc7731-e4f2-463a-a1f4-928f6e3d9c11","cntr_Panel_A_Searchbox_DropShadow":"45f98762-7b64-4536-abcf-139cc52ea2dd","shp_Panel_A_Searchbox_Background":"08c8749e-f27b-471f-af42-4cf7e5578643","cntr_Panel_A_CommandBar":"33f26b93-7050-4e95-a3e4-4d4664526016","img_Panel_A_CommandBar_1":"2ea37369-b989-4ec6-abd7-fa883635ac5d","icn_Panel_A_CommandBar_1":"17425b8e-9766-4784-b42b-a247eef5f24e","lbl_Panel_A_CommandBar_1":"98aeff0a-439c-45e9-8d8c-f04f11ea845b","img_Panel_A_CommandBar_2":"daad4ece-2660-485d-bd8c-0a52bef95b25","icn_Panel_A_CommandBar_2":"6b576860-c207-43fc-9ada-13aa51c984cd","lbl_Panel_A_CommandBar_2":"f5277a18-ef4e-4699-ad98-ce04bf999e03","gall_Panel_A":"c6399e78-51a9-413b-975f-8dfaca9614c7","galleryTemplate2":"e393b1a0-b627-4242-b74d-ecd6fe755eda","lbl_Panel_A_Gall_Label":"a680dbd8-d48d-4257-bc09-a1ac375dc975","lbl_Panel_A_Gall_Text":"acac2a5e-bced-4572-8d61-8d968c5f23c1","cntr_Panel_A_Button":"801cf1c6-5e7a-4517-a3ee-358c2b723f84","btn_Panel_A_Button":"d8a5dac4-41e9-4ec2-af73-06a2128eddd7","icn_Panel_A_Button":"32fee210-630e-4744-8a19-974a271ddf57","img_Panel_A_Button":"c084ba00-41ee-43cd-aa68-d0551cf2dce1","lbl_Panel_A_Button":"d2008341-6d90-4372-afcd-7f2944983d6e","html_Panel_A_Button":"dbbed039-2bee-46ee-a63e-76193996dfb5","html_Panel_A_CommandBar_1":"46f52367-8401-4145-a31b-f5f953165be7","html_Panel_A_CommandBar_2":"69b29dae-f030-4a20-96c7-0753320ec377","PACo_DetailsList_B":"efe1045d-c11c-4dfa-a944-7fc698de5bef","html_DetailsList_B_CSS":"f322be12-78d9-4810-b405-b5ad4411e744","cntr_DetailsList_B_DropShadow":"e49fee3a-1737-43a4-b820-d4aa15174fde","shp_DetailsList_B_Background":"72d9a76a-f5a1-446f-a344-7973527ae8ad","cntr_DetailsList_B_Main":"f7e6676a-b7d8-482b-b234-f46e59ca519c","cntr_DetailsList_B":"eca54f7a-5026-4503-ab10-ed30fd6a7205","lbl_DetailsList_B_Header_1":"521655f6-1409-4437-b430-fda7cff5bb38","icn_DetailsList_B_Header_1":"c49b10cb-1488-4b51-acfa-9f88d29d17b8","cb_DetailsList_B_Header":"67ece0e4-1ce9-47d4-8e8e-0bd5886ef3b3","img_DetailsList_B_Header_Sorting":"b4d09d41-18f3-4aad-892c-43153e7c01ae","lbl_DetailsList_B_Header_2":"36542ca0-abb5-4660-9f16-c89f6e86f5e5","icn_DetailsList_B_Header_2":"8ff52b84-3c5a-42cb-9c5a-d6f6da72dd6c","lbl_DetailsList_B_Header_3":"39cca4b8-da17-4c8d-b72c-a5b6a0d0f909","icn_DetailsList_B_Header_3":"fe0e4c27-da2a-461b-bff1-35629ef789e1","lbl_DetailsList_B_Header_4":"96cc8053-f5b1-4b0b-be08-287a719928bf","icn_DetailsList_B_Header_4":"09f5a606-bf49-49ac-8f27-b970513b8e47","lbl_DetailsList_B_Header_5":"a48d0c14-0447-4cf8-a850-ce147f186c56","icn_DetailsList_B_Header_5":"97f5ddbf-8c91-497c-912b-f0db37d70d42","lbl_DetailsList_B_Header_6":"481f3810-64c3-4640-a386-e8871cfc4db1","icn_DetailsList_B_Header_6":"33027e31-4805-4a98-9d3e-690308583dfa","lbl_DetailsList_B_Header_7":"a81670f1-50e8-45e5-91e1-3ba41e908775","icn_DetailsList_B_Header_7":"8c5b3418-17a1-4304-bacf-19fbb8cc3bf4","lbl_DetailsList_B_Header_8":"39fdaf83-d3b6-46ad-8992-6e6ca4764ccd","icn_DetailsList_B_Header_8":"441336e1-9233-4816-8a54-f502de517502","lbl_DetailsList_B_Header_9":"dbef946b-b1ab-44a7-93e5-6b140774deec","icn_DetailsList_B_Header_9":"cba4deb8-069b-4c6e-b237-2cc9b608dea9","lbl_DetailsList_B_Header_10":"d9128b00-e706-4197-a9da-42629f48a8ce","icn_DetailsList_B_Header_10":"e69f2a18-2d57-4075-a75f-c816ebdbc64f","shp_DetailsList_B_Divider":"054e9cdd-6724-4d8d-b844-9a6a06418094","gall_DetailsList_B":"b9984608-b5bb-47d7-8190-ce24aeb627ef","galleryTemplate2_4":"5d2f816f-037d-419c-9ad8-f8672ec69872","lbl_DetailsList_B_Gall_1":"6d6334ec-1f77-478c-b317-e54e507b2200","cb_DetailsList_B_Gall":"4eea7940-ae32-44e0-b8d5-00524357037f","shp_DetailsList_B_Gall":"5b5dc8ad-cba1-44a7-8b9e-849a423912e9","lbl_DetailsList_B_Gall_2":"cf414baf-2114-409f-bec5-88b14e0545b3","lbl_DetailsList_B_Gall_3":"8d951f35-0ddd-4427-9fc8-b60f90a8abe1","lbl_DetailsList_B_Gall_4":"8e212479-6e17-4284-a602-3ffc867361bd","lbl_DetailsList_B_Gall_5":"d8598f68-9d8a-42af-a51a-80fd2a1ec097","lbl_DetailsList_B_Gall_6":"0a150feb-733a-47de-858a-ad7483717d18","lbl_DetailsList_B_Gall_7":"64bc7806-ef34-4093-a8eb-f1ee1348f17a","lbl_DetailsList_B_Gall_8":"0c75caab-7c35-4bb2-b348-d1fbba5539e9","lbl_DetailsList_B_Gall_9":"90e13b5b-1112-4ddc-b7cb-e0b00adaccdb","lbl_DetailsList_B_Gall_10":"4b928a83-cad4-41c0-98ce-09be60c0bf97","shp_DetailsList_B_Gall_Divider":"dd3e8ec0-16d1-4737-8ab4-8905ad1e24ef","PACo_ProgressIndicator_E":"03d87075-c518-4d72-babf-9b358b038833","html_ProgressIndicator_E_CSS":"f3a6bc47-7e90-467d-96d2-ff5ed8c53b8b","cntr_ProgressIndicator_E_DropShadow":"a3ed7240-0a94-45fe-9033-ab3563add834","shp_ProgressIndicator_E_Background":"d1228929-cac6-4d61-a701-1cd4e2532feb","gall_ProgressIndicator_E":"319c24e6-4455-4c0e-ae56-390fb0a1f3e1","galleryTemplate1_9":"fd956730-67ee-4dd7-9e12-a8026f3ce683","img_ProgressIndicator_E_Gall":"d3bcc294-9216-4a1e-800c-03fa8109bc06","icn_ProgressIndicator_E_Gall_Clickable":"560985ed-c376-446b-bbbe-a4028c90c36f","shp_ProgressIndicator_E_Gall_Left":"37b5520e-6f18-4885-b62c-32b02320412c","shp_ProgressIndicator_E_Gall_Right":"09a336d2-b9a9-49f0-8ae9-c2b8b809eb66","lbl_ProgressIndicator_E_Gall":"f4a0fc77-76be-4ee3-8d22-f12bbc1d3117","PACo_InformationBlock_A":"ddc229b5-249b-4984-8c70-7cbe49bd0904","html_InformationBlock_A_A_CSS":"d3ae0efb-a0ab-45e0-ad89-499d3b4a61c5","cntr_InformationBlock_A_A_DropShadow":"2ffec78d-5440-4dc3-b507-db2e877844b1","shp_InformationBlock_A_A_Background":"8e08fe3c-cffa-4cdf-a400-07cd493826d3","lbl_InformationBlock_A":"4dcb47ea-679c-4259-a535-f0d04a4fcd76","img_InformationBlock_A":"f639cdab-c0cc-49b8-9b0d-a090adbfa634","shp_InformationBlock_A_Divider":"60969614-229f-4c5e-8df7-c82d4162eae5","gall_InformationBlock_A":"ac7089f7-cfbb-438e-904c-4ac3d7cb6ff2","galleryTemplate6":"a5ed0dd1-dd13-4ee4-967b-7d8b3c932111","lbl_InformationBlock_A_Gall_Label":"32d551ec-6d72-4aa7-9ddd-1c89149968cb","lbl_InformationBlock_A_Gall":"8536c39b-77d6-41a5-ac1e-c62fd224aaa4","icn_InformationBlock_A_Gall":"18840141-0902-477f-bb11-eb5624057093","PACo_PeoplePicker_A":"77f3b517-1760-46c1-ac21-7438026e0588","cntr_PeoplePicker_A":"fde1ef81-0106-41d4-be1c-1a40750f9252","html_PeoplePicker_A_CSS":"0916979b-e202-4513-8911-3ebb4cb2450c","cntr_PeoplePicker_A_DropShadow":"95721a93-004d-41f5-80d8-a2fa60764986","shp_PeoplePicker_A_Background":"91cd0925-66dd-4b47-a25c-400b995624ce","cntr_PeoplePicker_A_SearchBox":"216a7ce5-bdd6-4c06-b676-c39e44de51ba","html_PeoplePicker_A_Searchbox_CSS":"9a028150-cc4f-4a37-b927-c1bc8452245c","cntr_PeoplePicker_A_Searchbox_DropShadow":"d2ff5b03-0587-47e7-bff0-de8f29ce543c","shp_PeoplePicker_A_Searchbox_Background":"2804d101-1c11-4752-9587-99e9273873ce","ti_PeoplePicker_A_SearchBox":"60e57ceb-5087-4091-b5db-b2313379dd35","img_PeoplePicker_A_SearchBox":"94532ed8-c3a9-454a-a18c-7bae3e8d19d7","img_PeoplePicker_A_SearchBox_Clear":"989a527b-fd68-4ed5-bb90-cf395fbc608e","icn_PeoplePicker_A_SearchBox_Clear":"98c7035b-02f2-4234-95c6-f1d825724d71","html_PeoplePicker_A_Gall_CSS":"23ef2617-c192-414a-9740-22dfe096b471","cntr_PeoplePicker_A_Gall_DropShadow":"03d26102-20f3-466a-b0cd-dfdaa59a6efe","shp_PeoplePicker_A_Gall_Background":"d15f91ad-9f35-4d78-9a74-638ee13ab098","gall_PeoplePicker_A":"0a8edcae-8ed7-414c-afb6-b2a55f129628","galleryTemplate7":"9ffd59bb-332d-44a2-86e7-d68f99e50a05","lbl_PeoplePicker_A_Gall_Label1":"fd83497a-ae15-4909-8701-09177a375e7d","icn_PeoplePicker_A_Gall_1":"af7f7348-6865-4b62-8a05-c132e2db1074","lbl_PeoplePicker_A_Gall_1":"2b177578-a463-4584-b6bd-8b1d222468d7","lbl_PeoplePicker_A_Gall_Label2":"f81ad235-6359-4db8-a60c-8e99cc15dd1a","lbl_PeoplePicker_A_Gall_2":"7e74597c-4aab-4ec6-92bb-d4f0188440d7","lbl_PeoplePicker_A_Gall_Label3":"1f6946bb-5d4c-4d3b-91cb-cccc62ec3ddd","lbl_PeoplePicker_A_Gall_3":"9d5a0702-24e4-4454-9710-642290d7133d","shp_PeoplePicker_A_Gall_Divider":"9c119245-3865-427f-907b-8252854c108d","cntr_PeoplePicker_A_Button":"80824b3c-55e5-41eb-9458-8b64da842a96","icn_PeoplePicker_A_Button":"3a4dfce0-4169-4d3d-9e54-38f7b08b6551","img_PeoplePicker_A_Button":"93841fde-99e7-4ee9-841e-67322af8b41b","lbl_PeoplePicker_A_Button":"7d45b626-4a43-4ade-a408-52b9342e7bc3","btn_PeoplePicker_A_Button":"0449780a-c329-41cf-a0b0-c85474513064","html_PeoplePicker_A_Button":"04e46e7a-dcfb-4971-b300-5e8de650c980","PACo_ProgressIndicator_F":"28063d20-3bfc-45f5-be51-7859544cdc0b","html_ProgressIndicator_F_CSS":"afa7055e-f437-4500-aaba-708bfb5dfbf9","cntr_ProgressIndicator_F_DropShadow":"4f161e1c-009e-4283-a324-321830fd2023","shp_ProgressIndicator_F_Background":"7b374f75-9dd0-4788-b36e-d6d5a2d1efba","gall_ProgressIndicator_F":"9527828f-c8d5-4b2d-8f14-4381e21cae9e","galleryTemplate3_2":"d407fd47-5faa-45ad-9b62-f1c177fadcb5","shp_ProgressIndicator_F_Gall_Top":"3a000b81-8cce-4764-bdb1-e57b95b5de68","lbl_ProgressIndicator_F_Gall":"9b959fdf-43e1-44fa-a716-a4309cdabdb3","img_ProgressIndicator_F_Gall":"cfaf3679-8cee-4031-9b8e-26e01251fd66","icn_ProgressIndicator_F_Gall_Clickable":"01e6d1ed-164f-469c-a1bc-b6c181f423fb","shp_ProgressIndicator_F_Gall_Bottom":"12a66e08-2a5a-4e7d-8a85-4e8122b6bff2","PACo_DetailsList_A":"c53cda89-74b3-4d6d-bba2-3141fcddbc07","html_DetailsList_A_CSS":"fd584662-695f-41f7-a309-831fc9525a9a","cntr_DetailsList_A_DropShadow":"bf0206af-6701-4fec-936a-e4f6194a12a0","shp_DetailsList_A_Background":"f619e109-ceae-4e1f-a04b-03f9a7110ec3","cntr_DetailsList_A_Main":"f5bac17f-c78f-491e-86e7-62c9d2d7ded2","cntr_DetailsList_A":"d7c4dfe7-8ccc-4038-a03a-c5f7fd8d45b5","lbl_DetailsList_A_Header_1":"2a80342d-5f02-4611-afe5-82724a656d0a","icn_DetailsList_A_Header_1":"72129a29-52d6-44e2-b7a6-6f983d756d06","cb_DetailsList_A_Header":"b2a5e6cb-8634-4854-9cad-9ff10bca51ab","img_DetailsList_A_Header_Sorting":"a4358335-d553-4060-8ab4-22cd1cd5ae09","lbl_DetailsList_A_Header_2":"33295d97-f2cc-40dd-9233-0aba0361f555","icn_DetailsList_A_Header_2":"7dbafbc0-bba1-479b-ae7e-6cc6d9e05a17","lbl_DetailsList_A_Header_3":"4ff46ff5-a24b-443e-831e-f4ada72e5646","icn_DetailsList_A_Header_3":"9c561db8-9427-4251-96ef-45e270ef35de","lbl_DetailsList_A_Header_4":"dd3fd006-adf1-4b67-9946-313f5fcb6279","icn_DetailsList_A_Header_4":"418ab0b6-f854-43a9-88db-d293e08287f5","lbl_DetailsList_A_Header_5":"2f2160fd-f4ed-4c2a-9bc5-31fd7dd2e16b","icn_DetailsList_A_Header_5":"41a6890f-30c1-4cbd-8207-1b71df4268e5","lbl_DetailsList_A_Header_6":"441f19ea-710b-4ebe-a486-6507903213ef","icn_DetailsList_A_Header_6":"010d38e2-0eb6-4dcd-92ac-a241687576b4","lbl_DetailsList_A_Header_7":"0679066f-1227-4628-830c-073b51fe19eb","icn_DetailsList_A_Header_7":"51600e95-5570-4c97-ba67-c66a6eeb9e55","lbl_DetailsList_A_Header_8":"1aff163e-1ad2-46f7-9497-7745c40f3f74","icn_DetailsList_A_Header_8":"7f909592-0411-4ca4-a9b4-9eeb01337b97","lbl_DetailsList_A_Header_9":"898f254a-a2c6-480e-b35f-45d04e8616dd","icn_DetailsList_A_Header_9":"41a74290-529f-45f0-a881-000ac5e48e81","lbl_DetailsList_A_Header_10":"91345e84-1759-41ee-8daa-69393009d32f","icn_DetailsList_A_Header_10":"39d2fe46-b74f-4ad8-811a-801e77f7b11c","lbl_DetailsList_A_Header_11":"41407fb8-af8a-42c4-80e2-6f1d6ac14ca3","icn_DetailsList_A_Header_11":"cfb865fc-bc86-4cdf-93b7-50f6598852f0","lbl_DetailsList_A_Header_12":"ca6a7306-dde6-4c6c-906e-b5612a235447","icn_DetailsList_A_Header_12":"8f84c16d-2b72-45ca-b374-2f1b785f1191","lbl_DetailsList_A_Header_13":"cea71b4f-346c-42c8-b9a4-bbc7e33a04a9","icn_DetailsList_A_Header_13":"289bf9e5-e284-4f3c-834a-d2f6c760f7b1","lbl_DetailsList_A_Header_14":"2dfc44de-f710-48a7-bc8f-0b8a46aa4e29","icn_DetailsList_A_Header_14":"de236d8e-779d-47d8-abb0-4fda31569be7","lbl_DetailsList_A_Header_15":"10e148fb-8d4d-41aa-b722-fde6a0d67a3d","icn_DetailsList_A_Header_15":"01ac8fe2-26e3-4932-86ef-bd608c4d9cd6","lbl_DetailsList_A_Header_16":"978564f4-b9da-42a6-9f9f-02c63f86c9a1","icn_DetailsList_A_Header_16":"4cf1423e-bc7e-4554-a582-b0e43f5fe7ac","lbl_DetailsList_A_Header_17":"5d29e39e-857c-4201-96ae-a75fc3858dc1","icn_DetailsList_A_Header_17":"c0bec395-3c8c-4108-a645-6a969340c283","lbl_DetailsList_A_Header_18":"401cd160-661d-426f-bc11-3c83ac41fda8","icn_DetailsList_A_Header_18":"e6443912-0bdc-47ed-aed1-e9ea5ad7cd3c","lbl_DetailsList_A_Header_19":"a12da4fe-c97a-40e9-8da8-56b4b94eba96","icn_DetailsList_A_Header_19":"f1bb65b3-fff5-4f95-b251-b22fd461d2fe","lbl_DetailsList_A_Header_20":"0d76b683-2e68-4b9f-aab2-a9499705aff2","icn_DetailsList_A_Header_20":"bd542c9c-9a12-4c16-b724-e7b57f95bfe9","shp_DetailsList_A_Divider":"22a3317d-c51e-4853-95f0-6284fa2dc462","gall_DetailsList_A":"22157399-f6b1-4469-ae20-50822424d28d","galleryTemplate2_3":"056439b8-0d55-4d4b-b6b4-47216306b609","lbl_DetailsList_A_Gall_1":"e5cd9061-8061-410b-853d-87119f23cd66","cb_DetailsList_A_Gall":"53ed4f62-2dd8-4a61-8e1c-a9e241194914","shp_DetailsList_A_Gall":"7f1c8fd2-20fe-4bb9-aac1-636932187f99","lbl_DetailsList_A_Gall_2":"1696ea55-d21a-4faa-b584-80a715e958bd","lbl_DetailsList_A_Gall_3":"3c4ba6f8-c755-4ab7-8718-ec0cb6e8a0d3","lbl_DetailsList_A_Gall_4":"f4b3bbcb-cb61-454a-9b37-1f794ea3d8f1","lbl_DetailsList_A_Gall_5":"c31c96c3-c7db-418e-bc0c-06b832f0cf0c","lbl_DetailsList_A_Gall_6":"65a62b92-4646-46bc-93cb-d42e178e8b93","lbl_DetailsList_A_Gall_7":"cb362123-9c36-4a4e-82cd-bba111ff1e27","lbl_DetailsList_A_Gall_8":"e856b0b1-ca02-4417-8adc-527022c36255","lbl_DetailsList_A_Gall_9":"3d00427b-61a9-4bf8-a554-9e00d5b5c147","lbl_DetailsList_A_Gall_10":"eb83e59f-97b5-44bd-b038-68b872003fe5","lbl_DetailsList_A_Gall_11":"5a3c75b6-dac9-4737-be80-5bf59dcf4918","lbl_DetailsList_A_Gall_12":"b0861a12-2958-42a5-8819-1a7de3ebafc8","lbl_DetailsList_A_Gall_13":"5b3ca8f2-4db6-4482-9910-17493129677f","lbl_DetailsList_A_Gall_14":"8a7c4ac3-b241-44b4-9de8-f7789882ff7f","lbl_DetailsList_A_Gall_15":"22a5a57b-bb76-4d08-91eb-eba005a4e65a","lbl_DetailsList_A_Gall_16":"26dc7cb3-5b26-4dbd-8170-880399a31944","lbl_DetailsList_A_Gall_17":"1fe56a76-7215-4492-be32-999c0f97a3e4","lbl_DetailsList_A_Gall_18":"617842a1-5241-44ee-afc7-fae89c613bf6","lbl_DetailsList_A_Gall_19":"d6f47f8d-bd49-4e70-8004-0459850fdc8e","lbl_DetailsList_A_Gall_20":"10edf15b-3d36-49a0-a510-e11f9ec38fcc","shp_DetailsList_A_Gall_Divider":"71a18c24-bd18-4a9b-907f-d60a2232d42e","PACo_SearchBox_A":"b6194a5e-2024-46ea-b376-855f1f60caef","html_SearchBox_A_CSS":"f91c1efb-a4ad-4b3b-8834-a1ce038cdc25","cntr_SearchBox_A_DropShadow":"c0ff0352-3893-4921-8fa8-fdf940ff24eb","shp_SearchBox_A_Background":"88cdc31b-bde7-4906-aba2-c3b349dd5fa1","ti_SearchBox_A":"abeec068-92ba-4bf6-8193-2cc8dc0d112a","img_SearchBox_A_Search":"4c1f904f-a7ce-494f-bfae-5ba0804b6b7a","img_SearchBox_A_Clear":"f028d4e8-9547-4aff-ac80-66afc3b997ae","icn_SearchBox_A_Clear":"62473e25-5e89-487d-b6e0-fba5cca419e5","PACo_Nav_C":"2e8625cf-0edd-47fa-be32-d6f71fc08f72","gall_Nav_C":"4157df54-999e-40e0-83ac-43e351f38354","galleryTemplate2_1":"48634275-c045-41ff-b504-86783f3af2e9","shp_Nav_C_Gall_Bottom":"1bb5c27e-f1bb-468a-9832-2b0d133bbfad","img_Nav_C_Gall":"4c1b2070-dbdd-423c-a500-7cbcd67a1522","icn_Nav_C_Gall":"972a9269-9ea0-4814-aed2-018c3ed7ac5d","shp_Nav_C_Gall_Top":"2ecbe378-d26b-457f-a0ab-ba60bcc16472","shp_Nav_C_Gall_Divider_Left":"660658a1-088b-457e-85a3-7a71e3ddb783","shp_Nav_C_Gall_Divider_Right":"dc06f64c-3b58-4ff3-96ce-2116415b9f2f","lbl_Nav_C_Gall":"d06364b2-0792-4a81-b410-a2d6e0a96b0f","PACo_Visualization_A":"1f193139-08d0-4f43-8866-996d7303cdcd","html_Visualization_A_CSS":"5950eebe-be50-4bea-8357-490a54967bc6","cntr_Visualization_A_DropShadow":"86dcc0af-7f87-4723-8966-40714e65ac21","shp_Visualization_A_Background":"54ca31e4-e72c-4999-be8e-52d31d43fa0d","PACo_DetailsList_Shimmer_A":"9e64a115-9cad-4528-8847-908a4162c9a4","html_DetailsList_Shimmer_A_CSS":"dc6958b2-795c-4ede-a15e-51dc455b6276","cntr_DetailsList_Shimmer_A_DropShadow":"706204f3-5174-4bdf-9c00-9180d11bf67d","shp_DetailsList_Shimmer_A_Background":"62ba735c-6cd8-4258-9a83-ea918208b68d","cntr_DetailsList_Shimmer_A":"6219adfa-c939-41f9-bba3-ea2f8366bc87","shp_DetailsList_Shimmer_A":"ef793dbf-1bc8-45db-816d-720133386823","shp_DetailsList_Shimmer_A_1":"b2861e9b-4bd2-4fe0-9043-fb92ec2d89ba","shp_DetailsList_Shimmer_A_2":"6788ba22-107c-4e2a-85c6-8097daefd925","shp_DetailsList_Shimmer_A_3":"eb367dc8-28e1-4185-8a5b-ce2be2e8ba72","shp_DetailsList_Shimmer_A_4":"a01b3605-1b8a-4f32-89e3-2c1c6b32f970","shp_DetailsList_Shimmer_A_5":"451773b7-30cd-460e-9da0-7b7492b939f7","PACo_Button_A":"ad96d275-4360-4722-acae-56dcc1f049ae","cntr_Button_A":"0e62c6ed-08bd-478a-be55-4941d28981fc","img_Button_A":"09b54623-0f9c-482f-96aa-340c48ad51cc","btn_Button_A":"13f6580b-3ff7-427c-95ca-447814740d82","icn_Button_A":"ee537955-fc3e-4685-8521-d47f68fe3f0f","lbl_Button_A":"cac63f37-d722-461a-9b5e-198d6711f84b","html_Button_A":"f9ce789e-384a-4216-9190-d19bc86dd7b7","PACo_CommandBar_B":"ae57147f-4296-4860-ad16-962caff2d1a2","html_CommandBar_B_CSS":"75180b16-e988-47f8-a613-31446e3c7c15","cntr_CommandBar_B_DropShadow":"8bc9c14b-c20e-425a-9f1f-bbd729e16482","shp_CommandBar_B_Background":"bf99e771-2642-4968-9035-6f4c252a0caf","cntr_CommandBar_B":"ef371ef1-ad42-44d1-9e6f-70ac9cc89fb8","shp_CommandBar_B_1_Disabled":"16ca0888-cdb6-4e79-945f-a6c0313f056b","img_CommandBar_B_1":"29812f3f-6e13-4c52-a02a-8e3c8440225a","icn_CommandBar_B_1":"89fa875b-83ea-44ec-84a1-1ae612140584","lbl_CommandBar_B_1":"03201904-c815-4523-82fb-597d7e25ccdc","shp_CommandBar_B_2_Disabled":"fc885f0b-2af0-48d3-92ad-2e627adc48ba","img_CommandBar_B_2":"bb56b1ec-9c86-4db4-80a6-014df3ad5c05","icn_CommandBar_B_2":"02242e94-dc43-4f6d-b4d5-7c5d8dc0ce3b","lbl_CommandBar_B_2":"9a67722e-b533-4209-9d02-beaa5c504f0b","shp_CommandBar_B_3_Disabled":"21789c4e-2293-4b0d-a1bd-bd571f089d22","img_CommandBar_B_3":"fc7ec4d4-d8a3-436d-92d9-74367b83c3ff","icn_CommandBar_B_3":"1286995e-878b-4633-8b2b-67ab1f867ac0","lbl_CommandBar_B_3":"2be759ae-3b35-4c32-ac2f-5e5158909a88","shp_CommandBar_B_4_Disabled":"99096bda-9071-4fbb-822c-54ef78a35daa","img_CommandBar_B_4":"b606b60d-9965-4937-b100-59171d27a193","icn_CommandBar_B_4":"49790a51-c72a-4e84-9e4e-2faaa7db6080","lbl_CommandBar_B_4":"aa963e68-17e9-4178-948e-59dbf26e1d98","shp_CommandBar_B_5_Disabled":"1563f84a-2802-4877-840c-a53dd02e51f4","img_CommandBar_B_5":"7cc4ccfe-2846-4d02-8a16-d13ef8d777ee","icn_CommandBar_B_5":"f39e038d-b43c-4907-b39e-8a5a1036c7c3","lbl_CommandBar_B_5":"31f9590d-20eb-4ba1-8a47-0d38738fb0cb","shp_CommandBar_B_6_Disabled":"32514d5e-8652-4d80-a60d-801f9389feea","img_CommandBar_B_6":"9c81927e-e1e8-4660-b7ba-9f3debb908bf","icn_CommandBar_B_6":"b3896638-0d66-48e1-8b54-ee9f4af66fb5","lbl_CommandBar_B_6":"f74fcfa2-0d82-414b-81ad-b7ca9c39f669","shp_CommandBar_B_7_Disabled":"3b8584b7-3127-48bf-a301-2bc1fda0e5c0","img_CommandBar_B_7":"ddcb2937-fb47-4ea5-b229-ca84edcb70c4","icn_CommandBar_B_7":"5ea87173-1163-4400-a70f-610c0f6cc257","lbl_CommandBar_B_7":"7297ed77-3a28-43de-96f7-1249eea6212c","shp_CommandBar_B_8_Disabled":"856b788e-0239-4fd5-8c41-f781ac1fecfb","img_CommandBar_B_8":"f3669276-4870-4955-9c71-30f1863e57e7","icn_CommandBar_B_8":"27b9b6da-8168-43d5-a381-4e34d1b6b70e","lbl_CommandBar_B_8":"f2724079-2a02-4d9b-add9-1948e2709b58","lbl_CommandBar_B_Menu":"c7883e2a-a24b-4277-bdfa-f242bdf8ac08","icn_CommandBar_B_Menu":"d9da8fb9-264f-4892-940a-0db47a73380e","html_CommandBar_B_1":"6da72458-d162-4c48-b805-5546554ebae2","html_CommandBar_B_2":"8ce5fb5b-e45a-4dce-9675-58ae7be26858","html_CommandBar_B_3":"80bbfbae-75ed-4f97-9541-94750d1f653c","html_CommandBar_B_4":"838e0372-7d92-495b-838b-0bdd32b21faa","html_CommandBar_B_5":"79b806d4-f431-4930-8ea2-0448fcb82e5b","html_CommandBar_B_6":"411538ea-149f-4b07-88f2-485cd5233822","html_CommandBar_B_7":"7c998b80-b438-44e2-8abf-ec3abc913cdb","html_CommandBar_B_8":"c96c9185-9ebb-46b2-bc55-80902ef25f69","PACo_Header_A":"12d37f5c-116a-4a1d-91d7-87844a76f7a5","cntr_Header_A_DropShadow":"acaeb0f9-c012-4e8c-8264-85e9b2c57231","html_Header_A_CSS":"a22e88bf-1b31-4c03-a2f6-d6d2bbae54b6","shp_Header_A_Background":"3cfea0d4-ca53-4013-931d-e8703a36294a","lbl_Header_A":"6d9b4d1a-2e87-4e38-849d-b288c3a1362b","img_Header_A_Back":"fde50ebb-9151-49af-bf6e-db2cdc4c3c8f","icn_Header_A_Back":"9382ebc1-1723-4075-8fea-3c59c2c97744","img_Header_A_Nav":"8688ca84-ac78-4e49-b935-45d65e4a79f3","icn_Header_A_Nav":"4ce6a00d-d59f-46e1-99c4-23b3f0f48cbb","img_Header_A_LanguagesMenu":"4587dcfd-af2a-4107-ac21-72f6d6891ecf","icn_Header_A_LanguagesMenu":"37d1ca17-4c75-4be4-95ec-2bbf02533fd4","img_Header_A_Help":"b32f1997-ae5a-450a-9731-259b02ba5e94","icn_Header_A_Help":"815d3a1b-855b-4ff8-bc21-641210823ecf","img_Header_A_SettingsMenu":"d5cd982f-0dc4-45f9-9e3b-95b1a91170b9","icn_Header_A_SettingsMenu":"7f502bbc-65f2-464f-972c-9bd38b7ef1cb","img_Header_A_Logo":"5a215293-10df-417a-ba66-85b9a67ad1d6","icn_Header_A_Logo":"b7f9f710-64e9-42c2-97c9-4b85660872a0","PACo_Info_B":"d6d8877b-b8ef-4858-bd77-f53537135a8f","cntr_Info_B":"bce313e9-0d71-4acf-8a05-79e12770bcf9","html_Info_B_CSS":"552fc3e2-0caa-4007-bae3-8f70a7339c42","cntr_Info_B_DropShadow":"85046c68-50a7-42f5-90e9-abc3992202ab","shp_Info_B_Background":"de7dc3ae-ae67-4f24-88b9-4d299b014f93","lbl_Info_B_Title":"927015a3-82dd-43a6-8758-a71915d4115f","shp_Info_B_Divider_Title":"fa88845f-5530-48df-966e-3f26061f8b0b","lbl_Info_B_Message":"b9819601-1a77-41f9-91af-6ea0f2a401bc","html_Info_B_Message":"298eb0c1-3a91-46ca-a5aa-5710e8137d86","shp_Info_B_Divider":"5e6a992f-7cc4-4c72-ab4a-beb411bfb32c","img_Info_B":"ce1dda89-73dd-4239-8d1b-e4cd79e58230","img_Info_B_Left":"d0cc6994-153e-469b-8aac-588e742ad321","icn_Info_B_Left":"95f74231-9eb3-4043-bc8f-bb662f88c48b","img_Info_B_Right":"6984a6f2-780f-4952-981d-7910404badd6","icn_Info_B_Right":"84e3b084-0b38-4329-884e-d0037e1c1814","PACo_Log_A":"d800311c-484f-4ac1-ade8-ad4e67a2cac0","html_Log_A_CSS":"9c800c7a-c34d-44bf-88d8-a32a84df13ad","cntr_Log_A_DropShadow":"c1223c3d-5ccf-44da-9bff-4218f6dd9654","shp_Log_A_Background":"7f2d885d-5445-492f-8549-06b27d50f7ec","gall_Log_A":"8fb1b42f-8881-441c-8e8c-aba58ec2262f","galleryTemplate1_5":"7be2d9ed-a5fb-4a89-9d4a-84ce611d01d1","shp_Log_A":"7e8e0958-847e-4727-92c6-b14c52153a17","icn_Log_A_Gall":"e3c273f7-2fe0-4663-b7e8-1aa477d1c0b9","img_Log_A_Gall":"8834c875-3ac8-4524-aacd-e68b183c8c6d","lbl_Log_A_Gall":"6952e0f0-7f64-421b-95de-32d1e7693510","shp_Log_A_Gall_Divider":"31851482-a1fb-4d01-8ded-dc4184139968","PACo_Tile_A":"6adc04e2-2f88-4a78-b9e2-e302d3d02999","html_Tile_A_CSS":"ca8e8310-d2df-4945-a374-309bc9964546","cntr_Tile_A_DropShadow":"a90c3a96-c82e-4a17-8cf0-4d234e5a835b","shp_Tile_A_Background":"4a1563c2-4081-4b45-9d8a-4747f2ad6526","lbl_Tile_A_Text":"e4312582-cc8e-4ed9-9f56-d1599a144583","icn_Tile_A":"f95fec6a-cb7e-4aed-a9f5-3440b6a3bdd1","lbl_Tile_A_Value":"bd570a41-e1d9-415c-a486-1827e927e370","PACo_Spinner_A":"1a436a68-8aad-46b3-8ad8-4eb8254acaeb","img_Spinner_A":"98bf86de-13e5-49cf-91bb-7274beb721fe","lbl_Spinner_A":"662b4ef6-595a-4e35-9457-3c064a7c1645","PACo_CommandBarMenu_A":"bf51b450-c7eb-4c05-a926-1449823a41f1","html_CommandBarMenu_A_CSS":"35bc2efa-a1a6-4c91-850c-f0c4dbaaec46","cntr_CommandBarMenu_A_DropShadow":"3c89b00f-2aea-4676-8a72-342ce0962192","shp_CommandBarMenu_A_Background":"5ab3b9ba-b114-4d87-8cbc-86a21165a01c","gall_CommandBarMenu_A":"52474099-091f-4a60-b7d1-e914b1f7ca76","galleryTemplate1":"0b0f69b2-58a3-4e55-8362-5d291d8babdc","shp_CommandBarMenu_A_Gall_Disabled":"d014102d-592f-4f50-b0f0-3c1a0e868591","img_CommandBarMenu_A_Gall":"569e644d-e32a-4dd8-8525-8a80243f7d23","icn_CommandBarMenu_A_Gall":"0c8c9b18-8a81-491e-a520-4eb21862518a","lbl_CommandBarMenu_A_Gall":"3f9ad9b7-6cbf-48a0-a7b3-45f40f6fe55e","shp_CommandBarMenu_A_Gall_Divider":"a58e6dee-8e0d-44eb-8b93-609175861b6f","Home Screen":"0561c41d-db52-413c-bfcd-9b275656ecd2","btn_Home_Start":"58fa71dc-9067-4310-9c1d-9e35c6090b21","btn_Home_Start_PACo_Breadcrumb_A":"ebb49779-350e-43a5-98f3-56ac686b6462","btn_Home_Start_PACo_Button_A":"121f493f-47fd-42f4-b2d6-aa2f0b612859","btn_Home_Start_PACo_CommandBar_B":"e6221704-c394-4b86-90f7-d406a42c648d","btn_Home_Start_PACo_CommandBar_Item_A":"6bb326ee-210c-40b2-ad45-065c4f76b281","btn_Home_Start_PACo_CommandBar_Shimmer_A":"62516faa-6a31-4379-92f3-8f75d1b347bd","btn_Home_Start_PACo_CommandBarMenu_A":"8697644b-c270-4e6d-a212-e09a756d3ce7","btn_Home_Start_PACo_DetailsList_A":"77e56361-7085-4489-bdd9-034ee4541d50","btn_Home_Start_PACo_DetailsList_B":"d9909d9b-5d6b-4c1e-8cf6-d89311c0ed90","btn_Home_Start_PACo_DetailsList_C":"9d3ec832-bbc7-47f2-9daa-830fb4b2c964","btn_Home_Start_PACo_DetailsList_Shimmer_A":"131a4f8b-541b-472b-b1c1-2949b4c2a5ce","btn_Home_Start_PACo_Dialog_A":"6461ce23-a03b-42b2-8596-a4208c8c19a8","btn_Home_Start_PACo_Dialog_B":"1845d91d-00cc-46dd-982c-7205095c3030","btn_Home_Start_PACo_HeaderLanguagesMenu_A":"c783f04e-22f9-4d31-938c-38c622347fa1","btn_Home_Start_PACo_HeaderSettingsMenu_A":"6671ca25-733b-446f-9c55-6df1f131fbc5","btn_Home_Start_PACo_Header_A":"3c6312eb-b6a0-4ca3-8276-1715c6b6a00b","btn_Home_Start_PACo_Icon_A":"22c7c623-7eef-411f-a4ec-4436bb1fbd7d","btn_Home_Start_PACo_Info_A":"06c98fc1-0797-48a9-b96b-33993e2b3a40","btn_Home_Start_PACo_Info_B":"4ac3324a-6f0f-4d81-8655-4e89b8e60e43","btn_Home_Start_PACo_InformationBlock_A":"f1045050-bd29-493a-ad13-6f0dd956802d","btn_Home_Start_PACo_Log_A":"f157a969-6ef3-423f-ba23-2c1965e9e524","btn_Home_Start_PACo_Nav_B":"14d8fd08-6a4c-470e-a9c3-4da6b657fdc8","btn_Home_Start_PACo_Nav_C":"12cf875f-9896-48da-b240-7b514611904e","btn_Home_Start_PACo_Panel_A":"04fbcb67-3b25-4087-ba92-e6a3afbd8bd4","btn_Home_Start_PACo_PeoplePicker_A":"d64fbf9f-cdb6-4da1-8e82-1d38eabba713","btn_Home_Start_PACo_ProgressIndicator_E":"01fc74ae-8803-4bbb-9e04-6ca64350a720","btn_Home_Start_PACo_ProgressIndicator_F":"e3318ea8-d9c3-4b18-9e4e-6c56b4e14921","btn_Home_Start_PACo_ProgressIndicator_Shimmer_A":"bb2db2f8-50cf-49b5-9901-3db3883b2994","btn_Home_Start_PACo_ProgressIndicator_Shimmer_B":"898a7d2d-e1ec-4cac-8461-6162099b250b","btn_Home_Start_PACo_SearchBox_A":"a2574cc7-c771-4b22-a4e8-56ae0a4b47b5","btn_Home_Start_PACo_SelectList_A":"a975c4d3-cb1e-4ffb-91d7-fb00c4ae7ea5","btn_Home_Start_PACo_Spinner_A":"76da0f97-db8b-40ca-ac60-6d2a9572f936","btn_Home_Start_PACo_Tabs_A":"97f791c2-d2eb-4032-9d89-da3bd7b8c2e8","btn_Home_Start_PACo_TabsMenu_A":"08692fc6-f35b-420a-a651-28c5293e4e16","btn_Home_Start_PACo_Tile_A":"61b8c1a9-6bb2-412a-9fc4-80d2eb4b609b","btn_Home_Start_PACo_Tile_B":"9c8a0001-2c31-4cbc-9970-0b8aefb28146","btn_Home_Start_PACo_Visualization_A":"47339ca7-550e-4d7b-ba9f-e9abafc5935d","btn_Home_Start_PACo_Visualization_B":"6d2b6927-883c-41c2-9947-aa85367619ef","cmp_Home_PACo_Button_A":"f095ac11-ac49-4423-8300-2e36d3011c55","PACo_Breadcrumb_A Screen":"7c3be7da-6baf-45de-95d4-9ed77afb0b0d","cmp_PACo_Breadcrumb_A":"aed46349-e8e9-490f-88a7-fd63d4067573","PACo_Button_A Screen":"a204b943-6ee5-454c-a2e1-9c754124af54","cmp_PACo_Button_A":"8a3ac751-c2ef-49bf-82ca-8161591b520c","PACo_CommandBar_B Screen":"ccb5f0cd-c585-4f8a-8c32-dc0cd3e68cf1","cmp_PACo_CommandBar_B":"e9cafe51-b73d-4633-bb3c-9244313dec69","PACo_CommandBar_Item_A Screen":"459ff6a5-0518-41a1-81aa-2d63fa5973f8","cmp_PACo_CommandBar_Item_A":"b2a0ee6f-9856-41b4-8239-a9a57fe28a57","PACo_CommandBar_Shimmer_A Screen":"35c6b1f1-a030-4601-aeeb-3400c77a28f0","cmp_PACo_CommandBar_Shimmer_A":"d5a77ee2-4754-4b94-b3c4-47000c038f2c","PACo_CommandBarMenu_A Screen":"f4359254-2c5f-4b9c-b443-f08ead6b589b","cmp_PACo_CommandBarMenu_A":"25d2faf0-6781-46e9-97e8-a489fbca1f6f","PACo_DetailsList_A Screen":"5963364e-753d-4f7c-ac05-2e0e96e0e4b7","cmp_PACo_DetailsList_A":"3a3240c9-943c-4b77-bf5a-a46e8e4d70a7","PACo_DetailsList_B Screen":"bc80198f-6aca-44c5-b639-524713ca07f7","cmp_PACo_DetailsList_B":"3ac6a089-bfa2-412b-b29b-f0b752f6620a","PACo_DetailsList_C Screen":"b495e5e7-b352-4cea-a0d0-9e797709d0ea","cmp_PACo_DetailsList_C":"3960cc56-94bb-48d4-8509-cb5b2507ec5b","PACo_DetailsList_Shimmer_A Screen":"bb16cde0-87a3-491a-8b5a-0620c3b2e816","cmp_PACo_DetailsList_Shimmer_A":"19b8e5e2-e32f-4b60-98d7-a06443330276","PACo_Dialog_A Screen":"ecbfb33a-6648-4a75-8825-3aed49e1d8c9","cmp_PACo_Dialog_A":"9bc5f299-c76c-4f2e-bfcf-4c790e3c8a6f","PACo_Dialog_B Screen":"935994f8-e828-4a09-ab8f-3df9f033dbdb","cmp_PACo_Dialog_B":"97425375-c325-48cf-b1ee-092a238d1679","PACo_HeaderLanguagesMenu_A Screen":"28b49850-c4fe-45f9-875f-010c4930e31f","cmp_PACo_HeaderLanguagesMenu_A":"5291f67a-4cec-4da6-8070-72b83bee2cad","PACo_HeaderSettingsMenu_A Screen":"a7121e58-c107-497b-a345-76f0f7d2a607","cmp_PACo_HeaderSettingsMenu_A":"7621d1e8-85d5-4472-bf5b-d3f3b0da8569","PACo_Header_A Screen":"cd70264e-5a37-474f-88b1-a0181a1e74b2","cmp_PACo_Header_A":"7a6fc4dd-26d3-40d8-9600-6f9e35d0bf5f","PACo_Icon_A Screen":"38ea7be6-4516-4e42-b613-c53213076f9b","cmp_PACo_Icon_A":"9db3890a-f3ea-45d7-b09b-e7d8e30fbdf7","PACo_Info_A Screen":"cabe019f-a536-4bb1-9ddb-864cc97726fa","cmp_PACo_Info_A":"6ead472a-00bf-4736-b33a-2c644418a7eb","PACo_Info_B Screen":"195db214-21c4-4d8d-823a-cf8084c45250","cmp_PACo_Info_B":"c4b5ae83-e899-4b80-a7c4-4d3151185289","PACo_InformationBlock_A Screen":"f6050ca3-a5b3-4ae3-8fe0-b74d668cc935","cmp_PACo_InformationBlock_A":"b1162186-350b-461c-b416-f5c808e6ce29","PACo_Log_A Screen":"419fc09d-e3ac-4336-b3e2-d1ba56688096","cmp_PACo_Log_A":"8f11b4b2-4b20-4c05-adfd-53224b8ad44f","PACo_Nav_B Screen":"7ce3b1b5-ce52-4512-a77f-71bb1b81be17","cmp_PACo_Nav_B":"ce216cd0-7cf6-496d-8e5e-c579550cae82","PACo_Nav_C Screen":"0846955f-36f1-4b72-a30d-d902dbb92f22","cmp_PACo_Nav_C":"99333f63-baf3-4f41-80f9-414fa3e9e6da","PACo_Panel_A Screen":"df94ae4a-3753-4208-b283-dc8fb3f23dfe","cmp_PACo_Panel_A":"a0f475d7-f309-4f40-b334-17e013de1943","PACo_PeoplePicker_A Screen":"f2541491-c13a-4cac-85e4-28ca92d05f8a","cmp_PACo_PeoplePicker_A":"d52acf9a-8c92-428b-b819-2df1306d051d","PACo_ProgressIndicator_E Screen":"9c23677f-52e5-4597-b332-24d564fddf4e","cmp_PACo_ProgressIndicator_E":"29f4ad68-ff72-4857-978a-35eb80131517","PACo_ProgressIndicator_F Screen":"9e2a9237-95e1-4866-ad64-8b5e0fa34bfc","cmp_PACo_ProgressIndicator_F":"38a0cbb0-624a-4b39-9295-f4ef46efbcbb","PACo_ProgressIndicator_Shimmer_A Screen":"381fc40c-52e7-4d7d-8cd9-1a747f2ff076","cmp_PACo_ProgressIndicator_Shimmer_A":"03f14076-e67f-4ba7-811b-6f543b4a72c2","PACo_ProgressIndicator_Shimmer_B Screen":"5770df54-462f-4733-b36c-1a6b13e7d961","cmp_PACo_ProgressIndicator_Shimmer_B":"87c19f25-1a37-4a45-b6b7-37fe723886ec","PACo_SearchBox_A Screen":"01c50f61-94a1-41dc-947c-492446d9d8dc","cmp_PACo_SearchBox_A":"2f2e4daa-cc6a-478a-82be-c532999d4ce0","PACo_SelectList_A Screen":"849dbaba-d445-4902-a446-86b0b5bdeb72","cmp_PACo_SelectList_A":"3839d12c-71b3-4024-839f-9b18ea4c1c64","PACo_Spinner_A Screen":"7c5ee38c-5750-4849-a1d5-a8bed0f3f7f1","cmp_PACo_Spinner_A":"6a3915e9-5b11-42c0-836e-f61b277af2a7","PACo_Tabs_A Screen":"44d50413-56f2-4161-9684-2d8d467f472c","cmp_PACo_Tabs_A":"6e71d1e4-8381-4db9-8af3-da685968f538","PACo_TabsMenu_A Screen":"8f1cc698-b221-4650-898a-bb1f7af7c035","cmp_PACo_TabsMenu_A":"1e36c4d2-7351-47ed-b870-f88d2238afc9","PACo_Tile_A Screen":"db7c9304-9dc6-46c1-9714-dc5f3e05c9e6","cmp_PACo_Tile_A":"d61e8682-45bd-40b9-b246-8282bc41987b","PACo_Tile_B Screen":"113293aa-4530-47ff-9083-1b4eed5cec65","cmp_PACo_Tile_B":"8e3a7ea7-04a7-4372-97c8-69a54fa22f98","PACo_Visualization_A Screen":"ebb20996-6bd1-4653-8ab0-5901a91cad22","cmp_PACo_Visualization_A":"67d85889-51e0-4e39-a860-9f3c478109ea","PACo_Visualization_B Screen":"da34d040-1e2e-4925-a4a1-c1f53255efeb","cmp_PACo_Visualization_B":"7d9dbe07-1eee-43e7-8d53-f690e1cf694d"}