{"__Version":"0.1","App":"69c81fb7-1711-467c-9d60-85b8a346eb15","Test_7F478737223C4B69":"fd241787-4f30-4af6-a853-8cd25a4898c6","Host":"b6c9af76-dfec-451e-8c81-e504ea2d139d","PACo_CommandBar_B":"9e89c68b-c21b-4c7f-9b95-c7a8395ddbf8","html_CommandBar_B_Visualization":"a44e2f35-74d7-462f-9f01-f2e41048edaf","shp_CommandBar_B_Visualization":"ef01e11c-6ef8-4706-ad7a-91e4d3c27d56","cntr_CommandBar_B":"1f947c6a-b8e3-463b-b2e9-84d452314576","img_CommandBar_B_1":"189ad506-04a6-4faf-8bbf-10f112ceadc1","icn_CommandBar_B_1":"0950aef8-5b4b-4f61-9b5a-76503cf57cb9","lbl_CommandBar_B_1":"83339572-19d5-42e0-8297-488b82fbc330","img_CommandBar_B_2":"a7336675-5fc0-4d36-880d-4bb22394d66a","lbl_CommandBar_B_2":"948ca115-20c7-421a-9f1b-40e05f425bc2","icn_CommandBar_B_2":"f0b4f476-a923-4e1b-b63c-a42b6bf33216","img_CommandBar_B_3":"5280c752-ea50-4b16-bc78-b0d711155dd8","icn_CommandBar_B_3":"7478b17c-9f7e-462c-80e5-eb68474db195","img_CommandBar_B_4":"01f455af-cb31-4292-882e-96ab36ae5edf","icn_CommandBar_B_4":"0fdae59e-8085-4aca-9e8c-50a4003a6292","lbl_CommandBar_B_3":"a8e74456-673c-473e-80d8-e5862c1a29bc","lbl_CommandBar_B_4":"0578a564-bbf8-493a-8210-9969837bf166","img_CommandBar_B_5":"e4b8150a-a766-4592-bdea-d98cccc73169","icn_CommandBar_B_5":"c1b13591-59c6-4a6b-94d0-3644138f9184","lbl_CommandBar_B_5":"177405ae-b0e8-4cf5-851b-ace68202a083","img_CommandBar_B_6":"155c2e86-cd8c-41bb-824f-70619bddd385","icn_CommandBar_B_6":"a6a71d72-1933-49e6-8e5c-39f56d913d67","lbl_CommandBar_B_6":"6c4a3d36-4556-4d2a-aefa-6721fb72be03","img_CommandBar_B_7":"d1e26693-f2e9-472a-acd7-52fbe84cf1d4","lbl_CommandBar_B_7":"d804f416-8313-4d30-9d9a-4f9e69f8e96f","icn_CommandBar_B_7":"579c138a-9316-4e1b-b781-c95e847dffa0","img_CommandBar_B_8":"ed2f6b71-bba1-4624-850c-8a4d4942f3f0","icn_CommandBar_B_8":"0c1b052b-878b-44d9-936f-53e8e113dd26","lbl_CommandBar_B_Menu":"546272e1-60f6-46cb-a3b5-dacf85df869b","icn_CommandBar_B_Menu":"9a5442f7-3324-4abd-b576-72f374c140a7","lbl_CommandBar_B_8":"bdd7d9e5-22f6-436c-8c5e-15dc51954125","html_CommandBar_B_1":"6c736f9b-6e0f-4034-9372-2478f81e7f4f","html_CommandBar_B_2":"da76cab2-3ee4-4687-88f6-6cf4b7e8d174","html_CommandBar_B_3":"4325c886-39e5-40ff-b313-8c7d95e7d351","html_CommandBar_B_4":"f4c18af5-c7bc-4d4f-a5e0-4f4c5efae8d4","html_CommandBar_B_5":"0ef1bef7-1fc9-4841-a4e9-9e378affe387","html_CommandBar_B_6":"43b7bb78-6ad2-4063-bded-23c2613192d4","html_CommandBar_B_7":"1df78cf5-c7be-4af0-beb5-998fa82738a4","html_CommandBar_B_8":"b5eae35d-b6e2-4a6d-912a-250ec27e1521","PACo_Nav_B":"1b599e7b-f006-4a4b-b641-8f2b2ee46f4b","html_Nav_B_Visualization":"1d1a2bf6-dfdc-4814-9e1a-075707108bbc","shp_Nav_B_Visualization":"19e0012a-b3e6-41b1-85a2-c42190572a3d","gall_Nav_B":"036ddf97-27cb-40a2-ab01-a1eec550ab5b","galleryTemplate1_3":"d5d061e4-2cd7-4881-b5c3-884e4b38bb13","shp_Nav_B_Gall":"cdcb4596-e9a8-4bd1-8941-60baa06e6577","img_Nav_B_Gall":"703d2dcb-fde0-4905-b833-5194f8310f2c","lbl_Nav_B_Gall":"d728d32e-3601-4fd0-9d7c-cd7d3c8a1687","icn_Nav_B_Gall":"aa8fd57a-947d-433b-bc32-e53abbe01eed","shp_Nav_B_Gall_Divider":"cf41fd23-fd7d-43cb-a64d-75b8b5a59798","PACo_Panel_A":"7a1d06f8-b2e4-4b67-ba42-d828a175210e","html_Panel_A":"ab137522-fc7e-4d2b-8086-efa820184d88","shp_Panel_A_Area":"968e1c5c-3dd4-49b8-946d-9bd1f72be842","html_Panel_A_CommandBar_Visualization":"13fc760a-2dde-45bb-bffd-879dfbcd09f6","shp_Panel_A":"34022682-640a-44cb-ae46-3669c62a8949","shp_Panel_A_CommandBar_Visualization":"2a3c8d63-3853-4fc7-9a88-5e6158131878","cntr_Panel_A_CommandBar":"cc84da85-fc06-447e-b4a7-579c6dd7134b","img_Panel_A_CommandBar_1":"9c447048-54ab-41d3-afa0-61c1d295d509","icn_Panel_A_CommandBar_1":"3d22d564-a64f-4249-884f-9f6db2694773","lbl_Panel_A_CommandBar_1":"57083d96-fd60-4f69-b042-fb44fd0df1d6","img_Panel_A_CommandBar_2":"c38c7aae-ca5c-4cb4-9be2-a77f4476c3cf","icn_Panel_A_CommandBar_2":"e46f0570-8eaa-455d-bb19-47e6a80e894d","lbl_Panel_A_CommandBar_2":"b4ec92b6-55ea-420c-8f0e-f497b45d2b69","gall_Panel_A":"607fd77d-287a-48f7-9436-4a0295e56f6b","galleryTemplate2":"1f89c11b-bf91-4d60-ab59-705db2f87f4b","lbl_Panel_A_Gall_Label":"aeea636e-060f-4101-a1ec-4cac5de0359c","lbl_Panel_A_Gall_Text":"9dc26eed-6c83-4fcc-8537-0e302e1a89cc","cntr_Panel_A_Button":"6e62ece2-628d-45bb-b94a-c0a2bdf60598","shp_Panel_A_Button":"8bccd43d-0884-44bb-8287-7556e2a73f59","icn_Panel_A_Button":"bb533172-ec48-4f5c-9202-3027cf9fd05d","img_Panel_A_Button":"5ebd3e21-f1bc-419f-92a5-b3a6c3784edc","lbl_Panel_A_Button":"d8235cc2-918e-47b3-b998-683747cab63f","html_Panel_A_Button":"a5fecf38-ea79-4a76-a7d5-841045b330ac","html_Panel_A_CommandBar_1":"fdb66623-8628-4409-b564-559bee172d08","html_Panel_A_CommandBar_2":"be1db58f-20de-44e5-8acf-312d51ea9b40","PACo_Dialog_A":"e62505ee-13b0-469a-9c4f-d797bacd2efe","cntr_Dialog_A":"e554c42a-311c-44ba-a2e8-18472d8796f0","html_Dialog_A_Visualization":"07909775-f807-4a44-8da8-66d807933df8","shp_Dialog_A_Visualization":"65b4911d-f742-4255-bae4-91af536ad6cb","shp_Dialog_A_Area":"a956c337-dfb3-4cb3-a7d0-346e963d6c17","lbl_Dialog_A_Title":"44a71eca-7668-4801-b14d-f59a11a285ea","lbl_Dialog_A_Message":"1b33ca53-6f9f-454a-84ea-925724729fc1","html_Dialog_A_Message":"c43ab3a5-3459-4b97-96a6-082b8e5d72f6","cntr_Dialog_A_Button_Last":"d1f27bd2-1c54-4b81-83cb-e2c39a401341","shp_Dialog_A_Button_Last":"a60b1bdb-b92b-41e6-a255-bae9dc146a0f","icn_Dialog_A_Button_Last":"37ad870d-a9d2-4f7a-a81b-ff3f20bc5389","img_Dialog_A_Button_Last":"9e348c6f-8dbe-4912-b339-1172847fb2c2","lbl_Dialog_A_Button_Last":"60a2d3e7-be37-4d6b-b0ee-710513ed8d2d","cntr_Dialog_A_Button_First":"1b9dcfbe-079a-47f3-9ac3-2ba5acf61bba","shp_Dialog_A_Button_First":"f4d293fd-fc6b-49b4-a73d-f4e2b43925dc","icn_Dialog_A_Button_First":"c090d4b0-4663-4e96-9e28-60e684aaad3b","img_Dialog_A_Button_First":"9929c413-e4e6-44e5-9fc9-35e7e553b1a0","lbl_Dialog_A_Button_First":"6214a77c-46f2-487e-8789-e545ef0ef71a","html_Dialog_A_Button_First":"c0c3dc0b-da5b-4460-8906-a4796586964e","html_Dialog_A_Button_Last":"73d2f20a-1b42-4556-bb61-bf428effc3a5","PACo_HeaderSettingsMenu_A":"1cd7b745-9916-4bfe-a7c1-87c2660fe88d","html_HeaderSettingsMenu_A_Visualization":"5e768975-0466-4c46-9dd9-5233e78483a0","shp_HeaderSettingsMenu_A_Area_Visualization":"3ec3feeb-0a73-40b0-8a22-ff11e2221161","gall_HeaderSettingsMenu_A":"d22353f7-246f-4cbe-a9c0-4ed6adf61754","galleryTemplate1_2":"06cf8b6b-7668-4139-89ba-2e0373f11f71","shp_HeaderSettingsMenu_A_Gall":"31087eb0-d8ec-4e90-84fa-3f0a93130f6b","lbl_HeaderSettingsMenu_A_Gall":"2c743006-3f9b-436e-8efa-4a10f838b9c4","icn_HeaderSettingsMenu_A_Gall":"e16f762f-7111-4bfb-a261-9276f8cc1886","shp_HeaderSettingsMenu_A_Gall_Divider":"abe6b8e0-3ee1-4c53-bc8d-af045a2fb449","shp_HeaderSettingsMenu_A":"1e7ce1a5-6cf9-4c25-b159-0658eeb354b7","PACo_DetailsList_B":"2008d966-c708-4036-ab62-f423083a24e2","html_DetailsList_B_Visualization":"d57003e2-ebf5-4a23-9080-c91d721a7d9d","shp_DetailsList_B_Visualization":"db2e97ac-9463-4d49-b769-4f121b9a35f0","cntr_DetailsList_B_Main":"944efca9-1496-4633-86a5-d11c3b5ea63a","cntr_DetailsList_B":"b91ec387-496e-4e07-aceb-b4a7cc9a4e8d","lbl_DetailsList_B_Header_1":"95e9b670-6851-4d9e-a5df-e9b106174c68","icn_DetailsList_B_Header_1":"dd5149e7-5a29-4eaa-b24e-f1f00181d3a5","cb_DetailsList_B_Header":"55a178ad-e4ac-41b6-99c9-3a0ff85b33c7","icn_DetailsList_B_Header_Sorting":"63c20f70-810e-4c4a-b9e6-25aa67bac3e9","lbl_DetailsList_B_Header_2":"c2947831-ff87-4d9b-8778-99d8ad722868","icn_DetailsList_B_Header_2":"9f42f570-6383-47f5-8e5e-c0eeddb9df26","lbl_DetailsList_B_Header_3":"6949b996-7fef-4303-8184-fa843d1aebe2","icn_DetailsList_B_Header_3":"1e64bb58-4eef-46af-aa5e-d378a05009b5","lbl_DetailsList_B_Header_4":"cc7da56e-40f9-4343-b31b-7ebb362cbe43","icn_DetailsList_B_Header_4":"42879baa-0305-4784-adf3-126d36d9f53a","lbl_DetailsList_B_Header_5":"59f3198e-a322-4d74-a0d3-4d4145469e24","icn_DetailsList_B_Header_5":"5c3b71b9-fde4-4bcd-b254-864655a86c14","lbl_DetailsList_B_Header_6":"4dc40c3c-0416-4c4e-9f20-90dd5df86ef9","icn_DetailsList_B_Header_6":"a78b9b8b-5924-4dd2-8496-05bbf6f20e1c","lbl_DetailsList_B_Header_7":"acd58b87-a94d-42ec-acc0-270bc5cd6d49","icn_DetailsList_B_Header_7":"d71b5942-90ab-4efc-9e3a-d570e693e49b","lbl_DetailsList_B_Header_8":"5b98e2c8-60ff-4964-bb2c-84f67b7e9dd5","icn_DetailsList_B_Header_8":"3877c296-d2c1-4e49-aa69-d5004b586bf7","lbl_DetailsList_B_Header_9":"8fe3bd7b-015a-45c9-817c-fa83ebd72de9","icn_DetailsList_B_Header_9":"3c502fc6-725b-448e-a1ff-4f4893174fa0","lbl_DetailsList_B_Header_10":"3096e373-3e9f-45d6-b7ee-49f9b2701002","icn_DetailsList_B_Header_10":"12c630b9-9175-44de-a2a8-3f5927fb4fbd","gall_DetailsList_B":"74d9f5f6-c38f-4fd7-b235-79d5cc2f8f14","galleryTemplate2_4":"9ad2e906-5593-4fcf-a928-d728c632f973","lbl_DetailsList_B_Gall_1":"b2e216ee-a44d-43f3-881c-a178854b4b3a","cb_DetailsList_B_Gall":"410d44a7-58c3-4db7-929e-2a8941992295","lbl_DetailsList_B_Gall_2":"5e7d05b4-3073-43ef-b382-4362b2a78f6d","lbl_DetailsList_B_Gall_3":"501a7376-dede-49c4-a3f6-470d35572a19","lbl_DetailsList_B_Gall_4":"c59d765c-4d76-4153-8806-46388ad031f0","lbl_DetailsList_B_Gall_5":"37da340f-2b35-4c52-b31b-641f4868000c","lbl_DetailsList_B_Gall_6":"21a1dd5d-2152-4100-ada2-9c6c87ef9c89","lbl_DetailsList_B_Gall_7":"96eedb9f-651e-4806-b4ca-591bc2d5a1de","lbl_DetailsList_B_Gall_8":"3a7b6063-bedf-4933-b42c-219c0073e341","lbl_DetailsList_B_Gall_9":"efc03242-6ab4-4564-988d-1073cd08ae65","lbl_DetailsList_B_Gall_10":"57cd234f-4503-4007-8ba8-5375313b1dba","shp_DetailsList_B_Gall_Divider":"55aa7319-e336-4e72-b201-7d30b8d8476b","PACo_ProgressIndicator_B":"c7d6a58d-9f49-49ae-ad8b-9c186af033c3","html_ProgressIndicator_B_Visualization":"3ebf654c-840c-422f-bce9-bfd674a94e8d","shp_ProgressIndicator_B_Visualization":"3d95b879-a126-4c6e-bb75-6ca9a28491d5","gall_ProgressIndicator_B":"a1be83b0-55f5-4895-9ca4-af3bfb532316","galleryTemplate1_4":"0bd4dbe4-23e2-4016-b246-459b3444d1d0","shp_ProgressIndicator_B_Gall_Circle1":"9d1ec94c-1342-4470-bf3b-6bf804b0e18b","shp_ProgressIndicator_B_Gall_Circle2":"e57fcb24-beef-4fb7-a4a7-b7a5f5ed0543","shp_ProgressIndicator_B_Gall_Circle3":"508ccae8-cd77-47e3-a41e-b55bc274791d","shp_ProgressIndicator_B_Gall_Left":"453f179b-e7c9-43f7-8fce-fc30b8e7947e","shp_ProgressIndicator_B_Gall_Right":"d2f36a89-673f-4981-82ff-a6cb6a08fe68","lbl_ProgressIndicator_B_Gall":"3d3a9281-b33a-4b17-a82e-7549345922e5","PACo_ProgressIndicator_A":"9eecb2ea-f8cc-4a3a-8399-9fa8cea0f519","html_ProgressIndicator_A_Visualization":"d24a42b0-38f6-4376-8f47-b07c12320a1b","shp_ProgressIndicator_A_Visualization":"b385456e-0c2b-48fe-82e7-838077172f22","gall_ProgressIndicator_A":"665862d2-bd9a-49cf-bde0-5b20283cb0d9","galleryTemplate1_1":"31987e05-6172-4f1e-8dab-2169771e813a","shp_ProgressIndicator_A_Gall_Circle1":"533de07a-e66a-480b-925e-eacd4c93f5fc","shp_ProgressIndicator_A_Gall_Circle2":"fb55fa9e-1e04-4fcc-87b7-6153c5a6de7f","shp_ProgressIndicator_A_Gall_Circle3":"48e459b4-7816-4a65-b7cd-f0b33e3916e9","shp_ProgressIndicator_A_Gall_Left":"6c6d5072-698a-4362-83ce-2c230a627325","shp_ProgressIndicator_A_Gall_Right":"eebb0beb-a675-4429-942e-2303e29d0a97","lbl_ProgressIndicator_A_Gall":"e72107ee-748b-4a2e-913a-3a731b91a2cf","PACo_CommandBar_Item_A":"bd1d48c5-7534-4aa7-8419-1e1b413d8acd","img_CommandBar_Item_A":"34fbe809-9851-465e-9252-bdf1f9c3e60f","icn_CommandBar_Item_A":"d9eb9ee6-3dc1-45b5-9e67-fd76a2d22f12","lbl_CommandBar_Item_A":"30609e2b-d7b0-4359-a5d8-eab79a3ac316","shp_CommandBar_Item_A_Spacing":"5d7c6c67-422b-4793-8cbb-7fe41ea3a164","html_CommandBar_Item_A":"0a83b797-370f-4939-84c1-5b2be085946d","PACo_Tile_A":"d2de14b8-8424-4912-b6f6-397f0fb0398d","html_Tile_A_Visualization":"d4e26b35-240f-4777-a8a7-089f3e158597","shp_Tile_A_Visualization":"624a04c6-8fee-4a07-92f0-f4ceff0d366b","lbl_Tile_A_Text":"c77b47d9-0aaa-4624-8c42-7d48ec7a9857","lbl_Tile_A_Value":"1fe64085-30a8-415e-9175-9fe0974da524","PACo_Spinner_A":"c6846359-7ef7-4005-b159-b78eb4d375b3","img_Spinner_A":"388f384d-bf9f-4da9-8b74-c23f4f55b00f","lbl_Spinner_A":"1a552b63-b435-448c-83b9-21ffb852f6fc","PACo_CommandBarMenu_A":"304030c6-84f3-4121-9c97-a64800f9a925","html_CommandBarMenu_A_Visualization":"d1a9d4a4-e469-4b57-b7f6-e30d76efecfe","shp_CommandBarMenu_A_Visualization":"99bc7d7a-9cc0-4115-a4de-3e56082dce13","gall_CommandBarMenu_A":"0c2ee542-4680-43cd-ba3c-8853a27fcf56","galleryTemplate1":"a25abe52-ecd5-492d-bdfa-30ee327a064d","img_CommandBarMenu_A_Gall":"41e72329-c7e9-4e85-b227-02b9e44a530f","icn_CommandBarMenu_A_Gall":"33e8cdaf-cc3b-4b55-80db-7c1b94977b47","lbl_CommandBarMenu_A_Gall":"4a8114dd-a238-4a44-8d1f-efc899f74d05","shp_CommandBarMenu_A_Gall_Divider":"20053a78-1154-4c3d-8d03-3ef34cb8f2ae","PACo_DetailsList_C":"cdce1d4b-b7e4-4974-8e62-33959936b591","html_DetailsList_C_Visualization":"74e9fb9b-cc31-4806-ae4f-a4cead3d932b","shp_DetailsList_C_Visualization":"6cfdcc29-3a32-45d4-b079-246f35abefe2","gall_DetailsList_C":"372ff736-7c3e-465e-b803-eae0ffd491f4","galleryTemplate4":"b8395d9b-fdb7-41b2-92cf-a5cfc6e60eb1","shp_DetailsList_C_Gall":"8f02b23a-bf07-4b5e-97b1-b6f77bf9054b","cb_DetailsList_C_Gall":"063ea84a-2c05-4adc-b871-7b60e0956022","lbl_DetailsList_C_Gall_Title":"0813a011-6759-48c2-ae2d-fb17bb9da232","lbl_DetailsList_C_Gall_Subtitle":"642cfdcf-b8be-41c9-a12d-b50568355ccf","lbl_DetailsList_C_Gall_Body":"a1c9bfa0-b4f7-48b5-8275-c8db084b6338","shp_DetailList_C_Gall_Divider":"76dcbe9e-b0cc-464e-b3fa-353524b4c81b","PACo_Nav_C":"95db9aad-2472-46be-bc81-ba3cd777e8a0","gall_Nav_C":"81b481c2-0599-430c-94d1-c0e752970858","galleryTemplate2_1":"6febe98c-a684-4a44-9bb1-a3e9e8f0c2ae","shp_Nav_C_Gall":"56c20195-c53f-4f53-85ee-cf6b46fa18ed","img_Nav_C_Gall":"c07e9b02-0e1f-4515-8cb9-4fcf8c7dc81f","icn_Nav_C_Gall":"3bd1d039-2e19-43bd-bc75-80057b33e9ca","shp_Nav_C_Gall_Divider_Left":"8c17449c-3e1e-436e-a614-c478f925a806","shp_Nav_C_Gall_Divider_Right":"600592c1-959f-469c-9c9c-05266c42894e","lbl_Nav_C_Gall":"7dbc8f71-abb8-4cce-842a-411a89880f3f","PACo_Button_A":"7b8e6ba5-0342-4500-8f78-2cc36b76e447","cntr_Button_A":"16c86c5c-7b67-4459-b2ad-72729698fd0b","shp_Button_A":"275dc79f-c059-4a0a-ae1b-ee31700cbf5d","img_Button_A":"8a79ae84-bf00-4746-952c-1b514507c577","icn_Button_A":"277bfa2f-5fef-4136-bd0b-37d4ac5c10a2","lbl_Button_A":"d56fc331-4cec-4e63-ae88-8a890fdcdc2d","html_Button_A":"326852f2-dc39-4d67-86b5-03fc39ac1e42","PACo_Tile_B":"776b313d-97b3-490e-8cbc-fd9a39724010","html_Tile_B_Visualization":"cf6f4482-d6dc-4d45-84c4-a034aef67fc8","shp_Tile_B_Visualization":"c35df247-bb36-4a19-9b27-02fbf23abe9e","lbl_Tile_B":"5e8abd0b-45d2-4160-9547-5920f53eb148","icn_Tile_B":"704bafaa-78e4-4666-a7bd-2634387b144a","PACo_Icon_A":"c9f019e6-4f3f-47cd-9b4d-31395c86a294","html_Icon_A_Visualization":"a40ebe1a-3803-4b55-880a-38d14520163b","shp_Icon_A_Visualization":"dcca85f5-c3a9-4bee-89b1-58910c68b037","img_Icon_A":"e63c997d-7b39-4be7-8deb-4d9d96b0bb4e","icn_Icon_A":"58da8799-9984-4780-b257-50a6c28393e0","PACo_Visualization_A":"2f54af42-4ea9-44f2-9440-1ac62cc55984","html_Elevation_A":"b574867d-421e-4555-af40-afa6cf4741da","shp_Elevation_A":"2fac4da7-93ac-4f4d-842b-e21e4f93baff","PACo_TabsMenu_A":"4f76ffa1-8e2b-4d48-9ded-ec7b4d0af583","html_TabsMenu_A_Visualization":"d3b464ef-3161-4b89-b993-7c520f73b2f3","shp_TabsMenu_A_Visualization":"87431bee-e462-42c4-a4e7-43b8576ac384","gall_TabsMenu_A":"d8879cec-f602-4938-af56-fdbbcebd6016","galleryTemplate1_7":"b80d09c7-fb2b-43d9-bd28-a5ef294c1df8","shp_TabsMenu_A":"0dcb2150-1e6c-4cb3-8e22-f9a50368cd09","icn_Tabs_A_Gall":"01eda666-b74c-4282-95f2-3519118f55cf","lbl_TabsMenu_A_Gall":"441445a1-ca6e-46df-a34d-a821d09bb1a8","shp_TabsMenu_A_Gall_Divider":"772b4b89-ad53-4daf-9c81-5081a3a4dfc5","PACo_Tabs_A":"e0134c05-dcfc-4537-b26a-050d72e5e811","html_Tabs_A_Visualization":"433413c2-7dbb-4486-bae2-b71911a9e20f","shp_Tabs_A_Visualization":"ffb05b03-fa31-4b7e-baa2-adfee9816de6","cntr_Tabs_A":"ad342c1c-1d99-49a8-ba48-2973799b4c63","lbl_Tabs_A_1":"5f237cae-95d4-4170-816c-a6527b34c811","icn_Tabs_A_1":"18fa6cc8-ab0b-47ba-be5b-df1814179f22","lbl_Tabs_A_2":"a3f172a8-a0e4-4522-af95-6f5b74b129a7","icn_Tabs_A_2":"ba70abbd-c8ae-4713-a15b-7e3fbb27ebe7","lbl_Tabs_A_3":"1fde646b-a137-4797-9f3e-98e03d08f267","icn_Tabs_A_3":"a0cef69c-77e4-4db3-af5e-c8c0514e0221","lbl_Tabs_A_4":"236f32ba-fd46-4ac6-919e-d4b1ec29348e","icn_Tabs_A_4":"35a5d02f-2d61-424b-821d-41e71888a07e","lbl_Tabs_A_5":"0e04dd2c-f783-448a-91bb-a05d493b38c3","icn_Tabs_A_5":"db60c00c-f1b0-4590-bf9b-5c8a8cd6c37a","lbl_Tabs_A_6":"950d6dcd-9237-4c48-b68a-58c2e7ec5977","icn_Tabs_A_6":"5b111026-7c9d-440c-b729-fb0f5e65d5c8","lbl_Tabs_A_7":"0286d5f9-a38b-43a9-8610-5337e480b684","icn_Tabs_A_7":"4e376db5-1946-4bec-8818-3180be5e02e6","lbl_Tabs_A_8":"bc22260e-9f93-4908-9d9b-313e329202d7","icn_Tabs_A_8":"5accb498-d248-4b5c-bff9-d2594c07ea13","lbl_Tabs_A_Menu":"a770fb2c-b945-4bd2-a930-85a1be64a18c","icn_Tabs_A_Menu":"fd30c547-6f22-4a1e-861e-3ee43df2d937","shp_Tabs_A_1":"6fa97967-396a-479a-b8ad-86c0b21530ff","shp_Tabs_A_2":"84c3c063-69d4-43fb-b307-032c7a183194","shp_Tabs_A_3":"bee58a37-17d9-44a4-b084-9ecbd1ead58c","shp_Tabs_A_4":"43179ed3-3d5a-4192-bd40-aaa5a559f5a2","shp_Tabs_A_5":"1056fcf5-c702-4662-98b4-8b0bd0c568b4","shp_Tabs_A_6":"f39ef749-8e62-486a-ba7b-56eb46b846b9","shp_Tabs_A_7":"83bbdc72-c6e5-4dcd-91d2-e285131538d8","shp_Tabs_A_8":"f7b692f1-de50-4fe8-ad14-2599e3725bd3","html_Tabs_A_1":"2401341c-8437-48f8-8e04-a0e4d2f6540b","html_Tabs_A_2":"d9fe0910-c05e-4de4-976d-d74c504baa28","html_Tabs_A_3":"27576163-3b0f-4741-b6ec-bf20216000a3","html_Tabs_A_4":"af11734d-a812-4c46-b32e-7d1bb49ed8a5","html_Tabs_A_5":"58ab485b-ea71-484e-b7ed-440ab37b8ea9","html_Tabs_A_6":"3ff15e7c-cee9-43f5-bb85-85b93c16f468","html_Tabs_A_7":"62b78bd3-8450-475b-9769-0e80fc3371e9","html_Tabs_A_8":"902857bf-d879-45f8-8296-2a74b41ddcac","PACo_HeaderLanguagesMenu_A":"32367ecc-74d5-4815-a6c5-5dc518a7bbe2","html_HeaderLanguagesMenu_A_Visualization":"2378626d-7af1-4d7b-b0f1-434961e38fba","shp_HeaderLanguagesMenu_A_Visualization":"307a89cd-ad75-443b-b1d2-f3237ef27641","gall_HeaderLanguagesMenu_A":"5bb843ce-a25d-41f5-bd5a-01215a241ebc","galleryTemplate1_6":"5e3bee90-fa3c-4924-bb0b-ca5730f8b450","img_HeaderLanguagesMenu_A_Gall":"88beb6eb-21a9-4ad3-bd30-0560e351127e","icn_HeaderLanguagesMenu_A_Gall":"84ec6ad1-44b8-47e3-9064-dacbb755c9cc","shp_HeaderLanguagesMenu_A_Gall_Divider":"db745b75-565b-4286-8b01-e6f486d6b5d8","PACo_Log_A":"296f2146-04d8-4cf6-a8c7-509743e826c7","html_Log_A_Visualization":"d149ae69-5437-49af-8f5a-875e396d139a","shp_Log_A_Visualization":"2bae6c8a-53f1-4711-b293-636b0b4366f1","gall_Log_A":"c47e9c63-b828-4b04-b6bb-9896adb29ff5","galleryTemplate1_5":"0761c390-1a07-4c30-9577-3fdf14bd5abf","shp_Log_A":"56017ef2-9ba9-44a5-bd82-7f50ab95d869","icn_Log_A_Gall":"99c54448-931b-405d-aaf8-0734447daa58","img_Log_A_Gall":"a9545896-2d1e-4af3-8340-07ace0be4bba","lbl_Log_A_Gall":"0bcae4b4-a61b-4312-99a6-747b6d5dd3b5","shp_Log_A_Gall_Divider":"feb899d8-889b-4199-b283-bd378a7c5b8a","PACo_SelectList_A":"8e2f738c-d714-43c6-983b-a901d327dce5","cntr_SelectList_A":"cd37a4bc-7f11-4813-81d7-df1e67ee0e14","html_SelectList_A_Visualization":"fa1b3dd1-7d52-482f-b334-ea38819e2939","shp_SelectList_A_Visualization":"0ae50216-4fd2-45e9-aa65-e434e3c266af","shp_SelectList_A_Area":"8104b1c4-0959-4251-89fb-25cb76ffc4b7","cntr_SelectList_A_Search":"2a60ced7-548c-403a-9185-07b6b46aad26","html_SelectList_A_Search_Visualization":"e309aaee-8199-4d7c-b100-76591e755371","shp_SelectList_A_Search_Visualization":"82d63bda-4bef-4322-bd5a-a6f967d24aa0","ti_SelectList_A_Search":"a04dc2f1-e274-40df-8702-f93959e6bf7e","img_SelectList_A_Search":"bc788400-1707-437c-ab83-d98b239f37d7","html_SelectList_A_Gallery_Visualization":"69df794b-f04a-4465-93b1-e807077f884a","shp_SelectList_A_Gallery_Visualization":"ee9a02a9-2d1c-4a2b-89a1-e0b15a56f4c0","gall_SelectList_A":"9fc31bd6-2a48-4198-bf27-543a7571480c","galleryTemplate5_1":"8f1d3335-dc48-4d88-a0ee-7a1936d7b8e2","lbl_SelectList_A_Gall":"fec37970-51e6-4c6e-8675-026ef9325070","icn_SelectList_A_Gall":"a9a9faba-6e01-4794-947f-760243d780af","shp_SelectList_A_Gall_Divider":"e419181e-bfa1-4ca4-9564-28da602a8500","cntr_SelectList_A_Button":"00abe591-3481-4695-b5d2-01c393e4b837","shp_SelectList_A_Button":"374b43c8-7644-482f-8e5f-8191fc8e9d0f","icn_SelectList_A_Button":"44afaad8-229a-4832-b0bc-ded6ad1162a8","img_SelectList_A_Button":"9daf8833-1f40-4c96-b30b-b774478eb2dc","lbl_SelectList_A_Button":"5f6982cb-2a01-4c95-97f2-f95c55546f39","html_SelectList_A_Button":"13759ba0-15bb-4e46-9051-e62090a619d3","PACo_DetailsList_A":"dfd5b353-f25d-4082-8408-9ba21cc49c15","html_DetailsList_A_Visualization":"4abff6c9-ef3b-4f3b-bb1d-dd267494d4fc","shp_DetailsList_A_Visualization":"e527c5a5-25f8-405a-9c93-3a43939d45ec","cntr_DetailsList_A_Main":"7ef42d13-d963-4013-a1ba-dbc778509800","cntr_DetailsList_A":"c13b4e93-df63-45a5-84b4-263922a5ad37","lbl_DetailsList_A_Header_1":"02dcfa90-733b-458c-bae5-352437db00fc","icn_DetailsList_A_Header_1":"636e1350-091c-4ed9-8e76-752decae56ac","cb_DetailsList_A_Header":"aabaf550-b18d-4170-b99b-d4ebab98b9df","icn_DetailsList_A_Header_Sorting":"d6fead83-297b-447e-9743-7e5cafa7bd41","lbl_DetailsList_A_Header_2":"89b42de0-72f1-4d1c-bd30-0b1dfc8d1670","icn_DetailsList_A_Header_2":"03b2217d-d643-4efe-81ec-c814da214c9f","lbl_DetailsList_A_Header_3":"3e3df750-0bfd-4058-b354-950a01cec6bd","icn_DetailsList_A_Header_3":"ec84b9a5-fdf2-4490-b580-ad400e9f4794","lbl_DetailsList_A_Header_4":"a9dd8805-0bec-496f-bcff-b987523d787a","icn_DetailsList_A_Header_4":"3e5b3136-1778-4bb8-8fa3-8d9f0f31717e","lbl_DetailsList_A_Header_5":"b5e546b2-e6c8-4832-b286-b545f8f17ed3","icn_DetailsList_A_Header_5":"f48d8f4d-ff4d-443b-b291-d7dc83bab63c","lbl_DetailsList_A_Header_6":"aa580d1c-8c4e-4beb-a424-432d3815c1d5","icn_DetailsList_A_Header_6":"df9a255d-9359-4483-ab6f-a640dc81652b","lbl_DetailsList_A_Header_7":"1483d873-e1d2-4e31-9534-226ea26dba88","icn_DetailsList_A_Header_7":"9ea5ba5a-dcfe-477d-917e-b93f1b59bcbd","lbl_DetailsList_A_Header_8":"89b7b7a6-7d66-4426-827e-cb6fc528cf3f","icn_DetailsList_A_Header_8":"806d2b45-d367-42f7-bc71-d8ceb5eb2b50","lbl_DetailsList_A_Header_9":"97663eac-5b26-4c5c-b401-ed2e33e91871","icn_DetailsList_A_Header_9":"d65c0b6c-d9bd-4cda-9543-a0831c8473ef","lbl_DetailsList_A_Header_10":"943efec7-c768-4455-ab88-0ed0788b5fbf","icn_DetailsList_A_Header_10":"2638738e-f14b-4ada-b12f-7130e436c64d","lbl_DetailsList_A_Header_11":"81c5de48-f5f9-448f-a865-2c77a5a7db02","icn_DetailsList_A_Header_11":"436dd2c9-d406-4eff-8bc3-305f6181e1cb","lbl_DetailsList_A_Header_12":"7f89b3c4-069a-45d8-a768-1d53e215830f","icn_DetailsList_A_Header_12":"e3034d59-2203-41e1-8c60-61049c4ac0ea","lbl_DetailsList_A_Header_13":"b4080a93-5e26-422f-bd7d-5b0638828a93","icn_DetailsList_A_Header_13":"0967b706-6f84-4f49-b65a-7ba9c047abad","lbl_DetailsList_A_Header_14":"e62af8c6-70eb-4204-8cab-7fc7e0184ce5","icn_DetailsList_A_Header_14":"f1160cc9-210b-4fe2-9d54-60d9b018a9ac","lbl_DetailsList_A_Header_15":"001e9d23-082e-4b11-a8c1-2922ecd3dbbc","icn_DetailsList_A_Header_15":"3fa8f459-7849-4717-9b6f-a4d1a01c0efb","lbl_DetailsList_A_Header_16":"32434cdb-bd37-4713-a010-e0b39c61c295","icn_DetailsList_A_Header_16":"8230d895-3022-4150-886d-7b6aa700eacf","lbl_DetailsList_A_Header_17":"4745892b-8322-4578-a220-ad883225fd41","icn_DetailsList_A_Header_17":"544edcf1-1d41-45f2-8da2-5653813ef828","lbl_DetailsList_A_Header_18":"928f20c6-bc93-4f78-92b7-ab5f907faf91","icn_DetailsList_A_Header_18":"04779a0d-3f4f-4718-8feb-8872b049262b","lbl_DetailsList_A_Header_19":"85778d29-25e4-499c-ad2d-177a33debb1c","icn_DetailsList_A_Header_19":"1e9dbb41-e47d-4214-947b-4dbe9f8fc19e","lbl_DetailsList_A_Header_20":"ed562e42-5a35-4350-b90b-ade0d40db8de","icn_DetailsList_A_Header_20":"68194f65-3b5c-45ae-9f71-54c35f0d692f","gall_DetailsList_A":"9baa2d8a-1f06-4167-9824-67136f0f59da","galleryTemplate2_3":"e785e9b3-9839-43a2-9fd5-057cfaad2d9a","lbl_DetailsList_A_Gall_1":"fe32f479-8b82-4436-a0e7-a6e03879a81c","cb_DetailsList_A_Gall":"f2ac7e2d-8a58-4a67-a37e-c5df4a30a908","lbl_DetailsList_A_Gall_2":"6ad71658-2bbe-433a-b2c6-fa0464955736","lbl_DetailsList_A_Gall_3":"72b19b07-d0e5-4378-b187-1c7bbc2ba533","lbl_DetailsList_A_Gall_4":"dcf27971-45c2-4b4a-afa5-18ce362becfb","lbl_DetailsList_A_Gall_5":"fe72df8f-1a9d-4e26-a110-1672ef45fad1","lbl_DetailsList_A_Gall_6":"422091ee-d97c-4b3c-aeff-37ed37c6cc36","lbl_DetailsList_A_Gall_7":"24165cc2-c0d0-46b1-a9c9-56814f403fe1","lbl_DetailsList_A_Gall_8":"ec4064eb-4656-411e-8f36-561c341528b2","lbl_DetailsList_A_Gall_9":"1c9fa7cf-bafb-4625-a3a5-d9682f798637","lbl_DetailsList_A_Gall_10":"fff894ce-c3f7-4138-8587-248c5ae95162","lbl_DetailsList_A_Gall_11":"d224df8e-91db-4e92-ae81-2af00cb06040","lbl_DetailsList_A_Gall_12":"a3a68d4c-d2dc-4bcb-8778-996ec7613cc3","lbl_DetailsList_A_Gall_13":"eccc9cc5-9fe8-49b1-9ac3-ae5afd1581b1","lbl_DetailsList_A_Gall_14":"bea384b2-00c4-4522-a58e-51e23b8958f0","lbl_DetailsList_A_Gall_15":"49e9300a-cfd2-47c8-8e24-bbeb29feb786","lbl_DetailsList_A_Gall_16":"8a668669-20b7-43ea-b810-814bd76f7659","lbl_DetailsList_A_Gall_17":"49641fd6-cb32-4417-9903-eca6fc077758","lbl_DetailsList_A_Gall_18":"fb6b2364-9eeb-4947-b90b-4306046760d2","lbl_DetailsList_A_Gall_19":"7fbffc18-c614-458d-b3f1-26bc4287cad0","lbl_DetailsList_A_Gall_20":"178a3953-bba2-4d7e-bc13-fb519b70e6f0","shp_DetailsList_A_Gall_Divider":"6add41e1-c65d-460d-9b4a-cf9eefd894b7","PACo_SearchBox_A":"b294670f-1837-4910-aafb-a86eab847df3","html_SearchBox_A_Visualization":"2d465136-646f-4871-a206-0792c5c11458","shp_SearchBox_A_Visualization":"bbd38371-70f5-4103-a374-70cd5f50f9c4","ti_SearchBox_A":"4dff663a-6232-4839-a83e-c98738472f9a","img_SearchBox_A_Search":"79390cd9-f652-4852-a640-a2a1652052c8","PACo_Header_A":"91bdef85-e10a-4bab-86c6-d25f3544eb1a","html_Header_A_Visualization":"9df3fb4c-c7a7-42d1-bd69-9a17b0ea329d","lbl_Header_A":"1e581440-8932-4b9e-afaa-02254691b674","img_Header_A_Back":"925706b8-f643-4543-8bb0-167f77392028","icn_Header_A_Back":"37080bef-32c0-48b1-a486-8e07fbaa0f2e","img_Header_A_Nav":"a7f1a744-9f2a-4fad-a6a9-d2c07b5bded2","icn_Header_A_Nav":"d256137a-c557-4a97-8563-a36aa27a2b6f","img_Header_A_Logo":"a9439d45-689e-4ce0-9432-3802d8ed4021","icn_Header_A_Logo":"293c00b8-6ece-4180-8321-0a3ffbe8dfd7","img_Header_A_LanguagesMenu":"7765baf7-0dc7-4685-9316-09f89f9f1521","icn_Header_A_LanguagesMenu":"907eca51-298b-4d67-b781-0df9348d44ca","img_Header_A_Help":"6358f26e-1ee0-4cfc-8a9f-76befd426ecf","icn_Header_A_Help":"d9e58e1e-a767-414e-8432-097471d50e18","img_Header_A_SettingsMenu":"21792b9f-b4bb-452c-ba23-93268f52cbf1","icn_Header_A_SettingsMenu":"1d9ba1e5-504b-4bfb-9ac6-4cd4b5918e91","shp_Header_A_Visualization":"dbfa0339-186a-4097-8736-bc579b17d65d","PACo_Log_A Screen":"d031df28-1216-47d5-9276-10d32a40aae7","cmp_Log_Back":"3ccfa5a9-e9d1-4271-bc57-b178cc7a6b0c","tmr_Log":"6d576875-7890-42c0-9da7-857d28fe1fe3","cmp_Log_A":"56e998e0-864f-405e-9c4f-c0a3cc96d7c5","cmp_Log_Button_LoadData":"be965022-2339-4e00-80b1-2415a05361c9","lbl_Log_A_VAR":"7b571760-e720-4ed3-996e-92b51fc85a17","PACo_SelectList_A Screen":"38f8ecc9-3ee3-4fb2-98f8-94e7b5e92636","cmp_SelectList_A":"aee3c8f6-95da-4c0b-b8d8-dbec97ffc173","cmp_SelectList_Back":"fd62c73e-20eb-4742-887a-937023e98eff","cmp_SelectList_Button_LoadData":"5d454ed1-7a6a-4922-9b8e-ef57b218fd28","lbl_SelectList_A_VAR":"e02ee09b-e02f-4439-9fae-7c621971c473","PACo_Header Screen":"b51bda0e-148c-405f-b210-d45b86e446c7","cmp_Header_A_1":"97b05ca9-2860-4dec-88a3-73249944ea9a","cmp_HeaderSettingsMenu_A":"a71ff017-88eb-4a7a-bde0-f9bfc2f65beb","cmp_Header_Back":"a85047fb-16df-492a-ab35-54070072f720","cmp_Header_A_2":"de3eb4ea-5ef7-443d-9a61-d0f527ba27a2","cmp_Header_A_3":"d557d8b9-f966-47a0-ada2-fb788481860a","cmp_HeaderLanguagesMenu_A":"1f38f073-fdbe-4013-973c-504ce0f5bbe0","lbl_Header_A_VAR":"31d0265c-bda4-4d8c-87f2-cb239b4ad8e1","PACo_DetailsList_C Screen":"fe27447e-2201-424d-beea-a55b568c7f0e","cmp_DetailsList_C_Back":"a5674e88-5b42-4038-a5d8-a9e80af7f59e","cmp_DetailsList_C_Button_LoadData":"e493dc84-b781-45bb-90c4-e0994ce388c4","lbl_DetailsList_C_VAR":"8773665d-6d38-4670-b3d6-17425bd504ac","cmp_DetailsList_C":"7108906e-a5b0-4e0c-9421-09d0c97e9df7","PACo_SearchBox_A Screen":"1cc43c6a-b2d9-45b2-bcd1-fb07bba0f8cf","cmp_SearchBox_A":"27ceb5f3-6f76-4c1a-9643-1d0f995d2c5d","cmp_SearchBox_Back":"ad855773-4286-48f4-93f4-88178f729707","lbl_SearchBox_A_VAR":"71bd2e4f-89fb-4fc2-b851-d3ac8ed62962","PACo_DetailsList_A Screen":"ef82f38d-55c6-4a03-a3aa-0fac1f9ceceb","cmp_DetailsList_A_Back":"61f3bf6e-ab60-46db-98ba-574c1c6f6391","cmp_DetailsList_A_Button_LoadData":"ae4af06c-6347-4fcd-8963-257ffbc3e61a","lbl_DetailsList_A_VAR":"19b5e9c4-1c03-4874-9b47-4510ec893dc4","cmp_DetailsList_A":"c30d7491-ba20-4130-8f66-18cd1693baae","PACo_ProgressIndicator_A Screen":"bb4e0a7b-324a-482a-8900-97d57f2eb383","cmp_ProgressIndicator_A_Back":"b0bba98d-0f34-422b-8f83-507746aa3011","cmp_ProgressIndicator_A_Button_LoadData":"c11e268b-9de6-426a-893f-6e5f9de2950a","cmp_ProgressIndicator_A":"bd57ca3e-82db-452f-9a60-bef4442fae0b","Home Screen":"2de53cd9-8f11-44e4-9e35-7f4ccd39042e","cntr_Home":"5d6fd9b7-b72b-430e-88fe-05c394fe8581","cmp_Button_PACo_Button_A":"fb67fe4c-a166-4494-ac67-55acd94d2c4f","cmp_Button_PACo_CommandBar":"5a582b10-ee68-476d-9c79-87d2241a36e0","cmp_Button_PACo_CommandBar_Item_A":"e462229c-266c-48e8-a05e-df237bd55ac0","cmp_Button_PACo_DetailsList_A":"7d1cedeb-19af-45cb-89b7-6478e1c29691","cmp_Button_PACo_DetailsList_B":"c856bab4-220a-486e-bc73-b8e464f7550c","cmp_Button_PACo_DetailsList_C":"fe94a540-2a82-4f2c-ae3d-4dd76a6c02d6","cmp_Button_PACo_Dialog_A":"13126e36-2a53-4286-a935-ee5586d6fc18","cmp_Button_PACo_Header_A":"01efd929-5d88-4f79-954c-3f8e703d41de","cmp_Button_PACo_Icon_A":"93695e29-dafe-418d-925a-fee1fe1b620f","cmp_Button_PACo_Log_A":"0ad4f25f-5b11-46fe-94b0-50b1bf28710c","cmp_Button_PACo_Nav_B":"f8669e43-47cd-4452-9b32-0c7eceb0f56e","cmp_Button_PACo_Nav_C":"51730f23-9667-4387-be3e-0d2e02b18632","cmp_Button_PACo_Panel_A":"d293bd16-4191-4222-a6c9-fdceed7f43d7","cmp_Button_PACo_ProgressIndicator_A":"0634b095-cf36-4a20-80ed-1b464d93240a","cmp_Button_PACo_ProgressIndicator_B":"fcd36a04-3234-4c7a-833d-8b3a2b842e64","cmp_Button_PACo_SearchBox_A":"c0991ec8-159b-407f-b6dd-b63cef920ae5","cmp_Button_PACo_SelectList_A":"7fe730d7-0c48-4280-b1a2-e71c794d2dd8","cmp_Button_PACo_Spinner_A":"ad918a57-331b-4a5d-8dd5-6fd81779e426","cmp_Button_PACo_Tabs":"a2693165-6d8d-4f11-a71d-6dba05642714","cmp_Button_PACo_Tiles":"b39e15d9-cf97-4f93-9e00-f72a3fb6af80","cmp_Button_PACo_Visualization_A":"f46d156e-b2e5-4881-b21f-275e14dd16d6","PACo_ProgressIndicator_B Screen":"8a586a47-55ce-40aa-bf21-bc654511b978","cmp_ProgressIndicator_B_Back":"c9899ead-c154-4fff-a98b-a6249a6830c8","cmp_ProgressIndicator_B_Button_LoadData":"ab4dcd77-af45-4452-90cb-5ca6bdeddca3","cmp_ProgressIndicator_B":"f9c4558a-35e5-43db-98b0-2989cb6e9a04","PACo_Button_A Screen":"d2c68483-5770-4dd0-b63a-c6b7e74206c5","cmp_Button_Back":"da2ecf3e-efce-4a55-862f-ef414d2a9d01","cmp_Button_A_Primary":"93c1b4b1-827c-461a-8bab-92105ab2529c","cmp_Button_A_Secondary":"85fba862-0dea-47c0-ae98-13f8a14e408c","cmp_Button_A_Primary_Disabled":"ef92777f-7b49-4b72-a87c-026be95e3125","cmp_Button_Secondary_B_Disabled":"41804fee-524d-459b-830b-0faee111937f","lbl_Button_A_Primary_VAR":"9ad44054-8f24-401d-ac40-8179054c45ed","lbl_Button_A_Secondary_VAR":"a42102ab-709e-4010-b090-59aef0932f26","PACo_CommandBar_Item_A Screen":"8cab4163-24dd-4717-9dbf-99c040e9db04","cmp_CommandBar_Item_Back":"177cb5cc-064f-40b9-91cd-9929577a49e8","cmp_CommandBar_Item_A":"3b587aa9-8162-4de3-b40d-4ba9c18aac06","lbl_CommandBar_Item_A_VAR":"50fe9dc0-4a1a-4d9e-a7da-cce96163e725","PACo_Spinner_A Screen":"5eb9dfbc-bae3-4788-bf23-5bad6ed46e02","cmp_Spinner_A":"4fe2b504-1959-44f7-acdb-94ec05074c41","cmp_Spinner_Back":"a5f8a9c7-abb8-4129-9918-ca2710af2e3a","PACo_Icon_A Screen":"849abd3c-8dd9-43b6-8ca9-1176130051d9","cmp_Icon_A":"c08b05ff-f084-43e9-8373-828d545533d4","cmp_Icon_Back":"356cb6d6-9015-48fe-aba8-16646a932209","lbl_Icon_A_VAR":"9f1c91b7-f160-4c98-8955-660b8a2a9752","PACo_Visualization_A Screen":"0445e2ad-6008-4f7f-a92b-8495c435313d","cmp_Visualization_A_Elevation":"37c35ecd-0788-4669-9980-247e1cdd98d4","cmp_Visualization_Back":"a0537c14-9d42-43ad-a29f-4706578874f2","cmp_Visualization_A_Line":"fbf7741f-f734-48c1-bddb-ea4dfcead990","PACo_Tiles Screen":"eae0d78f-9b62-4c9c-9767-f590a619de31","cmp_Tiles_Back":"92a677b6-c628-4785-ba31-51d5b6604f7f","cmp_Tiles_Button_LoadData":"03dcfe8a-2a77-4178-bfbc-8cacec91244b","cmp_Tiles_Tile_A":"c927f6f3-c423-46d9-9eb4-8606934cae24","cmp_Tiles_Tile_B":"5440ca8e-1031-42d9-b7a8-bc3271669566","lbl_Tiles_VAR":"1a108f45-e010-405f-8ce0-a02f445086da","PACo_CommandBar Screen":"7d40bd5c-c052-4da3-bb59-21a0f7a96213","cmp_CommandBar_Back":"371f9d1e-1ac8-41f9-8281-e2c8412c1758","cmp_CommandBar_Button_LoadData":"f1560a45-eb4b-4fe0-90d3-060427c82962","lbl_CommandBar_VAR":"5dc10733-21b1-4b9c-8f5b-cee2b231bcb6","sldr_CommandBar":"0796f7c1-3871-41e1-b97f-3e9af3b60bc3","cmp_CommandBar_B":"e39791eb-5aea-43f1-9b23-5c5d38c5eabb","cmp_CommandBarMenu_A":"c3f9ff66-73ce-4570-afd1-954df7d6a911","PACo_DetailsList_B Screen":"e99a7191-f0df-4141-957d-6046482fd534","cmp_DetailsList_B_Back":"8e62a4f5-b673-411a-95ea-4ce4aa6e4e50","cmp_DetailsList_B_Button_LoadData":"253d6ea6-0f28-45bc-93a8-74156cc6e6fb","lbl_DetailsList_B_VAR":"cec50f8b-a238-4d49-8ad7-db90d2cbd6e0","cmp_DetailsList_B":"39262d09-0d57-4ef6-b3be-bbacfdb92af8","PACo_Dialog_A Screen":"2044281d-4e11-42f3-b708-a227c8ae08fc","cmp_Dialog_A":"1afac886-2b70-4b3b-bd7b-c64f86e04096","cmp_Dialog_Back":"741b5c30-bd7e-4445-82b6-2d2e0416fcf1","cmp_Dialog_A_Button_LoadData_1":"c277b42f-e334-452e-a01b-38b473d6d8de","cmp_Dialog_A_Button_LoadData_2":"f7cbec3d-067a-4a10-8ab1-b5ba944fdd02","PACo_Nav_B Screen":"99dfeba5-7ad2-421b-958d-47e84d978f0f","cmp_Nav_B_Back":"857d853b-5527-451a-8a99-364dc8309d27","cmp_Nav_B":"7943e6f8-583c-4c30-a54d-d520f433fe8a","cmp_Nav_B_Button_LoadData":"d135b419-838d-4eab-854d-86a4bfb36f6f","lbl_Nav_B_VAR":"0724da19-9c10-4a6c-9657-eff310defa3c","PACo_Nav_C Screen":"5e4303d1-7c4f-4fe3-9d3a-d4e045e9a926","cmp_Nav_C":"c61216e1-bb30-4b24-aa94-17eecf2d3bd4","cmp_Nav_C_Back":"4011f748-835a-4d4c-be8f-f97c5035005c","cmp_Nav_C_Button_LoadData":"12483cf5-19e7-49be-896f-854e2c595895","lbl_Nav_C_VAR":"caca6608-e5eb-4cbb-9c49-420f5714e9d4","PACo_Panel_A Screen":"86cd12ec-5f07-4bb7-b007-ac07d55518c2","cmp_Panel_A":"fd3d3093-0a3c-4533-a202-3457dfbe05a2","cmp_Panel_Back":"fe8a0b29-5ead-426f-935f-06655efe9fa9","cmp_Panel_Button_LoadData":"52460957-1b66-4717-b301-0872f253b191","lbl_Panel_A_VAR":"6a69dab4-5a81-4995-bce2-63554769d299","PACo_Tabs Screen":"28b47d9c-62ec-439b-be38-4f7088b46e29","cmp_Tabs_Back":"8c44f843-c0fa-4c7d-ad5b-02cc63e5e2c8","cmp_Tabs_Button_LoadData":"63e3431d-ee33-4b1c-a53f-857b06c07a49","lbl_Tabs_VAR":"db865fd7-86e0-4a54-baf7-bda239e0e2e9","sldr_Tabs":"3f6b97dd-e63b-44b7-ba53-ecf74b4d0c1e","cmp_Tabs_A":"57ec5968-7c6b-4846-992f-76844ebca335","cmp_TabsMenu_A":"5c09cfe9-5f88-4b5f-b22a-93a227805ec0"}