{"__Version":"0.1","App":"69c81fb7-1711-467c-9d60-85b8a346eb15","Test_7F478737223C4B69":"fd241787-4f30-4af6-a853-8cd25a4898c6","Host":"b6c9af76-dfec-451e-8c81-e504ea2d139d","PACo_Icon_A":"b86d1f7e-a9ab-48da-923b-9577de0b6b4a","html_Icon_A_Visualization":"e9940924-9e3e-46f7-89f6-72e7615c78fb","shp_Icon_A_Background":"4200e4ab-5060-4d67-9dc7-385ea936eca3","shp_Icon_A_Visualization":"a5f18955-169b-4479-ba11-31bc4a4a3bc5","img_Icon_A":"32ee5909-1a8f-48bb-bb28-fd6308948708","icn_Icon_A":"076ec77d-a1c8-4fe0-935f-01ec7a531b5f","PACo_Visualization_A":"b2fb37f5-40bb-4328-b606-dde859ab3d1b","html_Visualization_A":"fa9752da-5f93-4b7d-96de-ec3d80de2e3c","shp_Visualization_A_Background":"34cfd0c8-fde6-432c-93ad-935af2b6b35b","shp_Visualization_A":"9fcfee1c-c694-40f2-88e0-9c3ac490249a","PACo_Tile_A":"6a303cd6-e8ca-421c-969f-d4161069156d","html_Tile_A_Visualization":"33032fc3-5a0b-418d-9828-f71be54ec582","shp_Tile_A_Background":"798841c6-f12d-4db1-a772-165c33dda7dd","shp_Tile_A_Visualization":"c0c0bfad-3e4b-4a48-8196-98f02afbe66f","lbl_Tile_A_Text":"4762721d-faaf-43b7-95ab-1b59f6f0abf0","lbl_Tile_A_Value":"240d2fcc-6e82-40cb-89fe-40d916d0fe3d","PACo_Spinner_A":"3582f1cf-fbc0-4f62-aee8-3e37bb30b3b1","img_Spinner_A":"ab6f08bf-c610-441e-9f41-961882c0fd33","lbl_Spinner_A":"0ef9f73b-2f6a-47b2-80b8-fd4e88483b79","PACo_CommandBarMenu_A":"186b1528-2f14-4e50-ac35-3cf24da4fad4","html_CommandBarMenu_A_Visualization":"32ba3b2e-272c-4757-8302-1b9beaeabd5d","shp_CommandBarMenu_A_Visualization":"9b71328c-ee9d-44b4-9f6f-b2389c93bea4","gall_CommandBarMenu_A":"6d4593c7-dd3c-468f-b953-75e40bd940aa","galleryTemplate1":"56533f0d-b8f4-4998-82d4-2ccd43a75437","shp_CommandBarMenu_A_Bottom":"8e3361e3-7c81-4595-84ff-e4af15957715","img_CommandBarMenu_A_Gall":"b0cc654f-edbe-4276-99a1-015be1fb80a7","icn_CommandBarMenu_A_Gall":"995e69f6-9199-4b0a-8341-32427fab3d14","shp_CommandBarMenu_A_Top":"8ad48d7a-e4f2-41b1-b22b-61e7c7d735e3","lbl_CommandBarMenu_A_Gall":"a24aef9b-8c7a-4bd3-8814-6a2fcb3f6c1e","shp_CommandBarMenu_A_Gall_Divider":"f8455718-77af-4c22-a98c-d9ea804af9b9","PACo_Nav_C":"a47fd386-0f20-4352-b27e-ddbb6ecd49c0","gall_Nav_C":"e160551d-5a6f-44fc-86c4-acf712342e4a","galleryTemplate2_1":"0d15710a-5ed3-4431-849f-44fc3f4d6cfa","shp_Nav_C_Gall":"80045b53-40b5-4f42-9f03-30dad762c68a","img_Nav_C_Gall":"2316ae8e-bc4d-40b3-baac-714959183954","icn_Nav_C_Gall":"d894bc97-b180-47b6-bca7-f2c308b7c993","shp_Nav_C_Gall_Divider_Left":"fbf4632c-78d7-4cf9-8b1e-213d10c23e43","shp_Nav_C_Gall_Divider_Right":"88704c4f-ca13-429d-b4d5-7f4b01c97661","lbl_Nav_C_Gall":"35f8cbf7-aeeb-43ba-912b-d141e0575252","PACo_DetailsList_C":"97172954-09f6-4f25-9266-cb67389172c0","html_DetailsList_C_Visualization":"f15223aa-e5d0-42e9-9890-953049e9a178","shp_DetailsList_C_Visualization":"9107865c-a9e6-45c5-a8cb-02862b2de3e9","gall_DetailsList_C":"6438481c-114d-495e-b9c5-2aae844fc6d7","galleryTemplate4":"6a67d103-311e-49f1-9663-26a080dcc0c4","shp_DetailsList_C_Gall":"51c244b8-fb1d-4c1d-925a-d167c097741a","cb_DetailsList_C_Gall":"a9d3e468-1f7f-41bc-b87e-addbc8137495","lbl_DetailsList_C_Gall_Title":"d57f7b4f-6f24-47e0-9fb5-8ae6a1e8ddd2","lbl_DetailsList_C_Gall_Subtitle":"5a6dbc80-dd0d-41dd-bc3a-3204a742a936","lbl_DetailsList_C_Gall_Body":"ff8c87e0-d6e8-49bd-a09c-23adb834cd4e","shp_DetailList_C_Gall_Divider":"1ef88ae9-5f41-4f38-8ffe-4032f199aed9","PACo_Tabs_A":"5d800ec8-ef1a-4cf6-b0b7-7d1f0770f006","html_Tabs_A_Visualization":"5b74213f-4e1e-4eed-9dfa-9f6c43d8cbcb","shp_Tabs_A_Visualization":"821d7966-d08d-4a1c-bc43-c0f98a900da5","cntr_Tabs_A":"e1ec0a90-ca1d-4f02-87d7-43bc40d95a0f","shp_Tabs_A_1_Bottom":"441c7b19-0ab3-4d03-87ba-694f22c5263d","lbl_Tabs_A_1":"79a58f2e-fcdf-4cde-bab5-c9f2790bf86f","icn_Tabs_A_1":"e91dcee3-7fac-4c5f-8804-b346830ceb31","shp_Tabs_A_1_Top":"d413f50e-950d-4c74-8672-e4250ec5126c","shp_Tabs_A_2_Bottom":"0c2f562b-1d7d-43ac-9afa-bc4402025a0a","lbl_Tabs_A_2":"78573245-74a0-48af-9914-bd62384246a0","icn_Tabs_A_2":"8d21034c-586c-4626-9f55-a44b270e0987","shp_Tabs_A_2_Top":"6e927ada-a427-4aa4-b1f8-fce649e7448b","shp_Tabs_A_3_Bottom":"6cedcfa6-af50-4fb8-a5d9-af41a0f69eac","lbl_Tabs_A_3":"77a3ff26-6ee1-45cd-b717-00f95902725d","icn_Tabs_A_3":"ba64515f-8d28-4507-a4ce-e15da00ee473","shp_Tabs_A_3_Top":"e7607dfb-50d6-4b8c-bbe5-6f1a97eccc70","shp_Tabs_A_4_Bottom":"3557a81c-8847-4fb0-ba60-d00cc62fee4f","lbl_Tabs_A_4":"573c59e6-edd4-448e-a621-385765a3a2eb","icn_Tabs_A_4":"255888bc-2947-4be4-90c9-9f9d4f10df70","shp_Tabs_A_4_Top":"3e26d2d4-4935-4a08-b66f-8ace7b3b660f","shp_Tabs_A_5_Bottom":"3a970fd6-df3b-4490-98bc-adacc3134d1e","lbl_Tabs_A_5":"a66e537f-602f-489a-a8a9-920a5ee67aed","icn_Tabs_A_5":"ac4ff00c-f2bc-49ab-b02b-61d48543d9db","shp_Tabs_A_5_Top":"1cb71894-d32f-48a6-8cab-6e68a88d5055","shp_Tabs_A_6_Bottom":"259c131c-af7e-4810-82b2-7dfee227db44","lbl_Tabs_A_6":"e6d1cb64-c5c3-469c-86bf-949797c78f07","icn_Tabs_A_6":"18988532-c833-4e8c-b045-b9556aaf65d1","shp_Tabs_A_6_Top":"7e79bc84-75e2-4086-82d7-57515f325c9e","shp_Tabs_A_7_Bottom":"39a575f1-8451-4d83-b861-60a1dcbd1ab6","lbl_Tabs_A_7":"45b59eaa-be2c-4364-a333-40400c0832c1","icn_Tabs_A_7":"c4a37c47-eca7-44f4-b8d3-d10dee203a4b","shp_Tabs_A_7_Top":"6e11e506-70b3-493d-8bb8-d297e9e1096b","shp_Tabs_A_8_Bottom":"d0e8cc01-f3dc-43a2-8558-b71f599d051c","lbl_Tabs_A_8":"49a433a1-2841-4fe0-9334-3bd779fc0937","icn_Tabs_A_8":"f0382aab-e996-40c2-a1d2-0129ba45ee0a","shp_Tabs_A_8_Top":"e16e28be-b414-4281-9237-be203bd83d67","lbl_Tabs_A_Menu":"c99f7e3e-51a0-4b26-a6a2-be5e68896057","icn_Tabs_A_Menu":"0ebdfa08-8225-4836-98c0-b87ea40e724b","shp_Tabs_A_1":"d90e7324-d374-42c9-87a7-3f1b6a39c119","shp_Tabs_A_2":"c50088b3-e1cb-4b06-805b-fa3a250662a7","shp_Tabs_A_3":"a2597ab3-b5db-4818-b765-f3fac2f202bb","shp_Tabs_A_4":"c54ddbd0-3d46-4ad1-a099-fb1341d8a126","shp_Tabs_A_5":"76233284-0faf-4d03-a6a7-f97ce29e86e7","shp_Tabs_A_6":"48c996ad-cedd-484b-8f95-d825f4af9c49","shp_Tabs_A_7":"c8b6aaa8-2da7-424f-840e-3e19e1c8e14c","shp_Tabs_A_8":"16fedd80-e6ab-424d-954e-b1f959ec1a50","html_Tabs_A_1":"bd85dc32-7bf3-471f-a26d-4c3be650ca7d","html_Tabs_A_2":"85216b74-6423-4ed7-8d71-e5bc69530596","html_Tabs_A_3":"7b424ad6-65ff-4ae4-9e88-542bc529baff","html_Tabs_A_4":"1155c185-b0ad-4648-ae87-8f9ea7c5062d","html_Tabs_A_5":"b3f1f3c2-f2b9-4920-b516-f148d64bb1ab","html_Tabs_A_6":"fade07a1-71ca-40f8-8974-a7f5c1554cd2","html_Tabs_A_7":"cb8e8cf1-4191-4796-a8f8-3c089cb30a9f","html_Tabs_A_8":"cb992799-bb0a-407d-9a76-7b31d13dcd37","PACo_HeaderLanguagesMenu_A":"867f8bbf-8272-4045-bf35-bbaa383fe4d1","html_HeaderLanguagesMenu_A_Visualization":"9ae6c361-3c06-4b5e-b938-724511e7fb5a","shp_HeaderLanguagesMenu_A_Visualization":"4374399d-df46-4bf5-a4a4-cd1ab03dc01f","gall_HeaderLanguagesMenu_A":"4bea9db0-4fac-4a02-aaeb-40846c192d9e","galleryTemplate1_6":"887e5dd6-8961-4e67-ac44-54cd21cd8620","img_HeaderLanguagesMenu_A_Gall":"6767e25c-db44-4929-8d53-7f44dbeb1b71","icn_HeaderLanguagesMenu_A_Gall":"b3a4bef9-5990-4190-b7ec-e7b08f03ef8f","shp_HeaderLanguagesMenu_A_Gall_Divider":"590d642d-577f-4067-a8d9-bb6319658067","PACo_Log_A":"a2f31908-972c-4277-9509-a31d312fb21b","html_Log_A_Visualization":"f994f935-01c9-48bc-98c8-b11146422779","shp_Log_A_Visualization":"b7adac7f-d167-4852-8207-2dd12ecc7746","gall_Log_A":"e3c88dbb-e6e1-4d44-8521-9b019277c545","galleryTemplate1_5":"57d5ea22-c019-4b07-9b67-e29c8ad832ad","shp_Log_A":"1ce3765d-94f3-4fee-bafc-8eb7227cac2a","icn_Log_A_Gall":"5fc5f76f-9c48-4e97-b1d1-5da8a9a404fd","img_Log_A_Gall":"c25fbb50-399a-4cf2-89be-e3b5758827a8","lbl_Log_A_Gall":"ebe7bd0b-37e5-426c-ad16-485a2cc0d405","shp_Log_A_Gall_Divider":"0ecbc5f9-3c69-485d-b4c8-a77518b4248a","PACo_SelectList_A":"02656966-99a4-49fd-b679-ae99d86e8e0a","cntr_SelectList_A":"a9d35af3-2290-4489-bc39-32043ddb4210","html_SelectList_A_Visualization":"af0dc6b4-1e6c-4b19-903d-7f6e1646dec7","shp_SelectList_A_Visualization":"0f3a4340-8891-47e9-863b-bf55ab1147fe","shp_SelectList_A_Area":"f077fd7f-bcfb-4523-b843-7214231bb0e7","cntr_SelectList_A_SearchBox":"fe92fba0-0eaf-4f58-b5dd-268fc5f25b81","html_SelectList_A_SearchBox_Visualization":"b9a4acbf-ee12-4f7c-8f91-0e626edd34cc","shp_SelectList_A_SearchBox_Background":"9c9858da-ea2d-4e77-855a-871649b06d5b","shp_SelectList_A_SearchBox_Visualization":"f9470f92-d953-4c78-b527-95c25e5a8ad2","ti_SelectList_A_SearchBox":"ddecb01a-edcd-476c-b8c0-5f9d36fdae1f","img_SelectList_A_SearchBox":"9ae3c602-d9ca-4023-b9dc-8ee7abc180a2","img_SelectList_A_SearchBox_Clear":"97d6a555-5c90-4ed6-800a-df9d4af97f06","icn_SelectList_A_SearchBox_Clear":"bdcba73a-26da-4cfb-89b6-2ed84b014ad2","html_SelectList_A_Gallery_Visualization":"661f381e-5e2b-4143-8f14-ba9f04a98532","shp_SelectList_A_Gallery_Visualization":"835f8ffb-5f96-4e16-978e-d96201ce48d6","gall_SelectList_A":"086b2d49-2729-455d-8d36-94d4c50d2eee","galleryTemplate5_1":"d4fa8218-3ec6-4b2b-b7aa-3fe1a9528165","lbl_SelectList_A_Gall":"702d3d1b-a7c0-42b8-af17-4df67361ecc2","icn_SelectList_A_Gall":"8b5aa1b6-c547-4433-80f4-0f9d118f405a","shp_SelectList_A_Gall_Divider":"5d036f77-b2a8-4d74-8b98-88a3b39c83ec","cntr_SelectList_A_Button":"d96a1890-7c40-46b2-b91a-9af37730e8f0","icn_SelectList_A_Button":"2bac240d-a60c-4348-94ea-60fc8e5a568b","img_SelectList_A_Button":"5a1ea0dc-23fe-4d2d-8663-2bb2b95af140","lbl_SelectList_A_Button":"2f0d8cfe-3f37-487b-b218-24cc998fd8ef","btn_SelectList_A_Button":"d5d9dd23-2f3e-4a1a-be08-584a2438e9a8","html_SelectList_A_Button":"345314f7-e3a0-472d-bf08-6f4489aa6838","PACo_ProgressIndicator_B":"480cf55b-8d99-4a8e-b670-3ca62aa96976","html_ProgressIndicator_B_Visualization":"6ae591f0-4e25-4cd2-af49-805dd4783c78","shp_ProgressIndicator_B_Visualization":"46e8d0a2-60ab-41e9-9ded-946a093c6d81","gall_ProgressIndicator_B":"08445274-71f8-442d-b0db-088871bda04a","galleryTemplate1_4":"3e7c4f0c-16cd-4c03-85f6-54a1e73f30e8","shp_ProgressIndicator_B_Gall_Circle1":"6a6f1648-c11c-4646-b9ab-64d22e7f8415","icn_ProgressIndicator_B_Gall_Circle_Clickable":"a62ed6ee-20ca-4809-94ec-3896c2b09613","shp_ProgressIndicator_B_Gall_Circle2":"4faa88c5-b173-429c-9b1d-f3d077e69c44","shp_ProgressIndicator_B_Gall_Circle3":"7658911b-d2e0-41be-bf9f-f7540451a986","shp_ProgressIndicator_B_Gall_Left":"96b0e819-e1d4-4924-9ffe-be5670b6c0a1","shp_ProgressIndicator_B_Gall_Right":"670b07fb-0dfd-41ae-ab06-13a010bfb3fc","lbl_ProgressIndicator_B_Gall":"f71b1ae1-693a-417e-b442-8bcda052c418","PACo_Button_A":"86c1f284-af94-4aa8-b792-1d6ea428c5c0","cntr_Button_A":"9bf6d80b-c392-45dd-a911-0eaea54414f5","icn_Button_A":"8c4fac68-63ce-4d60-9e73-9369d3a4891f","img_Button_A":"9c592469-b112-43d3-b630-5a6223542735","lbl_Button_A":"dc4fabfd-03a8-4a42-bb4f-0b49198159ef","btn_Button_A":"38e3e341-2af6-46e2-ba8f-5068ecd405c2","html_Button_A":"abb9c5b7-2271-4b8b-b86a-55237fb27bb5","PACo_Tile_B":"27a9da6b-04b1-45f7-a14f-8e9b62dcfcd6","html_Tile_B_Visualization":"3a990883-561b-42d9-a167-75a419495b13","shp_Tile_B_Background":"9817ed45-56f3-4bbb-8efa-8dc2b7df069a","shp_Tile_B_Visualization":"54e27f7a-f347-4540-a931-2a56c8f947e2","lbl_Tile_B":"8689d68b-bff2-4381-a44d-04e18ffbe678","icn_Tile_B":"9b5607d8-9e1f-47e1-bded-acc6bfd2792a","PACo_ProgressIndicator_A":"a2dce282-3607-41cd-b10d-4c5f200bc3ee","html_ProgressIndicator_A_Visualization":"ce469484-4a6b-47c8-9ced-ca31094fdf67","shp_ProgressIndicator_A_Visualization":"e10579e8-2b64-4fd1-85f9-6d78ca2766b8","gall_ProgressIndicator_A":"9c40bb12-c4ce-452d-9cd6-2bb9b846ba2d","galleryTemplate1_1":"e1ab4537-8870-4419-b948-9b29835e7478","shp_ProgressIndicator_A_Gall_Circle1":"2b9b24c2-d040-467a-abab-1d2bbdfde926","icn_ProgressIndicator_A_Gall_Circle_Clickable":"618940d8-f440-4cf4-999c-e3b55510be27","shp_ProgressIndicator_A_Gall_Circle2":"132a47af-1a00-4da8-ab01-0300d593e9d4","shp_ProgressIndicator_A_Gall_Circle3":"d1419e8e-33c1-480c-8354-9604549b7ed7","shp_ProgressIndicator_A_Gall_Left":"65ad597c-1094-48cb-9417-d9a9d00b628d","shp_ProgressIndicator_A_Gall_Right":"604febea-8adf-44b9-9688-1715e163a849","lbl_ProgressIndicator_A_Gall":"62c229ae-db1c-4872-af8d-9326c19b7e6e","PACo_CommandBar_Item_A":"d3c4bedb-9851-4590-acc4-4aa3ab0d6daa","shp_CommandBar_Item_A_Background":"721efd1d-5f1c-40d0-b903-4ced1dc5eaca","img_CommandBar_Item_A":"f02acdd9-ebc1-4801-9514-696821f0d524","icn_CommandBar_Item_A":"b7539c8e-6df1-4840-a26b-d164a26ed908","lbl_CommandBar_Item_A":"661dc5a3-4c08-410e-bec2-e38c06de398d","html_CommandBar_Item_A":"62702e8d-f181-4c7d-aebb-f1cf045b8df2","PACo_Info_A":"bc049234-c222-43d8-84ab-705025f57be9","cntr_Info_A":"64d50a9c-6ffe-467d-8166-bcae74929f20","html_Info_A_Visualization":"095dda99-86e0-4349-b1e3-2308f0b0ca7f","shp_Info_A_Visualization":"b17141df-6b1a-4953-bad4-159cdef83f90","shp_Info_A_Area":"6108408a-6fa9-4f1d-8a71-346fa3abd6b4","lbl_Info_A_Title":"eb59d3af-8331-4017-9911-47d2d5e507cd","lbl_Info_A_Message":"2f1cc449-9332-4e90-b71a-ad2e4a1d9445","html_Info_A_Message":"b6d1a1ec-95c7-46c1-ac6b-d1036435b190","cntr_Info_A_Button":"c1714b28-ecbc-4fb8-92e3-28add8a1c4a6","icn_Info_A_Button":"e789f2c0-f09b-4791-90a6-3772f988cc84","img_Info_A_Button":"2e3d2ac7-7da5-43d6-9828-8f79fcdc04c6","lbl_Info_A_Button":"2072199b-19de-4528-a7e0-864806b9cc9c","btn_Info_A_Button":"c4ac2386-f14f-486b-8864-9544adef17c2","img_Info_A":"8a925959-9244-438a-8489-534f54ddfac1","html_Info_A":"f7d564ee-2266-49e4-a675-1ca6dbac9d1e","PACo_TabsMenu_A":"1fc8702b-8384-42a1-9725-a0a9e1482877","html_TabsMenu_A_Visualization":"6f47c18b-da84-4f96-9860-94852e249734","shp_TabsMenu_A_Visualization":"70ae8652-cd64-4880-9004-7379bc282027","gall_TabsMenu_A":"05010307-ebbc-43e8-9966-0094952e8f42","galleryTemplate1_7":"cbc8e3ef-2e94-45e2-b74b-317765937726","shp_TabsMenu_A_Bottom":"ef70891b-a2c4-4d0d-a25e-41b1a8d9f421","shp_TabsMenu_A":"ba59d39f-6353-4f24-b966-d0a22fadb1a7","icn_TabsMenu_A_Gall":"97bd2778-bb0a-48be-9f1e-bff800277c27","shp_TabsMenu_A_Top":"06be471c-0349-424b-89f2-145b705d701a","lbl_TabsMenu_A_Gall":"29d5a240-c5ea-4e8d-8667-cf85cc92bef0","shp_TabsMenu_A_Gall_Divider":"6552cb23-30ba-473e-b111-0ae17b5a8eb6","PACo_Panel_A":"c31ae8a9-7b7d-42b6-a331-f1f2b3da8ef8","icn_Panel_WholeArea":"dda62708-e7e1-4335-acaa-69a2287c025d","html_Panel_A":"60694713-25b3-4e91-b1f2-927b02c37393","shp_Panel_A_Area":"88987ce9-d987-4dc4-85aa-d8ef9d3cbd3f","html_Panel_A_CommandBar_Visualization":"5d82d684-27f4-4ee8-8b5f-fb70248871d7","shp_Panel_A":"885b217b-9718-47d9-b7f4-200be47924fc","shp_Panel_A_CommandBar_Visualization":"37540d69-f421-4317-ac99-3e6eb4b917c3","cntr_Panel_A_CommandBar":"ecafcc42-e654-458f-9a3f-f12fa69ba6db","img_Panel_A_CommandBar_1":"c81518c3-7ccc-44ad-b30c-bd9d1e907d9a","icn_Panel_A_CommandBar_1":"9493b833-2dd1-46b1-9925-f95098627096","lbl_Panel_A_CommandBar_1":"53b2a285-3965-4ee0-b14b-ce94260c8ac5","img_Panel_A_CommandBar_2":"d26e08d0-f448-49c5-8490-326fe66c6bef","icn_Panel_A_CommandBar_2":"8ef96102-39c7-4dfe-8b34-715aac46a6e2","lbl_Panel_A_CommandBar_2":"5bb17143-53af-4239-9822-d77b5306d5e3","gall_Panel_A":"ffae4a7a-e3cb-494b-ae27-afdb031f84f7","galleryTemplate2":"ed5e2933-525f-49d1-b0fe-454e64ba155a","lbl_Panel_A_Gall_Label":"4139edba-d52b-4cde-84fe-6e7e1f8fe8a4","lbl_Panel_A_Gall_Text":"a89ff162-4dd4-4d1a-b11f-3f9fa202b5d8","cntr_Panel_A_Button":"0cbd4cb2-935f-46f3-90d6-cc50336d0733","icn_Panel_A_Button":"ca585bd8-bed6-4546-ba1a-2730b558bead","img_Panel_A_Button":"7f948db0-571f-4270-886b-7cfd48dadb4d","lbl_Panel_A_Button":"d48672ec-445d-47d6-a384-5bff3b9f5848","btn_Panel_A_Button":"1fdb884b-cfe5-4d6c-87e5-a3282c13a3c3","html_Panel_A_Button":"caee9295-2678-41f8-a8b8-af8953ec9d99","html_Panel_A_CommandBar_1":"517550cb-292d-4805-8c74-029d75a8b346","html_Panel_A_CommandBar_2":"2dd422ae-a82f-419a-87a1-9e6884e74a27","PACo_CommandBar_B":"4bfbc604-76dc-4cb5-8129-ff6e9f66a21f","html_CommandBar_B_Visualization":"7908d2e3-6c5b-4f9a-8b4b-4bfe518215df","shp_CommandBar_B_Visualization":"79d9433a-b611-4b29-8ce8-c597d5fa39f8","cntr_CommandBar_B":"8f034987-9065-4f7e-abfd-c5b1ab69ef65","shp_CommandBar_B_1_Bottom":"25046806-fa26-4f17-93c3-9df99b3ae5b7","img_CommandBar_B_1":"6d5b2b3b-9cfc-44f1-b375-cc3675b2291c","icn_CommandBar_B_1":"4602f9f3-98bd-481a-a752-5da371fc9821","shp_CommandBar_B_1_Top":"6d78d82d-5d49-4d28-886d-352beab9c90e","lbl_CommandBar_B_Menu":"a6a0a526-1f19-4e31-8c5a-814e76029465","icn_CommandBar_B_Menu":"d10813fc-3005-431f-b3b7-74b784530d85","lbl_CommandBar_B_1":"ea50a2c4-95dd-4181-8e40-14f31be66f82","shp_CommandBar_B_2_Bottom":"97ad1737-3149-4558-8564-11df6d990e15","img_CommandBar_B_2":"d68e7127-5551-436e-b65f-8fcde7b9f08f","icn_CommandBar_B_2":"e7a741f6-79fd-4323-8131-a56ada331f60","shp_CommandBar_B_2_Top":"383baca2-8fd4-40ff-a488-debe3220dc49","lbl_CommandBar_B_2":"23b1b36a-5acb-4cfa-a9f4-dc1cac82f9bc","shp_CommandBar_B_3_Bottom":"b1dd541b-db61-4039-9590-70ec3feb3530","img_CommandBar_B_3":"ab0b66b0-bbf4-402a-bedf-47bef746e441","icn_CommandBar_B_3":"7f6fd2c2-87e2-4735-a7dc-3854fbb5aab9","shp_CommandBar_B_3_Top":"ceb57482-fba7-4699-a1e7-0a5d18c1c203","lbl_CommandBar_B_3":"671bd663-9ef4-41f9-940e-0f6b88a1d2c9","shp_CommandBar_B_4_Bottom":"a5ece3ef-013c-471e-b33f-036995137c43","img_CommandBar_B_4":"6a3b869c-19c9-4ae1-8bb9-194b5daf90cf","icn_CommandBar_B_4":"19d31964-57aa-48fa-925e-008e3916cb9e","shp_CommandBar_B_4_Top":"bca93f05-2b0c-44f8-9d4a-66d5ed544131","lbl_CommandBar_B_4":"04b1de4d-1958-47ed-a2cc-5d4d025da7ba","shp_CommandBar_B_5_Bottom":"a44327a5-6977-42e2-ad0a-207bbc6a190a","img_CommandBar_B_5":"f7e66af2-6367-4d03-94b6-d9c89a0f4f65","icn_CommandBar_B_5":"5967e56c-53b6-4604-8767-43e47d812760","shp_CommandBar_B_5_Top":"fabed702-89f1-4f27-a80f-d2a2118c1e1d","lbl_CommandBar_B_5":"39097d78-93f7-437a-9565-d2f3f61c7c93","shp_CommandBar_B_6_Bottom":"94a305ef-742e-496a-a18e-2f53d101c231","img_CommandBar_B_6":"28641de6-20ea-49f1-adae-ce5d91db1975","icn_CommandBar_B_6":"3c547890-f5a1-4cde-a901-2807f0bc5ed7","shp_CommandBar_B_6_Top":"7e9f492f-7d86-44ac-9f74-dd85dfe6d908","lbl_CommandBar_B_6":"a7ebc859-fb20-4b67-bf35-2437bbbfce34","shp_CommandBar_B_7_Bottom":"763a1ead-a85b-4d4b-ba25-f9d87b291ed5","img_CommandBar_B_7":"c6e632a2-0280-4969-85cf-ea2147f0cc40","icn_CommandBar_B_7":"933b6285-f0cc-4dc7-a956-1444c823cb1a","shp_CommandBar_B_7_Top":"82d11a19-f6e1-40c2-9e0b-20fbcd37ff17","lbl_CommandBar_B_7":"e11cf518-8230-4a29-8372-bf231b2cf49d","shp_CommandBar_B_8_Bottom":"6d841e42-f5f5-4517-a569-6fcd42779e37","img_CommandBar_B_8":"efb28e99-50ad-4bef-af28-bc3e20239daf","icn_CommandBar_B_8":"b7c1e4bc-66ac-4d11-af6d-f82b91f73371","shp_CommandBar_B_8_Top":"f85cf334-c7cc-47c0-803f-19deb63f9adb","lbl_CommandBar_B_8":"b904132f-9797-43aa-a523-4bdd2cd794e6","html_CommandBar_B_1":"2a3d3e37-260d-40d4-961c-4a117758da1a","html_CommandBar_B_2":"3c755f2e-4b1d-456a-aa57-637ee106f569","html_CommandBar_B_3":"c1ca4304-42d9-463b-8789-930fb54fc2be","html_CommandBar_B_4":"498a24c6-ed56-4a10-a0f6-891908d3708a","html_CommandBar_B_5":"acbd54a8-ba6d-4ae4-9551-e3c003a0a870","html_CommandBar_B_6":"c2b30f64-b2d0-42fe-baf1-25d54e4f80ff","html_CommandBar_B_7":"05950a94-01a9-44d6-a56f-770428faf294","html_CommandBar_B_8":"5000a109-afe7-44cc-a232-771664ddda89","PACo_DetailsList_B":"a741454f-a188-4db2-8505-2c71e037dafc","html_DetailsList_B_Visualization":"5c056812-d36d-4111-b6bd-a01265b730b7","shp_DetailsList_B_Visualization":"14d5078b-79c6-4c54-ad52-a46736a8ea37","cntr_DetailsList_B_Main":"8cca7336-e188-4de4-887c-a712d2225c8d","cntr_DetailsList_B":"2a3f169b-9ee9-40ae-a985-b71fa03bed82","lbl_DetailsList_B_Header_1":"90a94f2a-a51c-4513-abed-77a39aa5fb28","icn_DetailsList_B_Header_1":"0e1b7de1-1cb9-4938-a5af-1c3af56fba16","cb_DetailsList_B_Header":"b0af16e0-7ba6-4173-956c-c228793b52a9","img_DetailsList_B_Header_Sorting":"0f90d55e-4566-421b-a3f1-433abb6b721e","lbl_DetailsList_B_Header_2":"5b2027b9-3176-450c-9ebd-467f7d14efbc","icn_DetailsList_B_Header_2":"807d00e5-b211-44b4-b61f-4685584158cf","lbl_DetailsList_B_Header_3":"de698d7d-a2e9-460b-8dfe-a6c3790b41cc","icn_DetailsList_B_Header_3":"a85af7a6-8d61-4e4d-a1a1-9d47692602c9","lbl_DetailsList_B_Header_4":"7cdf3032-7bcb-44be-ba57-66a14ec8c83c","icn_DetailsList_B_Header_4":"8c1f7b5c-3450-46fc-b50f-b8f84d9bda3f","lbl_DetailsList_B_Header_5":"210ccd04-53a2-4c52-901d-4902c7a1808e","icn_DetailsList_B_Header_5":"637c1ee3-8b2d-47e3-80b2-cfa80a67dcbf","lbl_DetailsList_B_Header_6":"e207e48a-3cd5-44d5-b89a-9e10930bac1d","icn_DetailsList_B_Header_6":"a63edf2a-7487-44c8-892c-d0a8c37b431b","lbl_DetailsList_B_Header_7":"fd059577-50b7-44de-b445-133550529fcf","icn_DetailsList_B_Header_7":"b23b8ce8-f994-4656-89ba-e6898299ee49","lbl_DetailsList_B_Header_8":"cb090ef3-6cc7-486b-8af0-eb39ffd71899","icn_DetailsList_B_Header_8":"357d8544-c867-43d5-8dfc-d69aded40c2c","lbl_DetailsList_B_Header_9":"145ff7ff-c52c-46b5-9761-aa902fa61faf","icn_DetailsList_B_Header_9":"cdba0ef4-1e95-400f-b212-14983a8324ca","lbl_DetailsList_B_Header_10":"23bfba47-9f21-4806-846b-640309a25344","icn_DetailsList_B_Header_10":"ae28e616-74db-42b5-a719-efd8c17f33b4","shp_DetailsList_B_Divider":"e510340d-cf47-4ff7-b914-d359f317b892","gall_DetailsList_B":"e6620dd0-56a3-4775-8590-a0038fbe07ff","galleryTemplate2_4":"6f4fd990-61b9-4a5d-846c-a56c4f3eed40","lbl_DetailsList_B_Gall_1":"d3229d86-fe56-4d6e-8f8a-d6877e60ec96","cb_DetailsList_B_Gall":"7c63f11e-16fd-48dc-9a60-a7c4c6728d76","shp_DetailsList_B_Gall":"e919d489-148b-403b-8d52-30b73bb65cb0","lbl_DetailsList_B_Gall_2":"59ef0f76-0ac1-4171-afd3-8f107b0e308a","lbl_DetailsList_B_Gall_3":"0b961256-3ec0-454f-8e49-06de74c5cc81","lbl_DetailsList_B_Gall_4":"2f3c2a4e-5c29-4250-963c-581332ff2d81","lbl_DetailsList_B_Gall_5":"a4bd3865-4a33-47fb-8afc-8fd636d46521","lbl_DetailsList_B_Gall_6":"f74ad6ff-4f3f-4e2a-9da6-4d07a1b8a69d","lbl_DetailsList_B_Gall_7":"e4225012-9013-4e1a-bc0c-d2c80ef2cb18","lbl_DetailsList_B_Gall_8":"876568ff-617c-446a-9d61-fdd20f707b54","lbl_DetailsList_B_Gall_9":"e9a958bd-cfe5-4bd0-a82d-2748a3cba9a8","lbl_DetailsList_B_Gall_10":"fa8befbd-b8dc-4fd9-8871-9338f9bc57ad","shp_DetailsList_B_Gall_Divider":"99f3effc-8bcc-4a25-9c1d-adb0834c273b","PACo_Nav_B":"a7ed7305-3587-4f95-b36f-6c9b4ba14f3b","html_Nav_B_Visualization":"9bd2fb16-3994-4e12-b055-0bbee06a6dd7","shp_Nav_B_Visualization":"d23e8d3d-26a2-4d97-813a-5d254a2df1a7","gall_Nav_B":"e1eb25f5-a1c8-4cbe-b2ef-84e107c53df2","galleryTemplate1_3":"869ee75a-35c7-45fc-867f-eca6e3696d8e","shp_Nav_B_Gall":"091bfffe-461d-4658-9c21-5ec69cfcd895","img_Nav_B_Gall":"8848c91a-6df1-432b-ac70-5338ea105305","lbl_Nav_B_Gall":"09b48c5a-d175-413d-bfc9-891fb5f3af3e","icn_Nav_B_Gall":"838f880c-c54e-4a8c-b982-07d5c73fc773","shp_Nav_B_Gall_Divider":"0abad708-c1e4-40a0-b316-9a8d6cd998eb","PACo_HeaderSettingsMenu_A":"7ef654ad-94c1-4d19-8f0c-68676cc491b3","html_HeaderSettingsMenu_A_Visualization":"a1a272b9-a416-42c8-bb9c-60f2ba5d7916","gall_HeaderSettingsMenu_A":"2fade1fe-7d97-4b6f-be09-1127175eff17","galleryTemplate1_2":"b181bde6-5474-4130-9877-89d67270c6c4","shp_HeaderSettingsMenu_A_Gall":"21645874-1f81-4597-87c6-553ebf894e28","lbl_HeaderSettingsMenu_A_Gall":"0d001684-aba3-44bd-9829-d7ba93150d3a","icn_HeaderSettingsMenu_A_Gall":"22a7ef9d-7700-4978-9aee-4495bffa1ca0","shp_HeaderSettingsMenu_A_Gall_Divider":"176f6a10-9310-4669-8a6a-0cd2d5e513eb","shp_HeaderSettingsMenu_A_Visualization":"ea1e962c-ebb9-42f5-a6a8-f0d8401be1da","PACo_Dialog_A":"c7be7212-5922-4130-8714-4ff5504de663","cntr_Dialog_A":"fdfca6ad-f2e0-4ec7-80a7-9b1afa28aa0c","html_Dialog_A_Visualization":"548817b7-9636-4350-b964-89c7a628be29","shp_Dialog_A_Visualization":"d9ed9765-e881-43ae-ac33-0926533bdd0d","shp_Dialog_A_Area":"48202310-6aa1-4316-81aa-d40d175faf87","lbl_Dialog_A_Title":"06dabee9-9892-480f-b154-3161042ebfd7","lbl_Dialog_A_Message":"fc3732db-a7e0-469c-8b84-690b6d70991e","html_Dialog_A_Message":"6dc37473-8a20-4187-98f8-90211171eb8f","cntr_Dialog_A_Button_Last":"d57156f4-abff-4065-90c4-4e4d5a2ee75e","icn_Dialog_A_Button_Last":"dc22e675-55ac-4f74-8bb4-dd550ecffd2f","img_Dialog_A_Button_Last":"8f1c1aaf-f75f-4678-b8d9-7ee26106e2ca","lbl_Dialog_A_Button_Last":"42ea7e9d-128c-4f62-8e11-3eebe95d1dbf","btn_Dialog_A_Button_Last":"be48bef2-6be2-4736-abe6-b9932c158f43","cntr_Dialog_A_Button_First":"3a24f5c9-1e71-4348-b769-7ad59a8f11fd","icn_Dialog_A_Button_First":"d420c7c5-a1a2-4fab-9fc8-7df2efcceeaa","img_Dialog_A_Button_First":"568a7422-9cf9-4e77-a7cc-955eb5ea6a3c","lbl_Dialog_A_Button_First":"35c5bad3-9d82-47ae-bacf-053a257c63c8","btn_Dialog_A_Button_First":"0e4855a7-a2a7-41e0-8ae6-f64da39d6d82","html_Dialog_A_Button_First":"5eb397a2-9f6c-4376-a9ab-6f3b7227f265","html_Dialog_A_Button_Last":"63ad9cb2-3c74-4b1d-9d19-e1337ab46604","PACo_Header_A":"ea626fec-2d82-4230-adcd-567bd20aaba8","html_Header_A_Visualization":"680622ad-373e-4453-b1ac-9cc43011b00c","lbl_Header_A":"5de96de3-58f6-4596-8718-5807a3db68e4","img_Header_A_Back":"be375d0d-6130-479c-8be7-23da33edb650","icn_Header_A_Back":"2e8fef66-601b-4686-a842-72c5d333f21a","img_Header_A_Nav":"c64aaff2-e8d3-4404-a2b7-a22e24c67e21","icn_Header_A_Nav":"625bcec2-d9f5-4ccd-acfa-52cbaa9b897c","img_Header_A_LanguagesMenu":"abeb93f1-abe8-440e-94bc-fef7f69dac7d","icn_Header_A_LanguagesMenu":"b1b4a1d7-ce3d-468a-b382-780a3f1ce9a1","img_Header_A_Help":"4da4a2d6-f4e4-4416-94f3-f9f44e236f86","icn_Header_A_Help":"9b940c49-9477-4fd2-9c0e-755dddfcd6b4","img_Header_A_SettingsMenu":"3dae5c22-0f85-4050-a997-42833c662af7","icn_Header_A_SettingsMenu":"402b0645-dd48-46ce-a6d1-ef99cebaff34","img_Header_A_Logo":"262cca6b-551a-4397-b457-c99ed0562aff","icn_Header_A_Logo":"00a7ad7a-340c-4809-9b56-e877771bd8e9","shp_Header_A_Visualization":"adc81f3f-936e-4f3c-980e-73b184d41162","PACo_DetailsList_A":"63399dfd-1de7-4baa-aeb7-940a07b17ef5","html_DetailsList_A_Visualization":"b04513e8-b8eb-4156-920f-732540c85c0f","shp_DetailsList_A_Visualization":"bc55ff50-518f-4d3b-a8aa-4f0670710969","cntr_DetailsList_A_Main":"21d6eff2-07df-4b45-a701-735856efe28e","cntr_DetailsList_A":"ef1fc02d-ae34-4dfd-8efe-f7281f3e8631","lbl_DetailsList_A_Header_1":"9729aea7-aa59-4f7a-9d96-a7044079c693","icn_DetailsList_A_Header_1":"dbf44d2d-509d-410d-b1fe-87bbaaa4df25","cb_DetailsList_A_Header":"797f7fca-c4f3-4595-958d-6bb415f74373","img_DetailsList_A_Header_Sorting":"2bd83185-2d63-4f52-a8a4-0f58bd45ecc7","lbl_DetailsList_A_Header_2":"a0f32455-ef62-49ee-a0ba-a487d413d87c","icn_DetailsList_A_Header_2":"32216d33-a5df-4122-8f0d-f240704f4aa8","lbl_DetailsList_A_Header_3":"18dbbcdf-fcb9-416a-bff6-422f9a3b4cfb","icn_DetailsList_A_Header_3":"ba35c899-da9b-45e0-92c4-2c4e772904d9","lbl_DetailsList_A_Header_4":"a59df4b9-9dc6-40ba-878b-d4e5e6751c4b","icn_DetailsList_A_Header_4":"59b58df0-1666-42bb-a469-77a6d4ccbe19","lbl_DetailsList_A_Header_5":"ad0069ef-f4d7-4c40-8353-ce09097c1562","icn_DetailsList_A_Header_5":"8d37a39f-2b36-46a1-a94e-eaa6878592a7","lbl_DetailsList_A_Header_6":"2e2ac408-091f-4279-a266-194eb9f48fc1","icn_DetailsList_A_Header_6":"1de9a39b-9bf2-4534-99d4-286e72df9f55","lbl_DetailsList_A_Header_7":"ff0a6263-43ad-4306-bba0-fa81a99d45e4","icn_DetailsList_A_Header_7":"a4ac95bb-f838-4c39-bd87-cd6c2d28843f","lbl_DetailsList_A_Header_8":"31ad1e2f-ba73-4b40-84b8-ab78a6f7db7c","icn_DetailsList_A_Header_8":"3fdadd48-cb2b-4583-8d8a-906f9e6cae2f","lbl_DetailsList_A_Header_9":"38ef051e-9be6-4055-8753-75166372f87d","icn_DetailsList_A_Header_9":"56f0594a-8e7e-442b-b864-470abf08367b","lbl_DetailsList_A_Header_10":"d1366b6c-d0ed-48a6-b3f5-5bb6b845b9d7","icn_DetailsList_A_Header_10":"6321ff38-2ed0-47ee-bba8-14002b0f1357","lbl_DetailsList_A_Header_11":"ecab0276-fe6b-4e63-8983-c2f7a8e052a5","icn_DetailsList_A_Header_11":"e23c120c-c52b-4148-8987-7d7bc0dca747","lbl_DetailsList_A_Header_12":"0d89ae71-0af6-4243-bedf-597ead399438","icn_DetailsList_A_Header_12":"fb4f26c8-0bb1-45bd-a148-d05ce4347dc0","lbl_DetailsList_A_Header_13":"6ebd4487-abfd-41ff-8bef-65faff916aa6","icn_DetailsList_A_Header_13":"944bc580-8173-4c68-bf2d-e68c1c305354","lbl_DetailsList_A_Header_14":"84ffc2db-3014-4306-bd46-d9cffe3a111a","icn_DetailsList_A_Header_14":"f462d88c-5232-496d-bbda-51d5fe4b0f47","lbl_DetailsList_A_Header_15":"efe64ee2-9e7d-4703-9acb-205cfa6ebc16","icn_DetailsList_A_Header_15":"a87ad40d-e26a-482e-889a-1775b8c24265","lbl_DetailsList_A_Header_16":"ff8187b4-5540-44fd-8d03-ae9199227909","icn_DetailsList_A_Header_16":"a0803351-d530-4c12-b371-bd8d9580b6da","lbl_DetailsList_A_Header_17":"a3c03208-ce90-4824-83b5-48c0964f3545","icn_DetailsList_A_Header_17":"37a3ba0a-d5ed-4efa-9f36-0beca1cc93e7","lbl_DetailsList_A_Header_18":"e92d6d38-4760-4f17-8247-87b3ba4d7d9f","icn_DetailsList_A_Header_18":"b5c68ebd-996a-404a-976a-563f689e3ac0","lbl_DetailsList_A_Header_19":"2a858729-e387-4447-b620-8ed9a3280112","icn_DetailsList_A_Header_19":"9e736a33-249e-421a-aca1-be710bce380a","lbl_DetailsList_A_Header_20":"983f2080-ed16-4fea-bb65-ccc51d39754b","icn_DetailsList_A_Header_20":"3be2e00f-b1d7-475a-b0f7-3844d52b9f6b","shp_DetailsList_A_Divider":"f46a7d45-e9c7-4409-b3cb-c11421b346cc","gall_DetailsList_A":"2c56e82a-5b10-45c1-b00e-d3c7ab5c8079","galleryTemplate2_3":"f3113864-64fa-44d7-8394-563012fa7477","lbl_DetailsList_A_Gall_1":"5b3812ee-f135-496d-82f8-9c729fbbbe95","cb_DetailsList_A_Gall":"7f2fd97e-6c79-4092-86a3-212d5ca9a3ff","shp_DetailsList_A_Gall":"b32848d5-4a78-4499-b848-c24aff006c20","lbl_DetailsList_A_Gall_2":"1c76f8df-6567-4f5a-b659-a2c92edb5c95","lbl_DetailsList_A_Gall_3":"600598d7-da69-4bf1-bc72-75fa0431433e","lbl_DetailsList_A_Gall_4":"4942b68c-05f5-4cda-a7fd-d418286f6780","lbl_DetailsList_A_Gall_5":"0ab5efec-b70c-461e-9234-aeee674176ef","lbl_DetailsList_A_Gall_6":"4180bd9d-8692-48c9-980c-634c4fce2e58","lbl_DetailsList_A_Gall_7":"21c90c25-36ee-4e3e-9c1a-e14ad1faadc4","lbl_DetailsList_A_Gall_8":"6ebab8f0-ed8e-45ad-9c89-fb4859aa7513","lbl_DetailsList_A_Gall_9":"ad6f3fe2-ef35-4f63-9949-c0c57771ca12","lbl_DetailsList_A_Gall_10":"d233eef3-18e0-4bbc-a805-2aca8351911a","lbl_DetailsList_A_Gall_11":"8aa89191-a81c-4347-96f2-2ccb9936ca4e","lbl_DetailsList_A_Gall_12":"ed4a36b2-f95b-4ea1-93ee-8867f682dfe3","lbl_DetailsList_A_Gall_13":"60320509-78bd-419f-a81b-a79b9854810f","lbl_DetailsList_A_Gall_14":"7ead3caf-8511-4536-84fc-33f4f997828f","lbl_DetailsList_A_Gall_15":"bed00ad3-1127-4c1f-8123-6f3d94e7e633","lbl_DetailsList_A_Gall_16":"29222429-3909-4782-a106-da352b9991bc","lbl_DetailsList_A_Gall_17":"1a1ac99a-c4d0-4314-bd65-1e398cda6732","lbl_DetailsList_A_Gall_18":"49456a1f-79e5-428d-ac83-c337bfe85659","lbl_DetailsList_A_Gall_19":"71006b44-c9d1-41a5-a38d-72bdfdc92096","lbl_DetailsList_A_Gall_20":"d2f62ff3-4a0d-4a45-a2e5-6abc3e7d0aa2","shp_DetailsList_A_Gall_Divider":"085620c8-1926-4c25-b92d-6b659e67fda1","PACo_SearchBox_A":"7dcfa61e-c505-4b98-a524-34a9a1129539","html_SearchBox_A_Visualization":"3a5be08c-2b93-4545-a3b9-9a8931e3400e","shp_SearchBox_A_Background":"b76b5aa8-118b-4bb5-a89d-7194b5a186e8","shp_SearchBox_A_Visualization":"4ee70d8e-7ce0-47cb-9cd7-04c974e315fa","ti_SearchBox_A":"e624543a-226b-4987-8c10-4564066e840e","img_SearchBox_A_Search":"2089a6b1-1b36-472f-a442-cb89ce562f3e","img_SearchBox_A_Clear":"fc82c619-c786-43b3-ba42-51e86451b669","icn_SearchBox_A_Clear":"5cba430e-5bb2-415d-9a72-4cf8aaf08000","PACo_DetailsList_Shimmer_A":"84b292bd-0450-4298-8ce6-39be2230fe52","html_DetailsList_Shimmer_A_Visualization":"2292ebc1-0335-433c-83ca-f176bc1e9337","shp_DetailsList_Shimmer_A_Visualization":"59c92616-4aba-4c98-9da5-ca1d80e97a2a","cntr_DetailsList_Shimmer_A":"32d5772d-c09d-4416-b953-f5dec04d75ff","shp_DetailsList_Shimmer_A":"6daf658e-ed41-406f-a91c-cb5297a02a65","shp_DetailsList_Shimmer_A_1":"c7515944-e523-4cd2-afb5-ae30ba17d4a9","shp_DetailsList_Shimmer_A_2":"368161c0-6404-4ea2-95fd-f60858f5e793","shp_DetailsList_Shimmer_A_3":"fc8b9226-dd9b-461b-8156-3db35573b378","shp_DetailsList_Shimmer_A_4":"666c30a9-0355-486f-ae12-2f30550497c9","shp_DetailsList_Shimmer_A_5":"b51654e8-c4b3-48c8-b0fe-5aaf027356ec","PACo_ProgressIndicator_Shimmer_A":"63e96ae6-90fe-46af-ae07-93e9e7ec5de5","html_ProgressIndicator_Shimmer_A_Visualization":"52e50450-1b47-4534-af37-f9d356c295a0","shp_ProgressIndicator_Shimmer_A_Visualization":"794511b1-0df8-488d-bd45-9235a63465ad","gall_ProgressIndicator_Shimmer_A":"f8761574-463e-44e5-a4e5-6e067678cdce","galleryTemplate1_8":"3dd32ab8-d8a3-4e96-bf12-6a1343b55f01","shp_ProgressIndicator_Shimmer_A_Gall_Circle1":"3b9962d2-b029-4a0d-82f5-ebe3634fa211","shp_ProgressIndicator_Shimmer_A_Gall_Left":"1aae75d1-dbc2-4ba8-922b-2cebf11c1082","shp_ProgressIndicator_Shimmer_A_Gall_Right":"345ad171-54ab-49be-84bf-e8c1829a9c55","shp_ProgressIndicator_Shimmer_A_Gall":"42c11b07-22b7-49b5-9fde-6169bddda226","PACo_CommandBar_Shimmer_A":"996565d1-b279-4dc6-a64e-d4e474a41c59","html_CommandBar_Shimmer_A_Visualization":"ac302e5b-9781-40f1-84c6-9bbf3087c12d","shp_CommandBar_Shimmer_A_Visualization":"fe1ec93e-dc30-4606-b1db-90ac6c82ed64","cntr_CommandBar_Shimmer_A":"91f10a6c-a55b-4377-acc5-1877ca13829c","shp_CommandBar_Shimmer_A_1":"af8992c5-8add-47a7-afd7-b878474b5419","shp_CommandBar_Shimmer_A_2":"f753444c-7000-4869-abcd-2fed5e715bd0","shp_CommandBar_Shimmer_A_3":"46d8385f-bcae-47ef-a75e-abe02bc22e0c","PACo_PeoplePicker_A":"72848acd-ae55-417a-b138-3e2e18962d7f","cntr_PeoplePicker_A":"97fb0c6b-a0dc-4282-8735-a947d0b65cc2","html_PeoplePicker_A_Visualization":"921789a6-d651-4eb3-859c-565ee5214b12","shp_PeoplePicker_A_Visualization":"49f79634-7203-4a34-ab4f-1c4e2a03c463","shp_PeoplePicker_A_Area":"dd2b4958-87b0-451d-be8a-3449a0533aac","cntr_PeoplePicker_A_SearchBox":"0ef88224-a92f-4d21-ad40-798552ff140b","html_PeoplePicker_A_SearchBox_Visualization":"7cc83fe5-0f80-430a-9d0e-0b142a3784e9","shp_PeoplePicker_A_SearchBox_Visualization":"6de1e2c5-9ccc-4176-8dc4-3489c66ff5da","shp_PeoplePicker_A_SearchBox_Background":"3db6950c-2c3b-40ca-a788-54ef6b43fa55","ti_PeoplePicker_A_SearchBox":"331d2a7f-0f53-4c46-bb0f-77b6746d2b81","img_PeoplePicker_A_SearchBox":"18876738-3a0d-482c-83fa-bd9061a0a11d","img_PeoplePicker_A_SearchBox_Clear":"d5a64cc2-8e34-4c59-a4f1-95e0c84b1ac4","icn_PeoplePicker_A_SearchBox_Clear":"ae7c96e1-b70f-4074-80e4-0390c4988b87","html_PeoplePicker_A_Gallery_Visualization":"88fbbfca-e756-430e-b4ed-d0f5023bcd77","shp_PeoplePicker_A_Gallery_Visualization":"0fa5851f-03e6-4a83-b121-49eccb91c7b6","gall_PeoplePicker_A":"0278d955-34e0-4284-9003-df1415d45d92","galleryTemplate7":"c4c0650b-3f55-4ce0-9d71-1f42614373a8","lbl_PeoplePicker_A_Gall_Label1":"3f4958a5-bd87-41d5-b41d-1c8c6285451b","icn_PeoplePicker_A_Gall_1":"f963f726-2c12-4ff7-87c6-3e0c324c0771","lbl_PeoplePicker_A_Gall_1":"b1dd7082-3518-490e-8c7f-42c183509f28","lbl_PeoplePicker_A_Gall_Label2":"7fe622ab-1b09-48bf-bbf7-3f52a5f64db7","lbl_PeoplePicker_A_Gall_2":"16c81ca1-a73d-47b5-bbf5-21c2d51455f1","lbl_PeoplePicker_A_Gall_Label3":"5ca43972-bde8-45eb-8220-20c1e564d20a","lbl_PeoplePicker_A_Gall_3":"1a9f7a58-0f41-4c7b-889c-6af374b37f18","shp_PeoplePicker_A_Gall_Divider":"cd333956-6f1d-46ec-9e4f-0c6c44628716","cntr_PeoplePicker_A_Button":"0c156da8-6f50-4bb9-9e6d-21f42967dbc1","icn_PeoplePicker_A_Button":"86ee88e3-3ffb-47ca-b694-305775f56094","img_PeoplePicker_A_Button":"b67f5317-b915-4c42-9710-5b26111e63e3","lbl_PeoplePicker_A_Button":"75ef0b43-aa7b-47c3-8377-5c375feebd24","btn_PeoplePicker_A_Button":"0a8d12d2-f312-4851-aee1-19b7eed88633","html_PeoplePicker_A_Button":"88a268eb-398d-48fd-835f-f195bc9e3ead","PACo_ProgressIndicator_F":"e0237a51-a8bb-4976-b3ba-69a50d2bf0eb","html_ProgressIndicator_F_Visualization":"e1b4e477-b239-40b4-8fee-f8808d37c0b1","shp_ProgressIndicator_F_Visualization":"eb0cc3e9-5474-416a-a1fe-66d835a1baa0","gall_ProgressIndicator_F":"9c47b99f-4143-48ba-a644-4d762c1a6b7f","galleryTemplate3_2":"a583d0b0-ae65-485c-be77-d88cda22171f","shp_ProgressIndicator_F_Gall_Top":"f3713125-73ee-4cd1-adfb-3c783cec0012","lbl_ProgressIndicator_F_Gall":"2af99bb9-edbb-4a28-9ca6-1252794a638f","img_ProgressIndicator_F_Gall":"e7752db1-289d-4977-ad83-7c4453f825ad","icn_ProgressIndicator_F_Gall_Clickable":"bdec6c07-1e90-48b7-8e52-7d06029e4937","shp_ProgressIndicator_F_Gall_Bottom":"59f19830-8fa4-48ee-a73c-568c177e2b7d","PACo_ProgressIndicator_E":"9e3da135-34d4-4c0c-9cb8-939ccdee327e","html_ProgressIndicator_E_Visualization":"b3a0003f-2715-48ba-902d-ad7e68cbd1b8","shp_ProgressIndicator_E_Visualization":"8d20ad81-3c15-41ae-97c1-d2db512ec450","gall_ProgressIndicator_E":"d1083987-7245-4f53-bab4-23757d8121dd","galleryTemplate1_9":"f3a8dd1a-bb1b-4086-90bf-c66e284be822","img_ProgressIndicator_E_Gall":"17bc4408-1dbe-4ca4-afe3-1ee1138d4c1c","icn_ProgressIndicator_E_Gall_Clickable":"8ad3389f-f8f6-460d-a963-3c1bb69edf98","shp_ProgressIndicator_E_Gall_Left":"8835c2a0-5124-457e-aa16-46fcd46a2f70","shp_ProgressIndicator_E_Gall_Right":"5d392fc7-6b54-49fb-b098-5d5a6f791591","lbl_ProgressIndicator_E_Gall":"e37734bb-9ecf-4f62-98ec-6bb27704dd12","PACo_InformationBlock_A":"b06bed37-c4a1-484c-84f0-6e46d9c15117","html_InformationBlock_A_Visualization":"bd6eb704-d87b-488f-8f4b-f35b1a86685f","shp_InformationBlock_A_Visualization":"3bdd3ea1-f75b-41f0-8acf-3c78d67ffd48","lbl_InformationBlock_A":"f33d9c30-5ade-4291-a016-1ab734a29b03","shp_InformationBlock_A_Divider":"1d988ea7-1b77-4f74-861c-3448d834f9f8","gall_InformationBlock_A":"7d9080a5-4f87-473e-a629-84a45cc58040","galleryTemplate6":"68cb121a-36ae-4423-bcaa-a7ad4525d087","lbl_InformationBlock_A_Gall_Label":"aab9fdd1-621a-4f90-b40e-a44add644eba","lbl_InformationBlock_A_Gall":"48d7d429-df85-4131-b610-821d1f5c99fb","icn_InformationBlock_A_Gall":"bb985819-1eac-4944-b98c-c9b38df762c6","PACo_ProgressIndicator_D":"2e6364e3-e4f2-441f-9ed6-bbbbbc45a01b","html_ProgressIndicator_D_Visualization":"9b753e53-02fa-4a3c-8cb3-bd30132b8724","shp_ProgressIndicator_D_Visualization":"5657219c-b027-424a-80e5-7534a916ec8c","gall_ProgressIndicator_D":"0aefddcf-4f57-4d9a-88b5-a6a6d42ff015","galleryTemplate5":"4fdd0479-f71c-4103-b678-b7a659187d7a","shp_ProgressIndicator_D_Gall_Top":"02a5375a-2450-4e12-9f72-daa48e28dbdd","lbl_ProgressIndicator_D_Gall":"d357e0e1-845d-454c-93c6-f5888d490e27","shp_ProgressIndicator_D_Gall_Circle1":"e765d011-1a7e-4092-8815-31d743809a8f","icn_ProgressIndicator_D_Gall_Circle_Clickable":"32db990a-3c10-4825-896f-547840a67b77","shp_ProgressIndicator_D_Gall_Circle2":"72f684ac-2270-4215-8784-5b170d49281a","shp_ProgressIndicator_D_Gall_Circle3":"b5026147-84c2-4b0c-9e4c-1f6f31aaa96d","shp_ProgressIndicator_D_Gall_Bottom":"32f10187-8b44-4779-9d57-173b47a62d81","PACo_ProgressIndicator_Shimmer_B":"847b784b-e032-4cde-b7b5-d955cd0babef","html_ProgressIndicator_Shimmer_B_Visualization":"0f8421c0-9a61-4d6b-a5e7-7a81656aa8b5","shp_ProgressIndicator_Shimmer_B_Visualization":"05e86c73-4f44-422c-94e0-49d3098ea6d6","gall_ProgressIndicator_Shimmer_B":"4d397b3c-752f-4484-8763-45bff279edca","galleryTemplate3_1":"9793123f-097d-4696-9545-6b0cd2c7a94c","shp_ProgressIndicator_Shimmer_B_Gall_Top":"186c1a72-d04f-4dd9-aac5-6e5da18cbecb","shp_ProgressIndicator_Shimmer_B_Gall_Circle1":"35aa0807-e1f3-48ca-b51f-ec0e08721d5c","shp_ProgressIndicator_Shimmer_B_Gall":"a46d1eb2-6f83-472b-9c6b-73b6e284deed","shp_ProgressIndicator_Shimmer_B_Gall_Bottom":"83e396ae-8b9f-4985-ae70-191873f13d0b","PACo_ProgressIndicator_C":"433bbd62-40d2-40eb-bf04-2a057961b758","html_ProgressIndicator_C_Visualization":"c1008c26-444a-4773-a523-3fde8a5422fc","shp_ProgressIndicator_C_Visualization":"07f18c58-5121-4241-bf33-1531be89c8ee","gall_ProgressIndicator_C":"53953e42-57ce-4a71-9507-2cf7b57b49fc","galleryTemplate3":"9a782330-e3f4-4d31-8b5a-73197c86c024","shp_ProgressIndicator_C_Gall_Top":"5c3048ee-aaf8-4887-8e32-283758f561ef","lbl_ProgressIndicator_C_Gall":"9cd1bfe4-3c24-4e87-b4b8-eedfffb24547","shp_ProgressIndicator_C_Gall_Circle1":"1d894a59-0910-4a27-98dc-e62b8004c249","icn_ProgressIndicator_C_Gall_Circle_Clickable":"285d9df0-987f-459e-aff2-5dae8531d066","shp_ProgressIndicator_C_Gall_Circle2":"0407ea56-5cd9-45bd-a46b-02d8d3fb2c99","shp_ProgressIndicator_C_Gall_Circle3":"349bea05-a9cd-4c7d-975d-526d85db7f1b","shp_ProgressIndicator_C_Gall_Bottom":"50f0ee5a-89f7-4eb8-b9b2-2012bd263c6c","PACo_Log_A Screen":"d031df28-1216-47d5-9276-10d32a40aae7","cmp_Log_Back":"3ccfa5a9-e9d1-4271-bc57-b178cc7a6b0c","tmr_Log":"6d576875-7890-42c0-9da7-857d28fe1fe3","cmp_Log_A":"56e998e0-864f-405e-9c4f-c0a3cc96d7c5","cmp_Log_Button_LoadData":"be965022-2339-4e00-80b1-2415a05361c9","lbl_Log_A_VAR":"7b571760-e720-4ed3-996e-92b51fc85a17","PACo_SelectList_A Screen":"38f8ecc9-3ee3-4fb2-98f8-94e7b5e92636","cmp_SelectList_A":"aee3c8f6-95da-4c0b-b8d8-dbec97ffc173","cmp_SelectList_Back":"fd62c73e-20eb-4742-887a-937023e98eff","cmp_SelectList_Button_LoadData":"5d454ed1-7a6a-4922-9b8e-ef57b218fd28","lbl_SelectList_A_VAR":"e02ee09b-e02f-4439-9fae-7c621971c473","PACo_Header Screen":"b51bda0e-148c-405f-b210-d45b86e446c7","cmp_Header_A_1":"97b05ca9-2860-4dec-88a3-73249944ea9a","cmp_HeaderSettingsMenu_A":"a71ff017-88eb-4a7a-bde0-f9bfc2f65beb","cmp_Header_Back":"a85047fb-16df-492a-ab35-54070072f720","cmp_Header_A_2":"de3eb4ea-5ef7-443d-9a61-d0f527ba27a2","cmp_Header_A_3":"d557d8b9-f966-47a0-ada2-fb788481860a","cmp_HeaderLanguagesMenu_A":"1f38f073-fdbe-4013-973c-504ce0f5bbe0","lbl_Header_A_VAR":"31d0265c-bda4-4d8c-87f2-cb239b4ad8e1","PACo_DetailsList_C Screen":"fe27447e-2201-424d-beea-a55b568c7f0e","cmp_DetailsList_C_Back":"a5674e88-5b42-4038-a5d8-a9e80af7f59e","cmp_DetailsList_C_Button_LoadData":"e493dc84-b781-45bb-90c4-e0994ce388c4","lbl_DetailsList_C_VAR":"8773665d-6d38-4670-b3d6-17425bd504ac","cmp_DetailsList_C":"7108906e-a5b0-4e0c-9421-09d0c97e9df7","PACo_SearchBox_A Screen":"1cc43c6a-b2d9-45b2-bcd1-fb07bba0f8cf","cmp_SearchBox_A":"27ceb5f3-6f76-4c1a-9643-1d0f995d2c5d","cmp_SearchBox_Back":"ad855773-4286-48f4-93f4-88178f729707","lbl_SearchBox_A_VAR":"71bd2e4f-89fb-4fc2-b851-d3ac8ed62962","PACo_DetailsList_A Screen":"ef82f38d-55c6-4a03-a3aa-0fac1f9ceceb","cmp_DetailsList_A":"c30d7491-ba20-4130-8f66-18cd1693baae","cmp_DetailsList_A_Back":"61f3bf6e-ab60-46db-98ba-574c1c6f6391","cmp_DetailsList_A_Button_LoadData_2":"0423d035-ea91-4f76-a265-3fd796b8b907","cmp_DetailsList_A_Button_LoadData_1":"ae4af06c-6347-4fcd-8963-257ffbc3e61a","lbl_DetailsList_A_VAR":"19b5e9c4-1c03-4874-9b47-4510ec893dc4","PACo_ProgressIndicator_A Screen":"bb4e0a7b-324a-482a-8900-97d57f2eb383","cmp_ProgressIndicator_A_Back":"b0bba98d-0f34-422b-8f83-507746aa3011","cmp_ProgressIndicator_A_Button_LoadData":"c11e268b-9de6-426a-893f-6e5f9de2950a","lbl_ProgressIndicator_A":"b3b8cf84-f04d-480e-89b0-cea48520e8a5","cmp_ProgressIndicator_A_1":"bd57ca3e-82db-452f-9a60-bef4442fae0b","cmp_ProgressIndicator_A_2":"492ba2a1-f8e1-4480-b052-13ba6e761886","Home Screen":"2de53cd9-8f11-44e4-9e35-7f4ccd39042e","cntr_Home":"5d6fd9b7-b72b-430e-88fe-05c394fe8581","cmp_Button_PACo_Button_A":"fb67fe4c-a166-4494-ac67-55acd94d2c4f","cmp_Button_PACo_CommandBar":"5a582b10-ee68-476d-9c79-87d2241a36e0","cmp_Button_PACo_CommandBar_Item_A":"e462229c-266c-48e8-a05e-df237bd55ac0","cmp_Button_PACo_DetailsList_A":"7d1cedeb-19af-45cb-89b7-6478e1c29691","cmp_Button_PACo_DetailsList_B":"c856bab4-220a-486e-bc73-b8e464f7550c","cmp_Button_PACo_DetailsList_C":"fe94a540-2a82-4f2c-ae3d-4dd76a6c02d6","cmp_Button_PACo_Dialog_A":"13126e36-2a53-4286-a935-ee5586d6fc18","cmp_Button_PACo_Header_A":"01efd929-5d88-4f79-954c-3f8e703d41de","cmp_Button_PACo_Icon_A":"93695e29-dafe-418d-925a-fee1fe1b620f","cmp_Button_PACo_Info_A":"c963ced8-3493-4d14-9148-a5a3b44c0c02","cmp_Button_PACo_InformationBlock_A":"a4864199-b42f-4faf-a683-8c6d368a6e02","cmp_Button_PACo_Log_A":"0ad4f25f-5b11-46fe-94b0-50b1bf28710c","cmp_Button_PACo_Nav_B":"f8669e43-47cd-4452-9b32-0c7eceb0f56e","cmp_Button_PACo_Nav_C":"51730f23-9667-4387-be3e-0d2e02b18632","cmp_Button_PACo_Panel_A":"d293bd16-4191-4222-a6c9-fdceed7f43d7","cmp_Button_PACo_PeoplePicker_A":"59117d22-aa7f-46a8-934e-9c779d62e10b","cmp_Button_PACo_ProgressIndicator_A":"0634b095-cf36-4a20-80ed-1b464d93240a","cmp_Button_PACo_ProgressIndicator_B":"fcd36a04-3234-4c7a-833d-8b3a2b842e64","cmp_Button_PACo_ProgressIndicator_C":"e9fb9b14-7b7b-402f-bbcc-05f1c75c3f93","cmp_Button_PACo_ProgressIndicator_D":"0c509918-ff29-4745-bfd6-34e8c16ba950","cmp_Button_PACo_ProgressIndicator_E":"19c90d53-8e0c-4a08-a523-67adf6f16e41","cmp_Button_PACo_ProgressIndicator_F":"3314d77f-90a5-444c-ac87-f35c2476e35f","cmp_Button_PACo_SearchBox_A":"c0991ec8-159b-407f-b6dd-b63cef920ae5","cmp_Button_PACo_SelectList_A":"7fe730d7-0c48-4280-b1a2-e71c794d2dd8","cmp_Button_PACo_Shimmers":"c7636e12-fbd7-4267-8d9c-84d3e832fa9d","cmp_Button_PACo_Spinner_A":"ad918a57-331b-4a5d-8dd5-6fd81779e426","cmp_Button_PACo_Tabs":"a2693165-6d8d-4f11-a71d-6dba05642714","cmp_Button_PACo_Tiles":"b39e15d9-cf97-4f93-9e00-f72a3fb6af80","cmp_Button_PACo_Visualization_A":"f46d156e-b2e5-4881-b21f-275e14dd16d6","PACo_ProgressIndicator_B Screen":"8a586a47-55ce-40aa-bf21-bc654511b978","cmp_ProgressIndicator_B_Back":"c9899ead-c154-4fff-a98b-a6249a6830c8","cmp_ProgressIndicator_B_Button_LoadData":"ab4dcd77-af45-4452-90cb-5ca6bdeddca3","lbl_ProgressIndicator_B":"514eb030-802f-4cb9-a6f9-b8541ba2d1dc","cmp_ProgressIndicator_B_1":"f9c4558a-35e5-43db-98b0-2989cb6e9a04","cmp_ProgressIndicator_B_2":"57940969-4f2a-43ca-8b8e-cbab3b15e520","PACo_Button_A Screen":"d2c68483-5770-4dd0-b63a-c6b7e74206c5","cmp_Button_Back":"da2ecf3e-efce-4a55-862f-ef414d2a9d01","cmp_Button_A_Primary":"93c1b4b1-827c-461a-8bab-92105ab2529c","cmp_Button_A_Secondary":"85fba862-0dea-47c0-ae98-13f8a14e408c","cmp_Button_A_Primary_Disabled":"ef92777f-7b49-4b72-a87c-026be95e3125","cmp_Button_A_Secondary_Disabled":"41804fee-524d-459b-830b-0faee111937f","cmp_Button_A_Primary_NoImage":"af1ef2d3-f4eb-487c-8391-e0171d710815","cmp_Button_A_Secondary_NoImage":"5cd1b345-c150-4847-9127-bfd2f02e7a93","cmp_Button_A_Primary_NoText":"d29d62ad-66e0-4b63-bafc-8584e396fa4d","cmp_Button_A_Secondary_NoText":"1d969022-d7f8-4d23-b942-9e838d89321f","cmp_Button_A_Primary_BorderRadius":"8f102ee4-9044-4445-bbf5-04ad80131a13","cmp_Button_A_Secondary_BorderRadius":"c6dfd39e-c6af-4372-a847-9c135d4bcab6","cmp_Button_A_Primary_Disabled_BorderRadius":"31b8b22e-ab73-4e27-b287-b0cbad88c0e6","cmp_Button_A_Secondary_Disabled_BorderRadius":"8da0fb88-8ed9-40cc-83db-27a6af36cc33","cmp_Button_A_Primary_2":"f538fda3-cdf3-4990-a08c-6fda32efea5b","cmp_Button_A_Secondary_2":"888cbcec-d114-424a-a258-46cf79b501ed","cmp_Button_A_Primary_Disabled_2":"b41f3fc9-283c-4047-a49f-b7318c183df2","cmp_Button_A_Secondary_Disabled_2":"692ebfc4-4891-442d-aaed-7eb1ecc32eef","cmp_Button_A_Primary_NoImage_2":"447b0f48-06be-424e-b01e-58921b59a1fe","cmp_Button_A_Secondary_NoImage_2":"2d314956-6162-40f0-99bb-a6016b1f38c2","cmp_Button_A_Primary_NoText_2":"d54e088f-dc5d-4020-8b7f-cedaad63fa03","cmp_Button_A_Secondary_NoText_2":"4ccab99b-bd46-4dab-8624-11e1638a9649","cmp_Button_A_Primary_BorderRadius_2":"daf1fa69-a783-4ffd-a447-c22c4c9e5588","cmp_Button_A_Secondary_BorderRadius_2":"a09d0c60-7ac5-4dd2-8ed4-374b8a15881c","cmp_Button_A_Primary_Disabled_BorderRadius_2":"536dc549-d799-4793-80b6-5bf7171ecbae","cmp_Button_A_Secondary_Disabled_BorderRadius_2":"49d7ec2d-f6e8-430d-9fd4-7c3608e9b09a","lbl_Button_A_Primary_VAR":"9ad44054-8f24-401d-ac40-8179054c45ed","lbl_Button_A_Secondary_VAR":"a42102ab-709e-4010-b090-59aef0932f26","PACo_CommandBar_Item_A Screen":"8cab4163-24dd-4717-9dbf-99c040e9db04","cmp_CommandBar_Item_Back":"177cb5cc-064f-40b9-91cd-9929577a49e8","cmp_CommandBar_Item_A":"3b587aa9-8162-4de3-b40d-4ba9c18aac06","lbl_CommandBar_Item_A_VAR":"50fe9dc0-4a1a-4d9e-a7da-cce96163e725","PACo_Spinner_A Screen":"5eb9dfbc-bae3-4788-bf23-5bad6ed46e02","cmp_Spinner_A":"4fe2b504-1959-44f7-acdb-94ec05074c41","cmp_Spinner_Back":"a5f8a9c7-abb8-4129-9918-ca2710af2e3a","PACo_Icon_A Screen":"849abd3c-8dd9-43b6-8ca9-1176130051d9","cmp_Icon_A":"c08b05ff-f084-43e9-8373-828d545533d4","cmp_Icon_Back":"356cb6d6-9015-48fe-aba8-16646a932209","lbl_Icon_A_VAR":"9f1c91b7-f160-4c98-8955-660b8a2a9752","PACo_Visualization_A Screen":"0445e2ad-6008-4f7f-a92b-8495c435313d","cmp_Visualization_A_Elevation":"37c35ecd-0788-4669-9980-247e1cdd98d4","cmp_Visualization_Back":"a0537c14-9d42-43ad-a29f-4706578874f2","cmp_Visualization_A_Line":"fbf7741f-f734-48c1-bddb-ea4dfcead990","PACo_Tiles Screen":"eae0d78f-9b62-4c9c-9767-f590a619de31","cmp_Tiles_Back":"92a677b6-c628-4785-ba31-51d5b6604f7f","cmp_Tiles_Button_LoadData":"03dcfe8a-2a77-4178-bfbc-8cacec91244b","cmp_Tiles_Tile_A":"c927f6f3-c423-46d9-9eb4-8606934cae24","cmp_Tiles_Tile_B":"5440ca8e-1031-42d9-b7a8-bc3271669566","lbl_Tiles_VAR":"1a108f45-e010-405f-8ce0-a02f445086da","PACo_CommandBar Screen":"7d40bd5c-c052-4da3-bb59-21a0f7a96213","cmp_CommandBar_Back":"371f9d1e-1ac8-41f9-8281-e2c8412c1758","cmp_CommandBar_Button_LoadData":"f1560a45-eb4b-4fe0-90d3-060427c82962","lbl_CommandBar_VAR":"5dc10733-21b1-4b9c-8f5b-cee2b231bcb6","sldr_CommandBar":"0796f7c1-3871-41e1-b97f-3e9af3b60bc3","cmp_CommandBar_B":"e39791eb-5aea-43f1-9b23-5c5d38c5eabb","cmp_CommandBarMenu_A":"c3f9ff66-73ce-4570-afd1-954df7d6a911","PACo_DetailsList_B Screen":"e99a7191-f0df-4141-957d-6046482fd534","cmp_DetailsList_B_Back":"8e62a4f5-b673-411a-95ea-4ce4aa6e4e50","cmp_DetailsList_B_Button_LoadData_1":"253d6ea6-0f28-45bc-93a8-74156cc6e6fb","lbl_DetailsList_B_VAR":"cec50f8b-a238-4d49-8ad7-db90d2cbd6e0","cmp_DetailsList_B_Button_LoadData_2":"2bb858b2-af1d-4b67-8e2d-d2a1f5b1508c","cmp_DetailsList_B":"39262d09-0d57-4ef6-b3be-bbacfdb92af8","PACo_Dialog_A Screen":"2044281d-4e11-42f3-b708-a227c8ae08fc","cmp_Dialog_A":"1afac886-2b70-4b3b-bd7b-c64f86e04096","cmp_Dialog_Back":"741b5c30-bd7e-4445-82b6-2d2e0416fcf1","cmp_Dialog_A_Button_LoadData_1":"c277b42f-e334-452e-a01b-38b473d6d8de","cmp_Dialog_A_Button_LoadData_2":"f7cbec3d-067a-4a10-8ab1-b5ba944fdd02","PACo_Nav_B Screen":"99dfeba5-7ad2-421b-958d-47e84d978f0f","cmp_Nav_B_Back":"857d853b-5527-451a-8a99-364dc8309d27","cmp_Nav_B":"7943e6f8-583c-4c30-a54d-d520f433fe8a","cmp_Nav_B_Button_LoadData":"d135b419-838d-4eab-854d-86a4bfb36f6f","lbl_Nav_B_VAR":"0724da19-9c10-4a6c-9657-eff310defa3c","PACo_Nav_C Screen":"5e4303d1-7c4f-4fe3-9d3a-d4e045e9a926","cmp_Nav_C":"c61216e1-bb30-4b24-aa94-17eecf2d3bd4","cmp_Nav_C_Back":"4011f748-835a-4d4c-be8f-f97c5035005c","cmp_Nav_C_Button_LoadData":"12483cf5-19e7-49be-896f-854e2c595895","lbl_Nav_C_VAR":"caca6608-e5eb-4cbb-9c49-420f5714e9d4","PACo_Panel_A Screen":"86cd12ec-5f07-4bb7-b007-ac07d55518c2","cmp_Panel_A":"fd3d3093-0a3c-4533-a202-3457dfbe05a2","cmp_Panel_Back":"fe8a0b29-5ead-426f-935f-06655efe9fa9","cmp_Panel_Button_LoadData":"52460957-1b66-4717-b301-0872f253b191","lbl_Panel_A_VAR":"6a69dab4-5a81-4995-bce2-63554769d299","PACo_Tabs Screen":"28b47d9c-62ec-439b-be38-4f7088b46e29","cmp_Tabs_Back":"8c44f843-c0fa-4c7d-ad5b-02cc63e5e2c8","cmp_Tabs_Button_LoadData":"63e3431d-ee33-4b1c-a53f-857b06c07a49","lbl_Tabs_VAR":"db865fd7-86e0-4a54-baf7-bda239e0e2e9","sldr_Tabs":"3f6b97dd-e63b-44b7-ba53-ecf74b4d0c1e","cmp_Tabs_A":"57ec5968-7c6b-4846-992f-76844ebca335","cmp_TabsMenu_A":"5c09cfe9-5f88-4b5f-b22a-93a227805ec0","PACo_Shimmers Screen":"f543974c-1662-4cbd-bf2d-7e8a92471c63","cmp_Shimmers_Back":"f005ad70-0f1a-4ca8-85ab-4359acf3e32c","cmp_CommandBar_Shimmer_A":"c0fabedd-be35-44bb-9900-0288aaf178af","cmp_DetailsList_Shimmer_A":"49f29425-d64f-42c3-a1e7-044939702a9f","cmp_ProgressIndicator_Shimmer_A_1":"4486e29f-c0d9-451e-a901-1d713852de32","cmp_ProgressIndicator_Shimmer_B_1":"ce4bfac8-d05a-4a1e-b9e1-051f77ee94cc","cmp_ProgressIndicator_Shimmer_B_2":"49355cdc-2fe0-4a3e-85b4-721836c5fb1b","cmp_Shimmer_Button_LoadData_1":"92ee4c45-3072-4186-885c-e52a8eaad721","cmp_Shimmer_Button_LoadData_2":"fd76022d-05da-4c01-85f0-7c2faa85934e","cmp_ProgressIndicator_Shimmer_A_2":"a16ca9bd-d2b5-42b4-aee3-a181720a2c28","cmp_Shimmer_Button_LoadData_3":"d2fbb22c-f0ae-4510-8346-4675e7b90e9c","cmp_Shimmer_Button_LoadData_4":"e7faade9-0448-4fd9-949f-9e323bc738d1","PACo_Info_A Screen":"d3f5afc5-ebeb-47a3-b41a-d9b383275831","cmp_Info_A":"6fca6db4-30a7-4fb6-aac0-e400e29a4aee","cmp_Info_Back":"309822a2-edc7-48d0-804c-535d075e1b87","cmp_Info_A_Button_LoadData_1":"47402b1f-ad1d-4029-9d76-80421c71aaca","cmp_Info_A_Button_LoadData_2":"8409b3bb-38e9-497d-b35a-cb04e4582a2b","cmp_Info_A_Button_LoadData_3":"238ac370-24ab-4b57-a8e9-081665f8349d","cmp_Info_A_Button_LoadData_4":"70ac8b59-c2c4-4652-ae3a-57adb8378c09","PACo_ProgressIndicator_C Screen":"a3c5ecaf-ee44-4763-a729-9a7c022001e2","cmp_ProgressIndicator_C_Back":"9327e333-3fd4-4876-b02e-29de61ee5050","cmp_ProgressIndicator_C_1":"7770f916-9dd8-469d-8046-829fe8428f24","cmp_ProgressIndicator_C_2":"1795e6cb-04c9-444d-a094-b88de2579afc","cmp_ProgressIndicator_C_Button_LoadData":"6ae59cb6-36a2-4d28-a643-1df3f52884a0","lbl_ProgressIndicator_C":"276be531-9302-4afe-9a37-ef0dbe22ca3c","PACo_ProgressIndicator_D Screen":"63ca8562-8dc0-4a14-a321-c708e875677e","cmp_ProgressIndicator_D_Back":"86feabe2-5653-4cb4-a9b0-f23c78366918","cmp_ProgressIndicator_D_1":"e91f55e8-c062-4418-85d7-e51130c7660d","cmp_ProgressIndicator_D_2":"96d805ef-93c3-4bbd-823c-e0b29a5186d6","cmp_ProgressIndicator_D_Button_LoadData":"e2ea0019-f45d-48a7-82c6-7d25559883a6","lbl_ProgressIndicator_D":"cf4729db-ea88-432e-b88a-cea1930ddfca","PACo_InformationBlock_A Screen":"819c76cf-3db3-424f-a75f-2542f8dd692e","cmp_InformationBlock_A_Back":"85481674-3edb-4f22-897f-eb62f24e426d","cmp_InformationBlock_A":"5f722d93-d193-4995-aa01-b244478e0980","cmp_InformationBlock_A_Button_LoadData":"41d1ac36-75d3-449a-b772-c212c122e5f5","Label2":"43d890fe-f54f-4373-b5c3-631cdd5236dc","cmp_InformationBlock_A_Button_LoadData_1":"25917f50-bfd0-4558-acea-83cc40427651","PACo_ProgressIndicator_E Screen":"e98d4835-336b-4ba5-be1d-70ef7cc912de","cmp_ProgressIndicator_E_Back":"62f8ea87-9296-4989-ab24-750c10b97743","cmp_ProgressIndicator_E_Button_LoadData":"c4ba766a-5d80-4fa6-b2c3-7287420d2d77","lbl_ProgressIndicator_E":"e2d66eda-d56e-4321-b404-80ff80a3d55c","cmp_ProgressIndicator_E_1":"025155d9-3d70-4a29-acd7-f7eb47052080","cmp_ProgressIndicator_E_2":"eb9e7eae-fd0f-40e0-916d-26cac9d2ed11","PACo_ProgressIndicator_F Screen":"73a2318b-72ae-4fec-9e08-ddae688016c6","cmp_ProgressIndicator_F_Back":"874d0b72-872d-41db-bd78-9fcf72def097","cmp_ProgressIndicator_F_1":"1e8db6bc-ac0e-469d-a6c0-d71b3241be5e","cmp_ProgressIndicator_F_2":"e8d921e2-9580-4a33-9d25-6186eb1e942e","cmp_ProgressIndicator_F_Button_LoadData":"d50262dd-8029-46c8-9f94-6ac9e1808d82","lbl_ProgressIndicator_F":"dc66e3de-806d-4387-b211-0e5a8d97bf6a","PACo_PeoplePicker_A Screen":"ecda0112-2ac5-45f2-b96b-3a0e6a85c984","cmp_PeoplePicker_A":"e49bc1d2-5017-465f-92c5-db40d14d45cc","cmp_PeoplePicker_Back":"b59d5df8-8b2d-44e4-aa01-fa9ac6d797a0","cmp_PeoplePicker_Button_LoadData":"1995fc22-c90d-4336-bf28-23be6ed8e6bf","lbl_PeoplePicker_A_VAR":"4d779445-61c3-4878-ad1d-fa8b6a6ffc24"}