{"__Version":"0.1","App":"69c81fb7-1711-467c-9d60-85b8a346eb15","Test_7F478737223C4B69":"fd241787-4f30-4af6-a853-8cd25a4898c6","Host":"b6c9af76-dfec-451e-8c81-e504ea2d139d","PACo_Nav_C":"51a373f7-3ff8-4545-84a1-096f8e967683","gall_Nav_C":"b733dd4d-16cf-4b9e-9d99-d34c8e4870cc","galleryTemplate2_1":"ab50146d-515f-49f0-9663-5f17a9348b9b","shp_Nav_C_Gall":"754ad296-f99f-4d2b-a0f5-e13d1c06830c","img_Nav_C_Gall":"b8f84eba-b761-4a30-8cce-612f9565a469","icn_Nav_C_Gall":"4ad10d1c-6ad5-4484-a0d9-f57c6faa8b6f","shp_Nav_C_Gall_Divider_Left":"2242d783-baea-47d1-99fd-39f6887e980b","shp_Nav_C_Gall_Divider_Right":"abdda2cc-23d9-4253-8073-de667ab3530f","lbl_Nav_C_Gall":"b3d01e56-53dd-4106-b7ce-c3d652d76db7","PACo_DetailsList_C":"b63b4965-34f9-412c-9cb8-c9314b2d4311","html_DetailsList_C_Visualization":"a1e8827d-9e78-43b9-a2bf-24d3fd6ee6e8","shp_DetailsList_C_Visualization":"aeb312a9-4870-493d-9566-7b4192ad4858","gall_DetailsList_C":"ebca8ce0-2515-4fd6-851b-ef6258f30b64","galleryTemplate4":"c2364242-60c0-4987-9a22-e0f17b557fae","shp_DetailsList_C_Gall":"f01adc3a-0014-422d-80ea-4fd3fa2bf0e7","cb_DetailsList_C_Gall":"48d6522c-b322-468b-b5b2-20f0e9d2b555","lbl_DetailsList_C_Gall_Title":"b9c31155-a22a-4ed5-babc-1ab8f4baabf0","lbl_DetailsList_C_Gall_Subtitle":"1330f2f0-ac41-4df8-8bc0-3545953ed14f","lbl_DetailsList_C_Gall_Body":"aa7b1e97-ed01-4003-935b-3c2a95c425bb","shp_DetailList_C_Gall_Divider":"5e02f211-86bf-48f0-95c9-3ce1cce11fe2","PACo_CommandBarMenu_A":"1ebbc56c-78a7-4300-b1a5-0f1992d5a23e","html_CommandBarMenu_A_Visualization":"c08f5e82-2712-42dd-b5f0-94aa7999796c","shp_CommandBarMenu_A_Visualization":"be7c52f0-e50f-4949-92f4-a0d95c662b07","gall_CommandBarMenu_A":"19b8f438-6ec0-4a10-8c10-a5eb74634694","galleryTemplate1":"67930bb9-e0f2-47e0-8997-7edbed432cf3","shp_CommandBarMenu_A_Bottom":"04cc8446-8bde-4d8d-a1d9-026884eadae0","img_CommandBarMenu_A_Gall":"bc486476-19c9-4be0-9855-f723b4cb7a4d","icn_CommandBarMenu_A_Gall":"0b9135f9-436e-4889-8599-33ddb6c2ec2f","shp_CommandBarMenu_A_Top":"26070545-f1f9-4991-b7f2-60decb5745c2","lbl_CommandBarMenu_A_Gall":"58eb929b-a94d-47fc-98f5-d98243c7f33d","shp_CommandBarMenu_A_Gall_Divider":"7dc629a6-9969-4d95-9204-0e83e2002152","PACo_Icon_A":"39eb0ee2-c12e-438d-957d-78fb32002089","html_Icon_A_Visualization":"a7aaedb0-0b52-4ba1-b762-9bb7acc6ca40","shp_Icon_A_Background":"d139d20e-6356-462e-8647-779e83fe7e60","shp_Icon_A_Visualization":"b632d3ab-c0a5-439d-bb1f-2ff5f201d6c7","img_Icon_A":"e18601f2-1255-4963-90b4-985113a4c9aa","icn_Icon_A":"5eaead01-403f-4239-b861-7be5f9ada267","PACo_Visualization_A":"e94c2324-5681-4cef-917e-e7b24495bede","html_Visualization_A":"3361de40-a14a-4db0-898d-f2f29ba62eb4","shp_Visualization_A_Background":"95289cef-7deb-4325-a3de-f449c4e998d2","shp_Visualization_A":"d9602c4a-1d7e-42e0-8f4f-5bbaf7f22e4b","PACo_Tile_A":"d02b16c1-a373-4d9f-b033-ae532a64ac69","html_Tile_A_Visualization":"22b510b3-5b79-4d93-93dc-3ad2b2256691","shp_Tile_A_Background":"111d6730-67c9-4d1b-87bd-a4bd7b217c8e","shp_Tile_A_Visualization":"0b757799-df02-4ac9-a591-795842fa845e","lbl_Tile_A_Text":"0c139ebd-89d3-4e45-b7d1-3073d7f49d47","lbl_Tile_A_Value":"a2ecb92a-0aac-4a75-b0fd-3832b29d762e","PACo_Spinner_A":"43582d39-5e87-4349-8bd6-dceb3910000e","img_Spinner_A":"0d3b9220-a970-4852-a663-9d2824dc312e","lbl_Spinner_A":"38511d76-b8dd-4932-be8e-04b003846ece","PACo_DetailsList_B":"25b84187-fd5f-41ff-8aa4-10ead7508159","html_DetailsList_B_Visualization":"29a86ae1-c502-44ed-b345-5257a5d87f0c","shp_DetailsList_B_Visualization":"f5db9c47-066e-4dc9-a0ae-7551b9e41682","cntr_DetailsList_B_Main":"fa7df791-ac3e-4f71-9baf-499d8c440476","cntr_DetailsList_B":"725a933f-598d-42cf-b56b-41c5959dcd4e","lbl_DetailsList_B_Header_1":"068f353e-bfec-45f5-b2e3-5820c5a984de","icn_DetailsList_B_Header_1":"131b73e2-0400-456b-912f-65407ef54747","cb_DetailsList_B_Header":"cb5d3935-5042-40c9-b5a4-207ccd70ac23","img_DetailsList_B_Header_Sorting":"29d7ee20-af61-4d66-a8fe-9668329b8165","lbl_DetailsList_B_Header_2":"35022f53-40b7-49a9-94ff-d8344f729bf5","icn_DetailsList_B_Header_2":"ef2ebe55-21aa-4188-b575-58c70fe5a113","lbl_DetailsList_B_Header_3":"3154a254-2ebe-43ca-9840-78430a1604bf","icn_DetailsList_B_Header_3":"02c78fb8-7efe-4c9c-9047-41c9415a2421","lbl_DetailsList_B_Header_4":"8c0b89f6-2d6d-407a-ace0-fb8e5abd4499","icn_DetailsList_B_Header_4":"b8701f8f-dbe4-4570-b7d1-11557897fb0a","lbl_DetailsList_B_Header_5":"9a5a4f39-f8f8-4e51-a161-ac8cba97fb75","icn_DetailsList_B_Header_5":"66e03526-9cc2-420b-bd59-bcc7a7317b3b","lbl_DetailsList_B_Header_6":"b95002fc-c913-4909-948e-c298a1270cf4","icn_DetailsList_B_Header_6":"3accf826-dfe4-4455-9a7a-3c574169b940","lbl_DetailsList_B_Header_7":"50969e17-e9a2-4031-b9b9-e8efa071e9c8","icn_DetailsList_B_Header_7":"2f8b269f-7095-47b7-885f-33942c31d5a6","lbl_DetailsList_B_Header_8":"f64db581-1f12-4117-ba37-3e16ef04fb9f","icn_DetailsList_B_Header_8":"db7c04fd-6b00-4ab8-a277-ab05e8d40ff0","lbl_DetailsList_B_Header_9":"ab21db32-359d-49a1-b2ce-a1a1055078cc","icn_DetailsList_B_Header_9":"a7dafb6d-39c6-4998-96e1-3c774352e434","lbl_DetailsList_B_Header_10":"567dbce3-808d-47f9-95b9-afe749cfb8eb","icn_DetailsList_B_Header_10":"4b7f2fe6-193b-4d40-b15c-f5b30f739a09","shp_DetailsList_B_Divider":"4c794c62-868f-45b1-b202-be88cf48b595","gall_DetailsList_B":"3b083e49-98ca-405c-aa4c-4e1d2c3d8a2c","galleryTemplate2_4":"2ff3a7fd-dfd0-4cce-bfde-c0f30c3215a3","lbl_DetailsList_B_Gall_1":"abdd6518-c330-47be-8800-b523c1aca1fe","cb_DetailsList_B_Gall":"1b329833-c7af-494d-90c4-b7d9eae74fde","shp_DetailsList_B_Gall":"89142731-488a-4cda-9d60-9e490bb3c653","lbl_DetailsList_B_Gall_2":"0fbd60d3-a5b5-4dac-9b1e-4c905599863e","lbl_DetailsList_B_Gall_3":"36cb5c69-0259-4e1d-bd05-1c912dd091a4","lbl_DetailsList_B_Gall_4":"7c24a348-90ad-4138-9f70-e4b9a99036d0","lbl_DetailsList_B_Gall_5":"19490297-2764-4f29-8e77-fe98601d50e2","lbl_DetailsList_B_Gall_6":"eef80c30-5f8f-4bf2-91e3-2a94e8ea84f1","lbl_DetailsList_B_Gall_7":"e031899c-c17d-4933-b453-072c3b2ba987","lbl_DetailsList_B_Gall_8":"85b80925-1e92-4f97-8a23-eb46a077d7da","lbl_DetailsList_B_Gall_9":"711be1ac-8d67-4e89-8681-7cd9597e07e5","lbl_DetailsList_B_Gall_10":"eccfa86b-0061-41cd-82ba-077d7e8d9c0f","shp_DetailsList_B_Gall_Divider":"67113ab7-6222-421d-9d37-7fb49c7951e3","PACo_Nav_B":"d452afca-13e5-44d5-9549-7d306012e35a","html_Nav_B_Visualization":"d6c725c2-2507-477b-8bf9-f0a04154f738","shp_Nav_B_Visualization":"c4f670ef-aff4-49ea-b908-c5c0ac9b7d2e","gall_Nav_B":"f0d61445-b3c9-4e63-a735-e60d6b2c068e","galleryTemplate1_3":"e0713fc9-3d7a-483a-8a88-1575ebccf2e7","shp_Nav_B_Gall":"dab38435-e0de-4c31-9ab6-8813f814215e","img_Nav_B_Gall":"388432e0-35c0-4975-ad0f-ea9329a38f6f","lbl_Nav_B_Gall":"b8d65637-25f0-4db7-9e9f-73118ad44913","icn_Nav_B_Gall":"1002337e-d83a-4648-a6ca-085aa2ffe580","shp_Nav_B_Gall_Divider":"8e504d43-4459-49bd-8bcf-c1c9ae58e9b9","PACo_HeaderSettingsMenu_A":"775e0103-276a-4667-87ba-ae625a19aa5f","html_HeaderSettingsMenu_A_Visualization":"7d84a3f5-3b7f-4e36-9476-661ea584c41b","gall_HeaderSettingsMenu_A":"00b4cbbf-f5de-473a-9794-2814b2e86dac","galleryTemplate1_2":"0ef78ff2-90be-469c-bdb5-4bdfd5fd4292","shp_HeaderSettingsMenu_A_Gall":"dfa98c98-3ab6-4bf1-9e1f-8196b03a002e","lbl_HeaderSettingsMenu_A_Gall":"ce041aac-8c4f-4788-998e-cdda63038149","icn_HeaderSettingsMenu_A_Gall":"813cd579-486b-4163-9f1d-06325b56c07d","shp_HeaderSettingsMenu_A_Gall_Divider":"4c641404-9cd4-4440-af2c-f007217a912e","shp_HeaderSettingsMenu_A_Visualization":"1dd7a8fb-f737-4d5a-83de-9838e49027fa","PACo_Dialog_A":"8b3d1cbb-855a-4817-9165-2293b1270385","cntr_Dialog_A":"5a701659-36df-45de-ae12-505b5cfc5062","html_Dialog_A_Visualization":"0fcac22e-cb1b-40bb-abe8-1836b435c5d5","shp_Dialog_A_Visualization":"452bba92-1779-41cf-8273-0c99c1184e87","shp_Dialog_A_Area":"8209df88-caae-42a9-a82d-ac418799e4cd","lbl_Dialog_A_Title":"8bb77c63-67d0-494f-8bfc-5ed69b4c818e","lbl_Dialog_A_Message":"f8e42f8e-7be6-4a75-9deb-10a9bf5da342","html_Dialog_A_Message":"ad8b89ea-a3e4-4d9f-ae44-ab1cbede7389","cntr_Dialog_A_Button_Last":"8657609c-3bc9-4612-a654-16da441ff856","icn_Dialog_A_Button_Last":"fbcb72f6-bbd3-4100-96eb-6221bd150bb2","img_Dialog_A_Button_Last":"50297847-1fcf-4471-a49f-7a0da940d5fd","lbl_Dialog_A_Button_Last":"8f2b5261-6443-40a0-8630-6b4fc9ce2131","btn_Dialog_A_Button_Last":"739522b0-f531-4065-8d06-a0e6dbc37bee","cntr_Dialog_A_Button_First":"29bf5be9-abfb-48ef-b8f9-92a600a46a67","icn_Dialog_A_Button_First":"a1645f36-62a6-4ba9-9450-bd7ca68ec17f","img_Dialog_A_Button_First":"2b3fbc87-b840-469a-8235-431bc19eb8fc","lbl_Dialog_A_Button_First":"c19cdc82-cabc-43be-8647-117549d0a072","btn_Dialog_A_Button_First":"0a303b3d-1ea0-4a43-a47c-42297f8c5900","html_Dialog_A_Button_First":"e2da337e-3cc7-4e3f-8d02-2d9b83b77c0d","html_Dialog_A_Button_Last":"98af3270-9819-4435-a64e-0ef26f9f530f","PACo_CommandBar_B":"daa91a1f-e7e3-4b2b-b408-bf4940442087","html_CommandBar_B_Visualization":"034af728-8c11-42f8-94a4-9054237c7ec5","shp_CommandBar_B_Visualization":"b1a4cce4-4c57-41fe-a5dd-c95371c16584","cntr_CommandBar_B":"8c5e835b-3efa-4ff7-a6b4-2db493c58847","shp_CommandBar_B_1_Bottom":"df78285c-c325-4e57-a908-0ca799ba85a9","img_CommandBar_B_1":"88fb4dea-73d0-47fc-baa7-cde39ce8e008","icn_CommandBar_B_1":"e0b27d4d-6888-4ab5-9575-0b0cb00d086e","shp_CommandBar_B_1_Top":"d67b12fe-3ea6-4890-b572-a156a33506da","lbl_CommandBar_B_Menu":"62e08273-2311-4814-9090-778bb04d0223","icn_CommandBar_B_Menu":"2b354432-953c-4790-a1e5-6ec59b3c2700","lbl_CommandBar_B_1":"530039c1-f9bd-486d-ada1-69ea7ea52ed9","shp_CommandBar_B_3_Bottom":"3ed4e5ea-b270-45c6-bb52-458c6e19b16a","img_CommandBar_B_3":"b4497210-595b-42d0-90e7-8eac81442f6c","lbl_CommandBar_B_3":"32c5e693-55da-40ec-b354-3ae20e3f8f95","icn_CommandBar_B_3":"6dfc16f9-008f-4d01-9a4b-6965842255e2","shp_CommandBar_B_3_Top":"f10584b3-0373-4b13-b1d2-996caaef9b8f","shp_CommandBar_B_2_Bottom":"22b2b4f6-25a6-41f6-b50f-9c9b25c9debc","img_CommandBar_B_2":"be2ec1f0-a077-4b4f-8fd8-27f8adadebd1","lbl_CommandBar_B_2":"64bea5ac-9b5a-4ac3-9342-c0936d7c9841","icn_CommandBar_B_2":"e0a0413a-b6af-490a-8172-2e4f7c8a6b24","shp_CommandBar_B_2_Top":"707a739c-1c1c-46d7-9f25-2f0b5f69c9e9","shp_CommandBar_B_4_Bottom":"fcdb5fc6-f903-49b0-9a67-e211a872d575","img_CommandBar_B_4":"76e0ae60-6914-4e53-96ec-82142ca5aa22","icn_CommandBar_B_4":"9ed43b79-8707-4e72-b34d-f96dfb4b8bb1","shp_CommandBar_B_4_Top":"c7b66c91-7b98-4e00-b51f-04182b351348","lbl_CommandBar_B_4":"f2cefb13-d873-4a5e-8178-25f79e8a67d1","shp_CommandBar_B_5_Bottom":"56adb2d1-c188-4bbc-b490-ad9329f038a7","img_CommandBar_B_5":"922bb24e-8be3-454a-8836-44f8317e890e","icn_CommandBar_B_5":"01927d1d-a6ca-4cd0-84c3-366b770b3c1d","shp_CommandBar_B_5_Top":"cac0e7a3-a04a-4020-8275-3e3c2e21a8b7","lbl_CommandBar_B_5":"993c0d96-f05d-489a-9f98-f5a139c9f1d5","shp_CommandBar_B_8_Bottom":"2b066d18-4c2d-4881-84c2-7c5ced827612","img_CommandBar_B_8":"c4bc69c4-a71c-4b27-ae31-65684108f2f7","lbl_CommandBar_B_8":"45906dd6-8fde-44de-9cb7-3ddc62aded6c","icn_CommandBar_B_8":"b0e4d23d-6262-4a91-9837-85cb3158dc39","shp_CommandBar_B_8_Top":"9a99ecf1-4f7e-4aa0-8f85-591c786c0b08","shp_CommandBar_B_6_Bottom":"7cee0b63-e30e-4e31-8a93-0c41a5739431","img_CommandBar_B_6":"c9f9c4c1-8e7f-4dbd-ac37-5917491ac1a0","icn_CommandBar_B_6":"7126921e-9cdf-4286-9eb9-d78ae26af6df","shp_CommandBar_B_6_Top":"6e1d881a-29f0-4170-8061-ae06bb60edba","lbl_CommandBar_B_6":"811e2cb1-a7ca-4191-a29d-9ccc10eaaf53","shp_CommandBar_B_7_Bottom":"abc2b7be-512c-402f-a444-2df803c1cf07","img_CommandBar_B_7":"1dbdfa2b-1e73-433e-b2ea-8659f1070388","lbl_CommandBar_B_7":"6c08ae4d-4705-4ce7-a831-13743606b74a","icn_CommandBar_B_7":"f6afd9bc-813c-496e-b14f-7f6ab189053b","shp_CommandBar_B_7_Top":"f7277cb5-2b24-44f4-80f9-0d30adcfe4c3","html_CommandBar_B_1":"e0188f1b-ccf0-4ffd-abbc-c781c56cca03","html_CommandBar_B_2":"40fac055-22f7-4a9a-9171-4634fc572279","html_CommandBar_B_3":"98414636-9070-4b7e-bdca-dc3747cd845d","html_CommandBar_B_4":"88cb8cd7-e00e-4266-ae1a-466271df08bb","html_CommandBar_B_5":"d5e105d9-a2dc-447a-8bba-beee0dd2c00d","html_CommandBar_B_6":"6622e0e8-03ef-47c5-b1ce-8396945c9419","html_CommandBar_B_7":"234aad0b-191f-468f-9bb4-69884855715f","html_CommandBar_B_8":"32596dd7-808d-4437-a09f-376ccf71c03d","PACo_Panel_A":"003f4b06-7d79-4d25-89aa-0e919e6b2712","icn_Panel_WholeArea":"f70a6d5e-cf28-4246-8bd7-5376ae3decba","html_Panel_A":"47d34d55-9b63-4273-85c1-9b6128c5c359","shp_Panel_A_Area":"93eb0800-50ac-45bb-9fc0-747b1237d66b","html_Panel_A_CommandBar_Visualization":"f75d0829-baf9-4efb-b84b-cdc1991b982b","shp_Panel_A":"c0fef4a8-0ac3-436c-9122-62a16b4f135d","shp_Panel_A_CommandBar_Visualization":"bb3e881f-0c36-4d87-b76a-9e8d3a0c13df","cntr_Panel_A_CommandBar":"4455e931-27c6-4f52-b01f-874cfd6841fc","img_Panel_A_CommandBar_1":"30c679ad-eba7-4620-b47f-dc8b9eff4b11","icn_Panel_A_CommandBar_1":"fc967a35-7b80-43d4-a9b6-701b93be7c8c","lbl_Panel_A_CommandBar_1":"5eaab0c8-a6c0-462b-9f3e-72ac689a7f9a","img_Panel_A_CommandBar_2":"717aef42-6773-4032-8953-640743a1fed7","icn_Panel_A_CommandBar_2":"572d7f17-9280-4484-9e5d-3402ab8ce421","lbl_Panel_A_CommandBar_2":"e526d55f-4233-4595-84f6-710f283bf637","gall_Panel_A":"1e3e2803-d714-4b44-b890-5dcc1f6c8c45","galleryTemplate2":"161218b4-f24f-47af-965d-793cdb01a401","lbl_Panel_A_Gall_Label":"4b94f014-af96-4644-8c35-d67e89ac7863","lbl_Panel_A_Gall_Text":"beacdeed-e4c0-484a-99f7-96e6586bb34b","cntr_Panel_A_Button":"92f4dae3-7fd1-43b3-a536-6f1e98ab6050","btn_Panel_A_Button":"26844983-3cfa-4aea-964b-d2efc84fbbcf","icn_Panel_A_Button":"6d420e0e-a870-495a-b179-b03e0a71d026","img_Panel_A_Button":"3c92b7bb-6801-4c57-9a0b-4be2772f6eff","lbl_Panel_A_Button":"e89675f5-7874-45a0-a865-74e3151d17c4","html_Panel_A_Button":"022cdfaf-83cb-4abb-97a9-bc636939132e","html_Panel_A_CommandBar_1":"ef0ed4bc-6262-4f1b-9889-96f2fcce6950","html_Panel_A_CommandBar_2":"8808b5f1-ae9f-43a8-a676-4caa37bc4f92","PACo_Info_A":"7690781e-05a3-4867-acc8-784db9f50bad","cntr_Info_A":"1d3a5afd-fa80-465a-83ca-cb677a67cae4","html_Info_A_Visualization":"0b4f3f49-b854-428f-b07d-d9f0efbb4668","shp_Info_A_Visualization":"89d08b94-61bf-42ea-81cc-597a979859ff","shp_Info_A_Area":"7020ba91-2fa0-4cf4-a091-7cddbd5fb8a7","lbl_Info_A_Title":"39dc3d2f-ecf2-4c3d-83b0-2639d5bf658c","lbl_Info_A_Message":"447a3b5f-85b9-4ea4-a76e-6642231433f7","html_Info_A_Message":"15966ca8-f8d7-4468-a8dd-8db11c515fdf","cntr_Info_A_Button":"28f82e69-5eff-412a-99ba-dd2ddcc12f37","btn_Info_A_Button":"cc2e0280-7295-409a-935d-bec0565be836","icn_Info_A_Button":"9d5353a5-ccd8-4613-9429-3f6a72e01ee2","img_Info_A_Button":"8a18a615-9fd7-4ec1-be1b-d2dcb323292d","lbl_Info_A_Button":"fae1aef7-3feb-4ef4-ab04-3ebb2a06c42b","img_Info_A":"ec1ea63e-d5ab-4774-a910-f56e35b0bf14","html_Info_A":"3a56d2b2-2765-40a1-8719-3016683f7e48","PACo_TabsMenu_A":"8ec92170-5e76-435e-873c-0d3dfe9dcb5f","html_TabsMenu_A_Visualization":"f8df2e47-2538-4d93-8dbf-3e35a442767c","shp_TabsMenu_A_Visualization":"5a4ffce5-34b8-4347-ae74-7f627ed39a6d","gall_TabsMenu_A":"b055b4ab-f2a2-4f3e-b819-9255959327fc","galleryTemplate1_7":"bd210b74-467a-4fe4-929f-2bcac0f4ad01","shp_TabsMenu_A_Bottom":"19893e19-b533-479d-8385-394015c25adf","shp_TabsMenu_A":"90560996-c198-428a-8fee-72d9287d5820","icn_TabsMenu_A_Gall":"3c5c4b61-5e5b-45db-a942-93951fbb6f69","shp_TabsMenu_A_Top":"01183891-de91-42ed-9907-497fbaf09c02","lbl_TabsMenu_A_Gall":"81c32cb6-402e-4b97-98c6-e16e0243eab3","shp_TabsMenu_A_Gall_Divider":"6639cdf5-a25e-4fcc-8c05-ce177d21d576","PACo_Button_A":"48ddfb76-0aec-46e5-bd1d-e4a88c6aee6f","cntr_Button_A":"d93183d7-7eff-4fe8-b1e5-e393537ab548","img_Button_A":"d0064df9-a051-4f95-a9ca-61c3e2679edb","icn_Button_A":"66a28c6a-6e64-40ae-9c90-bf0829aa8055","lbl_Button_A":"d992283c-8c72-4a2d-85ea-7efd7e159591","btn_Button_A":"1e6007ac-3691-4cfd-bc2d-85ba265a29e0","html_Button_A":"a716c063-30c8-435b-a291-b2263aeb1640","PACo_SelectList_A":"2b325041-4dd8-4d8e-bfe6-0891a35b9b0b","cntr_SelectList_A":"a010db1d-f080-4cf3-be1f-49b063fcc1c7","html_SelectList_A_Visualization":"eb53b99b-bd57-4666-bdcd-270d8de91640","shp_SelectList_A_Visualization":"51a51c5d-1631-4635-b1bb-2e05972703dd","shp_SelectList_A_Area":"d01954e2-05ba-480b-a79d-0d1640e8e478","cntr_SelectList_A_SearchBox":"76901beb-4dfb-4c1e-8d6b-89d3efe77fdd","html_SelectList_A_SearchBox_Visualization":"46d58c38-94c5-4636-aa12-f4f7cabe4f8f","shp_SelectList_A_SearchBox_Background":"348af88b-9d43-47cb-960a-749eb7381e7b","shp_SelectList_A_SearchBox_Visualization":"1819d027-9cf7-4d7b-84d0-df0160f07b49","ti_SelectList_A_SearchBox":"0a228273-38a6-4910-bdd0-8c1fdc88ea33","img_SelectList_A_SearchBox":"e758082a-7e00-46bb-9ae5-f694b1945c61","img_SelectList_A_SearchBox_Clear":"04771f21-2bba-46ae-a7b3-7d3a6bef1848","icn_SelectList_A_SearchBox_Clear":"1c8c6f15-c4e2-431f-b3de-8e3e985fbebb","html_SelectList_A_Gallery_Visualization":"d8789b4a-6895-4bbd-925a-a4cb2d9c7696","shp_SelectList_A_Gallery_Visualization":"48e53810-7157-4eae-b1b4-e8c4f122d7f1","gall_SelectList_A":"9c378af4-a759-4031-8519-7f14b084f22c","galleryTemplate5_1":"a6a80174-f7d1-48f5-ab88-a5c7797c56ee","lbl_SelectList_A_Gall":"5e74da4a-6c35-4cc2-ba4c-16c97de21c00","icn_SelectList_A_Gall":"05f4c091-e802-463c-a8ff-603da633fadd","shp_SelectList_A_Gall_Divider":"095cabe3-b6d6-4187-9fe8-e09f6da835aa","cntr_SelectList_A_Button":"b0743562-05d6-4e43-930a-d664ef58bdf9","btn_SelectList_A_Button":"566afc4d-5632-45a7-aa32-f5180ac1e7d4","icn_SelectList_A_Button":"f060f378-7db7-4ffb-9771-2073b29bd9fb","img_SelectList_A_Button":"eda4a1ad-1532-475d-b6a0-e6706f5d2d00","lbl_SelectList_A_Button":"0cd73731-600a-4d8f-8621-41996bc21177","html_SelectList_A_Button":"20d453c9-2e72-4c8c-84e6-5d3f8098b3ae","PACo_ProgressIndicator_B":"3ab5df7c-02a2-4bd0-985d-c1f14b7d4fbf","html_ProgressIndicator_B_Visualization":"ac7a7185-1925-4afc-b5bb-56aed689b6c8","shp_ProgressIndicator_B_Visualization":"a6ad285c-2de2-4393-bc25-1e3d8e0e04ca","gall_ProgressIndicator_B":"c35d32a8-b8db-441a-8d9f-ec3455289a25","galleryTemplate1_4":"cc445cb8-cc6e-45aa-a652-6cad0920ad31","shp_ProgressIndicator_B_Gall_Circle1":"5b9a174f-56e4-4642-9cb2-c7e2194ee14c","icn_ProgressIndicator_B_Gall_Circle_Clickable":"fa690e8c-1dcf-46ed-b992-050306ff19af","shp_ProgressIndicator_B_Gall_Circle2":"bdcbae91-6feb-4cf1-85de-22bbeb809ca3","shp_ProgressIndicator_B_Gall_Circle3":"eefb95cf-8889-4183-93aa-e3c446e681a7","shp_ProgressIndicator_B_Gall_Left":"b7e69cab-f1e3-45f6-aa84-c17312bb09d8","shp_ProgressIndicator_B_Gall_Right":"01a77f7c-57b6-4cc9-9b37-8da8ed773b45","lbl_ProgressIndicator_B_Gall":"59b23065-e618-4719-9b55-ef2b9b996805","PACo_ProgressIndicator_A":"56487099-882f-4a57-9076-2a469a82f9fb","html_ProgressIndicator_A_Visualization":"539f88c6-101e-452a-af76-27be8205b54b","shp_ProgressIndicator_A_Visualization":"7f4d9af5-77e8-451f-9afc-4b850a106c82","gall_ProgressIndicator_A":"4c6ffdfb-129f-4a74-958e-beae9f1965f2","galleryTemplate1_1":"a6570b4e-d058-476b-b299-c2835cbdea7f","shp_ProgressIndicator_A_Gall_Circle1":"a4d94d9b-b0ff-4ca1-82c3-d4959854f6ac","icn_ProgressIndicator_A_Gall_Circle_Clickable":"da0116a4-3b0c-4d8e-ad73-90ff5df79f23","shp_ProgressIndicator_A_Gall_Circle2":"05c689bc-2764-42d1-b1d0-530cfaddd7fc","shp_ProgressIndicator_A_Gall_Circle3":"e1ae0147-64b9-4a14-a751-a15b45a7c27c","shp_ProgressIndicator_A_Gall_Left":"7af99644-55a0-47ad-aadd-7904db839ddf","shp_ProgressIndicator_A_Gall_Right":"2b3987a2-9726-4116-b0b9-2aee318fc3b4","lbl_ProgressIndicator_A_Gall":"c107de08-8b2f-4580-bf9c-af0fc478ab5b","PACo_CommandBar_Item_A":"4f495848-f85d-440d-83a1-f82596155c4d","shp_CommandBar_Item_A_Background":"45f33ac6-2153-4628-9ab7-e6ecff6ac21e","img_CommandBar_Item_A":"ca250437-6184-49f1-b881-c524508dc15f","icn_CommandBar_Item_A":"5063bc16-19ef-4e16-8100-83221e7104f0","lbl_CommandBar_Item_A":"52f5a605-15f1-4c99-834a-21bfd64af3cd","html_CommandBar_Item_A":"bca05248-92ca-470b-b04c-d6e8cc347f05","PACo_Tile_B":"4c0096dc-58ab-44e3-af6b-12afd54424b5","html_Tile_B_Visualization":"5e37e0a8-4845-4a37-9e24-075d39aa6138","shp_Tile_B_Background":"be9cd439-9b21-45d4-9c10-4c5c4ba67aee","shp_Tile_B_Visualization":"05c2370c-ab0c-4c2d-9549-0c018e88ad08","lbl_Tile_B":"3f91b42d-f29d-4e2d-8d0c-82076eb2f876","icn_Tile_B":"48297377-1dec-4a07-a9d7-1e6d19b6e4e8","PACo_Tabs_A":"19e36f3b-6e6e-48b3-9198-d0dfdbfad9a5","html_Tabs_A_Visualization":"d09caf7b-f25f-4abe-81ed-a85e71821fd0","shp_Tabs_A_Visualization":"626cbdbc-72f3-4e38-8d0b-3074c0ddd309","cntr_Tabs_A":"4268dd01-7ac6-4876-ab2c-b0913b401504","shp_Tabs_A_1_Bottom":"8b425617-bf5e-45f4-a31e-659744f651ba","lbl_Tabs_A_1":"287bfcd5-b126-4a17-b0ea-65462f23458c","icn_Tabs_A_1":"548b43c4-d733-46f5-af00-fbee334ffcc9","shp_Tabs_A_1_Top":"d2fc274c-39e6-4c77-9e2b-4f76f0fe7e5a","shp_Tabs_A_2_Bottom":"6966e10d-8daa-4a6b-970e-6e31da4cfda0","lbl_Tabs_A_2":"7c9d1c8f-de11-408a-95a0-b9f82a7b4da7","icn_Tabs_A_2":"1c9e5c94-fb58-4ae7-864f-4b7aa17dec82","shp_Tabs_A_2_Top":"0596963b-1300-40ea-a1e2-48cc4c4df6c9","shp_Tabs_A_3_Bottom":"1de0e091-91c5-4627-b42b-b9d1bcab92ce","lbl_Tabs_A_3":"810dc4d1-dfed-4df2-bdfb-d5fbd17b7cb3","icn_Tabs_A_3":"2d60885f-3d32-4a22-afac-48037180af9f","shp_Tabs_A_3_Top":"c26dcf0c-a253-4b71-be9d-4229e50cabf5","shp_Tabs_A_4_Bottom":"92a5c15a-82b4-4019-93f9-a385284b0e41","lbl_Tabs_A_4":"3ba346ec-033f-4795-afbb-3945562b2bdd","icn_Tabs_A_4":"a611198c-149f-4824-a6d5-353e7b584465","shp_Tabs_A_4_Top":"6753eb25-c39e-415a-8bb8-b1a41f3b0898","shp_Tabs_A_5_Bottom":"8ba431e1-2b82-47fb-a791-448bfde52969","lbl_Tabs_A_5":"ce709869-ed1a-4d3d-b779-0121858927c4","icn_Tabs_A_5":"e2b11f9e-e5d3-4666-afc1-12a31b24b45c","shp_Tabs_A_5_Top":"42f14772-044a-4a80-bfde-c3414415b813","shp_Tabs_A_6_Bottom":"042fd440-7dae-4ca4-9b2e-b02d1856b347","lbl_Tabs_A_6":"43f69d5f-922b-470d-a073-548d6df855d5","icn_Tabs_A_6":"ce15fb7c-b5bf-4555-93ad-f9b0c12be926","shp_Tabs_A_6_Top":"6085d01e-ede0-41b4-a9dd-03bb96a22028","shp_Tabs_A_7_Bottom":"67223010-d16c-4dc7-8e33-4e10a207432c","lbl_Tabs_A_7":"216df28e-6ece-422d-ab47-ed2cd0074cd1","icn_Tabs_A_7":"783f740c-0974-47d0-8798-fcd210142916","shp_Tabs_A_7_Top":"14fbaf40-b803-4ac0-81ab-b9b4fdc0eed3","shp_Tabs_A_8_Bottom":"51e57f04-3c7d-40d3-8728-59b7dcd2fb04","lbl_Tabs_A_8":"8f86abe2-d9d2-44a8-8d5d-6cd59a92d547","icn_Tabs_A_8":"5b3603a2-5af4-416e-bbd4-547bbda7f1ab","shp_Tabs_A_8_Top":"80927d06-aad2-416a-b8b4-0553fd2fb7ef","lbl_Tabs_A_Menu":"6ad5b8d0-61db-461e-be2b-dfea52220f94","icn_Tabs_A_Menu":"6fc9613a-83e5-47a8-87b6-4cfe4fa3fe05","shp_Tabs_A_1":"33f88ca8-dc9f-49f3-848f-ebcb0eb05e7e","shp_Tabs_A_2":"e4778f10-c418-4b06-b046-cbeaf3d2d3c4","shp_Tabs_A_3":"1e03620c-6272-47a3-9616-deb4893f8465","shp_Tabs_A_4":"7829a355-0a1e-4dff-983c-c60d653d3e6f","shp_Tabs_A_5":"adc3dfb1-9bd2-4a9b-8775-4b631408c1a1","shp_Tabs_A_6":"e7e7b5f0-4ea3-42b9-abe8-144fc81dfa1e","shp_Tabs_A_7":"8604aa9e-2b77-468a-abab-a8b633bee9f8","shp_Tabs_A_8":"6c2d4313-67c3-4495-8654-b6d283cfba72","html_Tabs_A_1":"c9bec8cd-262b-41f0-a5e8-f3705deb4865","html_Tabs_A_2":"f5a85ab9-e7d8-4098-92df-3125d8a108fc","html_Tabs_A_3":"554dfb57-0544-49e6-940e-6ad9c63eaf66","html_Tabs_A_4":"08662a69-5766-45d6-9c45-f087b0390291","html_Tabs_A_5":"d9bf29a4-fce7-43bc-b150-34a1e6a872c4","html_Tabs_A_6":"f9175bae-f8f4-4656-bad0-01dbddfebbd0","html_Tabs_A_7":"fdc1589b-b9aa-4542-804a-398594b1c6ec","html_Tabs_A_8":"8472d727-7721-447a-8fb7-8b98d7f27e17","PACo_HeaderLanguagesMenu_A":"b8e179ba-13be-4ac3-9d1f-f7a112bd83b1","html_HeaderLanguagesMenu_A_Visualization":"69a2227c-838a-4bb8-b63e-a5f7c220229a","shp_HeaderLanguagesMenu_A_Visualization":"ec413c5c-dcd7-41ef-a21a-cad390a34bbc","gall_HeaderLanguagesMenu_A":"633f4992-2dfa-4a15-9530-2a6913f0f256","galleryTemplate1_6":"9f9e5fc8-f05b-49bc-8ac5-4f5b4ee8524c","img_HeaderLanguagesMenu_A_Gall":"da793c08-4481-4680-a653-1caa44422a5f","icn_HeaderLanguagesMenu_A_Gall":"3c63de40-16fe-4003-91c3-250e55474078","shp_HeaderLanguagesMenu_A_Gall_Divider":"1d8f2151-f8f4-4c1e-ae1f-10ab9c804837","PACo_Log_A":"fcb57bc1-8e38-4c95-9909-aabdadf5ba4a","html_Log_A_Visualization":"293c2431-2e7b-4a2b-94e4-23b372c44e42","shp_Log_A_Visualization":"fdbbef2a-a1f9-466a-8846-c67ccdb1250d","gall_Log_A":"b61e353c-01ac-4e43-90b6-f6d3099f0433","galleryTemplate1_5":"35e95ef9-f1e6-431f-8e59-b55beedcf79a","shp_Log_A":"74092ea3-3cdc-4877-873a-b8eda4d65943","icn_Log_A_Gall":"aeebfb8a-e014-43c3-b551-e2cd384b468b","img_Log_A_Gall":"2a1b40da-71dd-4864-9b0a-796f520dfc63","lbl_Log_A_Gall":"2f5fcfd0-ddbe-4153-ad0d-88f4270b6887","shp_Log_A_Gall_Divider":"0902ad9b-f4df-4977-bf6d-5bd140099bce","PACo_InformationBlock_A":"cbb7ebf7-4a58-407f-acc7-473e8f512eee","html_InformationBlock_A_Visualization":"00d470ed-7f0b-4173-8853-422219b5758a","shp_InformationBlock_A_Visualization":"48102561-6459-4d05-aa4d-9653ea6a46d3","lbl_InformationBlock_A":"cd7a510a-b123-449b-a80e-86f94130f352","shp_InformationBlock_A_Divider":"85755d67-0172-4d7e-90fc-7ff866f9e998","gall_InformationBlock_A":"645e3119-8265-4bfe-8463-d2d416b42d08","galleryTemplate6":"2462ce41-3607-4ab5-b621-e41d5155d4a6","lbl_InformationBlock_A_Gall_Label":"f2d2de3e-f69c-4d77-bb11-e9210b781c3f","lbl_InformationBlock_A_Gall":"b0c041a5-0047-4657-837a-181ff004e8e0","icn_InformationBlock_A_Gall":"bcb527bf-6c02-41e4-a17d-c14f3484feb8","PACo_ProgressIndicator_Shimmer_B":"b7a8e523-40c9-4c05-b614-c031d56d8f8f","html_ProgressIndicator_Shimmer_B_Visualization":"8ae3c46c-57e4-425d-9133-670b06ab9693","shp_ProgressIndicator_Shimmer_B_Visualization":"92147b5f-cb31-43d8-a40a-b8baa88e12cb","gall_ProgressIndicator_Shimmer_B":"3fb21260-7d3c-488e-a278-cd273344ebd5","galleryTemplate3_1":"47f8c354-38ce-4852-b28e-06c6198b8a27","shp_ProgressIndicator_Shimmer_B_Gall_Top":"6641c0b1-e4fa-440d-bb9b-b9f68b7665bd","shp_ProgressIndicator_Shimmer_B_Gall_Circle1":"e67a5a34-14bc-4fb9-a57f-db731dddf154","shp_ProgressIndicator_Shimmer_B_Gall":"7d5eb620-9d16-40af-ba2c-b4f9da01dbc0","shp_ProgressIndicator_Shimmer_B_Gall_Bottom":"78d436e1-6c8e-40d1-980d-e5ac9f34ea1a","PACo_ProgressIndicator_C":"11febd2f-366b-459d-9aac-74b9976dad1d","html_ProgressIndicator_C_Visualization":"910e50ef-7583-4a11-8e86-623c8b6dbe24","shp_ProgressIndicator_C_Visualization":"a5b12f95-3040-47b2-8de8-2bd6ee5ff405","gall_ProgressIndicator_C":"0e1d7bef-58bf-40d8-8ac4-11bd187d921e","galleryTemplate3":"5adfea24-f1ad-4b17-bfa7-f7436189f704","shp_ProgressIndicator_C_Gall_Top":"b9f74f12-c5ed-4ea0-a0a3-dce2f7462568","lbl_ProgressIndicator_C_Gall":"09666276-81f7-4ca0-8f94-febb278223ec","shp_ProgressIndicator_C_Gall_Circle1":"225f98a7-e685-41a3-8e01-6776406f465e","icn_ProgressIndicator_C_Gall_Circle_Clickable":"c949c67d-fa1f-4b15-a3ea-e390b458ac4b","shp_ProgressIndicator_C_Gall_Circle2":"2a350329-314b-432c-b66e-8328db5f57b3","shp_ProgressIndicator_C_Gall_Circle3":"2dc0cd14-1d5b-454a-a548-8bc2dd7931a3","shp_ProgressIndicator_C_Gall_Bottom":"15f7d8a1-969e-4bb0-a193-889262e5c023","PACo_ProgressIndicator_D":"93bb6dd5-c277-4c78-9e53-31cae9fb9cb6","html_ProgressIndicator_D_Visualization":"fa42ea94-2a9a-4ed4-b9a8-2352537aae43","shp_ProgressIndicator_D_Visualization":"b0c155f1-2faa-4d96-87b2-5efe8fe463b9","gall_ProgressIndicator_D":"2839cde5-1473-4bf7-89c0-616670202140","galleryTemplate5":"e56d7a66-233e-4ea8-ac82-25e11f0c1e7c","shp_ProgressIndicator_D_Gall_Top":"b934b0c0-6668-4d06-899f-18c8cf7ede7e","lbl_ProgressIndicator_D_Gall":"585c021f-e13e-4fd8-b890-aec92f054657","shp_ProgressIndicator_D_Gall_Circle1":"2764f129-7e58-4f0b-96ea-5472dd22bdc9","icn_ProgressIndicator_D_Gall_Circle_Clickable":"d514f1ef-77ad-40fc-b2ad-e2324dce0df1","shp_ProgressIndicator_D_Gall_Circle2":"c7ede0b5-ad58-49b0-8530-126ef9687b73","shp_ProgressIndicator_D_Gall_Circle3":"91efff24-eb48-41fc-ad5c-1302aefd6b96","shp_ProgressIndicator_D_Gall_Bottom":"7b1e6a64-d09f-4135-9657-e96c514c5685","PACo_DetailsList_Shimmer_A":"46c16193-daf4-4add-9a73-9aa983a21cbc","html_DetailsList_Shimmer_A_Visualization":"81bd99f5-ed7c-4482-875a-ad08d3a13c80","shp_DetailsList_Shimmer_A_Visualization":"688077f2-7991-41ee-8f68-330c418320c5","cntr_DetailsList_Shimmer_A":"e432ab32-9d05-40fb-88c4-e6d538a27398","shp_DetailsList_Shimmer_A":"f420e878-8fef-48ad-ad9d-8a66089422b9","shp_DetailsList_Shimmer_A_1":"fe96a453-623a-4e71-82ab-4cb17aa52ba2","shp_DetailsList_Shimmer_A_2":"43ef05c1-d318-434a-a0a2-26daaad2ea7c","shp_DetailsList_Shimmer_A_3":"0e71f47c-0cb9-4cbd-9237-58a45cc7f196","shp_DetailsList_Shimmer_A_4":"ce2c3783-3bbc-47de-a2c0-1de670a0f38c","shp_DetailsList_Shimmer_A_5":"de913dd1-9196-4a09-b9fa-925c7da2ddb2","PACo_ProgressIndicator_Shimmer_A":"8a1e86e3-348c-4ee5-bd1d-64bc465f43c5","html_ProgressIndicator_Shimmer_A_Visualization":"5d55ff2d-026e-4ac7-9e99-a6e777709b86","shp_ProgressIndicator_Shimmer_A_Visualization":"8786c22f-8478-4352-a88e-71b7c2aaf242","gall_ProgressIndicator_Shimmer_A":"345ed568-614f-4bf9-9fbe-574dbe0329eb","galleryTemplate1_8":"1260cf56-df34-4591-b493-825c877dd4ee","shp_ProgressIndicator_Shimmer_A_Gall_Circle1":"2b65b27e-b245-4b73-a175-fb44217e2196","shp_ProgressIndicator_Shimmer_A_Gall_Left":"712f1d59-c230-4678-b2e5-decc4dd324cf","shp_ProgressIndicator_Shimmer_A_Gall_Right":"b6fdd645-fd0d-4056-9c84-662741a361cf","shp_ProgressIndicator_Shimmer_A_Gall":"ad39a35d-26cf-4538-b84c-393a06083c64","PACo_CommandBar_Shimmer_A":"8170da50-7e34-422e-bac2-67430c4618ad","html_CommandBar_Shimmer_A_Visualization":"3ec87016-0449-48ad-bdeb-c97d4e258977","shp_CommandBar_Shimmer_A_Visualization":"9615cbea-77f8-4b74-821f-113bd837cd23","cntr_CommandBar_Shimmer_A":"d948b292-7862-43e6-ac02-ea79ca9727c0","shp_CommandBar_Shimmer_A_1":"7c78905c-d14b-48ce-8c04-1f2340eac8b7","shp_CommandBar_Shimmer_A_2":"88919a56-7492-4d90-be15-564d7bbc1019","shp_CommandBar_Shimmer_A_3":"c101648d-bf27-417f-996c-1b39e4c2a7ad","PACo_ProgressIndicator_E":"ae62aa1e-69b2-4858-afe6-10334c8fe39c","html_ProgressIndicator_E_Visualization":"8a0ab2c9-bd4b-4f97-b17c-6ea2269a88be","shp_ProgressIndicator_E_Visualization":"ab651805-15fd-407f-b82c-48d1f411e40d","gall_ProgressIndicator_E":"b06f7035-471a-4ab1-9716-d02e196a3528","galleryTemplate1_9":"b4da2052-0313-4649-aef4-a164651d4dbe","img_ProgressIndicator_E_Gall":"40cf50f3-dea4-4fe7-906a-6210ba501809","icn_ProgressIndicator_E_Gall_Clickable":"41bc59da-530a-4d7f-8900-b81ad09b380c","shp_ProgressIndicator_E_Gall_Left":"c80211bf-1749-4137-8e4c-ef7a22a4d095","shp_ProgressIndicator_E_Gall_Right":"3ddc1d3d-336a-47b0-9556-31678f5c296d","lbl_ProgressIndicator_E_Gall":"c0f798fb-e96a-45e3-907b-c4446e13bcc0","PACo_ProgressIndicator_F":"7953315d-cff4-400a-9573-15f20d23b5bb","html_ProgressIndicator_F_Visualization":"464eedc9-89e7-4cdc-915e-fefa61349c20","shp_ProgressIndicator_F_Visualization":"8411458f-9dc5-4aac-933d-196f79a4cb46","gall_ProgressIndicator_F":"18c65dda-0f31-4b18-bacf-fa6d19d6f90a","galleryTemplate3_2":"d02a4397-bcd5-4f59-a0ef-5dc2c51302f6","shp_ProgressIndicator_F_Gall_Top":"0b47c105-347e-4c1e-a26c-e0b4dfe95c5a","lbl_ProgressIndicator_F_Gall":"3b5c0468-0981-43b2-b0b8-a1bd3cfdb99b","img_ProgressIndicator_F_Gall":"3217d466-c453-444a-97be-750affa49c65","icn_ProgressIndicator_F_Gall_Clickable":"4f583c3e-a21c-4f7c-a711-04d1086277c5","shp_ProgressIndicator_F_Gall_Bottom":"ab1c83ae-94dc-420b-ba55-5d6677413e10","PACo_Header_A":"4e996f3d-e2d2-4ff5-8295-996943a202c1","html_Header_A_Visualization":"38e553d1-d6b3-4893-8ca7-221be6435f4e","lbl_Header_A":"13b48ff8-20e7-4a42-8063-1effc94aa477","img_Header_A_Back":"f24d002d-f222-4e25-b25a-d78cd0c5f437","icn_Header_A_Back":"d0fbde96-775a-4178-b0c4-8ac0611cb6d8","img_Header_A_Nav":"9b15461b-d443-46c3-84b8-22065c72d09f","icn_Header_A_Nav":"7dd2fb68-f50f-44c4-a46b-9f637450b45d","img_Header_A_LanguagesMenu":"eb659669-8fee-419c-a58c-f104993b8932","icn_Header_A_LanguagesMenu":"122bda8c-4ea3-4985-ba44-f3075c59ba89","img_Header_A_Help":"778bc00f-fe7d-4584-8bd6-f0fe8819bb01","icn_Header_A_Help":"2cf41cfd-61c0-4e8f-be47-4425ddb9a77c","img_Header_A_SettingsMenu":"4269f199-89fa-442d-a5f9-a32a44d7f4d5","icn_Header_A_SettingsMenu":"abed44a2-a9d0-4c2a-8e7e-b01071d98c04","img_Header_A_Logo":"4f1ddb8f-df91-4b47-86c2-7ccecd23a8b7","icn_Header_A_Logo":"6a5523b9-1222-4035-8a79-359a70e2509e","shp_Header_A_Visualization":"238102e4-015b-4325-80a8-230e917680a1","PACo_SearchBox_A":"81c70bcd-7b4f-4733-8eb2-e8fbd89f02a2","html_SearchBox_A_Visualization":"30f349d5-6d97-4ebb-9cdf-321adbfc97a9","shp_SearchBox_A_Background":"604041f8-d34d-4861-ba68-d259b813ae46","shp_SearchBox_A_Visualization":"c1226b5f-b3ec-4c30-ba94-50a756b081b6","ti_SearchBox_A":"763807c0-43c1-47ee-8e60-9d939d239579","img_SearchBox_A_Search":"e91e1644-8491-4575-8f7f-c8c2b4262fad","img_SearchBox_A_Clear":"fdca19d1-c062-44a4-ac1f-b03d7a4fd3fc","icn_SearchBox_A_Clear":"e7975104-0b82-42fe-a8c4-0f85b2c1b4c3","PACo_DetailsList_A":"e8d23eb5-f2ef-4679-81eb-cffcc0f688be","html_DetailsList_A_Visualization":"663ad424-129a-4e86-a37a-152f1e3b1033","shp_DetailsList_A_Visualization":"2ccaa4b1-4b67-49d0-a0d1-aa1e5140e945","cntr_DetailsList_A_Main":"cc139f41-bc0e-46c1-8da3-f39528314867","cntr_DetailsList_A":"e9d28c6f-ee47-4435-ba33-064d01c00b22","lbl_DetailsList_A_Header_1":"9684d92f-3714-40b2-93e5-77205cc96386","icn_DetailsList_A_Header_1":"3f4e101f-f32a-4ba3-bc79-8e3de1543bc7","cb_DetailsList_A_Header":"9f3c216b-5e78-4440-87ac-6b9aa235950f","img_DetailsList_A_Header_Sorting":"2fe9c5b2-8ccc-4cca-ac24-3d59539dec7b","lbl_DetailsList_A_Header_2":"7eea0764-155c-422e-ba90-ea8fc721f345","icn_DetailsList_A_Header_2":"f512ed5e-660a-439a-860a-ccd6a0692325","lbl_DetailsList_A_Header_3":"2dd97252-6a6c-4a12-a88d-c3ba4cb35244","icn_DetailsList_A_Header_3":"fa49276c-7059-4a35-892a-0f9b2aa80d72","lbl_DetailsList_A_Header_4":"b0ddef85-9515-4059-a339-71b3dc5cbb01","icn_DetailsList_A_Header_4":"8337cdfa-5af0-4aeb-bd48-f50a33435bae","lbl_DetailsList_A_Header_5":"1fbcd6a2-479b-448a-86bd-5c5b5a5d35f8","icn_DetailsList_A_Header_5":"8e575ba9-82dc-40ba-bee9-e18dcf448f22","lbl_DetailsList_A_Header_6":"0f2679c3-240e-45f7-b489-e67cbf90f788","icn_DetailsList_A_Header_6":"d83abc28-e219-4f0e-b3ea-b9c66b671099","lbl_DetailsList_A_Header_7":"cb5f1999-3653-4e55-bb99-8095b376e836","icn_DetailsList_A_Header_7":"8f12070b-314e-49d7-bf2a-c3d70b3dc37b","lbl_DetailsList_A_Header_8":"a986f9dd-f355-487a-bce3-771703e24810","icn_DetailsList_A_Header_8":"de5d38d4-0d58-461b-8336-1935e30efa01","lbl_DetailsList_A_Header_9":"592f6c72-a62e-4026-98af-fd2f8ec51cee","icn_DetailsList_A_Header_9":"691a1521-849a-49ef-88f2-8ac98f445bd3","lbl_DetailsList_A_Header_10":"79d86984-4772-4228-9eab-a7f298566e96","icn_DetailsList_A_Header_10":"5987813c-fd22-4f5b-a973-43b29763a750","lbl_DetailsList_A_Header_11":"4777e392-1433-4e98-8553-00d252033804","icn_DetailsList_A_Header_11":"062c6488-1cec-4db3-aa6a-e438f3973383","lbl_DetailsList_A_Header_12":"053885a1-e8c2-4526-9f76-2d70298a1a96","icn_DetailsList_A_Header_12":"32502147-266c-4328-8121-2772556c86d0","lbl_DetailsList_A_Header_13":"2f39f620-7bd9-49c4-9c80-5cec59489ce6","icn_DetailsList_A_Header_13":"77cdc381-eebf-48f6-b857-b2a8699b9862","lbl_DetailsList_A_Header_14":"85dd2756-ea43-4bc3-bb6f-43bf89ecf4a0","icn_DetailsList_A_Header_14":"a5000b0f-a7ae-4806-b1ec-6340a92271b5","lbl_DetailsList_A_Header_15":"726667aa-d7d1-4cf7-a1ff-fd8e28167e6f","icn_DetailsList_A_Header_15":"7cbd1a72-608d-4fc5-a1d1-dce5186aa447","lbl_DetailsList_A_Header_16":"95a6e56d-049d-4980-af72-eb626fea27c1","icn_DetailsList_A_Header_16":"9b079910-eb2b-4b8a-ad6d-afc44c9750b5","lbl_DetailsList_A_Header_17":"30e31c9a-0191-4191-8171-25c9cfb284b8","icn_DetailsList_A_Header_17":"1d501174-f23f-4670-ab78-380a0f213960","lbl_DetailsList_A_Header_18":"d73629ad-113f-4272-bc7a-dcfccc3550de","icn_DetailsList_A_Header_18":"c6c0d934-5512-49a1-872c-f2e90d79707a","lbl_DetailsList_A_Header_19":"7f5119f4-84e9-458b-97d5-1b470c0072f6","icn_DetailsList_A_Header_19":"260f5a68-33d4-42b2-bcfc-cec30fe2a483","lbl_DetailsList_A_Header_20":"76cffd3f-de61-46f8-9875-80ca70a20501","icn_DetailsList_A_Header_20":"06120f16-e033-45a9-b834-f71b379d0727","shp_DetailsList_A_Divider":"463eb956-8c65-4184-be6c-b4075d9496c3","gall_DetailsList_A":"5bb1c9cf-09c3-43c2-8a8d-b7c26d4dbbb8","galleryTemplate2_3":"b39a7177-53d0-4133-95d4-b5e4e71b84ff","lbl_DetailsList_A_Gall_1":"9e72b357-2c6a-4b8a-aca1-068d5f24ebdf","cb_DetailsList_A_Gall":"5d070e91-f63b-4b29-8bf2-edfeb3b221a3","shp_DetailsList_A_Gall":"c5c50c48-6cee-4f3c-a841-7dbb8eb750f4","lbl_DetailsList_A_Gall_2":"dcd005f4-1b94-4f8d-86e5-df1df87da7ac","lbl_DetailsList_A_Gall_3":"1213c542-0422-46fb-a6ee-bff63d0194d6","lbl_DetailsList_A_Gall_4":"7ea0b7f9-59c8-4f57-b249-3bdf24f5ea94","lbl_DetailsList_A_Gall_5":"25a4b1ab-2595-4c45-ad36-7d104377f969","lbl_DetailsList_A_Gall_6":"6ec6ede7-5cd8-4d70-9fd8-b17b890317cd","lbl_DetailsList_A_Gall_7":"8ef5e2e5-399d-4e12-9dbc-24eb580e6822","lbl_DetailsList_A_Gall_8":"58782b04-4a88-4ebc-a570-b7b9e50f67b9","lbl_DetailsList_A_Gall_9":"6c0375fb-4624-434f-9eb9-2280aea77e2f","lbl_DetailsList_A_Gall_10":"52c91c80-77cf-4f78-9eb4-3742759cd390","lbl_DetailsList_A_Gall_11":"1a30feed-c1aa-4fd8-9b0d-e245186b7fc4","lbl_DetailsList_A_Gall_12":"11cacd5f-8457-45bb-a64a-2277a8d04bd3","lbl_DetailsList_A_Gall_13":"3936859a-5e4c-463e-8019-2201b6fdc7a5","lbl_DetailsList_A_Gall_14":"935d0d8d-da24-4862-aae0-ff9f0ff0faa7","lbl_DetailsList_A_Gall_15":"23d2ce6d-c566-410d-8f1e-54986bc20210","lbl_DetailsList_A_Gall_16":"8fd2cdc7-9bc6-4194-aedd-3089644d5e2b","lbl_DetailsList_A_Gall_17":"7386f3bc-0bc3-4be2-b7f1-bbb01c7c6c4d","lbl_DetailsList_A_Gall_18":"bb294cd1-95ac-4656-87db-a36434a17460","lbl_DetailsList_A_Gall_19":"d21c0cdb-9dc2-4a45-bd27-b5831cc0c6cb","lbl_DetailsList_A_Gall_20":"66e000cf-36bf-42db-be97-145dfa45ed68","shp_DetailsList_A_Gall_Divider":"859a770a-a1c2-4c96-b604-9ec7f0c9f8cc","PACo_Log_A Screen":"d031df28-1216-47d5-9276-10d32a40aae7","cmp_Log_Back":"3ccfa5a9-e9d1-4271-bc57-b178cc7a6b0c","tmr_Log":"6d576875-7890-42c0-9da7-857d28fe1fe3","cmp_Log_A":"56e998e0-864f-405e-9c4f-c0a3cc96d7c5","cmp_Log_Button_LoadData":"be965022-2339-4e00-80b1-2415a05361c9","lbl_Log_A_VAR":"7b571760-e720-4ed3-996e-92b51fc85a17","PACo_SelectList_A Screen":"38f8ecc9-3ee3-4fb2-98f8-94e7b5e92636","cmp_SelectList_A":"aee3c8f6-95da-4c0b-b8d8-dbec97ffc173","cmp_SelectList_Back":"fd62c73e-20eb-4742-887a-937023e98eff","cmp_SelectList_Button_LoadData":"5d454ed1-7a6a-4922-9b8e-ef57b218fd28","lbl_SelectList_A_VAR":"e02ee09b-e02f-4439-9fae-7c621971c473","PACo_Header Screen":"b51bda0e-148c-405f-b210-d45b86e446c7","cmp_Header_A_1":"97b05ca9-2860-4dec-88a3-73249944ea9a","cmp_HeaderSettingsMenu_A":"a71ff017-88eb-4a7a-bde0-f9bfc2f65beb","cmp_Header_Back":"a85047fb-16df-492a-ab35-54070072f720","cmp_Header_A_2":"de3eb4ea-5ef7-443d-9a61-d0f527ba27a2","cmp_Header_A_3":"d557d8b9-f966-47a0-ada2-fb788481860a","cmp_HeaderLanguagesMenu_A":"1f38f073-fdbe-4013-973c-504ce0f5bbe0","lbl_Header_A_VAR":"31d0265c-bda4-4d8c-87f2-cb239b4ad8e1","PACo_DetailsList_C Screen":"fe27447e-2201-424d-beea-a55b568c7f0e","cmp_DetailsList_C_Back":"a5674e88-5b42-4038-a5d8-a9e80af7f59e","cmp_DetailsList_C_Button_LoadData":"e493dc84-b781-45bb-90c4-e0994ce388c4","lbl_DetailsList_C_VAR":"8773665d-6d38-4670-b3d6-17425bd504ac","cmp_DetailsList_C":"7108906e-a5b0-4e0c-9421-09d0c97e9df7","PACo_SearchBox_A Screen":"1cc43c6a-b2d9-45b2-bcd1-fb07bba0f8cf","cmp_SearchBox_A":"27ceb5f3-6f76-4c1a-9643-1d0f995d2c5d","cmp_SearchBox_Back":"ad855773-4286-48f4-93f4-88178f729707","lbl_SearchBox_A_VAR":"71bd2e4f-89fb-4fc2-b851-d3ac8ed62962","PACo_DetailsList_A Screen":"ef82f38d-55c6-4a03-a3aa-0fac1f9ceceb","cmp_DetailsList_A":"c30d7491-ba20-4130-8f66-18cd1693baae","cmp_DetailsList_A_Back":"61f3bf6e-ab60-46db-98ba-574c1c6f6391","cmp_DetailsList_A_Button_LoadData_2":"0423d035-ea91-4f76-a265-3fd796b8b907","cmp_DetailsList_A_Button_LoadData_1":"ae4af06c-6347-4fcd-8963-257ffbc3e61a","lbl_DetailsList_A_VAR":"19b5e9c4-1c03-4874-9b47-4510ec893dc4","PACo_ProgressIndicator_A Screen":"bb4e0a7b-324a-482a-8900-97d57f2eb383","cmp_ProgressIndicator_A_Back":"b0bba98d-0f34-422b-8f83-507746aa3011","cmp_ProgressIndicator_A_Button_LoadData":"c11e268b-9de6-426a-893f-6e5f9de2950a","lbl_ProgressIndicator_A":"b3b8cf84-f04d-480e-89b0-cea48520e8a5","cmp_ProgressIndicator_A_1":"bd57ca3e-82db-452f-9a60-bef4442fae0b","cmp_ProgressIndicator_A_2":"492ba2a1-f8e1-4480-b052-13ba6e761886","Home Screen":"2de53cd9-8f11-44e4-9e35-7f4ccd39042e","cntr_Home":"5d6fd9b7-b72b-430e-88fe-05c394fe8581","cmp_Button_PACo_Button_A":"fb67fe4c-a166-4494-ac67-55acd94d2c4f","cmp_Button_PACo_CommandBar":"5a582b10-ee68-476d-9c79-87d2241a36e0","cmp_Button_PACo_CommandBar_Item_A":"e462229c-266c-48e8-a05e-df237bd55ac0","cmp_Button_PACo_DetailsList_A":"7d1cedeb-19af-45cb-89b7-6478e1c29691","cmp_Button_PACo_DetailsList_B":"c856bab4-220a-486e-bc73-b8e464f7550c","cmp_Button_PACo_DetailsList_C":"fe94a540-2a82-4f2c-ae3d-4dd76a6c02d6","cmp_Button_PACo_Dialog_A":"13126e36-2a53-4286-a935-ee5586d6fc18","cmp_Button_PACo_Header_A":"01efd929-5d88-4f79-954c-3f8e703d41de","cmp_Button_PACo_Icon_A":"93695e29-dafe-418d-925a-fee1fe1b620f","cmp_Button_PACo_Info_A":"c963ced8-3493-4d14-9148-a5a3b44c0c02","cmp_Button_PACo_InformationBlock_A":"a4864199-b42f-4faf-a683-8c6d368a6e02","cmp_Button_PACo_Log_A":"0ad4f25f-5b11-46fe-94b0-50b1bf28710c","cmp_Button_PACo_Nav_B":"f8669e43-47cd-4452-9b32-0c7eceb0f56e","cmp_Button_PACo_Nav_C":"51730f23-9667-4387-be3e-0d2e02b18632","cmp_Button_PACo_Panel_A":"d293bd16-4191-4222-a6c9-fdceed7f43d7","cmp_Button_PACo_ProgressIndicator_A":"0634b095-cf36-4a20-80ed-1b464d93240a","cmp_Button_PACo_ProgressIndicator_B":"fcd36a04-3234-4c7a-833d-8b3a2b842e64","cmp_Button_PACo_ProgressIndicator_C":"e9fb9b14-7b7b-402f-bbcc-05f1c75c3f93","cmp_Button_PACo_ProgressIndicator_D":"0c509918-ff29-4745-bfd6-34e8c16ba950","cmp_Button_PACo_ProgressIndicator_E":"19c90d53-8e0c-4a08-a523-67adf6f16e41","cmp_Button_PACo_ProgressIndicator_F":"3314d77f-90a5-444c-ac87-f35c2476e35f","cmp_Button_PACo_SearchBox_A":"c0991ec8-159b-407f-b6dd-b63cef920ae5","cmp_Button_PACo_SelectList_A":"7fe730d7-0c48-4280-b1a2-e71c794d2dd8","cmp_Button_PACo_Spinner_A":"ad918a57-331b-4a5d-8dd5-6fd81779e426","cmp_Button_PACo_Tabs":"a2693165-6d8d-4f11-a71d-6dba05642714","cmp_Button_PACo_Tiles":"b39e15d9-cf97-4f93-9e00-f72a3fb6af80","cmp_Button_PACo_Visualization_A":"f46d156e-b2e5-4881-b21f-275e14dd16d6","cmp_Button_Shimmers":"c7636e12-fbd7-4267-8d9c-84d3e832fa9d","PACo_ProgressIndicator_B Screen":"8a586a47-55ce-40aa-bf21-bc654511b978","cmp_ProgressIndicator_B_Back":"c9899ead-c154-4fff-a98b-a6249a6830c8","cmp_ProgressIndicator_B_Button_LoadData":"ab4dcd77-af45-4452-90cb-5ca6bdeddca3","lbl_ProgressIndicator_B":"514eb030-802f-4cb9-a6f9-b8541ba2d1dc","cmp_ProgressIndicator_B_1":"f9c4558a-35e5-43db-98b0-2989cb6e9a04","cmp_ProgressIndicator_B_2":"57940969-4f2a-43ca-8b8e-cbab3b15e520","PACo_Button_A Screen":"d2c68483-5770-4dd0-b63a-c6b7e74206c5","cmp_Button_Back":"da2ecf3e-efce-4a55-862f-ef414d2a9d01","cmp_Button_A_Primary":"93c1b4b1-827c-461a-8bab-92105ab2529c","cmp_Button_A_Secondary":"85fba862-0dea-47c0-ae98-13f8a14e408c","cmp_Button_A_Primary_Disabled":"ef92777f-7b49-4b72-a87c-026be95e3125","cmp_Button_A_Secondary_Disabled":"41804fee-524d-459b-830b-0faee111937f","cmp_Button_A_Primary_NoImage":"af1ef2d3-f4eb-487c-8391-e0171d710815","cmp_Button_A_Secondary_NoImage":"5cd1b345-c150-4847-9127-bfd2f02e7a93","cmp_Button_A_Primary_NoText":"d29d62ad-66e0-4b63-bafc-8584e396fa4d","cmp_Button_A_Secondary_NoText":"1d969022-d7f8-4d23-b942-9e838d89321f","cmp_Button_A_Primary_BorderRadius":"8f102ee4-9044-4445-bbf5-04ad80131a13","cmp_Button_A_Secondary_BorderRadius":"c6dfd39e-c6af-4372-a847-9c135d4bcab6","cmp_Button_A_Primary_Disabled_BorderRadius":"31b8b22e-ab73-4e27-b287-b0cbad88c0e6","cmp_Button_A_Secondary_Disabled_BorderRadius":"8da0fb88-8ed9-40cc-83db-27a6af36cc33","cmp_Button_A_Primary_2":"f538fda3-cdf3-4990-a08c-6fda32efea5b","cmp_Button_A_Secondary_2":"888cbcec-d114-424a-a258-46cf79b501ed","cmp_Button_A_Primary_Disabled_2":"b41f3fc9-283c-4047-a49f-b7318c183df2","cmp_Button_A_Secondary_Disabled_2":"692ebfc4-4891-442d-aaed-7eb1ecc32eef","cmp_Button_A_Primary_NoImage_2":"447b0f48-06be-424e-b01e-58921b59a1fe","cmp_Button_A_Secondary_NoImage_2":"2d314956-6162-40f0-99bb-a6016b1f38c2","cmp_Button_A_Primary_NoText_2":"d54e088f-dc5d-4020-8b7f-cedaad63fa03","cmp_Button_A_Secondary_NoText_2":"4ccab99b-bd46-4dab-8624-11e1638a9649","cmp_Button_A_Primary_BorderRadius_2":"daf1fa69-a783-4ffd-a447-c22c4c9e5588","cmp_Button_A_Secondary_BorderRadius_2":"a09d0c60-7ac5-4dd2-8ed4-374b8a15881c","cmp_Button_A_Primary_Disabled_BorderRadius_2":"536dc549-d799-4793-80b6-5bf7171ecbae","cmp_Button_A_Secondary_Disabled_BorderRadius_2":"49d7ec2d-f6e8-430d-9fd4-7c3608e9b09a","lbl_Button_A_Primary_VAR":"9ad44054-8f24-401d-ac40-8179054c45ed","lbl_Button_A_Secondary_VAR":"a42102ab-709e-4010-b090-59aef0932f26","PACo_CommandBar_Item_A Screen":"8cab4163-24dd-4717-9dbf-99c040e9db04","cmp_CommandBar_Item_Back":"177cb5cc-064f-40b9-91cd-9929577a49e8","cmp_CommandBar_Item_A":"3b587aa9-8162-4de3-b40d-4ba9c18aac06","lbl_CommandBar_Item_A_VAR":"50fe9dc0-4a1a-4d9e-a7da-cce96163e725","PACo_Spinner_A Screen":"5eb9dfbc-bae3-4788-bf23-5bad6ed46e02","cmp_Spinner_A":"4fe2b504-1959-44f7-acdb-94ec05074c41","cmp_Spinner_Back":"a5f8a9c7-abb8-4129-9918-ca2710af2e3a","PACo_Icon_A Screen":"849abd3c-8dd9-43b6-8ca9-1176130051d9","cmp_Icon_A":"c08b05ff-f084-43e9-8373-828d545533d4","cmp_Icon_Back":"356cb6d6-9015-48fe-aba8-16646a932209","lbl_Icon_A_VAR":"9f1c91b7-f160-4c98-8955-660b8a2a9752","PACo_Visualization_A Screen":"0445e2ad-6008-4f7f-a92b-8495c435313d","cmp_Visualization_A_Elevation":"37c35ecd-0788-4669-9980-247e1cdd98d4","cmp_Visualization_Back":"a0537c14-9d42-43ad-a29f-4706578874f2","cmp_Visualization_A_Line":"fbf7741f-f734-48c1-bddb-ea4dfcead990","PACo_Tiles Screen":"eae0d78f-9b62-4c9c-9767-f590a619de31","cmp_Tiles_Back":"92a677b6-c628-4785-ba31-51d5b6604f7f","cmp_Tiles_Button_LoadData":"03dcfe8a-2a77-4178-bfbc-8cacec91244b","cmp_Tiles_Tile_A":"c927f6f3-c423-46d9-9eb4-8606934cae24","cmp_Tiles_Tile_B":"5440ca8e-1031-42d9-b7a8-bc3271669566","lbl_Tiles_VAR":"1a108f45-e010-405f-8ce0-a02f445086da","PACo_CommandBar Screen":"7d40bd5c-c052-4da3-bb59-21a0f7a96213","cmp_CommandBar_Back":"371f9d1e-1ac8-41f9-8281-e2c8412c1758","cmp_CommandBar_Button_LoadData":"f1560a45-eb4b-4fe0-90d3-060427c82962","lbl_CommandBar_VAR":"5dc10733-21b1-4b9c-8f5b-cee2b231bcb6","sldr_CommandBar":"0796f7c1-3871-41e1-b97f-3e9af3b60bc3","cmp_CommandBar_B":"e39791eb-5aea-43f1-9b23-5c5d38c5eabb","cmp_CommandBarMenu_A":"c3f9ff66-73ce-4570-afd1-954df7d6a911","PACo_DetailsList_B Screen":"e99a7191-f0df-4141-957d-6046482fd534","cmp_DetailsList_B_Back":"8e62a4f5-b673-411a-95ea-4ce4aa6e4e50","cmp_DetailsList_B_Button_LoadData_1":"253d6ea6-0f28-45bc-93a8-74156cc6e6fb","lbl_DetailsList_B_VAR":"cec50f8b-a238-4d49-8ad7-db90d2cbd6e0","cmp_DetailsList_B_Button_LoadData_2":"2bb858b2-af1d-4b67-8e2d-d2a1f5b1508c","cmp_DetailsList_B":"39262d09-0d57-4ef6-b3be-bbacfdb92af8","PACo_Dialog_A Screen":"2044281d-4e11-42f3-b708-a227c8ae08fc","cmp_Dialog_A":"1afac886-2b70-4b3b-bd7b-c64f86e04096","cmp_Dialog_Back":"741b5c30-bd7e-4445-82b6-2d2e0416fcf1","cmp_Dialog_A_Button_LoadData_1":"c277b42f-e334-452e-a01b-38b473d6d8de","cmp_Dialog_A_Button_LoadData_2":"f7cbec3d-067a-4a10-8ab1-b5ba944fdd02","PACo_Nav_B Screen":"99dfeba5-7ad2-421b-958d-47e84d978f0f","cmp_Nav_B_Back":"857d853b-5527-451a-8a99-364dc8309d27","cmp_Nav_B":"7943e6f8-583c-4c30-a54d-d520f433fe8a","cmp_Nav_B_Button_LoadData":"d135b419-838d-4eab-854d-86a4bfb36f6f","lbl_Nav_B_VAR":"0724da19-9c10-4a6c-9657-eff310defa3c","PACo_Nav_C Screen":"5e4303d1-7c4f-4fe3-9d3a-d4e045e9a926","cmp_Nav_C":"c61216e1-bb30-4b24-aa94-17eecf2d3bd4","cmp_Nav_C_Back":"4011f748-835a-4d4c-be8f-f97c5035005c","cmp_Nav_C_Button_LoadData":"12483cf5-19e7-49be-896f-854e2c595895","lbl_Nav_C_VAR":"caca6608-e5eb-4cbb-9c49-420f5714e9d4","PACo_Panel_A Screen":"86cd12ec-5f07-4bb7-b007-ac07d55518c2","cmp_Panel_A":"fd3d3093-0a3c-4533-a202-3457dfbe05a2","cmp_Panel_Back":"fe8a0b29-5ead-426f-935f-06655efe9fa9","cmp_Panel_Button_LoadData":"52460957-1b66-4717-b301-0872f253b191","lbl_Panel_A_VAR":"6a69dab4-5a81-4995-bce2-63554769d299","PACo_Tabs Screen":"28b47d9c-62ec-439b-be38-4f7088b46e29","cmp_Tabs_Back":"8c44f843-c0fa-4c7d-ad5b-02cc63e5e2c8","cmp_Tabs_Button_LoadData":"63e3431d-ee33-4b1c-a53f-857b06c07a49","lbl_Tabs_VAR":"db865fd7-86e0-4a54-baf7-bda239e0e2e9","sldr_Tabs":"3f6b97dd-e63b-44b7-ba53-ecf74b4d0c1e","cmp_Tabs_A":"57ec5968-7c6b-4846-992f-76844ebca335","cmp_TabsMenu_A":"5c09cfe9-5f88-4b5f-b22a-93a227805ec0","Shimmers Screen":"f543974c-1662-4cbd-bf2d-7e8a92471c63","cmp_Shimmers_Back":"f005ad70-0f1a-4ca8-85ab-4359acf3e32c","cmp_CommandBar_Shimmer_A":"c0fabedd-be35-44bb-9900-0288aaf178af","cmp_DetailsList_Shimmer_A":"49f29425-d64f-42c3-a1e7-044939702a9f","cmp_ProgressIndicator_Shimmer_A_1":"4486e29f-c0d9-451e-a901-1d713852de32","cmp_ProgressIndicator_Shimmer_B_1":"ce4bfac8-d05a-4a1e-b9e1-051f77ee94cc","cmp_ProgressIndicator_Shimmer_B_2":"49355cdc-2fe0-4a3e-85b4-721836c5fb1b","cmp_Shimmer_Button_LoadData_1":"92ee4c45-3072-4186-885c-e52a8eaad721","cmp_Shimmer_Button_LoadData_2":"fd76022d-05da-4c01-85f0-7c2faa85934e","cmp_ProgressIndicator_Shimmer_A_2":"a16ca9bd-d2b5-42b4-aee3-a181720a2c28","cmp_Shimmer_Button_LoadData_3":"d2fbb22c-f0ae-4510-8346-4675e7b90e9c","cmp_Shimmer_Button_LoadData_4":"e7faade9-0448-4fd9-949f-9e323bc738d1","PACo_Info_A Screen":"d3f5afc5-ebeb-47a3-b41a-d9b383275831","cmp_Info_A":"6fca6db4-30a7-4fb6-aac0-e400e29a4aee","cmp_Info_Back":"309822a2-edc7-48d0-804c-535d075e1b87","cmp_Info_A_Button_LoadData_1":"47402b1f-ad1d-4029-9d76-80421c71aaca","cmp_Info_A_Button_LoadData_2":"8409b3bb-38e9-497d-b35a-cb04e4582a2b","cmp_Info_A_Button_LoadData_3":"238ac370-24ab-4b57-a8e9-081665f8349d","cmp_Info_A_Button_LoadData_4":"70ac8b59-c2c4-4652-ae3a-57adb8378c09","PACo_ProgressIndicator_C Screen":"a3c5ecaf-ee44-4763-a729-9a7c022001e2","cmp_ProgressIndicator_C_Back":"9327e333-3fd4-4876-b02e-29de61ee5050","cmp_ProgressIndicator_C_1":"7770f916-9dd8-469d-8046-829fe8428f24","cmp_ProgressIndicator_C_2":"1795e6cb-04c9-444d-a094-b88de2579afc","cmp_ProgressIndicator_C_Button_LoadData":"6ae59cb6-36a2-4d28-a643-1df3f52884a0","lbl_ProgressIndicator_C":"276be531-9302-4afe-9a37-ef0dbe22ca3c","PACo_ProgressIndicator_D Screen":"63ca8562-8dc0-4a14-a321-c708e875677e","cmp_ProgressIndicator_D_Back":"86feabe2-5653-4cb4-a9b0-f23c78366918","cmp_ProgressIndicator_D_1":"e91f55e8-c062-4418-85d7-e51130c7660d","cmp_ProgressIndicator_D_2":"96d805ef-93c3-4bbd-823c-e0b29a5186d6","cmp_ProgressIndicator_D_Button_LoadData":"e2ea0019-f45d-48a7-82c6-7d25559883a6","lbl_ProgressIndicator_D":"cf4729db-ea88-432e-b88a-cea1930ddfca","PACo_InformationBlock_A Screen":"819c76cf-3db3-424f-a75f-2542f8dd692e","cmp_InformationBlock_A":"5f722d93-d193-4995-aa01-b244478e0980","cmp_InformationBlock_A_Button_LoadData":"41d1ac36-75d3-449a-b772-c212c122e5f5","lbl_InformationBlock_A_VAR":"138513e3-f100-4424-9151-081b0949532b","cmp_InformationBlock_A_Back":"85481674-3edb-4f22-897f-eb62f24e426d","PACo_ProgressIndicator_E Screen":"e98d4835-336b-4ba5-be1d-70ef7cc912de","cmp_ProgressIndicator_E_Back":"62f8ea87-9296-4989-ab24-750c10b97743","cmp_ProgressIndicator_E_Button_LoadData":"c4ba766a-5d80-4fa6-b2c3-7287420d2d77","lbl_ProgressIndicator_E":"e2d66eda-d56e-4321-b404-80ff80a3d55c","cmp_ProgressIndicator_E_1":"025155d9-3d70-4a29-acd7-f7eb47052080","cmp_ProgressIndicator_E_2":"eb9e7eae-fd0f-40e0-916d-26cac9d2ed11","PACo_ProgressIndicator_F Screen":"73a2318b-72ae-4fec-9e08-ddae688016c6","cmp_ProgressIndicator_F_Back":"874d0b72-872d-41db-bd78-9fcf72def097","cmp_ProgressIndicator_F_1":"1e8db6bc-ac0e-469d-a6c0-d71b3241be5e","cmp_ProgressIndicator_F_2":"e8d921e2-9580-4a33-9d25-6186eb1e942e","cmp_ProgressIndicator_F_Button_LoadData":"d50262dd-8029-46c8-9f94-6ac9e1808d82","lbl_ProgressIndicator_F":"dc66e3de-806d-4387-b211-0e5a8d97bf6a"}