{"schemaVersion":"1.0","appDefinitionTemplate":{"id":"/providers/Microsoft.PowerApps/apps/","type":"Microsoft.PowerApps/apps","tags":{"primaryDeviceWidth":"1366","primaryDeviceHeight":"768","supportsPortrait":"true","supportsLandscape":"true","primaryFormFactor":"Tablet","publisherVersion":"3.22111.19","minimumRequiredApiVersion":"2.2.0","hasComponent":"true","hasUnlockedComponent":"true","isUnifiedRootApp":"false","sienaVersion":"20221126T084051Z-3.22111.19.0"},"properties":{"appVersion":"2022-11-26T08:40:51Z","lifeCycleId":"Published","createdByClientVersion":{"major":3,"minor":22111,"build":19,"revision":0,"majorRevision":0,"minorRevision":0},"minClientVersion":{"major":3,"minor":22111,"build":19,"revision":0,"majorRevision":0,"minorRevision":0},"backgroundColor":"rgba(255, 255, 255, 1)","backgroundImageUri":"/11505718640158628926/N0da5f95d-df16-4ef0-bac4-0f92cbb3a002-logoSmallFile","displayName":"PACoCo v1_1","description":"PACoCo","commitMessage":"Version 1.1","appUris":{"documentUri":{"value":"/11505718640158628926/N6328380b-1dae-41a1-a77c-2deeab023a0a-document.msapp"},"imageUris":[],"additionalUris":[]},"createdTime":"0001-01-01T00:00:00Z","lastModifiedTime":"0001-01-01T00:00:00Z","sharedGroupsCount":0,"sharedUsersCount":0,"icons":{"smallIconUri":"/11505718640158628926/N2b8de426-72c0-4ff4-9fc4-5346d7f1a4a0-small.png","mediumIconUri":"/11505718640158628926/Ncbeabf43-de2e-4f8c-a448-91b09494e966-medium.png","largeIconUri":"/11505718640158628926/N581ae029-1b69-4316-948c-c432809b3541-large.png","wideIconUri":"/11505718640158628926/N3dc5ae50-c1f8-49dc-8569-dfb96dc01610-wide.png"},"connectionReferences":{},"databaseReferences":{},"almMode":"Solution","performanceOptimizationEnabled":true,"canConsumeAppPass":true,"enableModernRuntimeMode":false,"executionRestrictions":{"isTeamsOnly":false,"dataLossPreventionEvaluationResult":{"status":"Compliant","lastEvaluationDate":"2022-10-02T08:40:55.5741584Z","violations":[],"violationsByPolicy":[],"violationErrorMessage":"The app uses the following connectors: ."}}},"appType":"ClassicCanvasApp","appComponents":[]}}