{"__Version":"0.1","App":"88e9cb14-29d3-4f98-b946-db0dd36b1cff","Test_7F478737223C4B69":"1c297253-b180-4421-a7fa-1ff70939e0ab","Host":"3ff61b70-422d-4a1a-84ba-84436641aaf3","PACo_DetailsList_C":"932cc7cc-7da0-4406-b885-03b351245d0a","html_DetailsList_C_CSS":"845195ec-459a-467c-b670-5bf3db3169ab","cntr_DetailsList_C_DropShadow":"929a67b5-05f1-4d4b-b76e-bd724bda0850","shp_DetailsList_C_Background":"14354302-cfc2-499f-aea0-1c47070a9882","gall_DetailsList_C":"7c078e87-0d6f-42f3-96ef-a53b76970de5","galleryTemplate4":"734f00a8-cbec-4759-a604-83f29ebaf4eb","shp_DetailsList_C_Gall":"daf440de-640b-408f-a2e0-0fe8a2c25637","cb_DetailsList_C_Gall":"d802429a-cd2f-4e88-abfe-a1b77ccae74f","lbl_DetailsList_C_Gall_Title":"2d18be75-dd9b-4a5d-89e7-59485b3c97ff","lbl_DetailsList_C_Gall_Subtitle":"e116101a-ec1b-44c2-8577-e5d92c87008c","lbl_DetailsList_C_Gall_Body":"ff4844d9-441c-4130-a015-de3cb484c36f","shp_DetailList_C_Gall_Divider":"93afe3f2-b67e-4af6-b45e-47960bec692b","PACo_Dialog_A":"7c8bc9ee-b013-41ef-a1b3-a376de8172e7","cntr_Dialog_A":"f0e4e71e-1eba-4538-a4fd-133aefb1200a","html_Dialog_A_CSS":"d76d2f84-0299-4711-9b09-9bf794a24f77","cntr_Dialog_A_DropShadow":"2058823c-237c-4e94-9342-14ab03620bec","shp_Dialog_A_Background":"5510813c-5ff3-4af1-ab3d-4ccc6cd3547f","lbl_Dialog_A_Title":"972d7340-4cac-48ed-a9f0-e3a23cd49771","lbl_Dialog_A_Message":"d40359a1-0a56-437a-af6f-b34231defa65","html_Dialog_A_Message":"e8bc55e9-bc5e-4701-b5c5-14b53c603332","cntr_Dialog_A_Button_Last":"8ae09827-c166-4577-86d3-a87bfc0f804d","icn_Dialog_A_Button_Last":"95f0f629-e296-47f2-8f77-ef0c69791b43","img_Dialog_A_Button_Last":"b9c6bca1-bf92-4f97-bed1-8f1a8d40524e","lbl_Dialog_A_Button_Last":"e7471edf-c6a5-4ea7-978b-a7f8343f8539","btn_Dialog_A_Button_Last":"693cca0b-2165-48ab-a6ee-8a04a33a8f83","cntr_Dialog_A_Button_First":"c228d33e-c3a0-48e3-a3d7-561b4ad02f41","btn_Dialog_A_Button_First":"acd8ad9f-5aca-4ba1-b36d-59ef70dc5952","icn_Dialog_A_Button_First":"c21615f8-fecc-423e-8964-9f8b2c4ed900","img_Dialog_A_Button_First":"8c661470-7be0-43db-9bd3-128edcd4ca64","lbl_Dialog_A_Button_First":"48c3abc5-05dd-4e6c-857f-789733fd6177","html_Dialog_A_Button_First":"489560da-a2b5-4e12-bf26-2657e60b655a","html_Dialog_A_Button_Last":"1ec2aec4-197f-47c7-92b3-1712115cadd3","PACo_ProgressIndicator_Shimmer_A":"38488940-a51d-4e32-a409-b054637775ec","html_ProgressIndicator_Shimmer_A_CSS":"2de24e55-85fd-4f81-85cd-0ab0113a4964","cntr_ProgressIndicator_Shimmer_A_DropShadow":"fc8137b9-8025-446f-bfed-f8d30e0e1dee","shp_ProgressIndicator_Shimmer_A_Background":"137f5051-6d4b-4e00-afb0-21ea6a100784","gall_ProgressIndicator_Shimmer_A":"48d3e424-5ec8-49cc-9cf8-f78714d13ee4","galleryTemplate1_8":"013fc8e3-71d9-4c99-b848-f5c5580a7b0c","shp_ProgressIndicator_Shimmer_A_Gall_Circle1":"44f1b69e-bb85-4717-99a1-ac806da4b1a7","shp_ProgressIndicator_Shimmer_A_Gall_Left":"ad46d876-fc18-45f6-b481-08085ad7d699","shp_ProgressIndicator_Shimmer_A_Gall_Right":"95610d2b-a004-40e7-b8ce-32923fc528be","shp_ProgressIndicator_Shimmer_A_Gall":"0cb64302-9df0-4434-b1a6-3373ba37b452","PACo_CommandBar_Shimmer_A":"ffeefc24-5840-4639-925b-40475e50ffb5","html_CommandBar_Shimmer_A_CSS":"052ec947-8f3f-4f29-82f3-5e2679c4432f","cntr_CommandBar_Shimmer_A_DropShadow":"9f9dcb07-c7dc-4b9a-8b75-6be3e104df38","shp_CommandBar_Shimmer_A_Background":"12f89cbd-ad67-4d77-bff7-91b8cdde7480","cntr_CommandBar_Shimmer_A":"6a8f6588-f410-4f04-8937-2a4d06189b91","shp_CommandBar_Shimmer_A_1":"96298be1-a3d9-4b00-8dc2-0bde314fca00","shp_CommandBar_Shimmer_A_2":"94fdb6ec-2d92-45a9-a7a6-de072f0ab687","shp_CommandBar_Shimmer_A_3":"9d3e9e08-4085-4b12-a0ff-62bfe6e149b5","PACo_Info_A":"2f65a717-532f-4614-a0dd-f0882a351255","cntr_Info_A":"983253fa-a7e5-491e-aaab-47c0a9b8d097","html_Info_A_CSS":"21a7c2c5-0869-4e76-b2d4-0b6b4df85375","cntr_Info_A_DropShadow":"d303150b-aaf0-4ed7-be13-1a25b99b4f35","shp_Info_A_Background":"e8abed3d-7734-4612-be37-55d4da4779ec","lbl_Info_A_Title":"c7ad4a5d-66b3-4f01-92d9-9313e2322ddd","html_Info_A_Message":"c01eac61-aa24-4d5f-a388-3cd76d9bd85e","lbl_Info_A_Message":"e01ca1fb-e3de-441c-b549-841f312d0a44","cntr_Info_A_Button":"74a24fc9-a220-4c07-ac1b-e2ae6e8b1035","btn_Info_A_Button":"1fdd1eb4-3bf9-45b7-b366-71cb4a4f600d","icn_Info_A_Button":"e8262d03-1982-481f-ba3a-a771adaf6c71","img_Info_A_Button":"7573f2da-2e11-4d72-a40a-304dd67af00a","lbl_Info_A_Button":"df1c786a-12fb-4e71-ad75-43808d7c9ff6","img_Info_A":"59396fda-0714-4505-b2e7-9958a134a969","html_Info_A":"8d0291bc-c3de-49da-bbb2-c9f3fee51c95","PACo_TabsMenu_A":"bd1e5eaf-4afe-4f08-87cb-1d5db5e99e60","html_TabsMenu_A_CSS":"aa181682-5646-4074-9df0-3a128da9732e","cntr_TabsMenu_A_DropShadow":"3aaf11c3-664e-421d-bc2a-16a96548e8e4","shp_TabsMenu_A_Background":"c6357579-e97d-488f-9d42-a674a8934e97","gall_TabsMenu_A":"5826b787-bbb8-46b0-8394-7ded396b4139","galleryTemplate1_7":"2f5e8050-5ca8-4e87-8c46-feb229a3f06d","shp_TabsMenu_A_Disabled":"a2cde2a2-6d55-4025-8681-ce49a417b85c","shp_TabsMenu_A_Selected":"3de272a8-4cb3-4b10-9081-b3d67010b5db","icn_TabsMenu_A_Gall":"b2e735b2-074c-4693-bf0f-06f9d0be85b0","lbl_TabsMenu_A_Gall":"423d6446-f27b-438c-848c-dae28ced5213","shp_TabsMenu_A_Gall_Divider":"21f664f5-4862-459e-aaac-205a7362d70a","PACo_Visualization_B":"145b6b90-9d05-49a3-bf54-06f509dcb0cb","html_Visualization_B_CSS":"6f64198b-519e-4649-851d-bf20320b350d","cntr_Visualization_B_DropShadow":"a0663253-e329-42fc-81cb-9e9e6b83df3c","shp_Visualization_B_Background":"9302a923-e07c-446a-b774-625b81292c7d","cntr_Visualization_B_Button_Last":"61ebe6a5-c93a-4dc3-88c3-34478dae5c5a","icn_Visualization_B_Button_Last":"3dc10ee9-0bf7-4a14-92c0-f4854b7952f3","img_Visualization_B_Button_Last":"540b7a12-bde9-4310-94d5-5a8aaacf8638","lbl_Visualization_B_Button_Last":"749f76ef-8278-4855-b396-d17018a39cb1","btn_Visualization_B_Button_Last":"e56a9e80-35f6-4ae4-b914-da94e2f72b6d","cntr_Visualization_B_Button_First":"36676db3-6145-45b8-a2bd-3bc0d522b8b5","btn_Visualization_B_Button_First":"096b02a2-7cc6-4415-862e-e15d1b9821d7","icn_Visualization_B_Button_First":"ced98506-9736-4de9-ac3e-68642cbc0438","img_Visualization_B_Button_First":"ec9efc78-af62-45de-a771-ab22da30f77d","lbl_Visualization_B_Button_First":"25cdd21a-b00a-4c74-80bf-e31c823e8065","html_Visualization_B_Button_First":"c2d7e4af-4522-455f-af33-77899378a64d","html_Visualization_B_Button_Last":"818fdfb0-e578-4f65-b0cf-bcbe1e0ce9f2","PACo_Dialog_B":"344f0747-3486-437d-98ec-8a82440b71fd","cntr_Dialog_B":"af86d2e2-0422-406d-91cb-c2571e327275","html_Dialog_B_CSS":"a15e3e3c-a288-4b11-9f0e-2426af2632ba","cntr_Dialog_B_DropShadow":"a152cadc-c77e-41ca-89a6-4b6d8e31e152","shp_Dialog_B_Background":"fefb323b-1a55-466b-bafd-924b29f32737","cntr_Dialog_B_Button_Last":"065beec5-5f3d-4ac7-b53e-d413382657b1","icn_Dialog_B_Button_Last":"ce452a07-1f43-4420-9c7b-54877ad894cf","img_Dialog_B_Button_Last":"ba8ac0c8-3bd6-432a-864f-54f8fb76cf9d","lbl_Dialog_B_Button_Last":"4b20cce3-ca68-417a-92e0-b85a3cc78664","btn_Dialog_B_Button_Last":"6b3cfd49-2d0c-4295-83d9-bf723163184e","cntr_Dialog_B_Button_First":"d1042eb5-970a-48b8-acce-890e8fbfd0be","btn_Dialog_B_Button_First":"30da09c3-66bd-446b-b86f-d64f834635ba","icn_Dialog_B_Button_First":"4a067e78-96e6-4d56-9582-75bdbc8bb8af","img_Dialog_B_Button_First":"2bd8f6f5-6a48-42f7-8923-010370c5a242","lbl_Dialog_B_Button_First":"2359f70f-1a93-4a8a-9f06-86947274d0ba","html_Dialog_B_Button_First":"a30db736-cccc-427d-a059-2c8bac5c93aa","html_Dialog_B_Button_Last":"40488725-0bad-4fea-b466-3f3bed3506bc","PACo_Breadcrumb_A":"716fe06c-10ba-430d-8ad0-9f45e2459e92","html_Breadcrumb_A_Visualization":"d70268a7-d2eb-4734-a56b-1103a9f6b191","html_Breadcrumb_A_CSS":"7b85b03f-71b4-4b9e-a282-dc7136fa59b4","cntr_Breadcrumb_A_DropShadow":"79d3f952-a225-4973-bd28-9e26e331c905","shp_Breadcrumb_A_Background":"c93a6eb6-5585-4252-8101-ee5ca313c278","cntr_Breadcrumb_A":"f9023126-dd0b-4ec3-b56d-25e10c3d9d43","icn_Breadcrumb_A_1":"d3bd9e50-8fdd-42ce-85ff-912fdf9bc8ec","lbl_Breadcrumb_A_1":"e7a92de3-fe96-4a90-b947-9dae2379e37f","icn_Breadcrumb_A_2":"4aed9aca-f66c-49eb-8aef-5430da521531","lbl_Breadcrumb_A_2":"82927322-0c25-44c9-9282-687e1b990b52","icn_Breadcrumb_A_3":"0054fe16-e237-4cc5-bdd6-7e3a1aad8671","lbl_Breadcrumb_A_3":"737a20b1-d2c7-47e6-ab87-c9834d64df34","icn_Breadcrumb_A_4":"779e5905-8e9a-405f-bc76-5bd3e90975a7","lbl_Breadcrumb_A_4":"9f8c8efc-3ccb-4294-a3b9-a5a0ef9830f7","icn_Breadcrumb_A_5":"f07a2929-aceb-4bfd-908e-6ab0c2f3129c","lbl_Breadcrumb_A_5":"d8709455-fecc-4b5e-868a-26c6b8b9a4d5","img_Breadcrumb_A_1_2":"1c4df680-ad8a-4197-bbaa-c8252e17383b","img_Breadcrumb_A_2_3":"75dfd9cd-a56b-4b32-978b-b58eb566ce71","img_Breadcrumb_A_3_4":"047ad264-1bb1-4836-85a2-9050056d2ab3","img_Breadcrumb_A_4_5":"979d2a47-9c71-45bb-98b2-b792904dfff4","html_Breadcrumb_A_1":"38041405-f2f7-4b1b-816d-9d88be6faf5b","html_Breadcrumb_A_2":"d83e1673-d795-494a-a3fb-bf9bcadfa822","html_Breadcrumb_A_3":"71f33299-9d7b-496d-a192-830a54f74e58","html_Breadcrumb_A_4":"4e4ff76a-adcb-4d4c-a0fd-b5fb628e2c79","html_Breadcrumb_A_5":"c31c4c0f-223e-4ca7-be84-20ee95771204","PACo_Nav_B":"a71bcb5d-5781-4562-8afd-ac57524bb977","html_Nav_B_CSS":"655ffdfc-c559-45d3-8e8d-852fa34e5421","cntr_Nav_B_DropShadow":"6d23ece7-ed69-4fba-b62b-873cbc52ed07","shp_Nav_B_Background":"dc76fdf3-66f7-4277-ae1b-940058a43e2b","gall_Nav_B":"7c680b05-41f7-43e4-9f78-83b508f65668","galleryTemplate1_3":"c78db8b2-4cba-4065-873e-8b982f21c9bf","shp_Nav_B_Gall_Bottom":"46800584-23e5-4189-9a6e-8abcccde278a","img_Nav_B_Gall":"7cdb4315-b625-4d01-8b48-ed22f0f9cb56","lbl_Nav_B_Gall":"7ca64941-04bb-491e-83de-4a47e714bafa","icn_Nav_B_Gall":"78d15503-13c1-4df8-83fe-d84ebd6c4073","shp_Nav_B_Gall_Top":"3a9d1e58-07cc-47cf-82ae-cdc1d3412e6b","shp_Nav_B_Gall_Divider":"2c5038dc-2199-4aea-b0f8-9a9eea783ba3","PACo_Icon_A":"2412927c-91d4-46d5-87f0-c7acb68d98a0","html_Icon_A_CSS":"094e32c5-c1ef-48f4-b446-7b1b2ab5bcfd","cntr_Icon_A_DropShadow":"80ae0bae-a9d9-4fc8-a6a3-175124fd45aa","shp_Icon_A_Background":"7c57124c-f6a6-43b2-a9ca-9d4f120b02c1","img_Icon_A":"c78eacd7-166c-4888-afe4-42562a20bc5e","icn_Icon_A":"dd1ee69c-f06b-45b8-87ce-2945c0b201fb","PACo_Tabs_A":"76b2b378-01be-4445-9bab-65c16d47a77d","html_Tabs_A_CSS":"7164f06d-0d84-48c5-87d5-8e9ae70620f7","cntr_Tabs_A_DropShadow":"ad8a4066-162f-4e08-9f95-c616e1741849","shp_Tabs_A_Background":"e1fa0b44-9503-4762-8272-989ef318e5bb","cntr_Tabs_A":"064cd55d-e7ac-4a8c-8163-aa0cb6d55392","shp_Tabs_A_1_Disabled":"17518073-cf83-45ab-b6e6-649c07e7ef97","lbl_Tabs_A_1":"93989fc7-60e4-453d-b420-a08a5f16d1a9","icn_Tabs_A_1":"e8604420-ef31-4ca8-bc3b-468f5c8ad8a7","shp_Tabs_A_2_Disabled":"eb709f2e-453e-4403-baa2-16242cd2a5b9","lbl_Tabs_A_2":"b08c2f8b-786f-4a17-8b66-f542573b7aec","icn_Tabs_A_2":"25916205-1d98-4849-84a3-4de6d670b91a","shp_Tabs_A_3_Disabled":"b0e216d4-e6f6-438d-865b-44de7690491c","lbl_Tabs_A_3":"80c36dac-e833-46aa-be46-6e9c1fb4ce30","icn_Tabs_A_3":"bdb6d488-46f3-4b2c-9148-83edb38c5c7f","shp_Tabs_A_4_Disabled":"424cb694-4b13-4e12-a7c2-7da746c63505","lbl_Tabs_A_4":"c968a924-b5fa-4686-ad3d-29d2e7a3e08b","icn_Tabs_A_4":"d3f7cd01-98bd-47c5-9ac3-2396e0604f09","shp_Tabs_A_5_Disabled":"38ccfd5d-5f8d-46e7-8c76-b9fcdcd1308f","lbl_Tabs_A_5":"1b3f2e20-1128-42f1-a31f-382c147f9858","icn_Tabs_A_5":"b900c206-5d2f-4acb-adc4-64d982e0d663","shp_Tabs_A_6_Disabled":"0a8bc576-9aa6-4100-b0c8-085022f94ca1","lbl_Tabs_A_6":"b1cb7802-b7df-4645-b682-e323fa2c99e3","icn_Tabs_A_6":"4d8d619a-4c85-4774-8bc3-b046c05382b7","shp_Tabs_A_7_Disabled":"6790ebaf-09de-4fb6-8790-0f695a9125f1","lbl_Tabs_A_7":"ed99d4c0-2e82-4ca9-b760-4df9272d9301","icn_Tabs_A_7":"aea91d35-93af-4aaa-b242-31d1dbe53353","shp_Tabs_A_8_Disabled":"54e92bf8-1a29-4054-9643-268d7366ba4c","lbl_Tabs_A_8":"0a508a86-2705-44c0-a5f1-408ddd327940","icn_Tabs_A_8":"f846ebcc-5829-47d3-9aae-be365738f9d2","lbl_Tabs_A_Menu":"40eb7fb4-9452-4cb8-8ced-70de3e1f6b72","icn_Tabs_A_Menu":"91a9edb8-689d-44ad-a987-2e3f7f80078b","shp_Tabs_A_1_Selected":"8b4a4004-81d8-485a-b9be-b875d40102cd","shp_Tabs_A_2_Selected":"24b3a7fa-4b8e-4200-9595-6d861e2231f1","shp_Tabs_A_3_Selected":"9532d69e-f978-49f8-9270-3b1c12a0296d","shp_Tabs_A_4_Selected":"89ba1798-08ac-4f1e-8909-a6b410a92ffe","shp_Tabs_A_5_Selected":"e24cdce9-a49b-45eb-a625-225f8c87d25e","shp_Tabs_A_6_Selected":"997e3967-6ce4-4a91-98d0-cf271e2830ab","shp_Tabs_A_7_Selected":"377df52b-4150-4acf-a2f3-efd10f7b47af","shp_Tabs_A_8_Selected":"149c8ba8-5bc3-4fcf-ad68-d0ac9fb7695c","html_Tabs_A_1":"409f6c45-b202-4c92-af26-5693aea7125e","html_Tabs_A_2":"a58b1dd6-6f52-4cdf-9bfa-77eabdf3e45f","html_Tabs_A_3":"bdb81f52-739b-4c24-b833-586cca8fd032","html_Tabs_A_4":"307d1447-f642-41bb-897a-2605ce7f3df0","html_Tabs_A_5":"0ef7169a-b361-4a7c-807f-cfe636adbb20","html_Tabs_A_6":"013c6ed2-f1c7-438b-ba46-b388ae1a4781","html_Tabs_A_7":"45daafe0-efe2-4df4-ade4-7268547a84b2","html_Tabs_A_8":"6f80d86e-5e0d-4531-909a-458172ed740e","PACo_HeaderLanguagesMenu_A":"d6f13c9d-7acd-4a16-ad0d-b08cb3a5e9f8","html_HeaderLanguagesMenu_A_CSS":"1575c2c8-2137-4228-8676-4c193bec793e","cntr_HeaderLanguagesMenu_A_DropShadow":"e236cdad-7b2c-4c4a-a0b0-3ecb04d1ecb4","shp_HeaderLanguagesMenu_A_Background":"7489fcc4-ccf2-4989-93a5-124a25466c0b","gall_HeaderLanguagesMenu_A":"1e1bcb40-1beb-443c-88a8-9c23f88b1b3a","galleryTemplate1_6":"dfdf6758-4e6e-4176-a442-5db6f3931e72","img_HeaderLanguagesMenu_A_Gall":"d5b28020-3e5b-4f11-9a7f-8063304281c7","icn_HeaderLanguagesMenu_A_Gall":"b3b2d58f-931f-4103-849f-3e54769c32c3","shp_HeaderLanguagesMenu_A_Gall_Divider":"c2c31076-28d3-4d96-9b4d-438a4affdcd2","PACo_ProgressIndicator_Shimmer_B":"8180bf5f-9c4c-47eb-af2b-24f1696ea243","html_ProgressIndicator_Shimmer_B_CSS":"99e282f5-9ff9-405a-bab0-59f014f1d977","cntr_ProgressIndicator_Shimmer_B_DropShadow":"2b8b6f8e-a725-4817-aa33-8452fdbb3d32","shp_ProgressIndicator_Shimmer_B_Background":"f542de06-fd4a-43a7-8ab9-5eae7f306667","gall_ProgressIndicator_Shimmer_B":"7b9829c1-dcbc-4f9a-bbc0-c74fc62c7149","galleryTemplate3_1":"376b98a9-f4e4-4ca6-8aee-9e4eae3968fa","shp_ProgressIndicator_Shimmer_B_Gall_Top":"a86abdf4-abbd-434e-8671-129a4ef10397","shp_ProgressIndicator_Shimmer_B_Gall_Circle1":"3dcac7e3-2155-49ba-8c61-54554a484ef3","shp_ProgressIndicator_Shimmer_B_Gall":"e06f0d41-46ab-4985-9320-019630e35e6e","shp_ProgressIndicator_Shimmer_B_Gall_Bottom":"8d217db3-4c50-4b98-a6df-624291a1b673","PACo_Tile_B":"4fd6f444-ffca-448c-98f9-d04f3b8ffc5f","html_Tile_B_CSS":"6a1c6a5e-cdb2-4d92-8070-83307410d5a1","cntr_Tile_B_DropShadow":"c60ccf88-715e-4b8e-9f88-2c29c388a850","shp_Tile_B_Background":"d38c9f8e-23c5-4619-af9c-b98372f9010a","lbl_Tile_B":"5880b9e8-d5e0-4235-97f2-a760addfd35c","icn_Tile_B":"bb85be2b-252a-4d39-aa0f-b7262c383d0d","PACo_SelectList_A":"9f0d12c0-d4be-40f8-92a3-6d0fb40255cb","cntr_SelectList_A":"6aa9a835-bacf-4dd7-8a1c-a3773e57781c","html_SelectList_A_CSS":"b9822c77-aad9-4f57-92de-6771eab24a68","cntr_SelectList_A_DropShadow":"89f0718e-a4c1-4a73-83b0-d88a0ab0242f","shp_SelectList_A_Background":"04c7cef2-1cfa-4c4d-b2a1-4b285a4b543e","cntr_SelectList_A_SearchBox":"837fbd25-216a-4a74-ba9e-9c8bc7b6c8c2","html_SelectList_A_Searchbox_CSS":"ca4bb53e-45a4-4a86-9048-9078cf8b89b8","cntr_SelectList_A_Searchbox_DropShadow":"1d64c70b-9569-41dd-b195-862818db2488","shp_SelectList_A_Searchbox_Background":"f55e1a69-6f47-4145-8a92-d85673e843b5","ti_SelectList_A_SearchBox":"b48ec21d-519f-4434-ac2d-87b04a410dd2","img_SelectList_A_SearchBox":"9fd0780f-c1cb-4ca6-bc2b-2ef6ed857708","img_SelectList_A_SearchBox_Clear":"dd7520ec-f0fc-40fa-ae47-50bae1786e63","icn_SelectList_A_SearchBox_Clear":"069dde53-d0fa-4176-818d-38527f3d9544","html_SelectList_A_Gall_CSS":"08caade7-887e-49bb-b229-42c097c2715b","cntr_SelectList_A_Gall_DropShadow":"adf95d02-1960-49bd-a308-a020c576e0f1","shp_SelectList_A_Gall_Background":"77cedf48-d03d-4ef2-b831-83fbd51d24e0","gall_SelectList_A":"5a6066bf-abc3-4c9c-9b54-170f57976206","galleryTemplate5_1":"e6e2592e-9012-4737-86d2-1030918d94f4","lbl_SelectList_A_Gall":"344990ae-7988-4491-8026-0b9e8d596bd1","icn_SelectList_A_Gall":"b76e7ea2-1975-4567-b115-7b1735db0c3a","shp_SelectList_A_Gall_Divider":"2c90ff09-5bd6-479d-bde0-9421b34453d6","cntr_SelectList_A_Button":"bb6e4192-2e23-4c69-b882-0bfe30a75773","icn_SelectList_A_Button":"cd9e2cfb-9187-4d10-90fa-cf6a8f96ba7c","img_SelectList_A_Button":"cba94d72-0d27-44ce-819b-540467feaf42","lbl_SelectList_A_Button":"27e3415a-8e3a-4c22-9df7-bf68728f86b6","btn_SelectList_A_Button":"dfcd5ca6-751c-4e93-88c2-383a305fcbaf","html_SelectList_A_Button":"20819f6c-ef53-40dd-ba77-5fe331ddcd03","PACo_CommandBar_Item_A":"60efbdf7-2736-45b8-b9eb-c7e0c2b48468","shp_CommandBar_Item_A_Background":"15e18ab4-3a1c-4c8a-b6dc-55ff99e0fccd","img_CommandBar_Item_A":"3f793a2a-fd17-44c2-9813-2a67256492ad","icn_CommandBar_Item_A":"bd6b6300-2e13-4758-b705-d01eac230f48","lbl_CommandBar_Item_A":"911b3772-8b35-4460-b045-2e9de5f3e97c","html_CommandBar_Item_A":"44ae3bb8-09e2-4007-9681-d0e89cc0dc23","PACo_HeaderSettingsMenu_A":"45230135-1af0-4d4c-8e3f-211a4e5ba881","html_HeaderSettingsMenu_A_Visualization":"e5f92a0b-7fc7-4593-9b19-6277b605c9d1","gall_HeaderSettingsMenu_A":"1f5f9030-239f-4965-8aa5-24c11f4ac25d","galleryTemplate1_2":"70e7b966-b255-43cb-88da-c8cbe3c85057","shp_HeaderSettingsMenu_A_Gall_Bottom":"da4b7f86-b2be-493b-8cac-ec46c7db10f9","lbl_HeaderSettingsMenu_A_Gall":"9e3242f6-599c-481a-b1c2-cde80bf1ec53","icn_HeaderSettingsMenu_A_Gall":"f51a0a4e-023e-4960-9cb9-62e910d9e938","shp_HeaderSettingsMenu_A_Gall_Top":"043bdace-2d57-43d8-a831-7d455261bcaf","shp_HeaderSettingsMenu_A_Gall_Divider":"d708e3a4-bbf0-4fbf-9bbc-eafc9ebf58ab","shp_HeaderSettingsMenu_A_Visualization":"e1381ac1-e91e-491f-817e-9e32acf0e9f6","PACo_Panel_A":"794afb32-9c64-4b90-8074-9163b62fa7b5","icn_Panel_WholeArea":"4c057793-f560-4518-a742-80af0cdfabeb","html_Panel_A":"240c902a-276e-458e-b80e-957654318b4e","shp_Panel_A_Area":"1b17ded2-62ce-4ecf-989b-2d3ae0e122e7","html_Panel_A_Searchbox_CSS":"111bc4cc-cd0b-4b73-90a7-6601286fd8ce","shp_Panel_A":"59a7dab1-62a5-480a-b6b8-f7dc888d7a31","cntr_Panel_A_Searchbox_DropShadow":"002a7630-b4da-4625-a165-ee196d6985c9","shp_Panel_A_Searchbox_Background":"da1359e1-78fb-482e-9406-7ee458838e38","cntr_Panel_A_CommandBar":"127bcbe5-8ae3-49c0-9d71-79cba3b4192f","img_Panel_A_CommandBar_1":"773422ad-00d0-4a19-8877-e2eae5551252","icn_Panel_A_CommandBar_1":"3fe7cc46-641d-437e-a18c-cc46dfd07c07","lbl_Panel_A_CommandBar_1":"aa40a2aa-07e9-4d33-a5cb-ee889884d8c4","img_Panel_A_CommandBar_2":"e8d48f28-d7b0-4671-b27d-61015a86dc5f","icn_Panel_A_CommandBar_2":"bdee258e-f813-4aea-88d5-43498a2dbca1","lbl_Panel_A_CommandBar_2":"1ab2ced1-4f98-44c6-8bd7-c7df8453ef4c","gall_Panel_A":"352a3f0b-ac7d-4363-81bd-3dbeedd841f5","galleryTemplate2":"ad8f865a-6d2f-45c4-82a5-a59e7d653bd0","lbl_Panel_A_Gall_Label":"728b1cb7-4e08-493d-9c9f-836c8bf2012f","lbl_Panel_A_Gall_Text":"b56540e7-6e87-460c-9768-5adb84b74c01","cntr_Panel_A_Button":"012c54f3-7bb0-4766-9ba3-6fc43cef88ab","btn_Panel_A_Button":"05b00955-151b-427c-8966-1e1f89260daf","icn_Panel_A_Button":"796b583a-79f4-4ea3-ae6a-6948861323e0","img_Panel_A_Button":"caae92ec-e301-4a4c-9cf8-aa8291730408","lbl_Panel_A_Button":"15ca30c2-28a7-4df4-b17e-2cdc1bc1f4c9","html_Panel_A_Button":"faa9a51b-18da-4473-bc23-e22a6d888a02","html_Panel_A_CommandBar_1":"a31975fb-e2fc-41c4-9561-4a739385011e","html_Panel_A_CommandBar_2":"c22eac6f-37f9-4ab7-81fb-517ce794b7d6","PACo_ProgressIndicator_E":"ea51183a-d235-427b-a548-49b0ea4b34d4","html_ProgressIndicator_E_CSS":"d979f904-3a8e-4827-817e-c4e6138cf57f","cntr_ProgressIndicator_E_DropShadow":"80d8a4eb-2576-4525-a7ad-21211580a835","shp_ProgressIndicator_E_Background":"b974d6bf-9851-43ef-af4c-8054a4544181","gall_ProgressIndicator_E":"93f8ea8f-9e61-4036-a32a-3e8a44be53a9","galleryTemplate1_9":"4f27cd63-4230-413f-a71f-d55d6c2a033d","img_ProgressIndicator_E_Gall":"58aa4b2f-d76c-46c3-a042-4859d2432d01","icn_ProgressIndicator_E_Gall_Clickable":"3bc73df0-f0e7-4fdf-8048-9356a470678e","shp_ProgressIndicator_E_Gall_Left":"3e76149e-c7d7-451d-b2d1-719588eb0287","shp_ProgressIndicator_E_Gall_Right":"ebe71253-0293-4f65-86db-52e73eff7ad9","lbl_ProgressIndicator_E_Gall":"e051acee-4942-4554-bf07-e7ca16d59a90","PACo_InformationBlock_A":"7ace78cc-fc55-41f2-a43e-04cdc5c9fd94","html_InformationBlock_A_A_CSS":"b2910031-c7d9-4b2e-8726-bd59cc77b269","cntr_InformationBlock_A_A_DropShadow":"668fc4df-792d-448e-9c6a-5e807c9a5d5e","shp_InformationBlock_A_A_Background":"ad5af1cd-2862-4116-b852-851193dc1525","lbl_InformationBlock_A":"494a9875-ade7-4e2b-aaf2-795b49364443","img_InformationBlock_A":"5aed16c1-a8bb-4403-b875-dca7fe3797c5","shp_InformationBlock_A_Divider":"0e7a2056-2ee6-40b1-b4f5-b8db342d2b5f","gall_InformationBlock_A":"b01612a5-432d-4488-826d-417f7273338d","galleryTemplate6":"de695e9e-90db-4adf-857c-ba93a63a7c43","lbl_InformationBlock_A_Gall_Label":"4995b538-7015-4305-aa9f-1d78e43dc064","lbl_InformationBlock_A_Gall":"6502f229-4ba3-4a80-a36b-2c5736211884","icn_InformationBlock_A_Gall":"47e7f0d5-2b40-46f0-89d2-da9fcfcf4c41","PACo_DetailsList_B":"2a95ac9f-2420-42a5-b0d6-35fa1f059fdc","html_DetailsList_B_CSS":"f0f36973-b2e3-4db7-abf4-03b0db8b1a6e","cntr_DetailsList_B_DropShadow":"f3499e51-dae8-4d9a-9c78-e381fde83d01","shp_DetailsList_B_Background":"5f854b3b-1e81-4ade-89e1-a23317dc72e2","cntr_DetailsList_B_Main":"46bcb666-0e95-4ff2-9ae2-07b4668e7854","cntr_DetailsList_B":"56452723-c258-4b4e-a2b2-549066154ce5","lbl_DetailsList_B_Header_1":"eeb67a0d-b7ed-4bb7-9cac-6ccef2a26915","icn_DetailsList_B_Header_1":"f8c54e9b-4daf-4db4-ba48-79aa9ed9c455","cb_DetailsList_B_Header":"edce5bfd-fc7e-429c-91f3-70b12cae38b7","img_DetailsList_B_Header_Sorting":"41c587ae-d193-4ac4-9704-635493faa866","lbl_DetailsList_B_Header_2":"1fa3635c-9f99-47a1-8478-b8d199912708","icn_DetailsList_B_Header_2":"c3205b92-0d4e-450a-a7fe-43c417b1452a","lbl_DetailsList_B_Header_3":"1bc46672-112e-4236-9f22-1d06d707bec8","icn_DetailsList_B_Header_3":"2b856dbe-da6b-4b65-893b-292f083f17c1","lbl_DetailsList_B_Header_4":"49c1efa9-417f-409a-9a07-b3d70407e85c","icn_DetailsList_B_Header_4":"25c168b8-d5a5-40bc-8e02-b18d788e8da0","lbl_DetailsList_B_Header_5":"114adda0-ec89-4298-940d-89f3c86191f1","icn_DetailsList_B_Header_5":"45858fba-cea1-4629-8048-004f65a73637","lbl_DetailsList_B_Header_6":"c81456f7-f40c-4eaa-928f-b740277d9558","icn_DetailsList_B_Header_6":"69cf7eef-6e47-4489-a19f-813cbded4f3c","lbl_DetailsList_B_Header_7":"1e1a41b6-a590-47d1-a8ce-a1a89a0a59e4","icn_DetailsList_B_Header_7":"a870cfdf-2e6d-434f-be41-539c88f3cbe5","lbl_DetailsList_B_Header_8":"ba63e54a-7f3f-4dcc-a845-9a6b9dc797c6","icn_DetailsList_B_Header_8":"2c2c3de4-8cfb-4bfd-941f-b336172c47f8","lbl_DetailsList_B_Header_9":"4ea7f1a7-e51a-4fde-9cab-55539bb5b693","icn_DetailsList_B_Header_9":"58c0f4fb-9d84-4fca-b081-6e5d02d52c01","lbl_DetailsList_B_Header_10":"e0706217-68f9-4251-b8f2-12c2e32a15a2","icn_DetailsList_B_Header_10":"6cbf8355-c105-40c4-ad77-1776385a840b","shp_DetailsList_B_Divider":"e6ab52f9-feb8-45ed-8e5f-b24ab6940023","gall_DetailsList_B":"12c1ebb2-4195-4354-a84b-53ce0e86f371","galleryTemplate2_4":"70555329-14ad-47d5-8083-72ab6e0eba39","lbl_DetailsList_B_Gall_1":"1285e0a1-c0da-424c-b435-a8e9696631e7","cb_DetailsList_B_Gall":"47a3c409-37fc-43f8-8de2-c8886ba9dc22","shp_DetailsList_B_Gall":"c2850e17-32c4-413c-a2d6-6b0d50a02f88","lbl_DetailsList_B_Gall_2":"17582e8c-6ae0-4ebb-bc8f-b3650af660d7","lbl_DetailsList_B_Gall_3":"1873827b-8720-401d-ba64-7002417042df","lbl_DetailsList_B_Gall_4":"dfa9d9e3-fb7c-4d8e-af09-840150702a64","lbl_DetailsList_B_Gall_5":"d485a99c-c5e0-44c0-9e8e-61c98625e816","lbl_DetailsList_B_Gall_6":"50315df5-f76b-4d15-9d0d-75d8735f5e5a","lbl_DetailsList_B_Gall_7":"26b2707d-7314-430a-b8a6-612aa18fb65f","lbl_DetailsList_B_Gall_8":"b98ccab3-4413-4f24-8fe2-713dad48f263","lbl_DetailsList_B_Gall_9":"31301a62-b616-4929-aafd-8705b3c2b403","lbl_DetailsList_B_Gall_10":"f63d15eb-689c-4511-9cd1-7be656a6e420","shp_DetailsList_B_Gall_Divider":"6f17c3c9-1958-4593-adf9-19147b5fcc74","PACo_PeoplePicker_A":"d4e5e89e-69ff-47b6-8fb0-3486ca8f55d2","cntr_PeoplePicker_A":"3bceea5e-c39b-4386-9424-3a31c29cc9d6","html_PeoplePicker_A_CSS":"9718a17d-a10b-4691-ab16-2976e0720fdb","cntr_PeoplePicker_A_DropShadow":"521d2280-8bd8-4740-80a4-9bc2378b7351","shp_PeoplePicker_A_Background":"5c4f20eb-78e0-4b76-a733-9b39a225d0ce","cntr_PeoplePicker_A_SearchBox":"82e940bf-27fc-4d36-907c-2197b94de8f2","html_PeoplePicker_A_Searchbox_CSS":"7016a403-0413-4e35-a808-8eea4bf99814","cntr_PeoplePicker_A_Searchbox_DropShadow":"08150a1e-f4b9-483c-adc9-e715912bc3f0","shp_PeoplePicker_A_Searchbox_Background":"76469836-2c07-42b9-9b04-00017af48335","ti_PeoplePicker_A_SearchBox":"989fbdb7-9ad6-4a27-9f18-d8047dd1cad8","img_PeoplePicker_A_SearchBox":"073b9aa1-d278-403e-af98-02d4c9fd5c16","img_PeoplePicker_A_SearchBox_Clear":"095a0ac2-3c0d-42f3-848a-17d50fa29aeb","icn_PeoplePicker_A_SearchBox_Clear":"a42f1826-ffc2-4ab3-a7cc-c0c04ee78ef7","html_PeoplePicker_A_Gall_CSS":"2633da33-3d41-4bc4-ac86-a2fd8a20ad1c","cntr_PeoplePicker_A_Gall_DropShadow":"dcebd53e-7c9b-4e4c-91d9-939a45719d1e","shp_PeoplePicker_A_Gall_Background":"b8f3cbe3-0161-4ab2-8cb0-2bc844a74b1b","gall_PeoplePicker_A":"8631d76c-5183-4d77-b812-291f406d542a","galleryTemplate7":"59bac0c5-8d89-4f1f-9b3b-a907eaea42bb","lbl_PeoplePicker_A_Gall_Label1":"0c4fc521-7452-407d-9b7a-d44265c869b3","icn_PeoplePicker_A_Gall_1":"7d999555-aee8-450d-9db8-76ec8d3d52da","lbl_PeoplePicker_A_Gall_1":"b61d1cca-16bc-4436-9bfd-dd37c5ee53b0","lbl_PeoplePicker_A_Gall_Label2":"e29c49d1-99f6-4fc9-ac07-ff2f86a1406e","lbl_PeoplePicker_A_Gall_2":"0433812e-b4bc-403d-9f05-d104f7540a7d","lbl_PeoplePicker_A_Gall_Label3":"8a0ce32c-0db6-4af6-8549-6d1fdcf3176e","lbl_PeoplePicker_A_Gall_3":"23016198-bd4d-4987-b8f5-fa548ae9a782","shp_PeoplePicker_A_Gall_Divider":"ecf1743e-9082-40df-be58-3d9a06351e8d","cntr_PeoplePicker_A_Button":"c6ad4f1a-c397-4994-a2c9-377c48ef6c34","icn_PeoplePicker_A_Button":"055c7e07-f976-4fa4-a6e0-fe6a5899230b","img_PeoplePicker_A_Button":"2117be5d-a8fe-45a3-a287-c48f65bc0d6f","lbl_PeoplePicker_A_Button":"44d5505d-d8aa-45b8-851f-c35734563b05","btn_PeoplePicker_A_Button":"175fd2b7-70e8-4d29-a7f4-d8632967d45e","html_PeoplePicker_A_Button":"0ae13c17-0939-4df3-bbe8-f930fa4797ab","PACo_ProgressIndicator_F":"2e04ec44-f11b-4314-871a-6f3b2d4be38e","html_ProgressIndicator_F_CSS":"e373bd63-00a6-4ff0-b9b4-e1397e1fe32c","cntr_ProgressIndicator_F_DropShadow":"500124a3-7fbf-495e-b187-ff1552abb7ef","shp_ProgressIndicator_F_Background":"2c2c8ba3-166d-4b01-9c20-0d8274718156","gall_ProgressIndicator_F":"941cd71e-3ec5-4c85-9391-11101224080d","galleryTemplate3_2":"2c0b2fa2-ae62-4ef6-a418-fbc0420da68c","shp_ProgressIndicator_F_Gall_Top":"40d7ce24-052f-4d57-80cb-dc6c395caa83","lbl_ProgressIndicator_F_Gall":"b98b7112-5d2e-4bc5-a400-0b498e00f841","img_ProgressIndicator_F_Gall":"1d293a7a-3aab-4bd6-9d57-8e1c7b255e50","icn_ProgressIndicator_F_Gall_Clickable":"1063ce19-726d-419f-ba28-71b099b82d95","shp_ProgressIndicator_F_Gall_Bottom":"d5e92a55-7939-4719-8816-475d455ddf16","PACo_DetailsList_A":"543be746-9690-4042-811a-3ee4cd68b9d9","html_DetailsList_A_CSS":"ffd114f1-7f78-4992-9df4-f709dfae0e0a","cntr_DetailsList_A_DropShadow":"c2aa1695-b002-492d-92dc-91f34bb742dd","shp_DetailsList_A_Background":"c4a4ac62-73f2-4df7-9d18-7a40ceaa4162","cntr_DetailsList_A_Main":"7e95078d-7691-4bd0-a7ff-6b28802f6928","cntr_DetailsList_A":"cf03de5b-7d18-40e4-9a79-1d4e19e09e6f","lbl_DetailsList_A_Header_1":"8e7be5f6-9abc-4f34-abb9-8ca6bea0e10c","icn_DetailsList_A_Header_1":"f586b604-25ce-465b-b3b9-43a524ddffc9","cb_DetailsList_A_Header":"da387df0-211e-4390-98de-fa1435385e91","img_DetailsList_A_Header_Sorting":"bd39162a-7b18-4ace-ae71-bbc17fd1f990","lbl_DetailsList_A_Header_2":"7a6303ca-7229-428a-bce7-3aaea3144954","icn_DetailsList_A_Header_2":"cdf1e09f-1c83-48b6-b764-509b8853b9b3","lbl_DetailsList_A_Header_3":"c1fb1342-4e61-464c-a393-2748c011b795","icn_DetailsList_A_Header_3":"f8e27976-2353-4195-9ec5-497a796957ae","lbl_DetailsList_A_Header_4":"9df0499f-78ef-42a5-ae36-4995e4a655bb","icn_DetailsList_A_Header_4":"fff6cc88-1bda-4ade-b781-b3bd044cba4e","lbl_DetailsList_A_Header_5":"2e818b71-28f9-4d8c-9c8d-7115810a3302","icn_DetailsList_A_Header_5":"4ef4dd7f-0efc-4592-88e1-bd594e4655d7","lbl_DetailsList_A_Header_6":"bd7e4d21-0369-45a2-933f-9aad0660621a","icn_DetailsList_A_Header_6":"61d45719-79d9-4e27-b089-327ca276f8cd","lbl_DetailsList_A_Header_7":"6225f3da-8ec5-4337-9df5-558ccec1c1c3","icn_DetailsList_A_Header_7":"dafa3eb2-88be-4599-adde-3dfdf1a9bed9","lbl_DetailsList_A_Header_8":"a2a8edc3-9bdd-48b5-9aef-cfc6967deca6","icn_DetailsList_A_Header_8":"33603fe6-d1b0-44ed-a430-f781de4a230c","lbl_DetailsList_A_Header_9":"11df5a40-fdba-428e-9f45-da9a124b2640","icn_DetailsList_A_Header_9":"e3ac286e-95eb-4ca9-9e13-9a83eacf764d","lbl_DetailsList_A_Header_10":"ef3f0e82-fa7f-46f9-a3c1-b3d2a49858aa","icn_DetailsList_A_Header_10":"8d0dc89c-5520-460d-8007-783441710a5b","lbl_DetailsList_A_Header_11":"86553b2e-b2b7-4f79-b1a5-9ddeeee798d7","icn_DetailsList_A_Header_11":"39d0d492-da43-4382-ae3d-3b9c13e5e976","lbl_DetailsList_A_Header_12":"ffd64f12-7e27-4dcd-a5b1-5c5a22394c60","icn_DetailsList_A_Header_12":"80d219d7-33b4-4c17-bf67-f03031c5d0e0","lbl_DetailsList_A_Header_13":"e92680bf-e063-4858-b29d-cfc041eb09a3","icn_DetailsList_A_Header_13":"3846afdb-b399-4167-9508-acb89a412b43","lbl_DetailsList_A_Header_14":"f1132a61-06f7-4764-bf1d-df94488c1228","icn_DetailsList_A_Header_14":"c0d74733-24ea-4db3-9b7f-f076d84af203","lbl_DetailsList_A_Header_15":"8ada465d-9507-4c5f-af8f-0afee299ba97","icn_DetailsList_A_Header_15":"c61c08cf-7e72-4a82-9165-c8e874695233","lbl_DetailsList_A_Header_16":"1e77727d-3d41-4864-a483-768dc0cadc46","icn_DetailsList_A_Header_16":"4ac8645a-54bb-4ce2-945e-99b3c86f2790","lbl_DetailsList_A_Header_17":"a75d44cf-826b-4219-86c2-d16c3304ac73","icn_DetailsList_A_Header_17":"704fac87-b408-4aad-bd9b-cc80c24d8c6d","lbl_DetailsList_A_Header_18":"b04c257a-41a4-4aa4-9a67-2e5c2f9263cc","icn_DetailsList_A_Header_18":"e553887c-3f9b-4e34-9434-7f5fcd2b2a09","lbl_DetailsList_A_Header_19":"911142bc-29c9-4dcb-85c0-a6801e15954e","icn_DetailsList_A_Header_19":"33e243ac-d362-47aa-88c4-bc2314648f23","lbl_DetailsList_A_Header_20":"fc19cacc-95e1-40da-8b4b-b88953e72559","icn_DetailsList_A_Header_20":"4f00e9fa-89d1-4aee-8837-2b427701d56e","shp_DetailsList_A_Divider":"79df4d69-9bcb-43ac-9adf-e78753347d8c","gall_DetailsList_A":"85d559ec-2e57-49b0-9034-d3575a2fbebb","galleryTemplate2_3":"24e598e2-9f52-4dcf-9744-b9a16f58c687","lbl_DetailsList_A_Gall_1":"efbb09f7-efd4-4727-9229-2212569944c9","cb_DetailsList_A_Gall":"72fe0206-4697-4a8c-a344-fa5f1d4e0029","shp_DetailsList_A_Gall":"13f5bab6-23ab-4ffc-a7f0-02e0d4c7e098","lbl_DetailsList_A_Gall_2":"7354da2a-02b1-405f-9d02-23bb58dacdcb","lbl_DetailsList_A_Gall_3":"add63058-383c-442a-a037-19bd3736b1b5","lbl_DetailsList_A_Gall_4":"1a4f858d-041c-4cf8-9525-46b32919597c","lbl_DetailsList_A_Gall_5":"23dfeced-cbe0-49e5-937e-4ce11ee60911","lbl_DetailsList_A_Gall_6":"a926676c-65b9-4883-83b5-d170409ce3b9","lbl_DetailsList_A_Gall_7":"fea042df-7313-42c8-a1e7-c0f543ff6e42","lbl_DetailsList_A_Gall_8":"7eb03dac-04ee-480e-b3da-1eab4ff2c7e9","lbl_DetailsList_A_Gall_9":"afe4e392-6480-43f7-9741-8b9d34fbc25f","lbl_DetailsList_A_Gall_10":"e16240f5-07a8-47b0-8428-2d476d598f78","lbl_DetailsList_A_Gall_11":"af12f5c5-a060-44c6-9af7-b0ad60163586","lbl_DetailsList_A_Gall_12":"0f1438bc-a86e-40c7-91ab-06638a322ea6","lbl_DetailsList_A_Gall_13":"94993e71-bc84-4043-84b7-c8db90a81750","lbl_DetailsList_A_Gall_14":"2edd7f45-d129-418a-a642-6882bbd2978a","lbl_DetailsList_A_Gall_15":"609bc114-2f15-4ac3-b516-8cce7b08815b","lbl_DetailsList_A_Gall_16":"3e5085fb-ffe5-4f7c-8611-3a0e40844732","lbl_DetailsList_A_Gall_17":"8ec385ff-9cbd-45af-b19e-fe5f77af1ca5","lbl_DetailsList_A_Gall_18":"66152264-cb80-4127-8606-abc934193103","lbl_DetailsList_A_Gall_19":"13663927-bfeb-42f3-8471-317728bdec8e","lbl_DetailsList_A_Gall_20":"3f537ff2-2f72-4d93-84b7-ae46d162981a","shp_DetailsList_A_Gall_Divider":"fcd0a4c9-794f-4062-a181-273c3323dd20","PACo_SearchBox_A":"0f7909b6-862b-4ffd-9042-f9bac2350519","html_SearchBox_A_CSS":"07e21b03-9608-4d1f-8948-5c2733c27725","cntr_SearchBox_A_DropShadow":"d8882054-44ae-4544-ad44-1aeb8bd52318","shp_SearchBox_A_Background":"9ce8d6e4-5f42-44b7-b895-532cc458d3f4","ti_SearchBox_A":"4733d021-b41b-40ad-9905-e6c4446927a1","img_SearchBox_A_Search":"8a7d8af4-2a46-4889-ad91-9c9fbbecc844","img_SearchBox_A_Clear":"ca26f3fa-0e4f-4671-a582-2af8c5173bf4","icn_SearchBox_A_Clear":"99b0f7bd-1752-43a7-9c98-9b0a38b1eec7","PACo_Nav_C":"dcba0269-f235-4f2f-8211-4b77b1e60b44","gall_Nav_C":"75e36477-cc7f-4a67-9927-5f1727dffca0","galleryTemplate2_1":"fdd0b2fc-8ad7-41ca-b949-a055130af595","shp_Nav_C_Gall_Bottom":"6eb6b7cb-f6e3-4de1-8580-28b5522ea174","img_Nav_C_Gall":"4a537be6-6d4f-4086-a93a-4d8ecaf39727","icn_Nav_C_Gall":"afc4631d-7d80-4ac9-8241-b5d929da9584","shp_Nav_C_Gall_Top":"d52fe9e3-19ac-46cb-a87b-d6403d6096c1","shp_Nav_C_Gall_Divider_Left":"33aad10e-4f75-438a-8e3e-065be97931b4","shp_Nav_C_Gall_Divider_Right":"9c8df031-99a7-4d2e-940c-54386e80d692","lbl_Nav_C_Gall":"d1982853-cbc1-4ae9-bd40-33dc109d66a6","PACo_Visualization_A":"70287cd9-c635-4aa5-ad80-9e7c396a733c","html_Visualization_A_CSS":"da0e3456-007d-4369-827f-475c065e847b","cntr_Visualization_A_DropShadow":"1e3bea2e-30a7-4658-8327-be70f7a9b32c","shp_Visualization_A_Background":"77a49dca-0e08-40d6-a5ee-7764a2181580","PACo_DetailsList_Shimmer_A":"76790290-217f-4f74-bb6b-9b7dfc1d5f9d","html_DetailsList_Shimmer_A_CSS":"99d7ee57-24d0-42c5-86c5-dfeea097fd93","cntr_DetailsList_Shimmer_A_DropShadow":"ec1c8e6b-4f6b-4c73-afc7-8b34ca751e2b","shp_DetailsList_Shimmer_A_Background":"ad4e0695-170b-4ad5-83fb-9e1c1d630946","cntr_DetailsList_Shimmer_A":"dc620865-5fe2-45ef-b6a6-882fb4195234","shp_DetailsList_Shimmer_A":"73d9f9ab-6c1b-4367-9f07-f38d77d3a98b","shp_DetailsList_Shimmer_A_1":"26c23d50-e31b-4fb2-82a1-4b573dd11057","shp_DetailsList_Shimmer_A_2":"1d7551eb-8807-477d-8fcf-d45ac9e5ae60","shp_DetailsList_Shimmer_A_3":"c831f654-b23c-4ec9-ad0b-07f9acef8007","shp_DetailsList_Shimmer_A_4":"cb632723-5306-479a-85ed-0d4ffb6ec909","shp_DetailsList_Shimmer_A_5":"a0b534bd-30ef-43e5-b665-247a6deabf99","PACo_Button_A":"4c3d2cc4-f462-4232-b382-058087a13f58","cntr_Button_A":"863748c6-4e27-4925-a650-0f57277cbc16","btn_Button_A":"1bdb6928-1140-4318-b4fa-6993371d580a","icn_Button_A":"9d562789-f9d4-4913-94f2-30e7af39bd61","img_Button_A":"d8fc26bc-2e2e-4d6f-8262-8c4dca95bcf2","lbl_Button_A":"419da9b6-0584-49cc-8ead-9de5b491db00","html_Button_A":"8e29bfd2-0110-4bc7-9d6d-b208c3774722","PACo_CommandBar_B":"6c6eb30d-a7dd-4954-b440-fbf8497c9668","html_CommandBar_B_CSS":"cf5ecf91-3ef5-42fc-bd2d-522c79ff685a","cntr_CommandBar_B_DropShadow":"ab13aef8-5bc1-4f56-ae87-00e5fde54047","shp_CommandBar_B_Background":"c6655522-3456-4ee5-a549-bd66a1fac9d3","cntr_CommandBar_B":"f836d8e4-6944-4586-9cef-775ee20244dc","shp_CommandBar_B_1_Disabled":"8f8a7d29-2f12-4849-8788-c7bbaaaeed77","img_CommandBar_B_1":"f7e37b46-dc2c-4619-8c1a-917e54135a59","icn_CommandBar_B_1":"d574e38f-a130-4a49-b3fa-db7e1fdd2e9a","lbl_CommandBar_B_1":"032d2e13-fded-4286-9bae-a0adbec48076","shp_CommandBar_B_2_Disabled":"1bca62ed-5315-49d3-92e7-6a0776872acb","img_CommandBar_B_2":"25907f56-75b1-42fc-baed-5375b93bcd24","icn_CommandBar_B_2":"d6d9988a-89df-461a-b4ff-d4d4a3704a1c","lbl_CommandBar_B_2":"6e2b728c-c38e-4827-a112-11934968c97c","shp_CommandBar_B_3_Disabled":"6c29a900-ce7e-436a-a200-3a1e2ca21d66","img_CommandBar_B_3":"01a9b46b-c9f8-4046-9e96-f7d4a008c911","icn_CommandBar_B_3":"0cf78fcb-650d-468a-b812-d72be72dc359","lbl_CommandBar_B_3":"cd9fa502-9e4c-4362-bf64-56183a56b60d","shp_CommandBar_B_4_Disabled":"cd0b1e23-f89d-400b-aa31-ef507b988976","img_CommandBar_B_4":"5f33eb7a-1ebf-4426-9a82-3e0518a30053","icn_CommandBar_B_4":"564800be-3950-4764-9d54-fae394d7787c","lbl_CommandBar_B_4":"3f8ac060-9505-4dd6-aa32-3f319af9f98e","shp_CommandBar_B_5_Disabled":"fdb3e420-b463-4c2d-aff1-1ae6a8233d7e","img_CommandBar_B_5":"7409fe84-b806-4c97-8954-e2ee36d7d255","icn_CommandBar_B_5":"a72b7189-7d5f-4975-b325-5bc9f21725fd","lbl_CommandBar_B_5":"44d7a380-1170-4b1a-97fa-a6fa86d9b824","shp_CommandBar_B_6_Disabled":"d517b787-acbe-4f13-9243-6701683a1dd4","img_CommandBar_B_6":"477396b5-2090-44e1-b516-c8e154aa9d97","icn_CommandBar_B_6":"08cbcccb-ec9c-49b5-bfdf-a71a1b35641b","lbl_CommandBar_B_6":"ab007e1e-41eb-471c-bb74-4bb7bdc1dcd8","shp_CommandBar_B_7_Disabled":"f3491317-ec0f-4f90-acbc-ceba505b3bfb","img_CommandBar_B_7":"031b782a-8ce0-4413-b8b6-3b2733e2f4c5","icn_CommandBar_B_7":"d3124f54-74e4-43a8-b3d0-3eb64036f9b1","lbl_CommandBar_B_7":"c51a869e-b0da-47ab-b70d-9080ca1f4ebe","shp_CommandBar_B_8_Disabled":"508aed0f-d64e-4c66-a2d9-db79c9ee47ed","img_CommandBar_B_8":"d26b52be-9ada-442f-8d76-b6f83815f927","icn_CommandBar_B_8":"7a79858f-deda-4d89-9814-6700f7e0f55d","lbl_CommandBar_B_8":"51d69792-88cd-418e-84be-185bbfec6fde","lbl_CommandBar_B_Menu":"c6b0b29f-221e-4fe7-8d60-cf04d20f9c53","icn_CommandBar_B_Menu":"c5bd6a1d-d551-45d1-8da0-46d84504604a","html_CommandBar_B_1":"7d5b3475-b0cb-4e0d-9cb4-eca4ee6cc59a","html_CommandBar_B_2":"cd61a161-a632-48fe-8c21-8837c40c4faf","html_CommandBar_B_3":"db017346-afa0-4d64-accb-a3ca26cfd2ee","html_CommandBar_B_4":"167f9f6c-6f6a-4399-994a-55ecb7d93e41","html_CommandBar_B_5":"b7004a42-2f96-4e51-9aa5-8761e4323078","html_CommandBar_B_6":"e8aa9f1f-0f4e-42f9-873c-e2c89865a074","html_CommandBar_B_7":"4c359411-f495-4260-9702-3c403d4b2d41","html_CommandBar_B_8":"8a19b6d5-5333-46a5-af3c-bb8dc043fd48","PACo_Header_A":"5112b441-af5d-4119-98f1-6a8940d07710","cntr_Header_A_DropShadow":"6dfb6261-beb7-4e94-9f9d-052915c65c2b","html_Header_A_CSS":"96806472-2276-4b60-a0b0-19a6956fa2e5","shp_Header_A_Background":"28d2d33c-01f4-4b98-a986-4479b78e6307","lbl_Header_A":"8f24ccf3-b82e-4b03-ad1c-0a456a2fa07b","icn_Header_A_Back":"cbf7afd1-df6d-432f-b9e2-f34de1fe71a9","img_Header_A_Back":"4bc4c1cc-18af-4b1c-8ecb-f0e6c020b309","img_Header_A_Nav":"322b77ac-925f-4701-9d69-a74aa719642e","icn_Header_A_Nav":"203e8980-747d-46f1-a2a9-eb57b5aa7f28","img_Header_A_LanguagesMenu":"afd73574-b0d9-4ac4-adee-1e81755c2292","icn_Header_A_LanguagesMenu":"ce22dc78-57ed-484b-bb0a-9fc0a1ec13a9","img_Header_A_Help":"7e957ab8-bd17-4755-862f-3c7d4108d35a","icn_Header_A_Help":"d21dd9de-f974-4eac-9cd7-a50b7d09027d","img_Header_A_SettingsMenu":"5b460823-e305-481f-b71d-e421742993f9","icn_Header_A_SettingsMenu":"26d7238e-6b30-4f29-864e-d0d976afb6ba","img_Header_A_Logo":"94853a56-0267-4028-a395-b5c91dfd5336","icn_Header_A_Logo":"42f3ae2e-5ab0-4b29-b94d-f0425deb2299","PACo_Info_B":"e8038e82-61db-4c01-bab0-64be3f06229e","cntr_Info_B":"64096cc9-7ac3-4b30-a302-0a38ff62bb65","html_Info_B_CSS":"55b6d017-6a2d-4e09-9ff9-e54f3a4076fc","cntr_Info_B_DropShadow":"70f7af7a-186c-47f3-b34e-cef2d63a46ad","shp_Info_B_Background":"1e9951d8-3f39-4ab1-a03c-8ced8d988dab","lbl_Info_B_Title":"f7cf840b-1b64-4c74-a1bc-90cd9d85a067","shp_Info_B_Divider_Title":"d4a3de95-0364-4ef8-b086-dd04f40b10ab","lbl_Info_B_Message":"c9ef17fb-f5f6-49ee-9678-29490886aa93","html_Info_B_Message":"473ffb2b-8ff0-4bf6-b4a1-ff9a634ffe40","shp_Info_B_Divider":"60b3f4b8-6044-4677-aaa9-9de73ae71990","img_Info_B":"6b6a1c4e-4de5-4e68-9ffb-49f5d2745afb","img_Info_B_Left":"d32c16e2-61e3-47c7-a015-f8f24bb040cf","icn_Info_B_Left":"273c2d3a-e968-419b-906f-4070f02be189","img_Info_B_Right":"f4dcf296-7858-4c00-9def-54bbcf5991d9","icn_Info_B_Right":"a038170d-7628-43ee-9eef-93d9e39860a5","PACo_Log_A":"6dfaef8a-747f-40f2-8c9e-bae2b38a87f7","html_Log_A_CSS":"f911f7c3-5d0e-4af3-9443-84fb2240ca2e","cntr_Log_A_DropShadow":"93869fba-b36d-448c-bafe-50709c3ef1eb","shp_Log_A_Background":"7d8ebeff-eae3-48b0-9f7e-0c20410b2916","gall_Log_A":"6c4b5d70-1d4e-4711-beba-99e20d6bcbe5","galleryTemplate1_5":"a6a8bb55-bdfc-4cf0-aae2-8baf2d96d6f8","shp_Log_A":"e83f11fc-6f9e-4b81-b88a-a462a40510e1","icn_Log_A_Gall":"855d4c17-1f83-4601-a719-2dcab5196dbb","img_Log_A_Gall":"67b02a96-557b-43c1-8532-6a49af66ea2d","lbl_Log_A_Gall":"d61f2691-1a98-46f4-94af-f62ca3970b57","shp_Log_A_Gall_Divider":"33968e12-ec23-40e9-9e38-ae8986c9a510","PACo_Tile_A":"4717aa44-6d7c-47ed-a8c2-658b1ba2b5c1","html_Tile_A_CSS":"448144bb-0e51-4b54-bfe9-16620fcca1c6","cntr_Tile_A_DropShadow":"0653368b-2e11-4657-885d-e5a02114e0fa","shp_Tile_A_Background":"c75e56de-ba0c-4466-a9f7-bf63780fd509","lbl_Tile_A_Text":"a0ffa5df-69b1-4dc8-a58a-5dfbb3b56a79","icn_Tile_A":"ae34cc53-441d-4494-9e23-0cdbd255f647","lbl_Tile_A_Value":"3b64be9b-68e1-48a3-b423-a8c7f5b974d0","PACo_Spinner_A":"3338e0de-1f50-41d1-8e20-1651dd6c043b","img_Spinner_A":"d821f0b3-0dbe-4923-ba54-fe82007bb95f","lbl_Spinner_A":"48936c82-924f-402a-baf9-bc273273decc","PACo_CommandBarMenu_A":"a2aefd4c-95fb-4d46-820f-e88db16f1112","html_CommandBarMenu_A_CSS":"11884336-e530-4b3a-8480-e71706e33f5e","cntr_CommandBarMenu_A_DropShadow":"1b3195af-0e4e-4aeb-9ffa-e668560b3df1","shp_CommandBarMenu_A_Background":"87bf91a8-d8a1-4470-8d2d-864244e43049","gall_CommandBarMenu_A":"52023478-ec37-439a-8806-bd660d20dd45","galleryTemplate1":"d397385f-798c-4a8a-94c0-4274bbca1da3","shp_CommandBarMenu_A_Gall_Disabled":"0a39e322-c907-4951-9735-497463df53eb","img_CommandBarMenu_A_Gall":"7e44de2f-76f2-4587-ab7e-5dc5ac123daa","icn_CommandBarMenu_A_Gall":"4037aa3a-392d-4193-817d-ae923f088d4a","lbl_CommandBarMenu_A_Gall":"f726b882-eb03-4450-b3f8-4770c9687448","shp_CommandBarMenu_A_Gall_Divider":"ef9f3631-8c21-42e8-8d23-43a1622a7b99","Home Screen":"0561c41d-db52-413c-bfcd-9b275656ecd2","btn_Home_Start_PACo_Breadcrumb_A":"ebb49779-350e-43a5-98f3-56ac686b6462","btn_Home_Start_PACo_Button_A":"121f493f-47fd-42f4-b2d6-aa2f0b612859","btn_Home_Start_PACo_CommandBar_B":"e6221704-c394-4b86-90f7-d406a42c648d","btn_Home_Start_PACo_CommandBar_Item_A":"6bb326ee-210c-40b2-ad45-065c4f76b281","btn_Home_Start_PACo_CommandBar_Shimmer_A":"62516faa-6a31-4379-92f3-8f75d1b347bd","btn_Home_Start_PACo_CommandBarMenu_A":"8697644b-c270-4e6d-a212-e09a756d3ce7","btn_Home_Start_PACo_DetailsList_A":"77e56361-7085-4489-bdd9-034ee4541d50","btn_Home_Start_PACo_DetailsList_B":"d9909d9b-5d6b-4c1e-8cf6-d89311c0ed90","btn_Home_Start_PACo_DetailsList_C":"9d3ec832-bbc7-47f2-9daa-830fb4b2c964","btn_Home_Start_PACo_DetailsList_Shimmer_A":"131a4f8b-541b-472b-b1c1-2949b4c2a5ce","btn_Home_Start_PACo_Dialog_A":"6461ce23-a03b-42b2-8596-a4208c8c19a8","btn_Home_Start_PACo_Dialog_B":"1845d91d-00cc-46dd-982c-7205095c3030","btn_Home_Start_PACo_HeaderLanguagesMenu_A":"c783f04e-22f9-4d31-938c-38c622347fa1","btn_Home_Start_PACo_HeaderSettingsMenu_A":"6671ca25-733b-446f-9c55-6df1f131fbc5","btn_Home_Start_PACo_Header_A":"3c6312eb-b6a0-4ca3-8276-1715c6b6a00b","btn_Home_Start_PACo_Icon_A":"22c7c623-7eef-411f-a4ec-4436bb1fbd7d","btn_Home_Start_PACo_Info_A":"06c98fc1-0797-48a9-b96b-33993e2b3a40","btn_Home_Start_PACo_Info_B":"4ac3324a-6f0f-4d81-8655-4e89b8e60e43","btn_Home_Start_PACo_InformationBlock_A":"f1045050-bd29-493a-ad13-6f0dd956802d","btn_Home_Start_PACo_Log_A":"f157a969-6ef3-423f-ba23-2c1965e9e524","btn_Home_Start_PACo_Nav_B":"14d8fd08-6a4c-470e-a9c3-4da6b657fdc8","btn_Home_Start_PACo_Nav_C":"12cf875f-9896-48da-b240-7b514611904e","btn_Home_Start_PACo_Panel_A":"04fbcb67-3b25-4087-ba92-e6a3afbd8bd4","btn_Home_Start_PACo_PeoplePicker_A":"d64fbf9f-cdb6-4da1-8e82-1d38eabba713","btn_Home_Start_PACo_ProgressIndicator_E":"01fc74ae-8803-4bbb-9e04-6ca64350a720","btn_Home_Start_PACo_ProgressIndicator_F":"e3318ea8-d9c3-4b18-9e4e-6c56b4e14921","btn_Home_Start_PACo_ProgressIndicator_Shimmer_A":"bb2db2f8-50cf-49b5-9901-3db3883b2994","btn_Home_Start_PACo_ProgressIndicator_Shimmer_B":"898a7d2d-e1ec-4cac-8461-6162099b250b","btn_Home_Start_PACo_SearchBox_A":"a2574cc7-c771-4b22-a4e8-56ae0a4b47b5","btn_Home_Start_PACo_SelectList_A":"a975c4d3-cb1e-4ffb-91d7-fb00c4ae7ea5","btn_Home_Start_PACo_Spinner_A":"76da0f97-db8b-40ca-ac60-6d2a9572f936","btn_Home_Start_PACo_Tabs_A":"97f791c2-d2eb-4032-9d89-da3bd7b8c2e8","btn_Home_Start_PACo_TabsMenu_A":"08692fc6-f35b-420a-a651-28c5293e4e16","btn_Home_Start_PACo_Tile_A":"61b8c1a9-6bb2-412a-9fc4-80d2eb4b609b","btn_Home_Start_PACo_Tile_B":"9c8a0001-2c31-4cbc-9970-0b8aefb28146","btn_Home_Start_PACo_Visualization_A":"47339ca7-550e-4d7b-ba9f-e9abafc5935d","btn_Home_Start_PACo_Visualization_B":"6d2b6927-883c-41c2-9947-aa85367619ef","btn_Home_Start":"58fa71dc-9067-4310-9c1d-9e35c6090b21","PACo_Breadcrumb_A Screen":"7c3be7da-6baf-45de-95d4-9ed77afb0b0d","cmp_PACo_Breadcrumb_A":"aed46349-e8e9-490f-88a7-fd63d4067573","PACo_Button_A Screen":"a204b943-6ee5-454c-a2e1-9c754124af54","cmp_PACo_Button_A":"8a3ac751-c2ef-49bf-82ca-8161591b520c","PACo_CommandBar_B Screen":"ccb5f0cd-c585-4f8a-8c32-dc0cd3e68cf1","cmp_PACo_CommandBar_B":"e9cafe51-b73d-4633-bb3c-9244313dec69","PACo_CommandBar_Item_A Screen":"459ff6a5-0518-41a1-81aa-2d63fa5973f8","cmp_PACo_CommandBar_Item_A":"b2a0ee6f-9856-41b4-8239-a9a57fe28a57","PACo_CommandBar_Shimmer_A Screen":"35c6b1f1-a030-4601-aeeb-3400c77a28f0","cmp_PACo_CommandBar_Shimmer_A":"d5a77ee2-4754-4b94-b3c4-47000c038f2c","PACo_CommandBarMenu_A Screen":"f4359254-2c5f-4b9c-b443-f08ead6b589b","cmp_PACo_CommandBarMenu_A":"25d2faf0-6781-46e9-97e8-a489fbca1f6f","PACo_DetailsList_A Screen":"5963364e-753d-4f7c-ac05-2e0e96e0e4b7","cmp_PACo_DetailsList_A":"3a3240c9-943c-4b77-bf5a-a46e8e4d70a7","PACo_DetailsList_B Screen":"bc80198f-6aca-44c5-b639-524713ca07f7","cmp_PACo_DetailsList_B":"3ac6a089-bfa2-412b-b29b-f0b752f6620a","PACo_DetailsList_C Screen":"b495e5e7-b352-4cea-a0d0-9e797709d0ea","cmp_PACo_DetailsList_C":"3960cc56-94bb-48d4-8509-cb5b2507ec5b","PACo_DetailsList_Shimmer_A Screen":"bb16cde0-87a3-491a-8b5a-0620c3b2e816","cmp_PACo_DetailsList_Shimmer_A":"19b8e5e2-e32f-4b60-98d7-a06443330276","PACo_Dialog_A Screen":"ecbfb33a-6648-4a75-8825-3aed49e1d8c9","cmp_PACo_Dialog_A":"9bc5f299-c76c-4f2e-bfcf-4c790e3c8a6f","PACo_Dialog_B Screen":"935994f8-e828-4a09-ab8f-3df9f033dbdb","cmp_PACo_Dialog_B":"97425375-c325-48cf-b1ee-092a238d1679","PACo_HeaderLanguagesMenu_A Screen":"28b49850-c4fe-45f9-875f-010c4930e31f","cmp_PACo_HeaderLanguagesMenu_A":"5291f67a-4cec-4da6-8070-72b83bee2cad","PACo_HeaderSettingsMenu_A Screen":"a7121e58-c107-497b-a345-76f0f7d2a607","cmp_PACo_HeaderSettingsMenu_A":"7621d1e8-85d5-4472-bf5b-d3f3b0da8569","PACo_Header_A Screen":"cd70264e-5a37-474f-88b1-a0181a1e74b2","cmp_PACo_Header_A":"7a6fc4dd-26d3-40d8-9600-6f9e35d0bf5f","PACo_Icon_A Screen":"38ea7be6-4516-4e42-b613-c53213076f9b","cmp_PACo_Icon_A":"9db3890a-f3ea-45d7-b09b-e7d8e30fbdf7","PACo_Info_A Screen":"cabe019f-a536-4bb1-9ddb-864cc97726fa","cmp_PACo_Info_A":"6ead472a-00bf-4736-b33a-2c644418a7eb","PACo_Info_B Screen":"195db214-21c4-4d8d-823a-cf8084c45250","cmp_PACo_Info_B":"c4b5ae83-e899-4b80-a7c4-4d3151185289","PACo_InformationBlock_A Screen":"f6050ca3-a5b3-4ae3-8fe0-b74d668cc935","cmp_PACo_InformationBlock_A":"b1162186-350b-461c-b416-f5c808e6ce29","PACo_Log_A Screen":"419fc09d-e3ac-4336-b3e2-d1ba56688096","cmp_PACo_Log_A":"8f11b4b2-4b20-4c05-adfd-53224b8ad44f","PACo_Nav_B Screen":"7ce3b1b5-ce52-4512-a77f-71bb1b81be17","cmp_PACo_Nav_B":"ce216cd0-7cf6-496d-8e5e-c579550cae82","PACo_Nav_C Screen":"0846955f-36f1-4b72-a30d-d902dbb92f22","cmp_PACo_Nav_C":"99333f63-baf3-4f41-80f9-414fa3e9e6da","PACo_Panel_A Screen":"df94ae4a-3753-4208-b283-dc8fb3f23dfe","cmp_PACo_Panel_A":"a0f475d7-f309-4f40-b334-17e013de1943","PACo_PeoplePicker_A Screen":"f2541491-c13a-4cac-85e4-28ca92d05f8a","cmp_PACo_PeoplePicker_A":"d52acf9a-8c92-428b-b819-2df1306d051d","PACo_ProgressIndicator_E Screen":"9c23677f-52e5-4597-b332-24d564fddf4e","cmp_PACo_ProgressIndicator_E":"29f4ad68-ff72-4857-978a-35eb80131517","PACo_ProgressIndicator_F Screen":"9e2a9237-95e1-4866-ad64-8b5e0fa34bfc","cmp_PACo_ProgressIndicator_F":"38a0cbb0-624a-4b39-9295-f4ef46efbcbb","PACo_ProgressIndicator_Shimmer_A Screen":"381fc40c-52e7-4d7d-8cd9-1a747f2ff076","cmp_PACo_ProgressIndicator_Shimmer_A":"03f14076-e67f-4ba7-811b-6f543b4a72c2","PACo_ProgressIndicator_Shimmer_B Screen":"5770df54-462f-4733-b36c-1a6b13e7d961","cmp_PACo_ProgressIndicator_Shimmer_B":"87c19f25-1a37-4a45-b6b7-37fe723886ec","PACo_SearchBox_A Screen":"01c50f61-94a1-41dc-947c-492446d9d8dc","cmp_PACo_SearchBox_A":"2f2e4daa-cc6a-478a-82be-c532999d4ce0","PACo_SelectList_A Screen":"849dbaba-d445-4902-a446-86b0b5bdeb72","cmp_PACo_SelectList_A":"3839d12c-71b3-4024-839f-9b18ea4c1c64","PACo_Spinner_A Screen":"7c5ee38c-5750-4849-a1d5-a8bed0f3f7f1","cmp_PACo_Spinner_A":"6a3915e9-5b11-42c0-836e-f61b277af2a7","PACo_Tabs_A Screen":"44d50413-56f2-4161-9684-2d8d467f472c","cmp_PACo_Tabs_A":"6e71d1e4-8381-4db9-8af3-da685968f538","PACo_TabsMenu_A Screen":"8f1cc698-b221-4650-898a-bb1f7af7c035","cmp_PACo_TabsMenu_A":"1e36c4d2-7351-47ed-b870-f88d2238afc9","PACo_Tile_A Screen":"db7c9304-9dc6-46c1-9714-dc5f3e05c9e6","cmp_PACo_Tile_A":"d61e8682-45bd-40b9-b246-8282bc41987b","PACo_Tile_B Screen":"113293aa-4530-47ff-9083-1b4eed5cec65","cmp_PACo_Tile_B":"8e3a7ea7-04a7-4372-97c8-69a54fa22f98","PACo_Visualization_A Screen":"ebb20996-6bd1-4653-8ab0-5901a91cad22","cmp_PACo_Visualization_A":"67d85889-51e0-4e39-a860-9f3c478109ea","PACo_Visualization_B Screen":"da34d040-1e2e-4925-a4a1-c1f53255efeb","cmp_PACo_Visualization_B":"7d9dbe07-1eee-43e7-8d53-f690e1cf694d"}