{"__Version":"0.1","App":"1b70b26d-a884-42d1-aa44-f8811c221037","Test_7F478737223C4B69":"bcfc54c2-0257-44ab-9b56-f96f6b4f0dbd","Host":"9ae03906-f3dd-4185-87b3-1bcefc5640da","PACo_Header_A":"aecba77e-221a-4645-a725-78e22815ba08","cntr_Header_A_DropShadow":"9bd5a55f-22ef-44ad-ad8f-0d942367cf21","html_Header_A_CSS":"b3ea6362-19eb-4f58-aea0-07aa8c317b85","shp_Header_A_Background":"11e56459-e960-4f82-99e5-83fd64288366","lbl_Header_A":"b5290beb-ef17-4185-b387-526bdc87aa58","icn_Header_A_Back":"f6c853b0-56dd-43eb-ac6e-d783a04fcc88","img_Header_A_Back":"678aaa4a-4776-4739-94b7-9425b778300d","img_Header_A_Nav":"fccea2fa-ccfa-42ab-839a-ac856ad51eb2","icn_Header_A_Nav":"0c7ff174-acb3-4eae-bf94-6bc549e73ce7","img_Header_A_LanguagesMenu":"ba318521-875e-410a-84c6-97478a1e2915","icn_Header_A_LanguagesMenu":"a9b7e2b3-99b8-46cb-bdc0-69467aad75ed","img_Header_A_Help":"09d8b14e-1b10-4304-830e-143402740510","icn_Header_A_Help":"bec79e86-a49b-40a1-9aea-c001f9407a85","img_Header_A_SettingsMenu":"b0c16eea-f285-4c45-8b6e-dae6043b61d3","icn_Header_A_SettingsMenu":"f76568ef-cd48-4bf6-8c52-18b6129969f8","img_Header_A_Logo":"9ae11de0-7cff-47b7-b7ab-88e82ca486d7","icn_Header_A_Logo":"7fa07fb0-a6fb-4cc0-88d5-b7bdd135e16b","PACo_SearchBox_A":"fe61e2ab-baac-4b8b-bb0b-ec6c6ed9a69a","html_SearchBox_A_CSS":"8f6a3030-d650-40f8-b492-32a7bf7969f6","cntr_SearchBox_A_DropShadow":"854a7ea4-fa88-494f-b301-177513920659","shp_SearchBox_A_Background":"dcf6b51e-0619-4dcc-be7d-d9e05d2e6bfb","ti_SearchBox_A":"13ba0e50-26a5-4934-96a5-00a97727f8b8","img_SearchBox_A_Search":"48bd323a-f9ce-4934-b0bf-c9b8caf27103","img_SearchBox_A_Clear":"16abe60a-9f22-4efb-9120-a652eb57b0b4","icn_SearchBox_A_Clear":"7209df62-0efb-4d86-88b5-c1eaba9b7c4d","PACo_DetailsList_A":"bd1ba12d-a0e1-4b45-a8f3-e0b103ae2b48","html_DetailsList_A_CSS":"42334755-9a5e-4143-939f-81655f9c2399","cntr_DetailsList_A_DropShadow":"ab512b9f-2d2b-47c0-b92f-3fc83a6ac133","shp_DetailsList_A_Background":"dba57444-ae98-46ed-9dd7-f96ce00fa36a","cntr_DetailsList_A_Main":"2a04ee09-c8f4-42c9-8337-9d4c1c87a0f5","cntr_DetailsList_A":"76bf7baa-891f-4c0b-b17f-55a7f1dc06f4","lbl_DetailsList_A_Header_1":"e28856e5-ebbc-441f-866b-e9daf207a421","icn_DetailsList_A_Header_1":"c74b55a7-8757-4168-90c8-cb3429a7afce","cb_DetailsList_A_Header":"5ab78ecc-9053-4706-9311-b4fd08f1bd3a","img_DetailsList_A_Header_Sorting":"1f6d29bd-cbcd-4c29-8784-bd2aca5e22cd","lbl_DetailsList_A_Header_2":"bae90180-2286-41eb-a0ea-5e364bf6b0ba","icn_DetailsList_A_Header_2":"208307de-f4d2-40e9-9137-05ac27bf6512","lbl_DetailsList_A_Header_3":"cfa80487-0e27-4ddd-89e3-7f43827de397","icn_DetailsList_A_Header_3":"c7eb7ebf-a57d-4ea0-a74a-828ead5fe367","lbl_DetailsList_A_Header_4":"944f817b-f3cc-4952-84c6-3b0cb45699eb","icn_DetailsList_A_Header_4":"ab11428b-e785-4054-accc-8ae01a224a89","lbl_DetailsList_A_Header_5":"d494fc2a-d842-483e-882e-03c8013887ee","icn_DetailsList_A_Header_5":"eb8c08f0-d5c6-4ac5-86d5-91713e7dfaf2","lbl_DetailsList_A_Header_6":"5464dda8-2a36-4e39-9d93-f8a73e0fe0b8","icn_DetailsList_A_Header_6":"5af6be6b-2b5a-42bc-bef0-cab7e70f1160","lbl_DetailsList_A_Header_7":"7d5774f3-9434-4476-8aad-b91190ba8ec6","icn_DetailsList_A_Header_7":"486fdd38-72b5-47d1-8df9-34a6116a76f2","lbl_DetailsList_A_Header_8":"cbe372fb-d290-4ff9-bc55-4c9b663c35ca","icn_DetailsList_A_Header_8":"b0e1d9b8-e7fd-4fd7-9bc6-fc32ce770b87","lbl_DetailsList_A_Header_9":"6af18440-070b-45b2-9669-cda7acadc6e5","icn_DetailsList_A_Header_9":"62265b44-031a-4afe-9aa8-7651b0fb7045","lbl_DetailsList_A_Header_10":"11589c8c-23c3-4acc-89a9-e740425dd967","icn_DetailsList_A_Header_10":"cf05ad6a-dc89-41ee-9af1-807a2b51a7f3","lbl_DetailsList_A_Header_11":"45fa8d27-b207-4d18-885a-c476ded78eda","icn_DetailsList_A_Header_11":"36c1e44d-0c15-47bd-8c16-bbb73354764a","lbl_DetailsList_A_Header_12":"d047f762-bf2f-4b13-9ba0-aec8eb9fdeca","icn_DetailsList_A_Header_12":"25b71ed4-1f84-40b5-8f52-29192d3dc568","lbl_DetailsList_A_Header_13":"a167384e-814b-4f99-b974-ecb01d95b05f","icn_DetailsList_A_Header_13":"1e87afcb-9534-4852-ae5d-873c774769c1","lbl_DetailsList_A_Header_14":"21cb36e0-a59c-4bc8-a0b0-9875453be950","icn_DetailsList_A_Header_14":"0628b205-e514-4b82-b6b2-caf51bbde102","lbl_DetailsList_A_Header_15":"f6a5ec63-f995-411a-af6d-c1540e807b05","icn_DetailsList_A_Header_15":"5c3f8af9-0149-44ff-9cd2-ecc49a7810f3","lbl_DetailsList_A_Header_16":"43602dd4-47ab-4f45-b11f-e26050632248","icn_DetailsList_A_Header_16":"017bcdee-6f5b-4ca4-a2b0-e7090d914315","lbl_DetailsList_A_Header_17":"7a380256-e208-4e40-9cf0-706fde748a43","icn_DetailsList_A_Header_17":"62fbb4a8-bb2b-4eda-8d40-f00355c1621a","lbl_DetailsList_A_Header_18":"58f260c0-3228-4ff0-a4ea-8f4469eb44e4","icn_DetailsList_A_Header_18":"a28bf144-5cfa-48df-9298-c5c53e4d6e54","lbl_DetailsList_A_Header_19":"f8e7b662-6c99-4360-8f35-3d393d3ad4f2","icn_DetailsList_A_Header_19":"4972eaff-ad40-41d8-b9d7-048d686f5d01","lbl_DetailsList_A_Header_20":"f793a979-6707-4327-b3ee-fc435dfcbb60","icn_DetailsList_A_Header_20":"675beebd-f081-428f-a605-ebe52c5c332d","shp_DetailsList_A_Divider":"6c3ff1f6-f052-41d4-b228-021bf798fab0","gall_DetailsList_A":"755bdc35-9d79-46bb-a27d-92c571b5f081","galleryTemplate2_3":"35594090-e5b9-4ab3-9203-40929cf29810","lbl_DetailsList_A_Gall_1":"e814bb27-314a-4cdf-b433-c59e54cbfe76","cb_DetailsList_A_Gall":"d6689f7a-8bb7-45d9-b199-51b190e7912e","shp_DetailsList_A_Gall":"d5a14eca-e1e4-4e63-bfbd-2edc84eadbec","lbl_DetailsList_A_Gall_2":"0b857498-19fc-4230-81a4-19c4cadb6888","lbl_DetailsList_A_Gall_3":"08deb213-4cad-4c77-8d0d-7e11b710c274","lbl_DetailsList_A_Gall_4":"6631669f-734e-4c8b-b0a7-aceaff26a249","lbl_DetailsList_A_Gall_5":"8894cb5d-b8a6-46a9-8b35-89686064afb8","lbl_DetailsList_A_Gall_6":"87d1bc75-f26e-4dc7-a9c7-fe33b48589e0","lbl_DetailsList_A_Gall_7":"68eb7287-ef21-4e33-8acb-676afc46b0d0","lbl_DetailsList_A_Gall_8":"ad66f1c4-896f-4359-86bc-74bcd97b688d","lbl_DetailsList_A_Gall_9":"0baedbae-1fcd-42fc-b58e-2ba5b664bfaf","lbl_DetailsList_A_Gall_10":"6723834f-ff19-482e-acec-ce8816542fa6","lbl_DetailsList_A_Gall_11":"b3cb5257-5595-4595-b5aa-d5591484fa38","lbl_DetailsList_A_Gall_12":"31ffc518-7114-4974-bb02-2a90b0179a90","lbl_DetailsList_A_Gall_13":"cd3a8365-a951-434b-a3b9-02c3750b0a2d","lbl_DetailsList_A_Gall_14":"d46dafc5-8f63-4cba-ba0b-b2c3410658e2","lbl_DetailsList_A_Gall_15":"1e23cef9-f916-4f95-805a-dac61638fed1","lbl_DetailsList_A_Gall_16":"41a1b88c-2dfd-4b62-a980-1dca2f6e7381","lbl_DetailsList_A_Gall_17":"044ad53f-eeb2-4e70-af27-2eb8a3336cc8","lbl_DetailsList_A_Gall_18":"3551fade-b544-4fab-9972-60824003e409","lbl_DetailsList_A_Gall_19":"f01f80d5-96da-476c-9717-6b1732303be5","lbl_DetailsList_A_Gall_20":"0a4e2259-ba44-4a86-9696-f6db1be4a12a","shp_DetailsList_A_Gall_Divider":"959b9c0c-f312-4fee-90d3-b79cd8061f9a","PACo_Panel_A":"8e98a4fe-ae5d-4ecc-8136-52d7bfcbaf01","icn_Panel_WholeArea":"abf00786-c836-406b-9e38-b9d5ff40efc2","html_Panel_A":"af1a9ec9-66ea-4929-8f29-f8d9868c0be6","shp_Panel_A_Area":"bf59bf97-8c66-46f9-acef-1c879e5d8cb3","html_Panel_A_Searchbox_CSS":"b54d11b2-2ab7-4233-8298-29fce1b9738f","shp_Panel_A":"36969f8b-2488-46af-a8b4-3ad85969b881","cntr_Panel_A_Searchbox_DropShadow":"4c93b27f-24fd-4af6-acac-353d3f6f257b","shp_Panel_A_Searchbox_Background":"d1051dd6-ce93-47cb-ac9c-e4c2ee42dac8","cntr_Panel_A_CommandBar":"24b88664-c71d-4ef6-b2c4-1530a2ad40a1","img_Panel_A_CommandBar_1":"e877a977-653b-4be9-9198-6b7b85abc561","icn_Panel_A_CommandBar_1":"33230ad6-4fed-4c43-aed1-0f37cb158a6b","lbl_Panel_A_CommandBar_1":"4b4b1de0-8f65-4a68-bef0-4d509c3fe7d9","img_Panel_A_CommandBar_2":"e43bb152-ed59-432e-a9f7-3ae20bc709f8","icn_Panel_A_CommandBar_2":"7da5886a-1654-4c5d-b080-f32c1f663778","lbl_Panel_A_CommandBar_2":"721d5aa9-4a8b-47dd-98c4-5bf2da31ccf5","gall_Panel_A":"595dd1c5-1d4a-4831-a61b-d9eedfd23126","galleryTemplate2":"673df6b0-49f0-446f-b5c8-b7022d8406da","lbl_Panel_A_Gall_Label":"c190e908-8671-466b-98b5-3dd9bf4cb06e","lbl_Panel_A_Gall_Text":"c7ba2b58-b76b-4c7b-ba68-14192c0d2cff","cntr_Panel_A_Button":"f1c46af7-06a6-40b7-941e-8e583e8154b7","btn_Panel_A_Button":"8ab3569e-3a48-45dd-b97a-e29a88351a87","icn_Panel_A_Button":"b9175782-1191-4b00-a6bc-bcb2fa01bc6b","img_Panel_A_Button":"8168513e-abdc-4b97-b03a-7f958adfe168","lbl_Panel_A_Button":"e4fffbd3-c358-416c-88e3-0ba1cc82be2f","html_Panel_A_Button":"dce3e457-3497-40f1-9ed3-6cc2203be04f","html_Panel_A_CommandBar_1":"107b461a-006c-4dcf-bf57-f409c2787073","html_Panel_A_CommandBar_2":"d48b5ccb-1048-4edc-8d79-e4a3d7cf5cb8","PACo_Dialog_A":"60caefe0-a8da-469f-9db2-e33808e35235","cntr_Dialog_A":"d981dbc9-b604-479f-bb13-6a357e1bc06e","html_Dialog_A_CSS":"faf1e43a-9e84-48c3-b099-d06e28ebde4f","cntr_Dialog_A_DropShadow":"7661bf0c-ac68-480d-bdf6-0b97220bba61","shp_Dialog_A_Background":"661101a1-d6ce-4449-bd6c-f97bd954dbbe","lbl_Dialog_A_Title":"b89d3bfc-5eaf-4cbb-b2c4-60202f867db7","lbl_Dialog_A_Message":"62a6af97-1630-4bb1-839d-c1140c29a30c","html_Dialog_A_Message":"b2f04cf2-0656-47c9-b4b1-882a848d138c","cntr_Dialog_A_Button_Last":"1822aca4-be17-4aa5-a344-b3b666f3fb11","icn_Dialog_A_Button_Last":"b4bc44eb-af6d-481a-b15b-89068bfa7e84","img_Dialog_A_Button_Last":"a440c81f-0358-4806-946b-e85cbb1b80b6","lbl_Dialog_A_Button_Last":"d461e677-6575-4ae7-b519-66a8565b88f3","btn_Dialog_A_Button_Last":"3c2546b7-c212-496a-aa83-63434da5c004","cntr_Dialog_A_Button_First":"b27b8f62-987e-4ba2-9b79-9c50939e6adc","btn_Dialog_A_Button_First":"3b66f4e5-58e2-4660-a7c9-f359d5a7bf64","icn_Dialog_A_Button_First":"eba92c42-989b-4dd3-aeee-8fe452d755fb","img_Dialog_A_Button_First":"c5fc6df2-1453-4e32-ba40-5fd68278826b","lbl_Dialog_A_Button_First":"8c29b46c-21aa-4b27-be42-c1e119b03d22","html_Dialog_A_Button_First":"7219b937-0f48-4a2d-9260-bf8831d03902","html_Dialog_A_Button_Last":"3f4e549c-d776-44af-893e-cefd2b7a1008","PACo_HeaderSettingsMenu_A":"1edb9250-fd8a-4bf7-9e77-3a4bfe2c7bee","html_HeaderSettingsMenu_A_Visualization":"3695d091-31eb-44c4-834e-296978720717","gall_HeaderSettingsMenu_A":"e9ff3e22-8fb5-4e12-a63d-dec808ca6a9c","galleryTemplate1_2":"263b0257-ce75-470c-a137-5d5f85c26193","shp_HeaderSettingsMenu_A_Gall_Bottom":"2aa07b7e-bb3b-4923-86cc-ca689f388532","lbl_HeaderSettingsMenu_A_Gall":"6d672975-98fd-406a-a4d1-01dc267610c1","icn_HeaderSettingsMenu_A_Gall":"36a680a6-476c-4e69-9d3a-7ae1c5bbc95a","shp_HeaderSettingsMenu_A_Gall_Top":"69b823f9-5c2f-4e38-97bb-d2ad760b6b1e","shp_HeaderSettingsMenu_A_Gall_Divider":"ca0a47e9-cb36-447f-bcba-8a10d39b6774","shp_HeaderSettingsMenu_A_Visualization":"aea1a089-bae7-4538-b1e0-9e519b7c486f","PACo_Nav_B":"17032a07-c6ab-4618-a806-8d2a9b30b85f","html_Nav_B_CSS":"aa4d9a25-5adb-4025-aa55-a184d576c53f","cntr_Nav_B_DropShadow":"5787b4c8-0f07-4051-bddf-6a4e7686f6ed","shp_Nav_B_Background":"69daa4ad-fe93-4a32-85d3-7ebd3cc09a93","gall_Nav_B":"f25b7c42-c2ea-4edb-be8b-9d02685598bb","galleryTemplate1_3":"dc8144e3-5994-4d7d-b361-69db00bf259f","shp_Nav_B_Gall_Bottom":"e2b4a9e7-2034-4205-ab90-bd11f1a7c572","img_Nav_B_Gall":"03e1c8e9-9ff1-4112-87c8-4abc9ed17f25","lbl_Nav_B_Gall":"d37e6b7b-247e-4d73-b479-272cd4640963","icn_Nav_B_Gall":"4084d370-78c0-41b2-b6db-909e45c74b2b","shp_Nav_B_Gall_Top":"9824660e-a716-4df3-b549-0c3a03aa2e81","shp_Nav_B_Gall_Divider":"f925af82-cdcf-485d-b541-1793ef135340","PACo_DetailsList_B":"8fe687a1-4990-40c1-b8c8-a772e26aa3b6","html_DetailsList_B_CSS":"0099db59-31ea-48e7-867d-2564e4efa182","cntr_DetailsList_B_DropShadow":"e26c5679-c37a-4fbb-bbaf-d40696ba9805","shp_DetailsList_B_Background":"96985112-bbb1-43e6-8077-9f462fc93824","cntr_DetailsList_B_Main":"c3d3fe99-da90-4539-a398-dfd50772f22a","cntr_DetailsList_B":"af19f918-6122-4bc1-98cb-6e596cdf8fde","lbl_DetailsList_B_Header_1":"ce73956d-b608-46b4-9aa1-2c5b891b1efc","icn_DetailsList_B_Header_1":"2a2e1154-7203-472b-a938-05f83b7c188e","cb_DetailsList_B_Header":"5c8230dd-e3dc-4e20-a167-82b9e92485fc","img_DetailsList_B_Header_Sorting":"5cc4b3ad-7732-424d-9a21-cc426ca242f4","lbl_DetailsList_B_Header_2":"5827e4db-a6a9-462c-9900-c13b5b283de5","icn_DetailsList_B_Header_2":"27caa581-71f0-4fb0-a5bc-d4ee4f18d5f4","lbl_DetailsList_B_Header_3":"5d673222-3bf8-48c5-ad45-e199c4ead2f3","icn_DetailsList_B_Header_3":"86c1eb87-5f67-420e-a3e0-5d5af175d8d1","lbl_DetailsList_B_Header_4":"2c519e2e-6078-4d97-b542-916cf1b1b594","icn_DetailsList_B_Header_4":"5f2d7ae8-9035-4f4d-90db-3ab0706d7a00","lbl_DetailsList_B_Header_5":"afda5ac2-d7cc-40ee-ab80-138b277b0537","icn_DetailsList_B_Header_5":"189f64af-0272-4f33-a8ed-ed6cf4b08612","lbl_DetailsList_B_Header_6":"0cfd459f-0f79-492c-b68d-f781162754a1","icn_DetailsList_B_Header_6":"18c97771-3909-4434-a151-4340a0e7c011","lbl_DetailsList_B_Header_7":"8b5dfdc8-e4fe-4513-a271-5151cc164a04","icn_DetailsList_B_Header_7":"6adec1ec-0589-4096-a315-cbefb5612559","lbl_DetailsList_B_Header_8":"684871bc-2fe1-4f90-a08a-0460cc218fe3","icn_DetailsList_B_Header_8":"904fefd8-de78-4508-8b59-065ae7278697","lbl_DetailsList_B_Header_9":"0694de77-fc64-4026-b09f-d4b41d5ae241","icn_DetailsList_B_Header_9":"644f924c-a22d-4e42-b404-69a2ddbae7df","lbl_DetailsList_B_Header_10":"72b84136-ddba-41ec-a088-99d3b4806408","icn_DetailsList_B_Header_10":"a4fb5a4e-34c4-42b1-913e-1746abb5b4d3","shp_DetailsList_B_Divider":"03dd8f97-8a38-4a93-841c-6a7ebce21dae","gall_DetailsList_B":"40282a46-5e8c-4018-a6ab-f78fdffffad7","galleryTemplate2_4":"326aeb4d-23d3-473e-9c24-01acc7d9d793","lbl_DetailsList_B_Gall_1":"208b4529-f4ff-423c-9a50-7e78f4998f09","cb_DetailsList_B_Gall":"ded0b95c-bedc-42b2-ad28-c2d4e8f77713","shp_DetailsList_B_Gall":"24666a0c-035b-4171-b7de-f9481b6ce211","lbl_DetailsList_B_Gall_2":"9744d5ee-1d52-494d-b8e8-052ed20d86a9","lbl_DetailsList_B_Gall_3":"ff3fc6e3-7891-491b-9d21-73d73edc5e14","lbl_DetailsList_B_Gall_4":"0dc92305-56dc-42cf-a162-7b2a764752a3","lbl_DetailsList_B_Gall_5":"ec1fff0c-4776-442e-acae-b0799c815db5","lbl_DetailsList_B_Gall_6":"2afb155d-9297-4405-8a27-a2e4c343114e","lbl_DetailsList_B_Gall_7":"38763a5e-fc14-4415-a2e6-5fa465894e05","lbl_DetailsList_B_Gall_8":"67269697-e4a2-4c90-baef-dc77f0c96c9e","lbl_DetailsList_B_Gall_9":"c1ceda24-4e27-46ae-9d27-ef0984c0e023","lbl_DetailsList_B_Gall_10":"e2df6fae-ba67-40a2-9dc9-01365b992615","shp_DetailsList_B_Gall_Divider":"8525f515-bc2b-4c8b-bc33-431b17d4744b","PACo_CommandBar_B":"757bdd3c-4553-450b-9398-a26d27bdac27","html_CommandBar_B_CSS":"ee7b16ba-677c-47b8-9fff-8dbfd3354993","cntr_CommandBar_B_DropShadow":"00c78f1c-0bd7-4e02-9d1a-38973728262c","shp_CommandBar_B_Background":"d66bbe9e-c06a-431b-a670-bad0236e983e","cntr_CommandBar_B":"c1c77f0a-84d6-4048-9537-c27088288bb5","shp_CommandBar_B_1_Disabled":"fa952c0c-7e00-48ca-9058-bccd7d2b7fd1","img_CommandBar_B_1":"f178e782-4dd1-45d9-b746-9195d5c45066","icn_CommandBar_B_1":"e3b47c32-3c7c-4af7-9c10-9b87f03f1be2","lbl_CommandBar_B_1":"4541a87f-9095-4ba1-8fbe-e9f302b7b791","shp_CommandBar_B_2_Disabled":"ed9b7ed5-d3a9-4800-982d-b02f694ff0c8","img_CommandBar_B_2":"a0a33b48-fdc0-4dab-b7e7-50c28c47a891","icn_CommandBar_B_2":"095794a1-b039-437b-933c-a9bebf9efe14","lbl_CommandBar_B_2":"f9350c86-b83d-40bb-9399-dce253f4f897","shp_CommandBar_B_3_Disabled":"e5d3b0f1-810d-41dd-ab72-c806e18d01ce","img_CommandBar_B_3":"18b94720-e66d-416d-b4d5-70b4e224744e","icn_CommandBar_B_3":"fd91485a-03bd-4a8c-ae5e-6273e178460d","lbl_CommandBar_B_3":"b0bfc3db-1885-4f2f-8430-1ab905fc9e76","shp_CommandBar_B_4_Disabled":"cf0b341e-cd83-4745-ab5d-b702249f31c5","img_CommandBar_B_4":"67273187-9ddd-4ba9-a1db-ed02b58594b0","icn_CommandBar_B_4":"1087aadc-6e07-48af-a9ed-13d5bd16b6d0","lbl_CommandBar_B_4":"df4ffcea-3852-4a93-bd58-97384a327d99","shp_CommandBar_B_5_Disabled":"bfe2d900-04a7-40a1-b7fe-8aa22c5b64ac","img_CommandBar_B_5":"f1bb2cf1-15eb-4200-8859-6beda69cc2c9","icn_CommandBar_B_5":"aa4b53c4-6b8e-4c24-a49a-7eaf88754f8e","lbl_CommandBar_B_5":"86a95c77-74c1-48d4-9015-fe233201d71d","shp_CommandBar_B_6_Disabled":"8ae02ac7-ad76-49c2-87aa-3937691f3a5f","img_CommandBar_B_6":"9cef0ece-b38d-496b-8c61-5b594e14289c","icn_CommandBar_B_6":"3bbb774b-f92f-4e31-af68-386e7980c675","lbl_CommandBar_B_6":"65db1f35-797f-42c5-aa67-c4bf82c925a3","shp_CommandBar_B_7_Disabled":"20ad571d-d8e8-4a1c-af12-2a7a0af173f1","img_CommandBar_B_7":"a0bd2cff-319e-437f-8074-262343f3a213","icn_CommandBar_B_7":"0e475f24-ffd2-4204-a61f-6d0c85e996fe","lbl_CommandBar_B_7":"60339f74-4a88-4399-88c3-a5df33b5f482","shp_CommandBar_B_8_Disabled":"68f1a526-6f1e-44e6-851e-9f6cb52ad69c","img_CommandBar_B_8":"35173b12-e669-4077-9dc9-563b57970da8","icn_CommandBar_B_8":"70857888-88f9-47b2-9bef-c719b8047ca8","lbl_CommandBar_B_8":"6e39c31e-88a9-44c0-9dfa-11aac98f522b","lbl_CommandBar_B_Menu":"ac39f5dc-77f8-4eb4-b871-e4ab652dfed8","icn_CommandBar_B_Menu":"fa3974bb-49b7-42ed-b7bc-d5b43b17eadb","html_CommandBar_B_1":"a3ec6bf1-bd18-4454-a71a-65db0f9548cc","html_CommandBar_B_2":"0ea2b406-28b2-41b5-957a-1a957db5c879","html_CommandBar_B_3":"3dfb1920-5f9d-43a7-a63a-fd6f97b238cb","html_CommandBar_B_4":"6fed386a-ae0e-4e51-a120-bfd9da433ba7","html_CommandBar_B_5":"b1a07a9a-4602-441f-a793-7f89449cdfbd","html_CommandBar_B_6":"109b8ad8-2128-4691-bda5-22901b23346f","html_CommandBar_B_7":"84b5b438-938a-4722-aab4-7bbdd53482c5","html_CommandBar_B_8":"5dcf9210-b266-48f1-857b-1f788622582c","PACo_Nav_C":"4f7a4d67-c853-4ebb-97a2-e77e0f264391","gall_Nav_C":"e6f745b8-d50a-4b69-98c1-a3a93d30f963","galleryTemplate2_1":"b82d664d-bd19-44dc-ba17-7f92ad22c05f","shp_Nav_C_Gall_Bottom":"ec16a283-6bb6-4c38-ad89-9ea71475a238","img_Nav_C_Gall":"ee520f07-a25f-402c-96ca-8e439b1f4145","icn_Nav_C_Gall":"51ed5445-da59-49bd-a2c9-2e48f85a9aab","shp_Nav_C_Gall_Top":"b2fbb287-bec4-4f57-aea9-6876325f0d26","shp_Nav_C_Gall_Divider_Left":"eabe8279-61ae-4e95-9e0b-a7b4e7d66419","shp_Nav_C_Gall_Divider_Right":"efc6fc05-008b-4da5-8ebd-6ae7953dfc57","lbl_Nav_C_Gall":"e1e9fb1f-638d-414b-a22d-7ad4d3dd958a","PACo_DetailsList_C":"1387c843-acd3-4a84-88a4-dcaec71cc018","html_DetailsList_C_CSS":"e597fd40-0aad-404d-b074-9872b1e62283","cntr_DetailsList_C_DropShadow":"e681decc-1035-4c44-8fd4-2a91d69bd529","shp_DetailsList_C_Background":"4e32c3ed-3105-4c58-8766-f922570e9c30","gall_DetailsList_C":"864f718f-f6dd-4e12-9721-5b6e6cace612","galleryTemplate4":"6b0c43c8-d294-4c33-ab74-a1e0a4367f48","shp_DetailsList_C_Gall":"296723c7-88bf-4c20-834c-c9f19fc259f4","cb_DetailsList_C_Gall":"fc706d1b-b27b-4f9f-ae28-52ac198995e3","lbl_DetailsList_C_Gall_Title":"42a28be7-9fe3-4e77-aca1-ac6c306dce31","lbl_DetailsList_C_Gall_Subtitle":"8ca59df7-e430-40bb-bce8-5dc9384ea86e","lbl_DetailsList_C_Gall_Body":"09a535fa-4e83-48c2-b8ce-c0b09bb21fc3","shp_DetailList_C_Gall_Divider":"9cd44d59-af89-4c94-9e98-9df9af6a0911","PACo_CommandBarMenu_A":"96033764-6172-4199-8ae6-289593749587","html_CommandBarMenu_A_CSS":"96ea7399-0813-4476-870e-1fef4fbcac31","cntr_CommandBarMenu_A_DropShadow":"6d20966b-0cca-4783-9047-27e7b3526917","shp_CommandBarMenu_A_Background":"dbdf3951-8f13-434a-926d-b1f51c75d652","gall_CommandBarMenu_A":"1128882d-91fc-49f8-90d6-4a05fd0e4b4b","galleryTemplate1":"fa8099ff-f61b-486c-93d5-7ba51ae91244","shp_CommandBarMenu_A_Gall_Disabled":"e4092571-241d-4617-8921-135cff3f67d7","img_CommandBarMenu_A_Gall":"354312c2-cd54-4b29-8d67-26ce3a0bb790","icn_CommandBarMenu_A_Gall":"b9b0cc7a-b810-47e7-be62-1a16a0de1a07","lbl_CommandBarMenu_A_Gall":"57450270-1885-4515-83f0-9d54dbde4038","shp_CommandBarMenu_A_Gall_Divider":"e6a79486-7af7-4978-8a02-e899fa544368","PACo_Spinner_A":"20489522-7d44-478e-9056-f4ee39324769","img_Spinner_A":"d2a884b0-d641-454e-850e-836de01ddcec","lbl_Spinner_A":"ea6a85b3-77a5-497f-8766-49b05fe0c60b","PACo_Tile_A":"8c319afd-2807-43aa-b91f-9ef20c346ec1","html_Tile_A_CSS":"1a443bf7-7e98-4b38-bb2a-eed40760e809","cntr_Tile_A_DropShadow":"950f16e2-9744-4b98-a631-0d986271c589","shp_Tile_A_Background":"5b3fe3e2-1b67-4b45-876e-9f4cf2930345","lbl_Tile_A_Text":"630c55db-841a-4e9d-ad64-3b881b4872f6","icn_Tile_A":"786c8503-a5f2-4fcc-b63f-cae9a80ad288","lbl_Tile_A_Value":"6b2940a0-98ad-4d1c-a703-33c3cc0fa2b0","PACo_Visualization_A":"cdc9d711-974e-4974-a967-ed0fd2c652ce","html_Visualization_A_CSS":"43d7b712-ebca-4a61-b76a-daf9a36723f8","cntr_Visualization_A_DropShadow":"08a67418-41a7-40f1-90b6-6a145f10b6db","shp_Visualization_A_Background":"91df7d8b-981b-4ade-9651-33f081f612ec","PACo_Icon_A":"3e323e12-d3d9-42f0-8065-eb43b3c4bf03","html_Icon_A_CSS":"7ed8b256-784c-4868-8a0f-794baeb4c454","cntr_Icon_A_DropShadow":"bb6df309-bbb5-4885-a886-d76fbb5e9481","shp_Icon_A_Background":"89653fd3-b335-45f0-b5b7-3bd2ebcc19c1","img_Icon_A":"2535f5b7-8b1d-4516-8852-0029af03bbc6","icn_Icon_A":"a5a17c75-018c-4959-9f9c-7ee04d254e78","PACo_Tile_B":"13f9b222-4f26-4889-b920-2142d40478d1","html_Tile_B_CSS":"b2404e42-7343-4def-be1c-941305c83611","cntr_Tile_B_DropShadow":"0f17e417-0780-4449-827c-a1532da218dd","shp_Tile_B_Background":"b575b0a6-49f7-42d4-9e95-816f5373ad9c","lbl_Tile_B":"4eeb08d7-5d09-43ec-aea0-dcd67ee39503","icn_Tile_B":"ad34112a-97e0-453e-9198-19128f5a31a3","PACo_Button_A":"c3fd9f8d-8c39-4d1a-b64d-4ac8d06c1b21","cntr_Button_A":"7fdaaf94-90a8-42ea-8a5b-90b1ad212c2f","btn_Button_A":"b81491cd-080f-40f3-8d73-13c6ff6a37e0","icn_Button_A":"08ef860b-b1ce-46fd-ac22-f8139c754faa","img_Button_A":"46ea6441-1bc2-43d4-8b57-ad659bc899fb","lbl_Button_A":"feec2f80-ae2f-4a9e-abbc-5826b59e8988","html_Button_A":"6e66259d-ddb8-4b76-b28f-8d571220cea1","PACo_CommandBar_Item_A":"1417bb74-a1d0-49d7-afda-4c6ed769c8e0","shp_CommandBar_Item_A_Background":"40f2f293-5c0c-48c0-8bbe-ead75bc261f9","img_CommandBar_Item_A":"7baf76d9-5ebd-4f8a-bf80-7a394d87a04b","icn_CommandBar_Item_A":"e991d11c-70ba-4dd1-8167-f58eda63fc5b","lbl_CommandBar_Item_A":"54fa0dc6-0123-4661-99f4-1e4b0687ac1a","html_CommandBar_Item_A":"f6551b02-f9ad-4f9c-8979-650672c6c806","PACo_SelectList_A":"81c6ff04-863d-4104-8e66-55f4130d7832","cntr_SelectList_A":"01a45458-ac33-4518-ad24-d7a69d270f6b","html_SelectList_A_CSS":"52794af6-d981-4122-a15d-04aa3685897c","cntr_SelectList_A_DropShadow":"8f04f20d-9486-4a82-bca6-852c63e290ae","shp_SelectList_A_Background":"02021748-6879-420b-ae45-c83231ea6851","cntr_SelectList_A_SearchBox":"52876a9c-66b9-493b-8241-305739856bec","html_SelectList_A_Searchbox_CSS":"602c05ba-2a88-4790-8104-acc70a462f4a","cntr_SelectList_A_Searchbox_DropShadow":"88967136-2fe0-4416-9ff1-eeb9bf58b7c8","shp_SelectList_A_Searchbox_Background":"9ed2f761-65ba-4a0e-b6d8-d95a2cbe2cc4","ti_SelectList_A_SearchBox":"d85e7de9-fa29-4f9b-9b96-3acc23b4a2b3","img_SelectList_A_SearchBox":"b1947746-28ab-4b60-a031-ff475b1c3ec2","img_SelectList_A_SearchBox_Clear":"df26958b-d3df-419a-9279-5ab4622e4181","icn_SelectList_A_SearchBox_Clear":"1434e007-3c9f-48c6-a4f7-8004807c54b1","html_SelectList_A_Gall_CSS":"eb0e1dd2-b46a-471e-aebc-c4b13c93a8f3","cntr_SelectList_A_Gall_DropShadow":"7fc00c82-3a1a-4fc7-acb7-2957555e4f5c","shp_SelectList_A_Gall_Background":"e2cf11d6-0f12-41db-b867-59f104c17f3e","gall_SelectList_A":"9445fd47-14a9-432f-b9f3-285fda74fb6e","galleryTemplate5_1":"c817210a-eabc-4d69-bb71-7974e2438898","lbl_SelectList_A_Gall":"c529835a-f5f9-41b0-a55a-e5a86fdcf5c5","icn_SelectList_A_Gall":"6b277c86-2c93-4f49-bfa3-07682508ed9d","shp_SelectList_A_Gall_Divider":"fd7f1098-416d-4e34-b627-304c8c39c8eb","cntr_SelectList_A_Button":"25830a78-f173-4651-98a3-8bed58159f19","icn_SelectList_A_Button":"e403cefa-b43c-412f-a950-28869397541c","img_SelectList_A_Button":"5e80eb32-4351-482a-b762-56854b404b6d","lbl_SelectList_A_Button":"16ac8410-a5a8-4f74-ac94-46450dc8666d","btn_SelectList_A_Button":"5db7f60f-c436-48ee-bb47-45e64bc34e55","html_SelectList_A_Button":"aa3b349f-2191-47d3-a07c-48aa11c2d1e6","PACo_Log_A":"0826dd7f-ec4d-4d56-be17-29dfcc852146","html_Log_A_CSS":"f11e00cd-a5b1-453d-93b0-3e3bf637dc86","cntr_Log_A_DropShadow":"a6609e15-51d2-4d51-ab00-e10f91dc94a2","shp_Log_A_Background":"dfae1407-54df-45de-847a-9dcb2fe17ed9","gall_Log_A":"3a3a26b3-6603-4765-aa54-e2669fc57dd4","galleryTemplate1_5":"ffee847d-b782-4b0f-9c67-cba0dc8ebb51","shp_Log_A":"a6dfcc0b-a4ae-4ca8-bf53-ccb7e014f4db","icn_Log_A_Gall":"c969416d-fd68-4682-9951-60f270f84f2b","img_Log_A_Gall":"9f25fe14-deb6-4ee7-994a-a2d1355f86c8","lbl_Log_A_Gall":"eef0936f-28c1-4c0a-ae85-3d8e39b18afa","shp_Log_A_Gall_Divider":"efd902a0-e803-41ee-aadb-9fdd0b7a9622","PACo_HeaderLanguagesMenu_A":"d567885a-0050-40b8-b271-326efd6804c6","html_HeaderLanguagesMenu_A_CSS":"1b7458a7-6724-4e40-9cf3-2e52db2b97d0","cntr_HeaderLanguagesMenu_A_DropShadow":"40e1430f-2dab-442d-bb0c-d0cf729ea361","shp_HeaderLanguagesMenu_A_Background":"c66eea98-17d9-498a-8007-269f6b283893","gall_HeaderLanguagesMenu_A":"820f6e75-24fb-4c91-94a6-0621dc512dba","galleryTemplate1_6":"b64e43d1-5c02-46f9-9493-9583aa81d327","img_HeaderLanguagesMenu_A_Gall":"38f6e188-2b2a-4c65-83f9-2de2b8c33426","icn_HeaderLanguagesMenu_A_Gall":"47798630-b32b-446b-9d9d-72bb9fa15d58","shp_HeaderLanguagesMenu_A_Gall_Divider":"482909e0-4858-48d4-899b-39c3c57bd131","PACo_Tabs_A":"f8bf0344-67b6-4752-b1a9-19c559faf292","html_Tabs_A_CSS":"d9722f47-3c2d-4dcd-9a63-9d86ef9e6e91","cntr_Tabs_A_DropShadow":"90711bd3-d6a7-4f98-b9e3-8cec89e7ab41","shp_Tabs_A_Background":"f34a638d-835d-477e-af2e-c76284cfaa2d","cntr_Tabs_A":"ab22a941-50f2-4d48-a244-b3d85ddd7ec0","shp_Tabs_A_1_Disabled":"c7788d9f-168d-4d9b-9e65-1f3c00c8b8ba","lbl_Tabs_A_1":"d167d30d-cfed-4f78-a934-4574c1d9c789","icn_Tabs_A_1":"f3d4a4f7-2d6e-418b-a536-9c5ba079c7e6","shp_Tabs_A_2_Disabled":"e410222f-976a-4e1f-a752-84e5665f4abc","lbl_Tabs_A_2":"08dc0f12-ff9c-41f1-a906-b4970e0b2915","icn_Tabs_A_2":"f55fa833-dc75-4c40-92e7-4d1ce60c6ff3","shp_Tabs_A_3_Disabled":"81430608-a826-4f9d-89ad-ecf005fde498","lbl_Tabs_A_3":"0f0b570b-69ef-445b-8a81-95b3fd164856","icn_Tabs_A_3":"1d9570b1-c60a-4a08-a55f-ba5f55e49b99","shp_Tabs_A_4_Disabled":"f45cd2d1-5ce5-4b15-901a-3becbd892321","lbl_Tabs_A_4":"d24618db-6989-4089-a9ac-96845f4edc33","icn_Tabs_A_4":"ad999c1f-9451-4a1e-a9b5-0319a736681f","shp_Tabs_A_5_Disabled":"617c1576-1108-42c1-b828-e1f1a8563f13","lbl_Tabs_A_5":"4a976b33-bb65-4cd3-a3b7-26d230b88aac","icn_Tabs_A_5":"ee9424c6-4f32-46df-89ac-c4362f0a7ed7","shp_Tabs_A_6_Disabled":"a45b4fea-0456-4c02-8aee-c7360ee92bfc","lbl_Tabs_A_6":"d1b15d7f-1e95-43ac-aaa3-9a2851b96802","icn_Tabs_A_6":"5c018697-5b14-46de-9761-f538a8b190a2","shp_Tabs_A_7_Disabled":"3c8e49fb-6d36-48c6-83b7-b20083f25ebf","lbl_Tabs_A_7":"8e0c5001-e64f-4640-91f1-0a2519ceec8c","icn_Tabs_A_7":"f1a13d43-abb0-4694-872e-3c76f08f8d70","shp_Tabs_A_8_Disabled":"2f45e66b-28e4-4f75-bc7d-176f4ad2ff1e","lbl_Tabs_A_8":"cbaf75b7-a26f-49ab-b16c-5b03ab9aeea5","icn_Tabs_A_8":"891414c0-9e91-40cc-87eb-c1cebe0ddb16","lbl_Tabs_A_Menu":"59c71e56-0cae-4fe9-8493-b7e16d681ab9","icn_Tabs_A_Menu":"0b6bb6df-0028-41b3-b650-4da0d639e73b","shp_Tabs_A_1_Selected":"422c3119-9ce0-4efc-9602-e2e90bce50dd","shp_Tabs_A_2_Selected":"1b8a0121-cc5f-43da-9f37-fda2313358cd","shp_Tabs_A_3_Selected":"fca3c8cb-bf14-4e07-8d3f-01198ca8d2ac","shp_Tabs_A_4_Selected":"bc9740d5-6682-414b-a532-9c56bcd9f0ac","shp_Tabs_A_5_Selected":"5d9e0e5d-82c3-4422-bfc9-3b4b6bc8f8f0","shp_Tabs_A_6_Selected":"ef83df2d-8358-4da9-9bc2-4f6282a32534","shp_Tabs_A_7_Selected":"8a67405a-e2df-4890-8dcd-ef6819892011","shp_Tabs_A_8_Selected":"0573c69c-31ca-4970-bf6a-361d546861dd","html_Tabs_A_1":"09399203-2c00-4707-856a-d3765b3dbd3f","html_Tabs_A_2":"a9842ef7-5f2e-47e3-8ff7-06923b895e08","html_Tabs_A_3":"27b7ec50-7a09-4304-8975-e049c4f7b58d","html_Tabs_A_4":"b92e8640-ead7-4956-828f-c3d5f72f8fac","html_Tabs_A_5":"b196e6df-d541-4f77-b3bd-3e8293d9f627","html_Tabs_A_6":"7ac4e667-a3e8-4ac5-a77d-b394b5d3dbf7","html_Tabs_A_7":"8f08a709-95c8-449d-8da0-eff273aebfb0","html_Tabs_A_8":"81ef5f10-58c1-4af6-b233-34e5c474a0f5","PACo_TabsMenu_A":"e3dd3be4-4f20-4081-a053-d4c82e2a58e3","html_TabsMenu_A_CSS":"48068936-0b63-454b-87bb-88bc34a20256","cntr_TabsMenu_A_DropShadow":"973cc2e2-b837-4762-b598-648d0cac8acb","shp_TabsMenu_A_Background":"888be556-af06-4d45-93e6-c2e568147c9b","gall_TabsMenu_A":"196bc92e-000c-4fd8-a97c-725c7192f20a","galleryTemplate1_7":"0fd18282-0f78-4660-ab61-b1d76719e581","shp_TabsMenu_A_Disabled":"e2d51a50-0ff6-4ea9-8c51-612d04e6ba44","shp_TabsMenu_A_Selected":"cc55f945-abf2-473b-bf67-021df99330e8","icn_TabsMenu_A_Gall":"659770a3-2d93-42c0-b911-4b842b0ddc98","lbl_TabsMenu_A_Gall":"4088f6b5-bfd7-4770-b972-517f1bf7af64","shp_TabsMenu_A_Gall_Divider":"f60acfa3-9ffc-44c5-9661-482780e99df0","PACo_Info_A":"dcd530a4-e911-4add-8a04-2263eca4f136","cntr_Info_A":"5ef55c28-8d3e-43bd-9297-364cf91ff588","html_Info_A_CSS":"6ed3a52e-6edc-42b1-b0e4-2c977c2fae7f","cntr_Info_A_DropShadow":"44ff4709-148f-4f74-b46b-b8dbc542c670","shp_Info_A_Background":"1c3b377f-2fbd-487b-9daa-9cbf46ecccf0","lbl_Info_A_Title":"7f049b21-9d31-4a13-82c0-4ac7db2edb2d","html_Info_A_Message":"e307ece5-9d1f-4777-b01e-6f0b53dd41ce","lbl_Info_A_Message":"0128c226-1ecd-41c4-8581-27185b1bb976","cntr_Info_A_Button":"d560b859-d1c8-44ea-9552-c2b7da6a8cd7","btn_Info_A_Button":"91f98430-d020-4ca6-b4ac-74e9de17edbd","icn_Info_A_Button":"de0c77eb-cd5b-43c5-96dc-efbbab7160d0","img_Info_A_Button":"69fab908-4038-498c-86cc-2620bb672bf1","lbl_Info_A_Button":"911702f1-b81c-4f1b-b365-fd4f060cc985","img_Info_A":"754bf0e9-7070-4240-93ff-1818f30b74e3","html_Info_A":"a3930f25-aa0a-49dc-a5e4-b705b927f325","PACo_CommandBar_Shimmer_A":"a82cc767-ac97-480a-8596-01331de6508d","html_CommandBar_Shimmer_A_CSS":"818f9f8d-8fdc-423b-aa5a-6c310a75556d","cntr_CommandBar_Shimmer_A_DropShadow":"04d4e0f7-c03f-4f17-b184-4c93f91c60bf","shp_CommandBar_Shimmer_A_Background":"af97daa6-8e30-4c01-878d-021f3d97760d","cntr_CommandBar_Shimmer_A":"5514f8b7-7851-4fe8-950b-7babbd641626","shp_CommandBar_Shimmer_A_1":"952c97f1-6f44-4a6e-8e84-e38047e3104f","shp_CommandBar_Shimmer_A_2":"c549e3db-56c2-4788-9fb9-f69477b9e002","shp_CommandBar_Shimmer_A_3":"ac728a3c-be75-47fa-9040-9b4e34baed22","PACo_ProgressIndicator_Shimmer_A":"036f1622-2620-4e32-b997-657e872fc7a6","html_ProgressIndicator_Shimmer_A_CSS":"7f4bd84b-d85c-4afa-96db-6e34188c1420","cntr_ProgressIndicator_Shimmer_A_DropShadow":"5185aa2c-652d-4e42-84c9-052febd53155","shp_ProgressIndicator_Shimmer_A_Background":"70aa0144-b07b-4c6b-af8f-7bffccb02981","gall_ProgressIndicator_Shimmer_A":"3396c0e4-584a-4220-9559-7ba1cb259e28","galleryTemplate1_8":"9cf06069-ed05-4910-9d4f-f7f08fb57b54","shp_ProgressIndicator_Shimmer_A_Gall_Circle1":"750ace63-71a0-4ce5-ac56-bd5ad68f8faf","shp_ProgressIndicator_Shimmer_A_Gall_Left":"e532c35d-317f-43c0-9166-c3f03d8281f1","shp_ProgressIndicator_Shimmer_A_Gall_Right":"d64b9aec-0032-484f-8427-1a04141f5457","shp_ProgressIndicator_Shimmer_A_Gall":"cead7f01-d8aa-4685-b090-0c4320935670","PACo_DetailsList_Shimmer_A":"d2b45172-f2d0-486e-83a6-56c44dc4ecb3","html_DetailsList_Shimmer_A_CSS":"2ee3649c-1091-4f9b-ac07-5dbc879752c8","cntr_DetailsList_Shimmer_A_DropShadow":"d074e93b-df95-4d9c-95bf-01a42091de66","shp_DetailsList_Shimmer_A_Background":"b0b454fe-273c-4e8c-bb4e-fef6780a0689","cntr_DetailsList_Shimmer_A":"2ed039c2-f06b-4e54-9ed2-75b02ea15ae8","shp_DetailsList_Shimmer_A":"91b923d1-bdf7-43b0-9314-922412c41b2c","shp_DetailsList_Shimmer_A_1":"e502f2c5-a14b-43ea-9c69-5ede722350a7","shp_DetailsList_Shimmer_A_2":"6b778f39-a72e-40cc-b228-c082c92ec3cf","shp_DetailsList_Shimmer_A_3":"9206a3b3-e1ce-4554-b3c7-8fb86b2d6ba4","shp_DetailsList_Shimmer_A_4":"49121c61-9aa8-472e-b899-ac87e71630fe","shp_DetailsList_Shimmer_A_5":"68585118-1dd7-4a3e-8407-c8d03a55667e","PACo_ProgressIndicator_Shimmer_B":"f22456ba-8b7d-4706-acfc-b8af596829a8","html_ProgressIndicator_Shimmer_B_CSS":"d250acdc-3ebc-4a51-a069-ade4cee9559d","cntr_ProgressIndicator_Shimmer_B_DropShadow":"4e6b084d-b9b3-40e6-a095-febdd256f9b9","shp_ProgressIndicator_Shimmer_B_Background":"fb4f63ed-8df3-4300-9136-8396d48bf7eb","gall_ProgressIndicator_Shimmer_B":"25cd650b-6a99-4d8f-9020-52038725a4ba","galleryTemplate3_1":"342497bd-1127-4eef-b534-3d16012a9d0b","shp_ProgressIndicator_Shimmer_B_Gall_Top":"534c5790-de95-4b94-80c8-1c9a3294abcd","shp_ProgressIndicator_Shimmer_B_Gall_Circle1":"33b5d543-26c9-41bf-bc24-b6091a86a8f7","shp_ProgressIndicator_Shimmer_B_Gall":"ca6109ff-8664-4161-8f8f-0ed80628ef74","shp_ProgressIndicator_Shimmer_B_Gall_Bottom":"867ab3b3-59b2-4085-ac5b-14af68575145","PACo_InformationBlock_A":"71c6aed4-8022-43c0-ae98-d4c4b72cf8b7","html_InformationBlock_A_A_CSS":"c1f69feb-600b-4371-85f2-dfa69673dd93","cntr_InformationBlock_A_A_DropShadow":"fdee7ab8-cfef-4d72-a6b6-b7df495b3ba1","shp_InformationBlock_A_A_Background":"f16f1cf3-9413-4bb6-b3e4-bed37094247e","lbl_InformationBlock_A":"ec78463f-2460-497e-94f3-62e75a38488c","img_InformationBlock_A":"6ddc4a53-5dcf-45b8-a829-6757317713c6","shp_InformationBlock_A_Divider":"bcd1efea-899c-4389-8b5f-fbfc2ae6ca31","gall_InformationBlock_A":"586f9584-45a8-411d-b882-2cd47cb1732f","galleryTemplate6":"e8d4e704-f70d-4650-b8bc-0e109ad184f7","lbl_InformationBlock_A_Gall_Label":"41aa4e0d-b816-4faa-bd13-916ae552a00c","lbl_InformationBlock_A_Gall":"15d8fa4a-be02-47d8-826d-f05c6cce515c","icn_InformationBlock_A_Gall":"b280272f-9907-4166-8b9a-50d12bf862cc","PACo_ProgressIndicator_E":"55a85759-b958-4336-ad48-3569b677882a","html_ProgressIndicator_E_CSS":"78256b82-64cf-4b7b-bb82-636fec98814d","cntr_ProgressIndicator_E_DropShadow":"e7b9601e-9ec7-4376-b00d-0113114e837c","shp_ProgressIndicator_E_Background":"7d1763cd-b09a-4c15-a390-e501db0bc1a3","gall_ProgressIndicator_E":"015c93dc-993a-4af8-99df-4416078ddc59","galleryTemplate1_9":"c6d83644-95b6-4e2b-b209-ed93fa4376d7","img_ProgressIndicator_E_Gall":"4fa77dc4-9934-4c39-ba9a-3875372afe20","icn_ProgressIndicator_E_Gall_Clickable":"1887dbaf-ad5a-4464-acad-dce428c92a6a","shp_ProgressIndicator_E_Gall_Left":"9ec7f720-c319-4fd8-9d07-9b7457408ed1","shp_ProgressIndicator_E_Gall_Right":"8ca04819-6235-4f9e-b59c-902fcf8ef31a","lbl_ProgressIndicator_E_Gall":"c83e458f-b8c4-4768-bb77-37817a2e9cca","PACo_ProgressIndicator_F":"f7528c11-9bba-4007-bad6-19ed6fbe5954","html_ProgressIndicator_F_CSS":"c1edde4f-a6da-401d-add1-ad79cb7db452","cntr_ProgressIndicator_F_DropShadow":"fffe3205-5b5d-4b9e-9bbb-f78dcff30b7a","shp_ProgressIndicator_F_Background":"28e5ea30-d6b6-4cd4-af05-22b54b252079","gall_ProgressIndicator_F":"85e63e72-b522-49ee-90f5-22960b92dd38","galleryTemplate3_2":"ac3561b3-d566-4784-bbf6-a987207d3206","shp_ProgressIndicator_F_Gall_Top":"193c5146-58ab-42de-b216-4db3d29d19a2","lbl_ProgressIndicator_F_Gall":"bfc26422-fc35-414f-ba72-509e639a283e","img_ProgressIndicator_F_Gall":"82171c42-8859-4add-9e47-d68b1d5d5982","icn_ProgressIndicator_F_Gall_Clickable":"9d2f586c-99f8-4875-8d1c-4889a83a6e36","shp_ProgressIndicator_F_Gall_Bottom":"e161b519-7651-4175-aea3-5b031981b61a","PACo_PeoplePicker_A":"80468e58-f1b6-4d4e-940d-ecc642101bae","cntr_PeoplePicker_A":"c9a81476-adc2-417c-90aa-05b3abf47175","html_PeoplePicker_A_CSS":"96060689-4d19-4c6b-a622-8c752077bee3","cntr_PeoplePicker_A_DropShadow":"a9c931a5-6011-4c3b-93ac-ec29ba4e0197","shp_PeoplePicker_A_Background":"94f0c737-d7ec-4ffb-acf1-699ba83883c8","cntr_PeoplePicker_A_SearchBox":"02677748-5084-4a46-a09b-06cd1ce2c4e6","html_PeoplePicker_A_Searchbox_CSS":"d7a82fa4-bf6d-414b-83ae-fc68602db917","cntr_PeoplePicker_A_Searchbox_DropShadow":"341f6d30-1cc8-473f-853e-e47f40fd09b1","shp_PeoplePicker_A_Searchbox_Background":"ea178394-3615-4263-a9ab-d334074c2600","ti_PeoplePicker_A_SearchBox":"b47c44d2-27f8-43b6-babd-9645bf59e040","img_PeoplePicker_A_SearchBox":"23e6ade2-b7bd-4dba-ba76-f1697d0b7e53","img_PeoplePicker_A_SearchBox_Clear":"d91d70bb-2aee-4ff3-b843-09d2698ebad5","icn_PeoplePicker_A_SearchBox_Clear":"13697179-bcb2-4f5f-a768-16d400e3f777","html_PeoplePicker_A_Gall_CSS":"06574492-0996-4a2c-87f7-1bfc6681c03a","cntr_PeoplePicker_A_Gall_DropShadow":"cf5f7914-5cea-47b5-9fb2-39093f49b779","shp_PeoplePicker_A_Gall_Background":"4626d69e-6613-4e81-8701-9b31b4033b9a","gall_PeoplePicker_A":"52ae246d-866c-4ef8-b0ab-3b3eb81204a8","galleryTemplate7":"65c9ac47-2915-44a3-9609-bfe834afa3b0","lbl_PeoplePicker_A_Gall_Label1":"3d25e101-9656-453f-bdcb-8b777ae75f3b","icn_PeoplePicker_A_Gall_1":"d72af8b3-03ce-470c-9ba8-4214fd85c216","lbl_PeoplePicker_A_Gall_1":"e716c02a-9d63-4876-94fd-4a45c10722cb","lbl_PeoplePicker_A_Gall_Label2":"bedd3a05-91cb-4c72-9853-df122cc04883","lbl_PeoplePicker_A_Gall_2":"e8dd5cae-ff37-484f-8417-9c7f273a5464","lbl_PeoplePicker_A_Gall_Label3":"4590f104-d898-45d4-b64f-10cc7f82a260","lbl_PeoplePicker_A_Gall_3":"ecb0147c-d5ba-41f5-90ba-92f3725639d7","shp_PeoplePicker_A_Gall_Divider":"7d1d5ffc-4bef-40b7-9603-55ef0ba78118","cntr_PeoplePicker_A_Button":"82e98bdf-5230-4020-abe3-7231281a7f40","icn_PeoplePicker_A_Button":"379521a2-fdf8-4ee0-816d-ae3058fde30a","img_PeoplePicker_A_Button":"4ac3d121-3bf3-4c25-bc8f-13f315dd1384","lbl_PeoplePicker_A_Button":"d8a50587-fb31-4fd3-9614-992c804e1d65","btn_PeoplePicker_A_Button":"7ecd8ce0-1bd0-4ea7-b9a5-0ac4281026bc","html_PeoplePicker_A_Button":"0b3a04cc-ab40-4a89-be6d-8fd3190203c4","PACo_Breadcrumb_A":"76024852-8ceb-42a5-856d-1c4f956e34ea","html_Breadcrumb_A_Visualization":"04ebbded-2cef-4f39-93aa-9e80ca15b5be","html_Breadcrumb_A_CSS":"ae4eefa5-d420-4806-aee1-3490fd151af2","cntr_Breadcrumb_A_DropShadow":"5668d588-0b7f-496c-a444-0490c42313bc","shp_Breadcrumb_A_Background":"24dc1a32-980a-4ea4-8e5d-794387aa4d2c","cntr_Breadcrumb_A":"957c3c81-5e73-4576-b991-ff7367c2ed39","icn_Breadcrumb_A_1":"bbcce617-81c0-454e-8808-842e09196927","lbl_Breadcrumb_A_1":"af5260aa-3d76-4d5a-8797-09a3fa4bb4ca","icn_Breadcrumb_A_2":"c515e2d2-a061-4cfc-a963-485adcbc0357","lbl_Breadcrumb_A_2":"7141272d-ee18-497b-98bb-63acd83c83b9","icn_Breadcrumb_A_3":"9df13291-003e-48e3-b945-49148809bfdf","lbl_Breadcrumb_A_3":"5f134e11-5518-4a18-8948-d36f39a21161","icn_Breadcrumb_A_4":"800cd473-2463-4929-bb30-b4307a4a3e3c","lbl_Breadcrumb_A_4":"8660fd4e-f365-4a1a-9541-5af7a2431547","icn_Breadcrumb_A_5":"23b9a86e-b06a-487d-ac4b-c8306fa23eeb","lbl_Breadcrumb_A_5":"fe1d3945-5fd5-4bf1-b7d5-d49282dfdd2f","img_Breadcrumb_A_1_2":"3b34791c-0c95-482d-a653-2c77b7e0cae2","img_Breadcrumb_A_2_3":"28f1a47e-dcba-4d00-ab3d-24ab9694be47","img_Breadcrumb_A_3_4":"3cd507cf-3dee-4394-8310-c8ab86b730e6","img_Breadcrumb_A_4_5":"a6c480c7-9f8b-4c77-aa70-bb212f580db5","html_Breadcrumb_A_1":"a1f083db-99cb-4e70-9143-05d8abbefb7b","html_Breadcrumb_A_2":"5d5ed130-3901-4771-ad3f-a504394f2fcb","html_Breadcrumb_A_3":"48d7b3ce-4b66-46ed-bde2-8a01e95a3562","html_Breadcrumb_A_4":"f038acb5-f7e7-4586-8100-dbda85fd2c62","html_Breadcrumb_A_5":"295fd314-81a6-40f8-aa2f-4f25c1d9d05f","PACo_Dialog_B":"6c9e9fbc-1d3f-4101-adff-abb50af3ec64","cntr_Dialog_B":"3cca09a5-f537-4920-a9c0-8a5cd4da9305","html_Dialog_B_CSS":"f6c61130-a3f3-4059-9fc6-4a9f0e576338","cntr_Dialog_B_DropShadow":"319691f0-79da-43de-8087-6355b4cb22ff","shp_Dialog_B_Background":"a0c0e063-26a9-4d8c-a754-668e256ea52c","cntr_Dialog_B_Button_Last":"82bc56da-8e48-4d05-a132-699fdc25772f","icn_Dialog_B_Button_Last":"d8424b80-32e9-4f31-a10a-cccc87ce2b76","img_Dialog_B_Button_Last":"0b89154b-7c7e-42a9-a95e-f9c94d6944dd","lbl_Dialog_B_Button_Last":"e03ecf9d-62cd-4a0b-ad6b-55f253d276ce","btn_Dialog_B_Button_Last":"116a88cf-ecdb-45c9-870e-6962cbb70f5d","cntr_Dialog_B_Button_First":"d252cbfb-cf78-44da-aede-84f0c314be4a","btn_Dialog_B_Button_First":"26ab1f3a-7560-4451-9536-e2a4265b9a10","icn_Dialog_B_Button_First":"e3f2a1ac-8d12-49c8-a572-e835c5660776","img_Dialog_B_Button_First":"3e1af5f5-a26f-4caa-a648-43feed83ad46","lbl_Dialog_B_Button_First":"b295a019-5763-4696-9219-72b386fc8eec","html_Dialog_B_Button_First":"05d409d7-5b13-4f9c-b1ba-b2576425f26e","html_Dialog_B_Button_Last":"6f15e162-3833-4014-ac12-3bf2cf7ff298","PACo_Visualization_B":"e1151ea3-1e02-4c67-9a0b-96d9c49c8500","html_Visualization_B_CSS":"0d87b38d-cdc5-47ec-8fc4-d923f6beae9b","cntr_Visualization_B_DropShadow":"6835082c-3f58-4d45-aa4a-930c98548382","shp_Visualization_B_Background":"c30f6fc5-cd88-4ad9-8f01-0a8900bbf52b","cntr_Visualization_B_Button_Last":"d0eef671-ad43-420c-9612-a799e270a722","icn_Visualization_B_Button_Last":"cba68b78-286d-4593-99a0-8760e1b0d1cd","img_Visualization_B_Button_Last":"7aa8ae9d-2794-4d1a-b524-ebae08d44933","lbl_Visualization_B_Button_Last":"7dafe974-00b2-418a-94ae-3e4ced51d1cc","btn_Visualization_B_Button_Last":"30bb698c-6528-4c4c-b515-850b1cb26cd6","cntr_Visualization_B_Button_First":"d7a6911f-511b-4e83-a2c8-e9646df05cff","btn_Visualization_B_Button_First":"d7ad0da2-41e7-447a-9621-92eeaabc5d51","icn_Visualization_B_Button_First":"c74fb829-8a24-40aa-b7b8-6435b1343941","img_Visualization_B_Button_First":"09f6fcf7-cff0-450c-ab84-d0a892bcfdfc","lbl_Visualization_B_Button_First":"877529b4-f0cf-47e4-9694-3ba12ebb7c57","html_Visualization_B_Button_First":"1c718801-14b7-4269-ac75-9ecac271b381","html_Visualization_B_Button_Last":"90102d26-8ab7-4f09-a52c-30fcd0116e27","PACo_Info_B":"a58eec00-92b2-4929-a0d1-7627e6c01ac3","cntr_Info_B":"e06ea9a9-eac9-4b60-9c81-f9953e4712ba","html_Info_B_CSS":"590a17ff-4967-4cf8-8f2e-180fe9e1514c","cntr_Info_B_DropShadow":"cd26110c-d468-4699-879a-eadc5adc5b9f","shp_Info_B_Background":"5d1ab7d1-bf9a-453c-b0cf-9297004fb213","lbl_Info_B_Title":"ee6b17c4-15ff-44e6-bf1c-3efb6e9db388","shp_Info_B_Divider_Title":"8537ae98-a0ad-405e-8322-2102579da0b4","lbl_Info_B_Message":"769de958-5ea6-4c03-8821-3760a2315aba","html_Info_B_Message":"9bf847f3-cec4-43bd-987f-5bea9e2ae316","shp_Info_B_Divider":"8ee07861-99ff-46e1-b217-3f98c1ff8cdb","img_Info_B":"a9dc7b57-7877-46e8-a5b5-9559c94c2b1f","img_Info_B_Left":"b855857b-a08b-4171-bf4a-f56a90e82fe5","icn_Info_B_Left":"eb31e109-c396-497f-9a12-ba0cda1521e3","img_Info_B_Right":"566e88ed-d310-44d9-91e1-f36d8038ba03","icn_Info_B_Right":"938753e2-f5b8-4b13-a24e-c803addb3e5d","Screen":"511fcf7e-385a-4c22-a497-02ff31578254"}