{"__Version":"0.1","App":"69c81fb7-1711-467c-9d60-85b8a346eb15","Test_7F478737223C4B69":"fd241787-4f30-4af6-a853-8cd25a4898c6","Host":"b6c9af76-dfec-451e-8c81-e504ea2d139d","PACo_CommandBar_B":"6206a3bb-c3de-48ef-8152-c994db31ad1e","html_CommandBar_B_Visualization":"15b1239e-9dd8-44a6-807f-3fe6ef4f4b49","shp_CommandBar_B_Visualization":"bc0eb274-b0e3-4ec1-a549-3d452ee62883","cntr_CommandBar_B":"5b37ebc2-1210-4807-8e8e-cde1d48ea57e","img_CommandBar_B_1":"ae4610c7-82e7-4818-a5bf-170d2aa7d40c","icn_CommandBar_B_1":"b86ed156-fbdd-4d6d-a58c-d9b5e153db2d","lbl_CommandBar_B_1":"ed4013d1-d29d-46e6-bf05-2c48ea1e1607","img_CommandBar_B_2":"aa4eb90b-d6b9-436b-b5c8-fa34b508e84a","lbl_CommandBar_B_2":"35fba33b-4dc4-43a4-a36a-73f0b84a327d","icn_CommandBar_B_2":"6da91e83-c421-42d2-b96f-5dec35bbc458","img_CommandBar_B_3":"c639f776-7449-49af-a8a7-05696180bef2","icn_CommandBar_B_3":"7d1232a4-6892-4352-ab05-a2715c56282a","img_CommandBar_B_4":"4bfcf1fb-efc0-443e-99ee-c79af7caa098","icn_CommandBar_B_4":"12d6dacb-080d-4983-969b-4b40a913e5e8","lbl_CommandBar_B_3":"d48fd79a-f32e-43a1-aa0e-522f162fe226","lbl_CommandBar_B_4":"49b29cda-7fd0-48e9-9d29-4b8cfdadb7f1","img_CommandBar_B_5":"fcb0f06b-9d25-4134-94dc-e5aca3583876","icn_CommandBar_B_5":"bd08a0e5-d6ec-48fb-90ee-658df6b0b8a4","lbl_CommandBar_B_5":"d0ba6cfc-6498-477b-b5ec-813c4bc09960","img_CommandBar_B_6":"85bdcb0c-1f2c-4170-a75c-a294f335d87c","icn_CommandBar_B_6":"e6f5c9cf-132c-43ec-8485-85ec04af73a0","lbl_CommandBar_B_6":"1c6f087b-efc7-406a-aa2b-b5713d3b8e03","img_CommandBar_B_7":"dfaa49eb-32de-43ee-ad21-435ce9e450ce","lbl_CommandBar_B_7":"6de5475c-a83f-49fc-9026-be4779a1c33e","icn_CommandBar_B_7":"67985a9f-b234-4776-b08c-a5ce6f98751d","img_CommandBar_B_8":"cabe01c3-8cc1-4ba2-b87f-f30095703479","icn_CommandBar_B_8":"39cae1c4-c19d-49be-9e2d-bd664c2080b2","lbl_CommandBar_B_Menu":"e6d97cb2-f108-4f55-879c-e485b1dc8e6c","icn_CommandBar_B_Menu":"034b42c9-b87e-4b78-b4cb-c3ed6d1fab2e","lbl_CommandBar_B_8":"6bc96260-1d3c-4e4f-ae4f-e5b6d833243e","html_CommandBar_B_1":"3115c70f-0de9-440f-99de-0d1e0eae4527","html_CommandBar_B_2":"866b7036-b174-4c2b-9c8b-67e65ff463dc","html_CommandBar_B_3":"11ad2c14-421e-4838-98de-d2d534d552fa","html_CommandBar_B_4":"dc802abe-8bf9-4eaa-828e-647d97cd1aa9","html_CommandBar_B_5":"e607c398-4834-4432-842a-aeace1651b69","html_CommandBar_B_6":"8a466f70-71e3-4ae8-8095-5bb090b056a6","html_CommandBar_B_7":"d8deb7ba-2577-49c5-929e-616a2d8c6fc6","html_CommandBar_B_8":"1fdfb673-b499-4eac-806d-473367cd66d9","PACo_Nav_B":"0f2a25cc-1fa4-47dd-975d-a424e2c07696","html_Nav_B_Visualization":"66160063-4050-436c-b5b8-666558d8d8ff","shp_Nav_B_Visualization":"116c335a-5522-4327-b362-6d0cdc9b5f2b","gall_Nav_B":"8792ed3d-fc0d-412d-9ec8-b482c5d547a2","galleryTemplate1_3":"138f83cc-2daa-4a55-bea9-f15286c0c785","shp_Nav_B_Gall":"5014e596-aa23-465b-b68a-e59b81e68d59","img_Nav_B_Gall":"82be9490-6e01-4bf0-bb76-70f5dd31cc7c","lbl_Nav_B_Gall":"5ac24926-67fb-4ad8-b505-d9d071a4d396","icn_Nav_B_Gall":"95cc62b7-cc4e-453c-acfd-e71c7cc398dd","shp_Nav_B_Gall_Divider":"b195e1fa-e24d-4ac1-ac42-f3a2403f10c8","PACo_Panel_A":"63cb64a7-a474-4299-8a98-7ba6da424f0d","html_Panel_A":"8cf86773-5c36-41fd-8ace-83a398c35fe7","shp_Panel_A_Area":"59cae252-f824-4d35-94d0-172bb041b4fb","html_Panel_A_CommandBar_Visualization":"861bb425-ba5d-4641-8bc2-22366e28fcb4","shp_Panel_A":"8a553b92-85f4-4252-90e3-c21f43c38d07","shp_Panel_A_CommandBar_Visualization":"491ce698-39bf-4075-b4c7-69594ae004f1","cntr_Panel_A_CommandBar":"4dceeb48-bf78-489a-aaf5-e0659714af84","img_Panel_A_CommandBar_1":"7ff15d8d-d167-4585-8f6e-9976442712ba","icn_Panel_A_CommandBar_1":"8edd1d1a-1292-4c75-b5ab-4a8a31b196f9","lbl_Panel_A_CommandBar_1":"01bb885f-367c-4ce8-81b0-2e2464b31259","img_Panel_A_CommandBar_2":"a3e9ee96-3cf7-4ac2-a4f6-41606e7778a0","icn_Panel_A_CommandBar_2":"82edd5c7-bd6e-425d-8da8-cd9da9d15d83","lbl_Panel_A_CommandBar_2":"ececa33a-bdc5-4a8c-ac88-95dc247c60bc","gall_Panel_A":"97336cae-14c3-49e3-8003-80ca9842510a","galleryTemplate2":"c2664221-a0b1-4b14-9f71-e91a49c16a83","lbl_Panel_A_Gall_Label":"6cf42048-2fd8-467a-a73c-44bed0996119","lbl_Panel_A_Gall_Text":"e0d9c327-e945-427c-b64e-2ce1ea42e0e2","cntr_Panel_A_Button":"f4e076e3-11ab-4ce6-b98d-39005d41f3b2","btn_Panel_A_Button":"b469cb40-f452-44f8-b18a-8f6c217801b2","icn_Panel_A_Button":"5f42529b-cc6d-44c6-a9d1-dec6774af9c3","img_Panel_A_Button":"cdfc76e4-9574-46a3-bce6-97b40779cda5","lbl_Panel_A_Button":"bace6c68-df18-4eb1-8e57-5563f6859c3a","html_Panel_A_Button":"de028704-9c6e-42d2-9a2b-4b3bc8d081aa","html_Panel_A_CommandBar_1":"2e48f3bd-d81a-44da-ac04-b925fd9ce886","html_Panel_A_CommandBar_2":"73f78926-715f-466d-b2ce-e64dc69da54e","PACo_Dialog_A":"4e8e582d-a60f-4842-bb28-dc6206e6e8e3","cntr_Dialog_A":"111b8301-111b-4d66-995f-3d2d90315805","html_Dialog_A_Visualization":"78dffb08-852b-42cd-b056-c3f0d883db0a","shp_Dialog_A_Visualization":"bdd47b04-4c21-47f6-b16a-497297f6884d","shp_Dialog_A_Area":"174087dd-31ea-43d2-9157-7a5cdb1c6317","lbl_Dialog_A_Title":"ca5657b7-6b0f-42dd-911e-1397c467a2bc","lbl_Dialog_A_Message":"84b0fc16-e12f-4e3d-a112-2cc3a0732302","html_Dialog_A_Message":"0171a80d-2dd7-4da8-a747-b80797a9eb1a","cntr_Dialog_A_Button_Last":"f473ff59-f7b4-4b6d-a17a-5d3c1ca39149","icn_Dialog_A_Button_Last":"c70a408b-9c67-4db6-89a0-adf86df974ce","img_Dialog_A_Button_Last":"42322ad0-5a2b-4390-b57e-4ba1858ff8af","lbl_Dialog_A_Button_Last":"43ebd21d-65b9-48ba-bc94-91325df5e1bb","btn_Dialog_A_Button_Last":"e70e1782-378d-41b3-a2b4-88e9fa9afb9b","cntr_Dialog_A_Button_First":"7c059ef3-8f0e-4a9e-9381-9afa0913f12b","icn_Dialog_A_Button_First":"0ac43488-1f40-4ce3-b7ec-defc1ca8786c","img_Dialog_A_Button_First":"61b61356-b4bb-4fe5-904a-d7fd8e2dae52","lbl_Dialog_A_Button_First":"9e232c3e-e2e4-4943-8ff2-cbaa046b5714","btn_Dialog_A_Button_First":"23cb0d76-2caf-43ba-8147-5bcc995cba88","html_Dialog_A_Button_First":"1f838b85-d062-4983-b108-f31a939a3f42","html_Dialog_A_Button_Last":"82556680-b8d5-4696-ad65-e7051b9ebca6","PACo_HeaderSettingsMenu_A":"bee67ca9-171f-441e-9b5b-86a68a2d0a5d","html_HeaderSettingsMenu_A_Visualization":"7f735898-97b3-4667-8aa3-a78a46b1ca65","shp_HeaderSettingsMenu_A_Area_Visualization":"a675e503-fc0a-4dda-8087-f46efef919fa","gall_HeaderSettingsMenu_A":"1c6a3731-c0cb-4bdb-af42-b527f89b2917","galleryTemplate1_2":"fbc75bb1-d21c-4f83-af59-041431131007","shp_HeaderSettingsMenu_A_Gall":"4f3e6958-2d73-45df-a768-9ec1564cd5e7","lbl_HeaderSettingsMenu_A_Gall":"8ff0f3b2-8f46-41f4-8363-29ae0abbc250","icn_HeaderSettingsMenu_A_Gall":"39e6b935-23d1-40b8-8dae-66114b662c30","shp_HeaderSettingsMenu_A_Gall_Divider":"05503af6-6c44-4338-87a1-4b59fa84010c","shp_HeaderSettingsMenu_A":"73ce4789-131c-4b3d-8ee9-7402cab161f6","PACo_DetailsList_B":"f953c19d-2f93-4454-8b0b-dfde27f98ca1","html_DetailsList_B_Visualization":"535727a8-e208-4b62-bf6e-1e11f2d23b77","shp_DetailsList_B_Visualization":"4c2b759a-2a0e-434a-aec8-a13909391cf5","cntr_DetailsList_B_Main":"07157a53-d66c-43b2-ad19-a89664b64400","cntr_DetailsList_B":"9eb76ee0-b0e9-4d9e-aa98-1b983fe25089","lbl_DetailsList_B_Header_1":"57973da7-7a3a-47af-a4d4-741b04db9804","icn_DetailsList_B_Header_1":"0d15c958-8717-4c92-900b-80bb841897e2","cb_DetailsList_B_Header":"7e433e0f-8459-43c0-bc4c-88fdddbee6ff","icn_DetailsList_B_Header_Sorting":"65bf1ebc-936c-4bad-8e06-4a827210c3e2","lbl_DetailsList_B_Header_2":"df37857a-01cb-4ef8-bcb7-324e43c57b1f","icn_DetailsList_B_Header_2":"3e33f4a1-6e91-44a6-a463-8c3273c0f7b2","lbl_DetailsList_B_Header_3":"73b8f4d0-a94c-4878-a8bd-bbef179fb421","icn_DetailsList_B_Header_3":"7c96e528-d832-4fe2-9af0-fa22ed9c903a","lbl_DetailsList_B_Header_4":"14fc1b17-e426-4f8a-8af6-6f843ff06278","icn_DetailsList_B_Header_4":"7618fa96-b9d4-4b5f-9c02-0891550c9323","lbl_DetailsList_B_Header_5":"981862ab-cb62-418e-8bda-241f13a0cf27","icn_DetailsList_B_Header_5":"43f7c9db-8bc4-418c-b685-48221ee345a9","lbl_DetailsList_B_Header_6":"baa107f5-4e0d-4baf-a2cf-a75fb3db1006","icn_DetailsList_B_Header_6":"1f1e4523-a046-4354-b78e-55b58a8f75ce","lbl_DetailsList_B_Header_7":"c89c6719-2d31-45ad-86d9-ca4d4bc13138","icn_DetailsList_B_Header_7":"4aec39ce-764e-4639-9623-ff2c52528216","lbl_DetailsList_B_Header_8":"7c4c8582-94fe-49b0-a7c1-c79b85974006","icn_DetailsList_B_Header_8":"01ef35e8-37bf-48d2-bc4b-6f953d6b7714","lbl_DetailsList_B_Header_9":"d28657e3-d606-4840-b7f5-b9cbd815c2df","icn_DetailsList_B_Header_9":"46e6007a-507f-4601-89ae-f80725d2ebb9","lbl_DetailsList_B_Header_10":"402738c2-fd96-422d-a350-bd8f2bce622e","icn_DetailsList_B_Header_10":"4ea32ae2-bd4a-4163-b69c-e17691109d84","gall_DetailsList_B":"24ff3b14-40d6-49ac-adc8-e7157410a828","galleryTemplate2_4":"f9f399aa-fc95-4825-8050-9a72e61b14ee","lbl_DetailsList_B_Gall_1":"c739571c-953e-4b21-a25f-ef4e586309f5","cb_DetailsList_B_Gall":"7aae96a0-1a12-43c9-b136-60268ad83bd1","lbl_DetailsList_B_Gall_2":"11395d64-5d38-40bb-aefc-3ecd2922eb7e","lbl_DetailsList_B_Gall_3":"151376f0-a63e-44ec-81dc-21dbf7695d46","lbl_DetailsList_B_Gall_4":"ee79ab7e-81dc-43a8-b1e6-6f129509ee3d","lbl_DetailsList_B_Gall_5":"6f8cc36c-6930-4efb-a403-874dff740926","lbl_DetailsList_B_Gall_6":"67eccd6a-b9b3-4969-a5f4-66c1413e45d7","lbl_DetailsList_B_Gall_7":"76fa64b2-bb9c-4a86-9d70-217446c679c7","lbl_DetailsList_B_Gall_8":"287f64ba-7e38-4e36-9945-902f3fd58865","lbl_DetailsList_B_Gall_9":"838290ef-c8ad-4ab7-9823-2c3a1ea7bcac","lbl_DetailsList_B_Gall_10":"7516079f-7400-4124-a932-f15d0c77938e","shp_DetailsList_B_Gall_Divider":"8a2572ca-3d25-4341-87e8-133470f90a23","PACo_ProgressIndicator_B":"eb0f8ee5-a21b-482d-9f8d-8aabc3ab3c4f","html_ProgressIndicator_B_Visualization":"185ea3b7-16e9-46f5-835f-f2692f2536d8","shp_ProgressIndicator_B_Visualization":"9ef28e44-dc96-41fe-bfe9-2a0dd55c6739","gall_ProgressIndicator_B":"6e14ba98-d38d-4e70-ba25-dfaffb7878f3","galleryTemplate1_4":"7d9cb308-1f2d-4670-9622-b2c1e8a33883","shp_ProgressIndicator_B_Gall_Circle1":"cfd2487b-028a-4fc8-a204-be8a17b941f1","shp_ProgressIndicator_B_Gall_Circle2":"8753db0f-578f-442c-9f88-6b3942b3d947","shp_ProgressIndicator_B_Gall_Circle3":"096f6a5e-a0d6-4a12-b8e4-24bef8283e5f","shp_ProgressIndicator_B_Gall_Left":"b221931f-a857-437b-87a1-f6dd77d6ea52","shp_ProgressIndicator_B_Gall_Right":"dfd80782-9abe-4b36-8dbf-1de0b484b9de","lbl_ProgressIndicator_B_Gall":"c96f94a5-cf35-43aa-b937-8d5cddb6d740","PACo_ProgressIndicator_A":"c403387c-c775-4791-a350-85b539639ca4","html_ProgressIndicator_A_Visualization":"7115e4a0-689b-40af-a471-3181cbcd38f6","shp_ProgressIndicator_A_Visualization":"ec335fc3-9495-4e78-a0c8-45d87a91375f","gall_ProgressIndicator_A":"193bbc31-c96c-4743-bd6b-61079b6e9050","galleryTemplate1_1":"fb989c56-8925-4838-9b9e-58be264e89a2","shp_ProgressIndicator_A_Gall_Circle1":"6aeb9498-cf5d-4c47-bb95-c4131bc9d161","shp_ProgressIndicator_A_Gall_Circle2":"b314e244-ecc6-4806-bc2b-016c0c9c2d75","shp_ProgressIndicator_A_Gall_Circle3":"16e0279d-71b3-4efd-abc1-5ec4a8cb6a35","shp_ProgressIndicator_A_Gall_Left":"1cd21b3e-48cf-4b57-8dd7-7bc42d4619b5","shp_ProgressIndicator_A_Gall_Right":"f77056df-33bd-4f4f-8af3-ed14b59824cb","lbl_ProgressIndicator_A_Gall":"622cd2d1-d030-4c82-a528-b58b53113294","PACo_CommandBar_Item_A":"df24b2ae-35be-4610-b379-2b60e8a74dc8","img_CommandBar_Item_A":"aa2f903f-38f8-45a6-a1c9-fd2deaa3e6b9","icn_CommandBar_Item_A":"d02407d8-a67f-4685-b8a4-bf1ad01374ee","lbl_CommandBar_Item_A":"b0ef73f2-473a-488d-89b2-21d3cf48fa30","shp_CommandBar_Item_A_Spacing":"57f58fd4-209d-48df-9165-62bf43890b45","html_CommandBar_Item_A":"8920df50-3b34-4cc7-8570-1e43a5d2f286","PACo_Tile_A":"b296ee13-f4f4-4b3d-b98a-ea14bc3e449f","html_Tile_A_Visualization":"8e16d80c-7005-4c63-af99-f25c6f2e9010","shp_Tile_A_Visualization":"a4ffd8f6-1e02-473e-8229-1aa1242ddff6","lbl_Tile_A_Text":"9f10150e-c11e-41a1-b7f6-83a1770b4611","lbl_Tile_A_Value":"dc4fadcf-11d2-4126-863b-a66420908dfd","PACo_Spinner_A":"0be43a6d-b5fc-4f98-b374-521e71e610ea","img_Spinner_A":"1a5eb1e6-f8a8-4ab4-8825-95129a001172","lbl_Spinner_A":"903c5959-ac70-4ed6-8fb6-530c480d2415","PACo_CommandBarMenu_A":"d6f49b8a-ff11-43ac-85bf-9ac902ed7303","html_CommandBarMenu_A_Visualization":"ed61d5fe-466a-4aef-a171-d2cca31f0236","shp_CommandBarMenu_A_Visualization":"ce6e5007-7fde-4090-8155-09ff54f5cf70","gall_CommandBarMenu_A":"855a5f45-d0db-4fe7-9d16-b6888ea9a59e","galleryTemplate1":"b6560438-0c24-4197-a7e4-8bc958db5666","img_CommandBarMenu_A_Gall":"1b8d1bae-9976-47d2-9f7a-a01a9374ddba","icn_CommandBarMenu_A_Gall":"627f22d7-3b84-4fca-bd96-8e554dda4742","lbl_CommandBarMenu_A_Gall":"5fc11a7b-bfa9-4b6b-b8bd-9974bdab1f12","shp_CommandBarMenu_A_Gall_Divider":"69007a94-42b4-4088-9350-20b351de22a3","PACo_DetailsList_C":"bf99b4cb-6c94-4e55-9889-6a8731672493","html_DetailsList_C_Visualization":"9403d094-df77-4bdb-b838-c322b02ecedf","shp_DetailsList_C_Visualization":"fd25e5ee-a475-418d-8925-770ee2b69aed","gall_DetailsList_C":"7ab366f9-eb69-4786-b5a8-7387cccd3cca","galleryTemplate4":"6f37f047-a589-4601-84ad-d4b7cbc38f23","shp_DetailsList_C_Gall":"02d9cedd-383b-475c-ac6c-e46980f2cf4e","cb_DetailsList_C_Gall":"f55d6861-e627-48bc-b4c5-724b7b7fa5ab","lbl_DetailsList_C_Gall_Title":"b1e71f21-21b9-4f7c-84bd-94fcc8a2ddc4","lbl_DetailsList_C_Gall_Subtitle":"0f2c34b0-d6fd-4d3d-b2de-b86f385461b8","lbl_DetailsList_C_Gall_Body":"ac0fe076-e380-4709-86d5-e7ab59d135d0","shp_DetailList_C_Gall_Divider":"547762eb-fcbb-44b1-928f-07dd3aaf2f64","PACo_Nav_C":"70f98a31-c7e9-4bca-942f-3379440b02c8","gall_Nav_C":"b9443130-d0f6-490d-98a0-8bdfb7ae664d","galleryTemplate2_1":"14831d5b-0f3f-455b-bd5f-e5783ced50b5","shp_Nav_C_Gall":"c8794fe4-eaac-4b54-ba1c-a847fbedc15e","img_Nav_C_Gall":"7dfe14c1-f709-4a7e-a767-37fd170354a0","icn_Nav_C_Gall":"57f43d18-55ab-4a54-99d4-c965d6935819","shp_Nav_C_Gall_Divider_Left":"f44d62f9-8fb9-4689-9491-e05691ab795a","shp_Nav_C_Gall_Divider_Right":"d6227e66-e21e-4a23-9a80-eb3a45933558","lbl_Nav_C_Gall":"02c1fc53-53aa-419b-9faa-52b238ee9ec0","PACo_Button_A":"65144092-5b4d-444c-be6e-97649d6049ef","cntr_Button_A":"df3d76f5-81d1-442d-830c-97323e2a47fa","img_Button_A":"f9125393-4ece-4c8b-83b0-35bdd9bf97b9","icn_Button_A":"b51dbd7c-37be-4e55-b196-1e5974458482","lbl_Button_A":"9de39cd9-c64b-47f3-99cf-c9a763d910bd","btn_Button_A":"2ab0f50e-0cc2-4a75-b816-03fb2e093071","html_Button_A":"3c0ff23d-5dcc-4d9a-9881-dcf9a7cd1142","PACo_Tile_B":"3a91b590-c787-43bf-8d4d-f8fa307b03c1","html_Tile_B_Visualization":"9509b892-1d31-42ab-89eb-26d2f68d4fb8","shp_Tile_B_Visualization":"45104707-214c-4849-ab93-5e88420c598e","lbl_Tile_B":"abe8cc37-c26f-4e8c-82fb-5e0fd05cf723","icn_Tile_B":"109528d2-4e65-4606-8f5b-2a3baef73b7a","PACo_Icon_A":"e8781ef4-f491-46dc-bfbf-539796c6fe9a","html_Icon_A_Visualization":"e95529d6-a5a8-41e1-8e8b-1564801b4ad7","shp_Icon_A_Visualization":"e09cced1-5af4-491c-bcea-612f61dee52e","img_Icon_A":"f008a822-0802-4147-b010-ef9c0dd6506d","icn_Icon_A":"88b9e704-9e29-41a3-a9fd-559b89690dc1","PACo_Visualization_A":"63c829fe-4923-4270-bbb3-150c67e3ddb5","html_Elevation_A":"c377fc54-195e-4592-8c4a-d13249b715c4","shp_Elevation_A":"2ea2a572-268a-41ea-ae0c-6f976cd004fc","PACo_TabsMenu_A":"c3988f92-cfa9-4b06-99b7-b2246212dafa","html_TabsMenu_A_Visualization":"fac86052-164a-43bc-9421-32ece38a4b26","shp_TabsMenu_A_Visualization":"9b51051a-1a68-4dea-bebb-f1d3bc9d3ed3","gall_TabsMenu_A":"8d0ef152-8029-4b78-860f-1f9d0384e588","galleryTemplate1_7":"fb65f920-aa73-4de0-9c63-2b1792169c97","shp_TabsMenu_A":"91b323af-f27f-4598-b573-bde95823a588","icn_Tabs_A_Gall":"e0308a3f-d61b-4bfe-b685-554782911725","lbl_TabsMenu_A_Gall":"2869db5a-3c09-4279-84ab-858cb581cb51","shp_TabsMenu_A_Gall_Divider":"e0b93987-9bd1-4295-a658-3f1733701858","PACo_Tabs_A":"3f564509-dabd-4308-8caf-0ff52c9df110","html_Tabs_A_Visualization":"4daab14c-412f-464f-9520-be63138b0d73","shp_Tabs_A_Visualization":"11a27a39-b8fa-4a10-99dd-964ab4bbdc1b","cntr_Tabs_A":"eacecca9-8972-45b2-82dd-dfc445fd2e58","lbl_Tabs_A_1":"8f1e1d01-c9a7-4560-8ed4-86cc22b76fea","icn_Tabs_A_1":"eded2b53-fc9e-4e5e-bad5-0ea9cde229f4","lbl_Tabs_A_2":"f4cd65aa-5e28-4cb3-b9c7-9e113e94b196","icn_Tabs_A_2":"120f5e31-a8b9-4706-975b-b48050ac664a","lbl_Tabs_A_3":"23bfa0d6-3298-44ea-864d-1961f2c8af86","icn_Tabs_A_3":"acee5393-ce0d-40ae-a617-58e0046cf0db","lbl_Tabs_A_4":"c42fdd97-8a0f-421b-b6e4-e92634f2ef19","icn_Tabs_A_4":"310c89b1-1a61-4f2f-9fcd-5e0140cf19b8","lbl_Tabs_A_5":"095cfe14-920c-4efe-92f0-b32079039755","icn_Tabs_A_5":"d923b5d5-4dc4-480a-b050-621b551e714b","lbl_Tabs_A_6":"3ffd683e-531d-4cac-8073-8e2c8c1c829f","icn_Tabs_A_6":"0399d863-ca43-4259-bb43-63d35e073d88","lbl_Tabs_A_7":"c11d7b3c-add7-4f36-a9a6-a1b910c7d4c3","icn_Tabs_A_7":"01baed32-2251-4556-b431-ca5638ad242c","lbl_Tabs_A_8":"86b21172-2d1f-4586-81dc-3dfe0128834a","icn_Tabs_A_8":"1936b4dd-b518-48b1-9ae9-9a700e980f4e","lbl_Tabs_A_Menu":"91453e23-6bf6-440a-bc85-f230cb528b3c","icn_Tabs_A_Menu":"ff83194a-4eee-404b-9ff7-44ef7e27fe0e","shp_Tabs_A_1":"6aceb0f9-3149-4920-aab4-a3a3278ddec3","shp_Tabs_A_2":"3ed83778-b5bd-4de1-904b-782e55c31333","shp_Tabs_A_3":"9daf6280-8673-4f82-949b-f97ed4daa0b5","shp_Tabs_A_4":"0923c290-3f98-4e36-839c-240e5ff5d536","shp_Tabs_A_5":"3e1ce6e1-75ac-414c-a797-cd84f0c91683","shp_Tabs_A_6":"0ee41490-83b8-44d2-bb5c-d922c3acaa56","shp_Tabs_A_7":"44ce5f75-ce39-4b31-bb97-a23bc68adb77","shp_Tabs_A_8":"a901cbbc-d4a4-4616-ad52-457eb114f750","html_Tabs_A_1":"f63e739d-cb61-4f9f-9253-a9a9f37006b3","html_Tabs_A_2":"fd4a7797-da01-43b6-95cc-71571f672aa4","html_Tabs_A_3":"8f8c909c-adbd-42eb-8158-eb6a6b63d70d","html_Tabs_A_4":"0a1ed031-b982-45fd-8d3e-c92bf4bb257f","html_Tabs_A_5":"37be1138-0051-499f-b97b-486e35fe5203","html_Tabs_A_6":"0619d252-fa57-482b-988d-70f9e2340605","html_Tabs_A_7":"16029092-7a94-4cbe-ab3b-eb113241caca","html_Tabs_A_8":"e8ddb5cf-bc6d-49b4-aad1-30a750e68ecd","PACo_HeaderLanguagesMenu_A":"3c5b7a79-1977-4c65-af4e-4e5ca3fed966","html_HeaderLanguagesMenu_A_Visualization":"d09c0fa2-c8a7-4884-baaa-bc0f5916bf12","shp_HeaderLanguagesMenu_A_Visualization":"5749194a-037f-4ad6-82a0-39c125fd12bf","gall_HeaderLanguagesMenu_A":"daf07122-e43d-47e0-82d3-cc482e628f37","galleryTemplate1_6":"652f8a2c-280c-4fc2-b5ef-2d031bc81e70","img_HeaderLanguagesMenu_A_Gall":"13edac19-f3b2-40c0-9930-f66539fbdba8","icn_HeaderLanguagesMenu_A_Gall":"4484ffc2-2740-4262-9b8d-bbf75b03a3c3","shp_HeaderLanguagesMenu_A_Gall_Divider":"0a121933-396e-4293-afdb-070f3c382166","PACo_Log_A":"a53dcba2-6bc3-4239-9fbc-cc4d4f771a62","html_Log_A_Visualization":"e74be876-5148-4edd-804e-36d0d82917d3","shp_Log_A_Visualization":"75d74ce3-c767-4419-83c5-d5dcfc252c92","gall_Log_A":"7d446992-2d3c-4ad5-8625-ae48628e4efc","galleryTemplate1_5":"91de548a-6962-4760-82f1-849b57ad4c18","shp_Log_A":"aa0053cb-4de5-4807-9ff0-8742fa7d28b2","icn_Log_A_Gall":"a696e9d8-08c9-4e36-b2a0-e6b4cfaf5e84","img_Log_A_Gall":"715a6dc9-6331-44cb-9737-ce7083e40c18","lbl_Log_A_Gall":"e9caaf1f-5e0d-4dd2-86da-a5cce3d8c934","shp_Log_A_Gall_Divider":"03a60c3b-c448-4648-a11a-fdbce6f47a81","PACo_SelectList_A":"3b9535bd-3975-46e7-bed7-c1cbe5cef86b","cntr_SelectList_A":"d8dd574a-b79e-4daf-97e0-3aaf5dbbbc3d","html_SelectList_A_Visualization":"8048a5cd-f40b-4098-a43f-aff01be357a5","shp_SelectList_A_Visualization":"ea785290-99d8-4cbb-a0fe-d0ad7f769ccd","shp_SelectList_A_Area":"0824ffaa-ba5c-4c06-b7ae-6868a53cf46b","cntr_SelectList_A_Search":"a3c50739-80d0-4a8d-a3d9-592b03b859a4","html_SelectList_A_Search_Visualization":"14a32437-3a17-43dd-8724-4a5cf14698ca","shp_SelectList_A_Search_Visualization":"846e166b-a525-4f41-b45d-449f3e3bf3bb","ti_SelectList_A_Search":"08190e72-9ee9-4dde-86dc-51b0e2bebb8e","img_SelectList_A_Search":"5aca5d41-3e44-40ed-ac9e-29f37743e82d","html_SelectList_A_Gallery_Visualization":"fd4ea030-61ec-4945-a597-46e38e216f54","shp_SelectList_A_Gallery_Visualization":"8e114b75-db87-4a8b-abea-142dc45492b7","gall_SelectList_A":"01db8a06-03b1-49ff-b08c-14332d4a1471","galleryTemplate5_1":"6b041099-4d33-4e7b-861e-5566270fa70b","lbl_SelectList_A_Gall":"1cdd96b3-65b8-459f-b2ac-f7d2fc5d84a5","icn_SelectList_A_Gall":"197e653d-f8d2-49d0-a8f6-a4144ea3e91f","shp_SelectList_A_Gall_Divider":"5961bac4-5c1b-439b-861e-0f3fc6e12e1f","cntr_SelectList_A_Button":"919d34e2-4619-40b0-85a4-13b8d678224f","btn_SelectList_A_Button":"2d10b794-9290-417e-96f0-fa165b9564ea","icn_SelectList_A_Button":"6690f5b8-dbd0-4ad8-b8f1-eae2a3c86a87","img_SelectList_A_Button":"448ba5a8-5e79-4baa-a343-5330607877d1","lbl_SelectList_A_Button":"2880d38d-5676-40de-8659-1a98b87860f9","html_SelectList_A_Button":"7014cb0b-acc7-457d-bac0-f786a632a566","PACo_DetailsList_A":"6e6eca3c-2461-40a2-a41a-299ed5ffe52a","html_DetailsList_A_Visualization":"d615e430-8757-4523-88f8-837816779ea8","shp_DetailsList_A_Visualization":"7d36ea18-e2d0-4ce1-9030-2a8803235e26","cntr_DetailsList_A_Main":"6cbdcd66-1b0b-41fa-aa7c-35bd69d0ce8d","cntr_DetailsList_A":"6ae4c2c8-d357-4c75-a57f-9cb82d070c28","lbl_DetailsList_A_Header_1":"91b637d4-88e8-4f62-8d60-892d45b28d07","icn_DetailsList_A_Header_1":"b5f9698b-5379-4af5-9d4d-a8faf9fc8245","cb_DetailsList_A_Header":"eb8a1cec-108e-43d8-a5ea-acb11da7bd29","icn_DetailsList_A_Header_Sorting":"8ba4f9d1-e3bb-492c-915d-a46ac9657a3d","lbl_DetailsList_A_Header_2":"6705ea85-f6dc-4cd4-bb15-2b285cbfd5c7","icn_DetailsList_A_Header_2":"d1167067-fc59-4364-a988-6d2135e5d6fc","lbl_DetailsList_A_Header_3":"60965e21-b2fd-460c-871c-c0032b25ebe7","icn_DetailsList_A_Header_3":"9355fee6-b930-45bc-ae42-96d86c3c08ae","lbl_DetailsList_A_Header_4":"01b77829-a15a-4caa-9918-9a72380704ad","icn_DetailsList_A_Header_4":"7d414699-2155-46d2-8d89-5ff5009c1065","lbl_DetailsList_A_Header_5":"782d1b72-1e8c-42aa-957e-ef3da6f0e469","icn_DetailsList_A_Header_5":"a4b93d53-3f64-4bab-adb8-0bc07391d369","lbl_DetailsList_A_Header_6":"d7784bd9-5441-4ac8-b789-ea075e6de6e6","icn_DetailsList_A_Header_6":"2eb20026-dca6-46cc-9929-887fe2b1fdf4","lbl_DetailsList_A_Header_7":"0ca750b8-bab0-47c1-a04a-4cbeccf88729","icn_DetailsList_A_Header_7":"d4f4883b-b17f-44c0-a0f1-cd4da36a975b","lbl_DetailsList_A_Header_8":"4e09b2ef-435e-4f8e-bb04-e8f9783cf0ea","icn_DetailsList_A_Header_8":"48d458d5-bdd8-4d98-ac95-4e4be8ffcf26","lbl_DetailsList_A_Header_9":"f9d16914-ff96-4c7c-bee5-c84629614765","icn_DetailsList_A_Header_9":"358986b7-0e88-4d62-aed1-cf66e49fa668","lbl_DetailsList_A_Header_10":"0bb732f9-34ea-4519-ba29-862085282c3e","icn_DetailsList_A_Header_10":"09034ef3-cb07-4d96-b604-dcdf4b298a8e","lbl_DetailsList_A_Header_11":"e4e34d23-e819-48af-a7e6-7e2d9b73447c","icn_DetailsList_A_Header_11":"ca5822f5-39c4-49e1-a72c-bf893f5e6fd7","lbl_DetailsList_A_Header_12":"97172c97-1f31-4af0-9512-8c0dec0c628d","icn_DetailsList_A_Header_12":"6211df15-c483-4f3d-846e-9a3260c30168","lbl_DetailsList_A_Header_13":"613e8756-7e47-49c5-bbd6-7206044605a5","icn_DetailsList_A_Header_13":"a9f849b5-470b-47b7-816e-c9d5ff2a885b","lbl_DetailsList_A_Header_14":"4556de19-fdd9-4321-b9ae-2e2d3273ac66","icn_DetailsList_A_Header_14":"842d5df9-c09f-4ae2-a5c5-85db796e26b1","lbl_DetailsList_A_Header_15":"ccb24c89-178f-4e61-905d-885c1bde7cba","icn_DetailsList_A_Header_15":"b4c182e5-c538-4e34-b1ce-bf8db9b7da73","lbl_DetailsList_A_Header_16":"2b0e9e82-059d-4b1d-a231-d0bddf7f72bc","icn_DetailsList_A_Header_16":"2025a891-2276-469e-b05c-be67ab0a6655","lbl_DetailsList_A_Header_17":"0758e88f-5ab8-4a90-85e3-46f3bc5a3360","icn_DetailsList_A_Header_17":"8b6d2e0e-f118-475b-86ca-aabc1b587a44","lbl_DetailsList_A_Header_18":"40f1df95-8898-4beb-9868-7439eb7d293e","icn_DetailsList_A_Header_18":"7cd83744-83a2-4230-8046-78815a66653e","lbl_DetailsList_A_Header_19":"3c797542-be1e-4370-a132-c7e0ccf6d3f6","icn_DetailsList_A_Header_19":"451415a9-0306-4700-9384-a3a41b8f69b1","lbl_DetailsList_A_Header_20":"d5a64d7b-8941-4655-b8f5-758118355987","icn_DetailsList_A_Header_20":"b0fd6c65-5d5a-465a-b062-fa17687da2eb","gall_DetailsList_A":"9b4a8249-d615-4202-88af-fde99d918369","galleryTemplate2_3":"b677802c-4c3c-45ee-bfed-983f7b8cab0d","lbl_DetailsList_A_Gall_1":"1be19ecd-ec09-4b33-afab-cbe0d8d1077e","cb_DetailsList_A_Gall":"b02173ed-c6f9-4064-819f-8233b72f6753","lbl_DetailsList_A_Gall_2":"dc7ca056-9c64-4cb5-ba37-d83f8c96d8f2","lbl_DetailsList_A_Gall_3":"b104927a-1424-42f2-b09a-3cb0e209f187","lbl_DetailsList_A_Gall_4":"c003a7b2-5313-4ed3-a623-0e2e5161bd1b","lbl_DetailsList_A_Gall_5":"b6e54add-578f-408f-906e-dafa17909fd3","lbl_DetailsList_A_Gall_6":"dded36ca-14c0-4c81-a6d4-2bf066707546","lbl_DetailsList_A_Gall_7":"5fd025db-f62c-4b55-ba61-42c096208361","lbl_DetailsList_A_Gall_8":"a794672b-06e8-4cc9-b439-8d142398a610","lbl_DetailsList_A_Gall_9":"25f0429d-f7a7-4315-bbb5-0bf4e3d60652","lbl_DetailsList_A_Gall_10":"aa756f58-c448-4f94-ac06-aa9e673f63fa","lbl_DetailsList_A_Gall_11":"d56186ad-e789-48d5-b4c9-9fe206983498","lbl_DetailsList_A_Gall_12":"7599c2a4-d53f-4164-b66f-ace9b1a0eaea","lbl_DetailsList_A_Gall_13":"c93123ef-920c-4041-a0b2-6eb5b65262fe","lbl_DetailsList_A_Gall_14":"08c256c1-a182-455a-8275-bf0c1085e89b","lbl_DetailsList_A_Gall_15":"54e34242-2bd6-495c-b798-02327843c3bb","lbl_DetailsList_A_Gall_16":"84d50969-c984-4548-be2b-e7dcd79413f9","lbl_DetailsList_A_Gall_17":"9ff90ab0-35f8-4cca-afad-9e6b4aeb3509","lbl_DetailsList_A_Gall_18":"bb9f0842-6664-414b-b3d7-276f15ec84ef","lbl_DetailsList_A_Gall_19":"3cc028a9-dc2e-4810-8d77-855497950991","lbl_DetailsList_A_Gall_20":"5f86e2ee-1648-48b0-ac72-683f2e7a8b10","shp_DetailsList_A_Gall_Divider":"d7a878d3-49d4-465c-95e5-266e698d5740","PACo_SearchBox_A":"bc12e5a8-4110-4d4a-a0b9-7544687bdb8f","html_SearchBox_A_Visualization":"db3578c4-116c-4ca2-b241-f116768b0328","shp_SearchBox_A_Visualization":"7a494355-f991-4948-8076-3d813033e6b1","ti_SearchBox_A":"98f279e3-4846-40d2-bfcd-84a935999b67","img_SearchBox_A_Search":"f8c2c381-3085-49c6-8108-9f340cccd608","PACo_Header_A":"98c260da-b7f0-4534-85f5-fc839f8052ec","html_Header_A_Visualization":"679118b4-06db-4cf5-b7ec-b68b29c4c537","lbl_Header_A":"20a2163a-a888-4acc-866b-1adda6c62808","img_Header_A_Back":"4ce4cc11-0ebe-4cab-8c0b-666029e304ed","icn_Header_A_Back":"3f8d9f89-7ee9-4ecb-9cbb-409b61f32bd6","img_Header_A_Nav":"c3515ff2-c238-41d5-ac16-bc2bd8c952b8","icn_Header_A_Nav":"28e9d696-2d94-423d-ab1c-db1fe784eadd","img_Header_A_Logo":"5b61adac-6425-47ff-9276-ffc384cfda58","icn_Header_A_Logo":"6e4536f2-a8b0-478a-8a94-0aecfa7a9711","img_Header_A_LanguagesMenu":"7cc3e54e-0163-4122-a3cd-676d1540963e","icn_Header_A_LanguagesMenu":"f43a9c21-80f7-4e56-a271-a66f77c9c63c","img_Header_A_Help":"6f155dd2-1ae9-4e26-b180-7eaeae5cc1f7","icn_Header_A_Help":"b02d4c67-7cc4-4198-b1f1-d360af77ca89","img_Header_A_SettingsMenu":"eaa33131-40df-4a96-b46d-fdc6eb63b2dd","icn_Header_A_SettingsMenu":"d36ce740-6219-4b19-a1a2-7a8d97c5a442","shp_Header_A_Visualization":"e261b8bb-b616-430c-89de-74447982f75a","PACo_Log_A Screen":"d031df28-1216-47d5-9276-10d32a40aae7","cmp_Log_Back":"3ccfa5a9-e9d1-4271-bc57-b178cc7a6b0c","tmr_Log":"6d576875-7890-42c0-9da7-857d28fe1fe3","cmp_Log_A":"56e998e0-864f-405e-9c4f-c0a3cc96d7c5","cmp_Log_Button_LoadData":"be965022-2339-4e00-80b1-2415a05361c9","lbl_Log_A_VAR":"7b571760-e720-4ed3-996e-92b51fc85a17","PACo_SelectList_A Screen":"38f8ecc9-3ee3-4fb2-98f8-94e7b5e92636","cmp_SelectList_A":"aee3c8f6-95da-4c0b-b8d8-dbec97ffc173","cmp_SelectList_Back":"fd62c73e-20eb-4742-887a-937023e98eff","cmp_SelectList_Button_LoadData":"5d454ed1-7a6a-4922-9b8e-ef57b218fd28","lbl_SelectList_A_VAR":"e02ee09b-e02f-4439-9fae-7c621971c473","PACo_Header Screen":"b51bda0e-148c-405f-b210-d45b86e446c7","cmp_Header_A_1":"97b05ca9-2860-4dec-88a3-73249944ea9a","cmp_HeaderSettingsMenu_A":"a71ff017-88eb-4a7a-bde0-f9bfc2f65beb","cmp_Header_Back":"a85047fb-16df-492a-ab35-54070072f720","cmp_Header_A_2":"de3eb4ea-5ef7-443d-9a61-d0f527ba27a2","cmp_Header_A_3":"d557d8b9-f966-47a0-ada2-fb788481860a","cmp_HeaderLanguagesMenu_A":"1f38f073-fdbe-4013-973c-504ce0f5bbe0","lbl_Header_A_VAR":"31d0265c-bda4-4d8c-87f2-cb239b4ad8e1","PACo_DetailsList_C Screen":"fe27447e-2201-424d-beea-a55b568c7f0e","cmp_DetailsList_C_Back":"a5674e88-5b42-4038-a5d8-a9e80af7f59e","cmp_DetailsList_C_Button_LoadData":"e493dc84-b781-45bb-90c4-e0994ce388c4","lbl_DetailsList_C_VAR":"8773665d-6d38-4670-b3d6-17425bd504ac","cmp_DetailsList_C":"7108906e-a5b0-4e0c-9421-09d0c97e9df7","PACo_SearchBox_A Screen":"1cc43c6a-b2d9-45b2-bcd1-fb07bba0f8cf","cmp_SearchBox_A":"27ceb5f3-6f76-4c1a-9643-1d0f995d2c5d","cmp_SearchBox_Back":"ad855773-4286-48f4-93f4-88178f729707","lbl_SearchBox_A_VAR":"71bd2e4f-89fb-4fc2-b851-d3ac8ed62962","PACo_DetailsList_A Screen":"ef82f38d-55c6-4a03-a3aa-0fac1f9ceceb","cmp_DetailsList_A_Back":"61f3bf6e-ab60-46db-98ba-574c1c6f6391","cmp_DetailsList_A_Button_LoadData":"ae4af06c-6347-4fcd-8963-257ffbc3e61a","lbl_DetailsList_A_VAR":"19b5e9c4-1c03-4874-9b47-4510ec893dc4","cmp_DetailsList_A":"c30d7491-ba20-4130-8f66-18cd1693baae","PACo_ProgressIndicator_A Screen":"bb4e0a7b-324a-482a-8900-97d57f2eb383","cmp_ProgressIndicator_A_Back":"b0bba98d-0f34-422b-8f83-507746aa3011","cmp_ProgressIndicator_A_Button_LoadData":"c11e268b-9de6-426a-893f-6e5f9de2950a","cmp_ProgressIndicator_A":"bd57ca3e-82db-452f-9a60-bef4442fae0b","Home Screen":"2de53cd9-8f11-44e4-9e35-7f4ccd39042e","cntr_Home":"5d6fd9b7-b72b-430e-88fe-05c394fe8581","cmp_Button_PACo_Button_A":"fb67fe4c-a166-4494-ac67-55acd94d2c4f","cmp_Button_PACo_CommandBar":"5a582b10-ee68-476d-9c79-87d2241a36e0","cmp_Button_PACo_CommandBar_Item_A":"e462229c-266c-48e8-a05e-df237bd55ac0","cmp_Button_PACo_DetailsList_A":"7d1cedeb-19af-45cb-89b7-6478e1c29691","cmp_Button_PACo_DetailsList_B":"c856bab4-220a-486e-bc73-b8e464f7550c","cmp_Button_PACo_DetailsList_C":"fe94a540-2a82-4f2c-ae3d-4dd76a6c02d6","cmp_Button_PACo_Dialog_A":"13126e36-2a53-4286-a935-ee5586d6fc18","cmp_Button_PACo_Header_A":"01efd929-5d88-4f79-954c-3f8e703d41de","cmp_Button_PACo_Icon_A":"93695e29-dafe-418d-925a-fee1fe1b620f","cmp_Button_PACo_Log_A":"0ad4f25f-5b11-46fe-94b0-50b1bf28710c","cmp_Button_PACo_Nav_B":"f8669e43-47cd-4452-9b32-0c7eceb0f56e","cmp_Button_PACo_Nav_C":"51730f23-9667-4387-be3e-0d2e02b18632","cmp_Button_PACo_Panel_A":"d293bd16-4191-4222-a6c9-fdceed7f43d7","cmp_Button_PACo_ProgressIndicator_A":"0634b095-cf36-4a20-80ed-1b464d93240a","cmp_Button_PACo_ProgressIndicator_B":"fcd36a04-3234-4c7a-833d-8b3a2b842e64","cmp_Button_PACo_SearchBox_A":"c0991ec8-159b-407f-b6dd-b63cef920ae5","cmp_Button_PACo_SelectList_A":"7fe730d7-0c48-4280-b1a2-e71c794d2dd8","cmp_Button_PACo_Spinner_A":"ad918a57-331b-4a5d-8dd5-6fd81779e426","cmp_Button_PACo_Tabs":"a2693165-6d8d-4f11-a71d-6dba05642714","cmp_Button_PACo_Tiles":"b39e15d9-cf97-4f93-9e00-f72a3fb6af80","cmp_Button_PACo_Visualization_A":"f46d156e-b2e5-4881-b21f-275e14dd16d6","PACo_ProgressIndicator_B Screen":"8a586a47-55ce-40aa-bf21-bc654511b978","cmp_ProgressIndicator_B_Back":"c9899ead-c154-4fff-a98b-a6249a6830c8","cmp_ProgressIndicator_B_Button_LoadData":"ab4dcd77-af45-4452-90cb-5ca6bdeddca3","cmp_ProgressIndicator_B":"f9c4558a-35e5-43db-98b0-2989cb6e9a04","PACo_Button_A Screen":"d2c68483-5770-4dd0-b63a-c6b7e74206c5","cmp_Button_Back":"da2ecf3e-efce-4a55-862f-ef414d2a9d01","cmp_Button_A_Primary":"93c1b4b1-827c-461a-8bab-92105ab2529c","cmp_Button_A_Secondary":"85fba862-0dea-47c0-ae98-13f8a14e408c","cmp_Button_A_Primary_Disabled":"ef92777f-7b49-4b72-a87c-026be95e3125","cmp_Button_A_Secondary_Disabled":"41804fee-524d-459b-830b-0faee111937f","cmp_Button_A_Primary_NoImage":"af1ef2d3-f4eb-487c-8391-e0171d710815","cmp_Button_A_Secondary_NoImage":"5cd1b345-c150-4847-9127-bfd2f02e7a93","cmp_Button_A_Primary_NoText":"d29d62ad-66e0-4b63-bafc-8584e396fa4d","cmp_Button_A_Secondary_NoText":"1d969022-d7f8-4d23-b942-9e838d89321f","cmp_Button_A_Primary_BorderRadius":"8f102ee4-9044-4445-bbf5-04ad80131a13","cmp_Button_A_Secondary_BorderRadius":"c6dfd39e-c6af-4372-a847-9c135d4bcab6","cmp_Button_A_Primary_Disabled_BorderRadius":"31b8b22e-ab73-4e27-b287-b0cbad88c0e6","cmp_Button_A_Secondary_Disabled_BorderRadius":"8da0fb88-8ed9-40cc-83db-27a6af36cc33","cmp_Button_A_Primary_2":"f538fda3-cdf3-4990-a08c-6fda32efea5b","cmp_Button_A_Secondary_2":"888cbcec-d114-424a-a258-46cf79b501ed","cmp_Button_A_Primary_Disabled_2":"b41f3fc9-283c-4047-a49f-b7318c183df2","cmp_Button_A_Secondary_Disabled_2":"692ebfc4-4891-442d-aaed-7eb1ecc32eef","cmp_Button_A_Primary_NoImage_2":"447b0f48-06be-424e-b01e-58921b59a1fe","cmp_Button_A_Secondary_NoImage_2":"2d314956-6162-40f0-99bb-a6016b1f38c2","cmp_Button_A_Primary_NoText_2":"d54e088f-dc5d-4020-8b7f-cedaad63fa03","cmp_Button_A_Secondary_NoText_2":"4ccab99b-bd46-4dab-8624-11e1638a9649","cmp_Button_A_Primary_BorderRadius_2":"daf1fa69-a783-4ffd-a447-c22c4c9e5588","cmp_Button_A_Secondary_BorderRadius_2":"a09d0c60-7ac5-4dd2-8ed4-374b8a15881c","cmp_Button_A_Primary_Disabled_BorderRadius_2":"536dc549-d799-4793-80b6-5bf7171ecbae","cmp_Button_A_Secondary_Disabled_BorderRadius_2":"49d7ec2d-f6e8-430d-9fd4-7c3608e9b09a","lbl_Button_A_Primary_VAR":"9ad44054-8f24-401d-ac40-8179054c45ed","lbl_Button_A_Secondary_VAR":"a42102ab-709e-4010-b090-59aef0932f26","PACo_CommandBar_Item_A Screen":"8cab4163-24dd-4717-9dbf-99c040e9db04","cmp_CommandBar_Item_Back":"177cb5cc-064f-40b9-91cd-9929577a49e8","cmp_CommandBar_Item_A":"3b587aa9-8162-4de3-b40d-4ba9c18aac06","lbl_CommandBar_Item_A_VAR":"50fe9dc0-4a1a-4d9e-a7da-cce96163e725","PACo_Spinner_A Screen":"5eb9dfbc-bae3-4788-bf23-5bad6ed46e02","cmp_Spinner_A":"4fe2b504-1959-44f7-acdb-94ec05074c41","cmp_Spinner_Back":"a5f8a9c7-abb8-4129-9918-ca2710af2e3a","PACo_Icon_A Screen":"849abd3c-8dd9-43b6-8ca9-1176130051d9","cmp_Icon_A":"c08b05ff-f084-43e9-8373-828d545533d4","cmp_Icon_Back":"356cb6d6-9015-48fe-aba8-16646a932209","lbl_Icon_A_VAR":"9f1c91b7-f160-4c98-8955-660b8a2a9752","PACo_Visualization_A Screen":"0445e2ad-6008-4f7f-a92b-8495c435313d","cmp_Visualization_A_Elevation":"37c35ecd-0788-4669-9980-247e1cdd98d4","cmp_Visualization_Back":"a0537c14-9d42-43ad-a29f-4706578874f2","cmp_Visualization_A_Line":"fbf7741f-f734-48c1-bddb-ea4dfcead990","PACo_Tiles Screen":"eae0d78f-9b62-4c9c-9767-f590a619de31","cmp_Tiles_Back":"92a677b6-c628-4785-ba31-51d5b6604f7f","cmp_Tiles_Button_LoadData":"03dcfe8a-2a77-4178-bfbc-8cacec91244b","cmp_Tiles_Tile_A":"c927f6f3-c423-46d9-9eb4-8606934cae24","cmp_Tiles_Tile_B":"5440ca8e-1031-42d9-b7a8-bc3271669566","lbl_Tiles_VAR":"1a108f45-e010-405f-8ce0-a02f445086da","PACo_CommandBar Screen":"7d40bd5c-c052-4da3-bb59-21a0f7a96213","cmp_CommandBar_Back":"371f9d1e-1ac8-41f9-8281-e2c8412c1758","cmp_CommandBar_Button_LoadData":"f1560a45-eb4b-4fe0-90d3-060427c82962","lbl_CommandBar_VAR":"5dc10733-21b1-4b9c-8f5b-cee2b231bcb6","sldr_CommandBar":"0796f7c1-3871-41e1-b97f-3e9af3b60bc3","cmp_CommandBar_B":"e39791eb-5aea-43f1-9b23-5c5d38c5eabb","cmp_CommandBarMenu_A":"c3f9ff66-73ce-4570-afd1-954df7d6a911","PACo_DetailsList_B Screen":"e99a7191-f0df-4141-957d-6046482fd534","cmp_DetailsList_B_Back":"8e62a4f5-b673-411a-95ea-4ce4aa6e4e50","cmp_DetailsList_B_Button_LoadData":"253d6ea6-0f28-45bc-93a8-74156cc6e6fb","lbl_DetailsList_B_VAR":"cec50f8b-a238-4d49-8ad7-db90d2cbd6e0","cmp_DetailsList_B":"39262d09-0d57-4ef6-b3be-bbacfdb92af8","PACo_Dialog_A Screen":"2044281d-4e11-42f3-b708-a227c8ae08fc","cmp_Dialog_A":"1afac886-2b70-4b3b-bd7b-c64f86e04096","cmp_Dialog_Back":"741b5c30-bd7e-4445-82b6-2d2e0416fcf1","cmp_Dialog_A_Button_LoadData_1":"c277b42f-e334-452e-a01b-38b473d6d8de","cmp_Dialog_A_Button_LoadData_2":"f7cbec3d-067a-4a10-8ab1-b5ba944fdd02","PACo_Nav_B Screen":"99dfeba5-7ad2-421b-958d-47e84d978f0f","cmp_Nav_B_Back":"857d853b-5527-451a-8a99-364dc8309d27","cmp_Nav_B":"7943e6f8-583c-4c30-a54d-d520f433fe8a","cmp_Nav_B_Button_LoadData":"d135b419-838d-4eab-854d-86a4bfb36f6f","lbl_Nav_B_VAR":"0724da19-9c10-4a6c-9657-eff310defa3c","PACo_Nav_C Screen":"5e4303d1-7c4f-4fe3-9d3a-d4e045e9a926","cmp_Nav_C":"c61216e1-bb30-4b24-aa94-17eecf2d3bd4","cmp_Nav_C_Back":"4011f748-835a-4d4c-be8f-f97c5035005c","cmp_Nav_C_Button_LoadData":"12483cf5-19e7-49be-896f-854e2c595895","lbl_Nav_C_VAR":"caca6608-e5eb-4cbb-9c49-420f5714e9d4","PACo_Panel_A Screen":"86cd12ec-5f07-4bb7-b007-ac07d55518c2","cmp_Panel_A":"fd3d3093-0a3c-4533-a202-3457dfbe05a2","cmp_Panel_Back":"fe8a0b29-5ead-426f-935f-06655efe9fa9","cmp_Panel_Button_LoadData":"52460957-1b66-4717-b301-0872f253b191","lbl_Panel_A_VAR":"6a69dab4-5a81-4995-bce2-63554769d299","PACo_Tabs Screen":"28b47d9c-62ec-439b-be38-4f7088b46e29","cmp_Tabs_Back":"8c44f843-c0fa-4c7d-ad5b-02cc63e5e2c8","cmp_Tabs_Button_LoadData":"63e3431d-ee33-4b1c-a53f-857b06c07a49","lbl_Tabs_VAR":"db865fd7-86e0-4a54-baf7-bda239e0e2e9","sldr_Tabs":"3f6b97dd-e63b-44b7-ba53-ecf74b4d0c1e","cmp_Tabs_A":"57ec5968-7c6b-4846-992f-76844ebca335","cmp_TabsMenu_A":"5c09cfe9-5f88-4b5f-b22a-93a227805ec0"}