{"__Version":"0.1","App":"69c81fb7-1711-467c-9d60-85b8a346eb15","Test_7F478737223C4B69":"fd241787-4f30-4af6-a853-8cd25a4898c6","Host":"b6c9af76-dfec-451e-8c81-e504ea2d139d","PACo_Nav_C":"d9f52223-a7fa-4bb2-b5eb-23948e534221","gall_Nav_C":"574f28e1-61da-4ed6-a66a-7d3dfa927907","galleryTemplate2_1":"2235ac65-2217-4758-b069-b7aa7182c71f","shp_Nav_C_Gall":"46bdc8c8-ab13-4fc9-bf08-a38d63811fe2","img_Nav_C_Gall":"3377979a-abf7-48d1-a09a-f08312341708","icn_Nav_C_Gall":"0cdc737e-09f1-41cf-837e-4cc155724bf3","shp_Nav_C_Gall_Divider_Left":"d99cd751-4790-4127-8871-f0a7fbb71111","shp_Nav_C_Gall_Divider_Right":"4739e27c-0774-41de-81f8-6c8b3c6d2901","lbl_Nav_C_Gall":"8df2c963-f278-47e7-acff-82069a1b3fee","PACo_DetailsList_C":"0c041a01-3d30-4fc6-90ca-c8ecb8d44882","html_DetailsList_C_Visualization":"ddc9ecb6-22c5-4499-80a6-ad5b48aa64bf","shp_DetailsList_C_Visualization":"d88314a5-da92-4710-9b6d-0f3039c9e106","gall_DetailsList_C":"a2553bef-1c68-4401-87dc-f34ad6b3e972","galleryTemplate4":"5393ed51-7c8b-49f8-9d0f-8a8cfa81ffa1","shp_DetailsList_C_Gall":"3246e05e-76b0-4fe2-bc2f-0ab534558f81","cb_DetailsList_C_Gall":"b745e498-b379-497b-a967-86fae0a2f958","lbl_DetailsList_C_Gall_Title":"44727e87-8af0-4560-8335-1733dcde0015","lbl_DetailsList_C_Gall_Subtitle":"cdb33980-8a04-4398-86b3-38a15eec20e9","lbl_DetailsList_C_Gall_Body":"c6c13f19-1dfc-4bf9-a684-5625d5d0a14f","shp_DetailList_C_Gall_Divider":"0394359b-5c92-4b7b-8566-17b44f12ed95","PACo_CommandBarMenu_A":"4ed4c76d-3acb-4c25-8167-7e0273dbbd8e","html_CommandBarMenu_A_Visualization":"cf2b6514-2bd4-42f7-9b93-f52db819c1e2","shp_CommandBarMenu_A_Visualization":"519357c3-2551-4fde-9650-bd92a0f128c2","gall_CommandBarMenu_A":"6396e51d-7245-4a44-b0e0-33f6fdebb889","galleryTemplate1":"d30b5f64-42d0-4e8e-9357-f6d2455dfa2a","shp_CommandBarMenu_A_Bottom":"336bf0eb-963c-4909-a7ed-870c30743788","img_CommandBarMenu_A_Gall":"bd96912d-3ad3-4cf0-834f-350df9c9ce4d","icn_CommandBarMenu_A_Gall":"052560dc-7ff2-42ed-9d7f-55fcc5ca6831","shp_CommandBarMenu_A_Top":"d74d23ab-8893-4da6-a762-3d21cdfdbfb1","lbl_CommandBarMenu_A_Gall":"e74a3dcc-56ee-4b94-830a-af92d1dedb32","shp_CommandBarMenu_A_Gall_Divider":"dd32203c-6e28-4680-9579-53a85835266f","PACo_Visualization_A":"31f37cd3-6580-47a1-ab5f-59532f75e9ec","html_Visualization_A":"d23e50b0-84da-48be-886c-d91270744d88","shp_Visualization_A_Background":"5c53c983-cb0c-4119-a492-806c2dbf3463","shp_Visualization_A":"8342dbf5-cd01-49c5-904f-6f4985535410","PACo_Icon_A":"881b7dfc-8186-4c4a-a464-973e9c074310","html_Icon_A_Visualization":"d034f72f-8518-4d9a-b80c-5241cf1fd5fe","shp_Icon_A_Background":"d55dd476-7728-4561-8f30-aee1443bf76f","shp_Icon_A_Visualization":"3b71b816-5d37-4655-b1a1-a944be149aac","img_Icon_A":"1ea6e688-2fc2-4aab-86eb-3d69abeeb45e","icn_Icon_A":"7e454f35-9fb9-4949-becc-24cb316ade89","PACo_Tile_A":"cc4811b6-0eea-4a7a-81c1-82ac0817a74a","html_Tile_A_Visualization":"fd9aa896-04de-4e52-8a79-4f4a6ba047fe","shp_Tile_A_Background":"296cada1-e0d6-4bea-b402-ac20abd97da0","shp_Tile_A_Visualization":"ba78915c-c42d-45f1-8c1a-9595eae5a4e6","lbl_Tile_A_Text":"5e03aada-fa05-4b05-bc77-35ad28e68e5a","lbl_Tile_A_Value":"87677c2b-57a8-4b17-a069-997702f52fd5","PACo_Spinner_A":"c6b3fb51-919e-49d4-ae6d-617abb23bd0a","img_Spinner_A":"f9c7e563-76ab-44e4-8161-eaa5fc409be7","lbl_Spinner_A":"9a131d38-118d-49bd-b2d5-25045c654fab","PACo_DetailsList_B":"2face595-a24f-43a7-8644-800cf51186e9","html_DetailsList_B_Visualization":"b8e8e4b2-f959-40c3-a996-ea77f5f1e494","shp_DetailsList_B_Visualization":"8be438a4-86da-4ace-8f3e-05b6a04f667d","cntr_DetailsList_B_Main":"701caaf1-120a-4e60-9220-a9f52dd46e5e","cntr_DetailsList_B":"f8d0947d-9c25-47f2-adfb-fcc6f7805a31","lbl_DetailsList_B_Header_1":"57ca6940-dfde-4163-9d46-1417c236670a","icn_DetailsList_B_Header_1":"222105a7-eb41-4235-b497-6c56eab04b93","cb_DetailsList_B_Header":"6a3d89aa-ec26-4b38-b219-569ce4bc7b6a","img_DetailsList_B_Header_Sorting":"5668ee10-d478-465c-b587-244304afed33","lbl_DetailsList_B_Header_2":"01e3fce6-f5a7-4f7d-905a-add09a259c2f","icn_DetailsList_B_Header_2":"10b31f7d-881a-4476-84b2-5bb7790b48ed","lbl_DetailsList_B_Header_3":"6ad3fc58-7879-467d-bdf0-2cd260a36f85","icn_DetailsList_B_Header_3":"a5be62a7-d73f-424c-a254-98d59f123b72","lbl_DetailsList_B_Header_4":"580b6fb4-c35e-426c-85d0-06219697d6d0","icn_DetailsList_B_Header_4":"cb303219-6f19-4cb9-8639-db8943b1e543","lbl_DetailsList_B_Header_5":"32fbdb7b-2175-4e93-9088-8aa460725efc","icn_DetailsList_B_Header_5":"d1d20d7e-95f1-488d-b8a4-0665bcee20e5","lbl_DetailsList_B_Header_6":"0f02d2a8-4ea4-4de4-a578-0bbb217522d7","icn_DetailsList_B_Header_6":"9738dfc7-4309-4b02-8323-c6ee7748dbd1","lbl_DetailsList_B_Header_7":"4b88208a-e738-4c96-8198-b20c7300edc8","icn_DetailsList_B_Header_7":"e1740eaa-9059-4148-b52e-b119852be9e0","lbl_DetailsList_B_Header_8":"256b7c6b-3282-4749-b973-b2f57758a403","icn_DetailsList_B_Header_8":"c8e81eb0-2ec7-4bca-80ef-b980620fcb30","lbl_DetailsList_B_Header_9":"a871840b-8234-4bf5-8e8d-a1828a785efe","icn_DetailsList_B_Header_9":"c9aced13-1ada-4bad-8c69-51786bfd5abe","lbl_DetailsList_B_Header_10":"82be1ebe-04bb-4d89-9ae7-ec717c97ad4b","icn_DetailsList_B_Header_10":"7dbea92f-e472-4c9e-8db2-f87ba287f5f8","shp_DetailsList_B_Divider":"08674891-6ad4-437b-bad1-6e5d376ef81f","gall_DetailsList_B":"0bc75d66-f1d7-4cab-ab6b-0646047dcd71","galleryTemplate2_4":"6f3fde86-9a4a-4f57-9862-ab0a9fa5bbc1","lbl_DetailsList_B_Gall_1":"50894bfc-e7ae-4a38-8a07-fc8f4ca3fe7e","cb_DetailsList_B_Gall":"685a5e87-346f-4608-9c56-7a1fb16dee74","shp_DetailsList_B_Gall":"aeb7c2bc-9606-41b6-9a78-617b3c294143","lbl_DetailsList_B_Gall_2":"537e25d3-058c-4450-a718-305bf4555130","lbl_DetailsList_B_Gall_3":"03a383a0-87ce-4a3e-98cc-f410c421b312","lbl_DetailsList_B_Gall_4":"f54ad5cf-0611-4db1-a698-f5ccc56d59ee","lbl_DetailsList_B_Gall_5":"ae857858-4cd3-49d0-9495-d475582b9119","lbl_DetailsList_B_Gall_6":"f1632e9c-679e-4b78-8513-2261535e4e87","lbl_DetailsList_B_Gall_7":"bfa4aa8d-4ad0-424d-b56f-077c5c2d8a59","lbl_DetailsList_B_Gall_8":"52c55bb2-88b1-4968-9f44-04b4652a2e00","lbl_DetailsList_B_Gall_9":"d9746641-94a9-404d-bfa5-013ca099baab","lbl_DetailsList_B_Gall_10":"3cc35555-b279-4fb3-bd70-5e6eba50cb0a","shp_DetailsList_B_Gall_Divider":"85548a54-35fe-4c86-a659-8e1229d582df","PACo_Nav_B":"b4e191fb-35fa-4fed-a3f5-f95bf4ea10ed","html_Nav_B_Visualization":"b223aae8-a9f0-47b6-9e31-6797e2063418","shp_Nav_B_Visualization":"e5c5092e-8261-4094-b788-24ed077e43e6","gall_Nav_B":"4ed321e2-39c8-46bc-a167-a0f28fa39049","galleryTemplate1_3":"58650095-8b0e-43f1-8e02-6fe82a191275","shp_Nav_B_Gall":"52d64f63-b065-46ba-b9cf-0f0152a343fb","img_Nav_B_Gall":"ae2f6257-7c90-4798-9f18-3cb004e5d815","lbl_Nav_B_Gall":"861700a4-cadd-4f07-ba07-f7eff822dcf8","icn_Nav_B_Gall":"d8ba395e-0315-4801-8992-6b0061a83900","shp_Nav_B_Gall_Divider":"2bb46430-d868-4b13-a649-ee5096f73982","PACo_HeaderSettingsMenu_A":"24106495-4717-40e7-9f06-9831bc468623","html_HeaderSettingsMenu_A_Visualization":"d8f8f801-a136-494b-bc35-f33f863ce3e7","gall_HeaderSettingsMenu_A":"aba2578d-302b-49f2-a8c9-d386585f27e0","galleryTemplate1_2":"c696ee33-56eb-4b16-9d78-44e5964af5f4","shp_HeaderSettingsMenu_A_Gall":"b241fb34-ac70-4e27-ba3a-8e9f39f4dbbe","lbl_HeaderSettingsMenu_A_Gall":"c4563842-9f2f-417a-b9f0-8d94adf7929e","icn_HeaderSettingsMenu_A_Gall":"1e392d74-addf-47fb-a771-d4ae35b01f0f","shp_HeaderSettingsMenu_A_Gall_Divider":"dacd5acc-4a49-4bd7-b8c2-d6c9eb144803","shp_HeaderSettingsMenu_A_Visualization":"1ac1cb9f-84b8-4c83-be12-02e30e15c7cc","PACo_Dialog_A":"47e9c8d3-d651-47bc-80c8-088601fa5c8b","cntr_Dialog_A":"53a0e6c5-dc05-47f1-b24a-57206c806851","html_Dialog_A_Visualization":"375a6c88-5721-4327-8bf5-050f49565a16","shp_Dialog_A_Visualization":"ecfe8b5c-9fa1-4011-9f72-c955da202465","shp_Dialog_A_Area":"2c81d6d0-e2fc-4dc9-a0e2-e969269976e7","lbl_Dialog_A_Title":"681e2714-7f16-4d40-9127-bd3607a337f3","lbl_Dialog_A_Message":"401d1f32-8811-47e0-a32c-62146934dbfd","html_Dialog_A_Message":"f5ecd7cd-c17f-4ed2-950e-acb6fc3bf66c","cntr_Dialog_A_Button_Last":"b17d4430-7a8f-4951-ab12-df11927ea595","icn_Dialog_A_Button_Last":"9905f747-cd86-40c7-87ef-1d03e9e3e27f","img_Dialog_A_Button_Last":"e307d331-f64b-4946-a9bb-a4c88fb91762","lbl_Dialog_A_Button_Last":"82fb8289-be13-4fb3-8f96-00ea5f4d8828","btn_Dialog_A_Button_Last":"067407f1-4a60-4bad-bdf5-488ca0b570f8","cntr_Dialog_A_Button_First":"0d0be386-f8f3-4e6d-8772-3ab95cb329ae","icn_Dialog_A_Button_First":"a5dfc3ea-d148-464e-9f55-57ba62bebe7d","img_Dialog_A_Button_First":"ab798112-4add-4b04-96d7-69945315a440","lbl_Dialog_A_Button_First":"284839db-ad36-4596-8632-be426d01114a","btn_Dialog_A_Button_First":"eacdd0b2-95f2-4ff2-8d01-8ed01b7d5dd0","html_Dialog_A_Button_First":"82952062-74d6-4d9e-8820-bb4c122fa5cf","html_Dialog_A_Button_Last":"9574809e-7f93-4e52-86a2-55c6cb6c788f","PACo_CommandBar_B":"40e4c547-6762-4f69-9a49-e5ad29b4451e","html_CommandBar_B_Visualization":"531fa7e4-d82e-43ff-bff5-d5805a17a816","shp_CommandBar_B_Visualization":"3302e03a-b002-43ae-83af-ef021af60e13","cntr_CommandBar_B":"42914217-1bdc-4119-a4d0-317f29faa791","shp_CommandBar_B_1_Bottom":"e00cb636-2653-4610-a549-1ce9c5cee524","img_CommandBar_B_1":"ff4dc083-0694-4398-805e-eb3fd357bce7","icn_CommandBar_B_1":"12a97f26-93ea-433f-b956-a6e472597b65","shp_CommandBar_B_1_Top":"d217d714-fd6c-4fdc-8358-7113ebb06f3a","lbl_CommandBar_B_Menu":"a0485b9f-9d52-47c9-b2c3-3523f2408562","icn_CommandBar_B_Menu":"0b0aa395-63ad-43b4-94fe-2cea4d36d508","lbl_CommandBar_B_1":"d05d09dd-caed-4ed6-be8a-ffc424db774b","shp_CommandBar_B_3_Bottom":"0d35f23e-0da5-405f-9de8-72864b232124","img_CommandBar_B_3":"ef7c97bd-451d-4fd5-88fc-d06c2f53a599","lbl_CommandBar_B_3":"859130b3-6138-4e22-b7fb-fcdd3b9907d6","icn_CommandBar_B_3":"640e1eae-2f60-4901-9618-f1af082b9b52","shp_CommandBar_B_3_Top":"365fd195-03a3-4467-a118-e82d898fe3f3","shp_CommandBar_B_2_Bottom":"1563a115-fdd5-4d13-9b21-e8778034887e","img_CommandBar_B_2":"4fb497b8-c9da-4943-b0bf-1d4aa0a60d17","lbl_CommandBar_B_2":"ef8477e1-d284-41d2-8530-8eb9e065a139","icn_CommandBar_B_2":"da4082eb-dee3-4dd9-9028-c0b09960af19","shp_CommandBar_B_2_Top":"195581b4-0658-4a4b-b264-92ca6e2ac011","shp_CommandBar_B_4_Bottom":"d149e4cb-7623-4aec-be2c-b077beb6391b","img_CommandBar_B_4":"a7331fa7-cce5-44d1-8321-dcbc96ba5078","icn_CommandBar_B_4":"68787ea9-3dd3-4424-8df8-4f3b9c5caccb","shp_CommandBar_B_4_Top":"0ec18986-a0fd-4e0d-9e97-dc1e5f8f3da6","lbl_CommandBar_B_4":"3e07c1ac-cc1f-48ec-b172-0db33e811ec6","shp_CommandBar_B_5_Bottom":"5e3f3472-b649-400a-901d-c6a8f8c039df","img_CommandBar_B_5":"f85d4539-3917-431e-b8a8-d7db54f2ce51","icn_CommandBar_B_5":"6da9ac44-abe6-40c5-9f01-3440b76d030d","shp_CommandBar_B_5_Top":"5d15a32a-9842-4222-b200-aaf0ac611296","lbl_CommandBar_B_5":"7f609a41-d1b8-4c95-b4ec-b27d6f09cbbb","shp_CommandBar_B_8_Bottom":"9e940fff-10d2-4fa3-b5e1-8554391bf1fc","img_CommandBar_B_8":"7d34109f-9d4f-46ac-b74d-0400541ece1a","lbl_CommandBar_B_8":"dea9279a-d047-4d1a-afc3-d5628d1dab5c","icn_CommandBar_B_8":"056e78af-3b6a-44e4-b7b2-8a415c2a3428","shp_CommandBar_B_8_Top":"5083f97d-444b-4989-bd80-9fe5663b1d4c","shp_CommandBar_B_6_Bottom":"95150881-44b8-442d-b7bc-09b89a568f39","img_CommandBar_B_6":"88ae1444-8646-4aaa-9944-80cd98067d0e","icn_CommandBar_B_6":"0e21b7aa-d998-4166-90d1-886dca0b602b","shp_CommandBar_B_6_Top":"8f8c3b7f-e827-46f8-81b5-dd08ef28b645","lbl_CommandBar_B_6":"db327562-e64d-4f84-ad04-a4ad24f703e0","shp_CommandBar_B_7_Bottom":"587c4235-96a6-4638-9751-342988500ac8","img_CommandBar_B_7":"75e5b7fa-d7dc-4a9c-a932-81ca8ded7ac5","lbl_CommandBar_B_7":"7f500f5c-bf25-4c4d-b426-be7149eb2038","icn_CommandBar_B_7":"280abf7c-f9ca-4575-b3c8-0343648aa233","shp_CommandBar_B_7_Top":"600e0947-7f87-41ff-8f31-18d56576b9cd","html_CommandBar_B_1":"ee8f797b-ebfd-433b-a546-6af5548a8791","html_CommandBar_B_2":"ac89f2fd-8827-4e54-981b-93da802340b3","html_CommandBar_B_3":"933f8444-c9dc-4fed-b621-550d60c71eb6","html_CommandBar_B_4":"66705788-7cdc-4aa5-b047-60d4a767f9ea","html_CommandBar_B_5":"ff4a5ed3-b8b3-4728-88c2-153e9e13bc9f","html_CommandBar_B_6":"ca46ad2d-87d2-4303-a304-e033e51af282","html_CommandBar_B_7":"18dcb2a9-f9d7-49ce-8f15-fe7b3d7bbb9e","html_CommandBar_B_8":"900a29c9-40c4-43e7-8073-1b54116152e0","PACo_Panel_A":"0ae5e71e-86f6-4b26-9356-188ad21b72d3","icn_Panel_WholeArea":"2189c36a-ecc1-418f-8c38-f5730310c5c8","html_Panel_A":"430c900a-c804-41d4-8ac2-530afc56e375","shp_Panel_A_Area":"efd67521-5ad0-4528-abe0-989805afdcfc","html_Panel_A_CommandBar_Visualization":"c815e36f-6fa0-400d-9a37-1703cbc9864b","shp_Panel_A":"874132ee-e7c0-443b-8dc5-ccf814c4c29f","shp_Panel_A_CommandBar_Visualization":"752eff9b-0b64-4b61-a843-9ee814c8e88f","cntr_Panel_A_CommandBar":"9f9396b0-e740-41ec-8da4-2ceb66cc5f35","img_Panel_A_CommandBar_1":"e687ac15-c3b1-4d52-bb77-e24511714b54","icn_Panel_A_CommandBar_1":"2760f94f-3f1e-4eae-8788-4071b6105a59","lbl_Panel_A_CommandBar_1":"adf21ca9-f40b-487a-b151-1325e435fabd","img_Panel_A_CommandBar_2":"045e76a8-a115-4e64-8ba0-3e223aa57cee","icn_Panel_A_CommandBar_2":"f754bf25-e48f-4de8-8129-4e6f83a47bf7","lbl_Panel_A_CommandBar_2":"8cacd062-911a-4b93-ba6a-67a5e0a320e9","gall_Panel_A":"b0ac6c54-f0cf-4f39-a724-958b811a9aef","galleryTemplate2":"372e7042-c476-43ca-8fc6-62379a84c366","lbl_Panel_A_Gall_Label":"0e278d6d-9b31-484e-bdc8-62a5667d0c08","lbl_Panel_A_Gall_Text":"27704e40-f696-48be-85ca-6eefeb04259b","cntr_Panel_A_Button":"8295b4ec-f2fa-491a-891b-ea739559709b","btn_Panel_A_Button":"a42b81f4-41c7-4768-9008-9b020f60aef7","icn_Panel_A_Button":"6732730e-d63b-4698-a75a-edb91ef2d8c2","img_Panel_A_Button":"ee319893-b309-4eea-9f72-3ce0c9fc0ffe","lbl_Panel_A_Button":"47d94bea-1d02-4dfb-a88c-ffb97b9151bb","html_Panel_A_Button":"ca65a8fc-55b9-4a52-b9ee-b4bf555847ca","html_Panel_A_CommandBar_1":"2e947092-83b0-4723-b523-f1698bb36c0f","html_Panel_A_CommandBar_2":"424c1f15-6540-4de8-b1f3-c8229ebb791f","PACo_Info_A":"1a04c7df-d408-4793-9325-cd679065cbc1","cntr_Info_A":"ff53803a-4f4f-447c-a923-75959faa884f","html_Info_A_Visualization":"b1ac4dc5-7468-4be5-a4fe-e5686678f737","shp_Info_A_Visualization":"74d3b596-7908-4985-88b1-e448b04ac3a7","shp_Info_A_Area":"4d001995-242e-4fb1-ac56-be10e3154637","lbl_Info_A_Title":"82f0eddc-95ba-4d51-aee0-1a71707e22ad","lbl_Info_A_Message":"5a706a2c-c5a8-4f39-b9a5-b9938420ee26","html_Info_A_Message":"c50aa8ae-e73b-4b49-9ee4-6db25aa99b1d","cntr_Info_A_Button":"2a5d1cdf-967a-4e3c-8d93-7f0fbcf38761","btn_Info_A_Button":"87e107f9-6138-4412-bd67-73d4e8ff1bca","icn_Info_A_Button":"97ed9dee-5e9d-4fd1-8697-dc001a6f062f","img_Info_A_Button":"9c15f811-5003-41ca-a889-df8e925005b5","lbl_Info_A_Button":"02f8ce85-4952-48fe-9582-a76359c8961e","img_Info_A":"42cdb904-0f5f-4e7a-917c-56b242e877fc","html_Info_A":"07313a04-932d-408d-b430-818b6d2d78a0","PACo_TabsMenu_A":"a574c609-673e-4d07-bd9f-3317532081ab","html_TabsMenu_A_Visualization":"7a99afd6-2514-47bd-8382-9e401b03bd44","shp_TabsMenu_A_Visualization":"5548c957-5a43-405a-94e3-fbacf34c3131","gall_TabsMenu_A":"97fbaf1e-8bda-481c-8938-afe71052f7ae","galleryTemplate1_7":"c0486b90-eb1d-4bfc-a7c6-89dc3fe4607e","shp_TabsMenu_A_Bottom":"7b7339e9-cffd-464e-ba21-4d84eeb07d8b","shp_TabsMenu_A":"2c08feef-cdfd-488a-ad38-2f1029b3cab8","icn_TabsMenu_A_Gall":"8956767d-1efd-4c97-b129-de82eb36cc1d","shp_TabsMenu_A_Top":"a4102b92-a3d5-4235-809f-2ac4ba3b5556","lbl_TabsMenu_A_Gall":"418e9d90-5a02-4d13-abd6-38f9f015192c","shp_TabsMenu_A_Gall_Divider":"a96df455-86ca-4167-8e98-2748f9581516","PACo_SelectList_A":"4f2f6cf0-c768-4d7c-80a4-74b93cbbef96","cntr_SelectList_A":"a0a327a9-301f-4876-bc36-a403924eea00","html_SelectList_A_Visualization":"835bee22-f3a1-49d0-8306-a4a226c6db29","shp_SelectList_A_Visualization":"68bf8fde-98fb-4a81-961c-f4fb8af68f2c","shp_SelectList_A_Area":"316d904c-3913-4ab6-ba0d-344dad333f60","cntr_SelectList_A_SearchBox":"78b5c0cc-5f05-4b7c-9604-6c5539d85c09","html_SelectList_A_SearchBox_Visualization":"e4258aeb-b630-42f0-9a85-18b4137c5224","shp_SelectList_A_SearchBox_Background":"26a79632-c720-4ec6-bdb0-ae7a66ac9ddf","shp_SelectList_A_SearchBox_Visualization":"23bc93ae-3ba6-40cb-8c9d-0584cbafbb5b","ti_SelectList_A_SearchBox":"4e1377d9-13bf-43d4-9eb1-207843a6b813","img_SelectList_A_SearchBox":"9278319c-eddb-4892-8abf-4932423bb661","img_SelectList_A_SearchBox_Clear":"db2d707e-cd78-4814-b0f0-531122fbd8e4","icn_SelectList_A_SearchBox_Clear":"b6a3a867-0c62-4e0d-ac1b-3ff5c56e9db7","html_SelectList_A_Gallery_Visualization":"3d06a4fd-5850-4769-a01d-767244181511","shp_SelectList_A_Gallery_Visualization":"f18b946d-9a7e-44d0-be0d-11ddf1b72abf","gall_SelectList_A":"4243f0f3-c4ee-4b73-a497-810e54585855","galleryTemplate5_1":"861af9e7-02ed-434c-a5a5-7b0cc4977a82","lbl_SelectList_A_Gall":"20e07315-28a1-4203-a669-027bd20172a0","icn_SelectList_A_Gall":"fda1ed48-e140-4cf4-9bce-dd1c6ec888f1","shp_SelectList_A_Gall_Divider":"bbbba495-58e3-4dad-864b-f1b95effcb54","cntr_SelectList_A_Button":"0610809f-2a2a-427d-b782-9d990b8b5ac0","btn_SelectList_A_Button":"d19cdf80-0578-428f-922f-4df417131397","icn_SelectList_A_Button":"2d901e2c-c782-4cf4-a6a0-1bc2fc8764c8","img_SelectList_A_Button":"1eb29af5-0e2f-42a7-afbd-05ba5434d576","lbl_SelectList_A_Button":"16188c76-4fbd-4138-af40-d15c122221b6","html_SelectList_A_Button":"d74097a3-7613-44aa-80cb-e9139656fa43","PACo_ProgressIndicator_B":"5f206948-dd59-441a-a8a8-21eb75eaf82d","html_ProgressIndicator_B_Visualization":"c871c610-fc35-443d-b2c0-a50081ad9c6d","shp_ProgressIndicator_B_Visualization":"d5873205-d878-4ad5-b7fd-ec97d8853be8","gall_ProgressIndicator_B":"ddc8d852-4479-464a-8a89-aef30d1cb702","galleryTemplate1_4":"8ddb477b-351e-4862-9a66-f5bc8ff64659","shp_ProgressIndicator_B_Gall_Circle1":"01afe7de-8372-4a06-a286-cccc1edfd506","icn_ProgressIndicator_B_Gall_Circle_Clickable":"081a9912-6729-4f18-963e-02c7284d2c41","shp_ProgressIndicator_B_Gall_Circle2":"73c09ff6-9f8c-4f80-b51f-7c8732ff4efd","shp_ProgressIndicator_B_Gall_Circle3":"cf541785-4f7e-4b15-8166-d2af7210e275","shp_ProgressIndicator_B_Gall_Left":"59eb0696-21ad-4651-8aff-0a3b15cb2ba6","shp_ProgressIndicator_B_Gall_Right":"c925387d-c16a-4c65-81c5-67114add7104","lbl_ProgressIndicator_B_Gall":"4a78bd49-2f19-49d8-ad1d-a082e23bcd8e","PACo_ProgressIndicator_A":"375daafd-2a96-4d4e-b365-1aee01e42321","html_ProgressIndicator_A_Visualization":"7a2b630d-f6c3-4fd0-88ea-b4231af1527e","shp_ProgressIndicator_A_Visualization":"9d20bcea-a3b5-414c-927a-fa810fdd8e03","gall_ProgressIndicator_A":"65f894e1-6d9c-456e-a33e-dabbfdda7a6f","galleryTemplate1_1":"f89903c5-fbfc-4410-a5b6-a01019da4629","shp_ProgressIndicator_A_Gall_Circle1":"93bd8ac8-d5eb-4c2a-914c-74339f1ede26","icn_ProgressIndicator_A_Gall_Circle_Clickable":"1b6cdef8-9ae7-47ae-bbb0-8481257f7ad8","shp_ProgressIndicator_A_Gall_Circle2":"450b7a76-51db-4a81-94c2-623fe87138f3","shp_ProgressIndicator_A_Gall_Circle3":"64dd5d6e-0a29-4ca5-a383-bbc4b83a4630","shp_ProgressIndicator_A_Gall_Left":"c4816eac-454d-402d-82eb-bcd560ca21c4","shp_ProgressIndicator_A_Gall_Right":"0f10de40-0e06-4ab2-acdb-d2073243741d","lbl_ProgressIndicator_A_Gall":"da09cdfc-2c46-4b4f-a7a2-0fa91246652d","PACo_CommandBar_Item_A":"3650ab96-cadb-4f39-b903-22e48e98af4b","shp_CommandBar_Item_A_Background":"e1eb8883-e308-47dd-b144-caa34a336aa5","img_CommandBar_Item_A":"8f09fb91-1f86-4f68-bc8a-791fd0817b6f","icn_CommandBar_Item_A":"cb12bd47-09b4-4f97-91f4-d1c5dca94217","lbl_CommandBar_Item_A":"62c709f4-4f83-4ef0-90ec-830b595f13fb","html_CommandBar_Item_A":"f0c39f45-2daa-492c-86d2-f3eeb8bc0409","PACo_Button_A":"be780fec-9d2d-440c-af20-34e5020b60c1","cntr_Button_A":"07a49833-debf-41fa-ac25-1ef943240995","img_Button_A":"009002a6-3929-4c62-b7dc-ca7d73da6ee5","icn_Button_A":"72e750ae-2eb4-4153-a8c0-98a84ed95798","lbl_Button_A":"35980a51-d633-4ec2-8cf5-41d93c19e2c6","btn_Button_A":"613e3d93-6f40-4148-afc3-8a46ab13dc44","html_Button_A":"1f82073a-061a-416e-81d2-6104f3e8e943","PACo_Tile_B":"96ac318a-cb39-4253-b3bc-5f6643630f46","html_Tile_B_Visualization":"d0f798f4-3c41-49a2-a41e-05f7e451d61e","shp_Tile_B_Background":"a3979f4c-a487-43de-aab7-f7a440fb1c42","shp_Tile_B_Visualization":"5126b8a2-6a22-4e4b-83a9-6ef0481e0bee","lbl_Tile_B":"0f6a8241-c59f-40ca-bd45-11aaeac69d3b","icn_Tile_B":"d3c53641-e502-4c86-8e57-85698ea81a4d","PACo_Tabs_A":"422ded18-f3fc-4125-9c62-d3eb78034016","html_Tabs_A_Visualization":"3b4a1750-c212-4dc3-acf8-769f57d66bc7","shp_Tabs_A_Visualization":"6a067b8c-de8d-4825-b82e-459675ce62ea","cntr_Tabs_A":"32c052ee-7ea0-4994-be91-8eabb2fb0572","shp_Tabs_A_1_Bottom":"7c85d7ef-210c-4313-a8ac-fd7b87d6cdfd","lbl_Tabs_A_1":"da6c223d-98f4-4542-9c96-19352bdcc390","icn_Tabs_A_1":"90280539-a158-4c4b-8c50-518022c85f9d","shp_Tabs_A_1_Top":"55d9d611-c4ec-412d-8d38-ced5c5df38db","shp_Tabs_A_2_Bottom":"a6a6cdb6-0ccf-485d-bb29-585233d3bdf8","lbl_Tabs_A_2":"25f67ba9-a4fd-430b-8705-98751c94fe7e","icn_Tabs_A_2":"369798c5-37f2-4c59-ba7c-df6368b1e875","shp_Tabs_A_2_Top":"fd351214-f622-428b-be17-62664cb27fab","shp_Tabs_A_3_Bottom":"f9380a75-3b0c-4034-a25b-44d3b5869798","lbl_Tabs_A_3":"0ca281ed-a05e-409c-802f-d1920882425f","icn_Tabs_A_3":"5e25d22c-7640-4301-bae6-e822317cd09d","shp_Tabs_A_3_Top":"93e4fbe0-d5a4-4a34-abfe-6f79008e184b","shp_Tabs_A_4_Bottom":"2349c092-9ca0-4656-8bcc-8a703498ad90","lbl_Tabs_A_4":"0b8ec836-4bd3-4dbd-b5c3-17d513c50757","icn_Tabs_A_4":"1538a419-9a63-4c9d-9264-90ea5a2fff43","shp_Tabs_A_4_Top":"e8b62477-977b-438d-96c6-f927eadd4590","shp_Tabs_A_5_Bottom":"979bb8ac-be65-4c4c-b231-c27ccc4539cf","lbl_Tabs_A_5":"d28f341c-eee7-4752-b209-93227477b58c","icn_Tabs_A_5":"e0a2e9d7-757c-4ae3-b252-2955fb3acdda","shp_Tabs_A_5_Top":"4e6a47dd-52ba-4547-b3e3-822008c5a04f","shp_Tabs_A_6_Bottom":"fd2b5f37-f8b0-4e53-a0c3-cfbf85cd9cc3","lbl_Tabs_A_6":"52bc9ed6-71d8-4d03-b706-343bc6d03643","icn_Tabs_A_6":"2d58597c-32a1-4d90-87a6-5f9aebf251fe","shp_Tabs_A_6_Top":"b33d2ab8-8cea-4ef1-af9f-5cdcb5249ce8","shp_Tabs_A_7_Bottom":"dfe9ce32-46b0-4790-abea-54f6a8ce4b1c","lbl_Tabs_A_7":"5babcd48-a8d9-41c1-9042-0a08a8e17fbd","icn_Tabs_A_7":"3352cebf-d282-49a0-982c-4e3adb60f120","shp_Tabs_A_7_Top":"c3501705-0929-4b09-b520-9b5e8c577a63","shp_Tabs_A_8_Bottom":"934fc4f3-dbae-4045-871b-c15cf4d9e466","lbl_Tabs_A_8":"073f3112-1a6e-4983-bcbe-07188bbdae00","icn_Tabs_A_8":"e4029f21-41ad-450e-8f05-48916ea69d74","shp_Tabs_A_8_Top":"d8e58d10-d1ef-4411-af83-c61328cbc41c","lbl_Tabs_A_Menu":"9f8d02f0-5fb6-44a9-b450-044e06e1c751","icn_Tabs_A_Menu":"fb01b8f3-ede8-4fbe-8b39-3d7f6d6a344a","shp_Tabs_A_1":"f69fe140-a130-48ca-a6f0-0e2e3e7a5852","shp_Tabs_A_2":"b6f6f8ff-0ca5-4e08-8ef8-0a53aeeee7f2","shp_Tabs_A_3":"6319ab55-1369-4d16-b885-471ee3cefd06","shp_Tabs_A_4":"d825f189-6180-4723-ad8f-c109e9b78973","shp_Tabs_A_5":"d1c6b8c1-512a-4671-ab72-0f00cc00cd88","shp_Tabs_A_6":"83d9d734-823c-463a-9079-d18a5a7c844e","shp_Tabs_A_7":"07a4215c-20b7-455f-97f0-9d8a17170379","shp_Tabs_A_8":"e3f3d467-bc7e-4d24-9965-ad5bc7027b89","html_Tabs_A_1":"47b7d53c-2109-44fc-b402-9c6d5e27f91d","html_Tabs_A_2":"a8d0f2db-a699-4332-967a-0a951fa7e3c7","html_Tabs_A_3":"693ed198-3aee-434c-a212-db935f97d30a","html_Tabs_A_4":"94cc8c85-43c4-48db-99ff-dc4bd6acdf4d","html_Tabs_A_5":"4d0eefe6-3176-4084-89c7-350adc03de07","html_Tabs_A_6":"a10af9ec-a6d1-461d-aa60-2e63e55609c8","html_Tabs_A_7":"cd3df2fb-0d0f-45df-8efa-b714bc0d2490","html_Tabs_A_8":"91c53c58-711c-492c-808c-cfea80a9a0ed","PACo_HeaderLanguagesMenu_A":"f0713580-2c64-46d6-bb7b-8dcc42428c9f","html_HeaderLanguagesMenu_A_Visualization":"3904c0ae-9326-45c1-b0e1-8b68af31cdfe","shp_HeaderLanguagesMenu_A_Visualization":"7153468b-cc6f-4904-8a78-9644403fd49a","gall_HeaderLanguagesMenu_A":"b0ebad3b-9a60-4217-8aa8-acc7983eb9c4","galleryTemplate1_6":"e3e56f30-6f6c-48db-9bde-675b5c4d9456","img_HeaderLanguagesMenu_A_Gall":"7062eead-8b93-4916-b9e5-fd07be4d5e88","icn_HeaderLanguagesMenu_A_Gall":"f452c90e-9533-4924-b7aa-d3261025bbc5","shp_HeaderLanguagesMenu_A_Gall_Divider":"5c81f0d4-fdf4-4067-a789-c60ccf4875b6","PACo_Log_A":"47d25993-341f-460e-a0a3-c1d595b66091","html_Log_A_Visualization":"64b6e352-7203-40c9-8e61-ebcffab1436c","shp_Log_A_Visualization":"01f62ab7-de4b-47f3-bb3c-5359fbcb83ae","gall_Log_A":"203ed8c2-8560-410c-aa4c-ad1dd1c8ac2f","galleryTemplate1_5":"5768081c-3d93-42e2-9a20-8a424166db51","shp_Log_A":"405cc2cd-4f7d-4d54-b390-0b02e4ee4a13","icn_Log_A_Gall":"36553f3b-a438-4257-b2e5-3b98ec26053f","img_Log_A_Gall":"c2d26953-5b2a-44f7-97fc-6e4bbb5f2ddc","lbl_Log_A_Gall":"459575f8-48ba-4bc8-b1cd-eb0c58effc63","shp_Log_A_Gall_Divider":"99f7893a-9b41-4e17-96ad-620d6f56dcd6","PACo_InformationBlock_A":"66a46726-3db8-4552-8b32-ec4bedee97d5","html_InformationBlock_A_Visualization":"4e736786-3b59-45aa-9181-c33568a5ce7b","shp_InformationBlock_A_Visualization":"3243ec4d-ebe6-4f57-9d94-0660354140c7","lbl_InformationBlock_A":"f0a0a6e8-4891-4e53-981b-ec1aaa65b191","shp_InformationBlock_A_Divider":"6de7002a-aa6c-4e61-8492-feff0cbb1a4c","gall_InformationBlock_A":"372b05cf-71ed-4c4a-a95b-57ebbc2ad18a","galleryTemplate6":"783d8500-11a3-4689-96a1-9524dbb1cbca","lbl_InformationBlock_A_Gall_Label":"19422478-491f-4c03-9088-b7c3c74fa5da","lbl_InformationBlock_A_Gall":"e8338edd-cf5a-4a88-9774-b54bdd4c5ef9","icn_InformationBlock_A_Gall":"ac7c8054-3342-4c5d-81a6-ab52e397fc3b","shp_InformationBlock_A_Gall_Divider":"eeebab50-cbd8-4983-af08-de95d75e4f20","PACo_ProgressIndicator_Shimmer_B":"dfabd908-f66c-4300-a010-d5ed0dfea1dd","html_ProgressIndicator_Shimmer_B_Visualization":"3eb79bfa-31c3-4b5e-94f2-703878f0b4b2","shp_ProgressIndicator_Shimmer_B_Visualization":"1eaeb1ca-fe35-4740-900a-3fdfe3863139","gall_ProgressIndicator_Shimmer_B":"7d35c970-9609-459a-8337-744c72b2cdd9","galleryTemplate3_1":"7b96746c-8c79-4838-86c5-d1641858c7ae","shp_ProgressIndicator_Shimmer_B_Gall_Top":"f63fa99b-1387-4af8-9daa-6d1d0be6b2a0","shp_ProgressIndicator_Shimmer_B_Gall_Circle1":"1e8127a3-a499-4201-9edf-959ba76363a4","shp_ProgressIndicator_Shimmer_B_Gall":"87bf198e-8eeb-422c-809a-e1ad6e9dc18c","shp_ProgressIndicator_Shimmer_B_Gall_Bottom":"3b00d85c-0284-4ec5-aafe-6cd84ee0ab2a","PACo_ProgressIndicator_C":"c54abea2-bb48-4ffe-8d81-99979de7d555","html_ProgressIndicator_C_Visualization":"09fb545a-2858-4202-9609-a9340bb775eb","shp_ProgressIndicator_C_Visualization":"19a77449-b89e-4da2-b588-14d47d6304a4","gall_ProgressIndicator_C":"31c2cab6-59f9-443a-b9f5-dd2e1fe989b4","galleryTemplate3":"eea14254-7e9b-4718-b8f9-afbbe4969163","shp_ProgressIndicator_C_Gall_Top":"d5443af5-57b7-4bec-922e-e70b9dad0172","lbl_ProgressIndicator_C_Gall":"0cae9243-02d6-49bf-a458-db8b7d6b1bd6","shp_ProgressIndicator_C_Gall_Circle1":"d6ca4c0a-85c8-4519-bfa8-b4226b54b89c","icn_ProgressIndicator_C_Gall_Circle_Clickable":"d6a81c26-69ce-44e2-9c3d-e620b1cac066","shp_ProgressIndicator_C_Gall_Circle2":"acd773a0-cf88-45c1-8829-731e811e31fe","shp_ProgressIndicator_C_Gall_Circle3":"145445bc-6bf9-4e0f-bf9b-23201a0b264c","shp_ProgressIndicator_C_Gall_Bottom":"c5af1722-93a8-4e17-af5e-ddd166f1e408","PACo_ProgressIndicator_D":"030ef834-574d-4ed9-b4b8-cf56277add79","html_ProgressIndicator_D_Visualization":"8aba40ec-f337-4f08-9275-414b9cab9713","shp_ProgressIndicator_D_Visualization":"1c002644-b723-4421-8750-36e1ce8c89cb","gall_ProgressIndicator_D":"b2f7085e-344f-4a96-afee-73f90b0ae116","galleryTemplate5":"483662cd-e2e5-4808-9805-de5fa3b70f4e","shp_ProgressIndicator_D_Gall_Top":"28949669-b535-4032-9896-51af1516617a","lbl_ProgressIndicator_D_Gall":"557ee1c2-e95e-4674-b7f7-20f2e33eeb27","shp_ProgressIndicator_D_Gall_Circle1":"6462ad15-11ea-406b-8707-db993b3c67c3","icn_ProgressIndicator_D_Gall_Circle_Clickable":"dd1f63ce-2887-49a4-b57e-7cbcefc48746","shp_ProgressIndicator_D_Gall_Circle2":"048b331c-e7ec-4e80-903f-718c3aefd146","shp_ProgressIndicator_D_Gall_Circle3":"00197bfb-dfce-4b09-8b4a-cbac03eae120","shp_ProgressIndicator_D_Gall_Bottom":"7fa800a4-7b1c-402d-9873-12b9cb5995ca","PACo_DetailsList_Shimmer_A":"dae3507b-80ee-4c73-8262-68f4c2a1a7cd","html_DetailsList_Shimmer_A_Visualization":"dd69413e-090c-4653-87f5-e16c89c47477","shp_DetailsList_Shimmer_A_Visualization":"25c36d51-f5bb-4d5e-abdf-c2cf74a61a5c","cntr_DetailsList_Shimmer_A":"25826c0e-9656-40b4-ac32-b42bf92b8c46","shp_DetailsList_Shimmer_A":"42a0eac7-7aee-4930-b1ef-208996cb2136","shp_DetailsList_Shimmer_A_1":"f9a6f336-eff3-4be9-bad5-5d189114bb6b","shp_DetailsList_Shimmer_A_2":"f4b4eee7-3f80-4b1d-a7f3-bba6a517b69c","shp_DetailsList_Shimmer_A_3":"218688bd-2f25-4296-8ba7-373943d377a1","shp_DetailsList_Shimmer_A_4":"cc0abb21-5147-4c6e-bfb9-f653101160e7","shp_DetailsList_Shimmer_A_5":"044f008e-0d1e-4751-8b54-c88bbb75e9f9","PACo_ProgressIndicator_Shimmer_A":"e834a936-de4c-49d0-8fea-4c0d56d463b8","html_ProgressIndicator_Shimmer_A_Visualization":"a25db2da-3841-48e2-a771-6791ac35f948","shp_ProgressIndicator_Shimmer_A_Visualization":"38d8426c-77b8-4bc3-9584-5ec3e3761768","gall_ProgressIndicator_Shimmer_A":"ec38f15a-fd23-4761-8b20-3dd88c341b16","galleryTemplate1_8":"cd27887d-a39e-484c-ad5d-44674a3d2bf2","shp_ProgressIndicator_Shimmer_A_Gall_Circle1":"234de977-8f43-499d-b95d-5b04cb378c0f","shp_ProgressIndicator_Shimmer_A_Gall_Left":"df06a6cb-a484-4980-a0cd-12a7025e5070","shp_ProgressIndicator_Shimmer_A_Gall_Right":"db961315-ce2d-49c2-af3e-2384f794341f","shp_ProgressIndicator_Shimmer_A_Gall":"62bf2f89-41e0-48a2-b550-af31fa6c596b","PACo_CommandBar_Shimmer_A":"cfc67775-2a3c-474f-b512-0d0d7f7945cf","html_CommandBar_Shimmer_A_Visualization":"8c58b225-254d-4602-bf43-e5b20f896107","shp_CommandBar_Shimmer_A_Visualization":"c8032c26-d13e-4491-b12e-969165ca5a73","cntr_CommandBar_Shimmer_A":"1d85f74c-4ad9-458b-8f98-5d07f98acd91","shp_CommandBar_Shimmer_A_1":"35a8ffd3-99f7-4783-80b1-f2ea498d9aaa","shp_CommandBar_Shimmer_A_2":"11c7c744-01fc-451a-a793-2ef7341c4e0a","shp_CommandBar_Shimmer_A_3":"6ff39bda-a4b6-46c4-92ff-6d0cc290ea09","PACo_ProgressIndicator_E":"9e7408e9-34fe-42d2-be1d-9c12ab33fd80","html_ProgressIndicator_E_Visualization":"799371cf-0ef8-492f-9141-1ce0e70a5ec2","shp_ProgressIndicator_E_Visualization":"b59c9594-0325-4bc3-9640-831af2bf06ec","gall_ProgressIndicator_E":"0f05e3cc-28c4-4dd1-8a97-0b6126549bcf","galleryTemplate1_9":"619bf99a-a944-499c-98f6-c8085592529e","img_ProgressIndicator_E_Gall":"e0ebcaed-7f5c-40cf-992d-db8f427ec382","icn_ProgressIndicator_E_Gall_Clickable":"20cb706b-ef47-4042-bd37-265147b06ccd","shp_ProgressIndicator_E_Gall_Left":"71e80090-a72e-428a-ac3a-0776e77df530","shp_ProgressIndicator_E_Gall_Right":"75bcdb15-edeb-490d-80bf-56a642459ae5","lbl_ProgressIndicator_E_Gall":"173d1d6c-318e-4bf7-9fde-e8ac4f5dc0d2","PACo_ProgressIndicator_F":"2e355433-47a5-4d67-8d4e-69f2b2701316","html_ProgressIndicator_F_Visualization":"a961be3e-c457-4fef-a5d5-78370927b5e3","shp_ProgressIndicator_F_Visualization":"ebc71649-9d55-4cb3-9aad-276a1d8e7113","gall_ProgressIndicator_F":"ffb9d923-493a-4ee8-b06b-275ca072f143","galleryTemplate3_2":"d54f37db-ca3d-4ebf-83df-b5a8bf7bc6f8","shp_ProgressIndicator_F_Gall_Top":"bbedf6c3-bdd8-4ecb-8007-6b8b203ca66a","lbl_ProgressIndicator_F_Gall":"b4be0b33-1d13-408d-ba1f-0c88086ec8df","img_ProgressIndicator_F_Gall":"35abac65-504d-4e7a-81c5-cd3abe082bdd","icn_ProgressIndicator_F_Gall_Clickable":"4d8bd81b-660b-44f0-b9a4-673442a8d1ef","shp_ProgressIndicator_F_Gall_Bottom":"8158681b-85ed-4ffb-9c99-0712cb690c16","PACo_Header_A":"89ed4d07-d932-49d3-97ff-cdf0df5d5ff4","html_Header_A_Visualization":"3769ac6c-617f-4ff6-b21d-4bb7ec757a5a","lbl_Header_A":"a1af8af0-1fad-47e8-ac1c-cead98482241","img_Header_A_Back":"21609112-8cd3-4ee1-b68e-e105dcf4e57b","icn_Header_A_Back":"d32b6dbf-6dba-406f-923a-f050149648e4","img_Header_A_Nav":"52c06d9f-4b1d-4264-bb69-5fff65c6efe9","icn_Header_A_Nav":"b8344f72-24d8-4ff4-8ab9-0b200f350a3a","img_Header_A_LanguagesMenu":"f10f578e-63dc-4aa7-96ab-8d8d036105f5","icn_Header_A_LanguagesMenu":"888078db-bfd1-4bde-86c7-52c7d7117d19","img_Header_A_Help":"0f02df42-a6b2-4f4a-b941-3b00734ca212","icn_Header_A_Help":"509c3414-9b85-4fda-8ac5-90ef2f3ea0e5","img_Header_A_SettingsMenu":"a08bc47e-108f-4e17-bead-eff633267be8","icn_Header_A_SettingsMenu":"4c782a8f-d291-4e47-ab3c-f97fac1cdc81","img_Header_A_Logo":"d1112f0c-5da4-4260-9fde-3da3fa5490d6","icn_Header_A_Logo":"36cf1ed9-edaf-47cd-a9a2-b1b2f6982d37","shp_Header_A_Visualization":"9b10eeb8-a841-4be1-84bd-7eb14f4ff302","PACo_SearchBox_A":"c6a7e5cf-a756-4a5b-8377-29613195505a","html_SearchBox_A_Visualization":"8fbf9ee9-c4ce-48dc-bb5a-c1e867786a0e","shp_SearchBox_A_Background":"aac3250a-68be-421b-80ab-af4b9e8344eb","shp_SearchBox_A_Visualization":"56150012-d709-4c54-9ef5-034940209d89","ti_SearchBox_A":"b77a198c-a328-481e-9811-3688037c8ab1","img_SearchBox_A_Search":"20fa5f0d-a3fc-4736-af4c-2d93926e6512","img_SearchBox_A_Clear":"ebb28ed5-caa4-4960-99af-733177e4a1c2","icn_SearchBox_A_Clear":"79d4b8bd-8184-45c9-a28f-496c68061110","PACo_DetailsList_A":"7fddeb78-33f3-4d6a-aa95-970671d4facb","html_DetailsList_A_Visualization":"081df776-6bcf-4d75-a700-0b05880d698f","shp_DetailsList_A_Visualization":"01380648-79ce-4a2c-a412-b1c59f253147","cntr_DetailsList_A_Main":"596850c9-bc56-4a5c-bfb3-8f384bacb370","cntr_DetailsList_A":"2ebcaf40-e813-4a7b-b804-583cd2da4801","lbl_DetailsList_A_Header_1":"1d184a6a-bd81-44c4-93e1-920a9a8fe586","icn_DetailsList_A_Header_1":"613546a6-a1d1-49d9-b5eb-042a2ee97b34","cb_DetailsList_A_Header":"188e8343-553c-4b7a-b9fb-c2931d9d43b2","img_DetailsList_A_Header_Sorting":"c1bb4462-7727-49bb-9297-3e1aad24fd62","lbl_DetailsList_A_Header_2":"c9d1231a-c245-44c8-aa99-79d0b35d56dd","icn_DetailsList_A_Header_2":"c4ebcf1a-f1e5-4f49-8057-771627046f33","lbl_DetailsList_A_Header_3":"30446751-d200-4155-87aa-c7ee80a17756","icn_DetailsList_A_Header_3":"04cf75ff-7dae-4822-857e-d10c2d6f5689","lbl_DetailsList_A_Header_4":"409a7e13-9411-4dcf-bd24-ddc331a41326","icn_DetailsList_A_Header_4":"9b3841d3-c742-472e-9cc8-b680ac21ffa6","lbl_DetailsList_A_Header_5":"cc8f6b1b-1ab6-4bf9-81c5-dc3891a082b7","icn_DetailsList_A_Header_5":"262a3d37-19e7-4057-b294-55c669ce660c","lbl_DetailsList_A_Header_6":"12e0fd9c-9eb8-4d33-947b-d527139e4f52","icn_DetailsList_A_Header_6":"6653c22c-3b33-4860-ae2a-ae9f1a41ebd9","lbl_DetailsList_A_Header_7":"7ad3ea25-8639-49c9-b867-82f6834390fe","icn_DetailsList_A_Header_7":"2ae26ffb-8117-400b-9401-6083b81f8c7d","lbl_DetailsList_A_Header_8":"c76016e8-3d9f-46b4-b6d1-6b9a4cb9ac95","icn_DetailsList_A_Header_8":"afc26f8f-dc71-421e-b14c-50e3719eed91","lbl_DetailsList_A_Header_9":"28c07afd-d0ec-4876-aeaa-a10a20f7b532","icn_DetailsList_A_Header_9":"c8801b2c-693b-4aa3-b486-1e332f1e93f5","lbl_DetailsList_A_Header_10":"1b483873-ace8-431a-8217-05cae9c8848f","icn_DetailsList_A_Header_10":"414fe806-f1b1-42b6-8f7b-7030c3a4c029","lbl_DetailsList_A_Header_11":"7af73eba-74cf-45f6-900f-680204abc7b3","icn_DetailsList_A_Header_11":"d78edca4-d0fe-4adf-ae53-e21b7f772e52","lbl_DetailsList_A_Header_12":"278db44a-7832-479f-a796-f77bbd0759aa","icn_DetailsList_A_Header_12":"2a4bf53d-3140-4a96-8a27-2bc85734bd98","lbl_DetailsList_A_Header_13":"31c441d6-640e-43ad-93eb-d0cc90e6633b","icn_DetailsList_A_Header_13":"98e49eb0-2f47-46f1-94ae-607bea4ed536","lbl_DetailsList_A_Header_14":"7ca3691c-f942-45ad-be97-74bf6cab6858","icn_DetailsList_A_Header_14":"4f106a66-8ba8-4b4a-8ae1-29a5bc368b99","lbl_DetailsList_A_Header_15":"b4d2ca49-2de7-43c1-b493-d428d2bacf16","icn_DetailsList_A_Header_15":"7aa72eca-d24f-4520-af6f-107a23b190a1","lbl_DetailsList_A_Header_16":"f90f926d-1f81-40b0-8d26-a5dd09070d7b","icn_DetailsList_A_Header_16":"177d0f96-df17-4c75-8d5d-e92541dc333b","lbl_DetailsList_A_Header_17":"fe33339e-03e9-4b38-abdc-e46fa17da867","icn_DetailsList_A_Header_17":"f90cc4b9-f100-4103-8032-6a176809c5f3","lbl_DetailsList_A_Header_18":"a8b7e496-a9b8-4ea9-b3f8-5cf356e59192","icn_DetailsList_A_Header_18":"a838767d-18d6-40d7-834b-4a078e0fba81","lbl_DetailsList_A_Header_19":"f9ab6dcd-f69e-4ff9-b3af-676c3eba34c4","icn_DetailsList_A_Header_19":"51201bf6-6b84-4901-bf69-ede5512985c3","lbl_DetailsList_A_Header_20":"36273d49-f0e4-4781-bd13-0c344bfbe358","icn_DetailsList_A_Header_20":"5097ae6b-b2c2-4f6d-84f0-fe5d551d39f5","shp_DetailsList_A_Divider":"f6100137-cfa3-47f0-a8cc-3c2621c3fb6a","gall_DetailsList_A":"000aa793-275a-4942-b602-d8c050b14b0a","galleryTemplate2_3":"34138fda-6e34-4d86-8973-bebac7002f3e","lbl_DetailsList_A_Gall_1":"aa235e8e-1d86-4b3b-b67e-31c571f3465c","cb_DetailsList_A_Gall":"20ea4317-a8eb-402f-8641-1826f870afc4","shp_DetailsList_A_Gall":"b1025a24-d62c-494c-8bf1-82f84ad2bf18","lbl_DetailsList_A_Gall_2":"4d3aa2c4-f40b-478b-8797-9a55fcea5715","lbl_DetailsList_A_Gall_3":"80743f3c-7b0d-48fa-8a15-496650c68fc3","lbl_DetailsList_A_Gall_4":"38a291b3-9751-455a-b2ff-f94cec71334b","lbl_DetailsList_A_Gall_5":"8cf4c24b-f424-4d41-ab97-a1c6802af289","lbl_DetailsList_A_Gall_6":"0db69707-b923-4bcd-8ac3-6a67b3672c85","lbl_DetailsList_A_Gall_7":"8fc69982-28b7-4ae5-b8ab-4c42ba481446","lbl_DetailsList_A_Gall_8":"d8d6fd83-335d-4fa4-b135-81d7518f6296","lbl_DetailsList_A_Gall_9":"6386a816-8ccb-4cdc-9ef5-a556d7e355f6","lbl_DetailsList_A_Gall_10":"32879d50-b11c-40ad-bce2-0d6d327f6e43","lbl_DetailsList_A_Gall_11":"e1581b76-f387-462e-8bff-2548c733085c","lbl_DetailsList_A_Gall_12":"5e8261c2-1576-421e-bdfc-d76cb40f77b6","lbl_DetailsList_A_Gall_13":"dbd02bda-98a0-41d3-a233-f2f79d912773","lbl_DetailsList_A_Gall_14":"b035099d-6949-4a68-88e5-d1eddf444958","lbl_DetailsList_A_Gall_15":"a901f617-1029-47b8-ab33-13c218f23a7d","lbl_DetailsList_A_Gall_16":"23f4f143-8019-4bb2-a54b-830d50425ed1","lbl_DetailsList_A_Gall_17":"1600e618-f789-4852-af48-e78011e79038","lbl_DetailsList_A_Gall_18":"6f746fdc-b641-404e-9aa5-777bfe28217a","lbl_DetailsList_A_Gall_19":"3ef45da7-30b7-4bce-adaa-cc9bb4a8a7eb","lbl_DetailsList_A_Gall_20":"0bbc09dc-9cec-47b3-b5bb-e682fc78e988","shp_DetailsList_A_Gall_Divider":"a6f98f9a-488e-4f5e-9006-0a263d743919","PACo_Log_A Screen":"d031df28-1216-47d5-9276-10d32a40aae7","cmp_Log_Back":"3ccfa5a9-e9d1-4271-bc57-b178cc7a6b0c","tmr_Log":"6d576875-7890-42c0-9da7-857d28fe1fe3","cmp_Log_A":"56e998e0-864f-405e-9c4f-c0a3cc96d7c5","cmp_Log_Button_LoadData":"be965022-2339-4e00-80b1-2415a05361c9","lbl_Log_A_VAR":"7b571760-e720-4ed3-996e-92b51fc85a17","PACo_SelectList_A Screen":"38f8ecc9-3ee3-4fb2-98f8-94e7b5e92636","cmp_SelectList_A":"aee3c8f6-95da-4c0b-b8d8-dbec97ffc173","cmp_SelectList_Back":"fd62c73e-20eb-4742-887a-937023e98eff","cmp_SelectList_Button_LoadData":"5d454ed1-7a6a-4922-9b8e-ef57b218fd28","lbl_SelectList_A_VAR":"e02ee09b-e02f-4439-9fae-7c621971c473","PACo_Header Screen":"b51bda0e-148c-405f-b210-d45b86e446c7","cmp_Header_A_1":"97b05ca9-2860-4dec-88a3-73249944ea9a","cmp_HeaderSettingsMenu_A":"a71ff017-88eb-4a7a-bde0-f9bfc2f65beb","cmp_Header_Back":"a85047fb-16df-492a-ab35-54070072f720","cmp_Header_A_2":"de3eb4ea-5ef7-443d-9a61-d0f527ba27a2","cmp_Header_A_3":"d557d8b9-f966-47a0-ada2-fb788481860a","cmp_HeaderLanguagesMenu_A":"1f38f073-fdbe-4013-973c-504ce0f5bbe0","lbl_Header_A_VAR":"31d0265c-bda4-4d8c-87f2-cb239b4ad8e1","PACo_DetailsList_C Screen":"fe27447e-2201-424d-beea-a55b568c7f0e","cmp_DetailsList_C_Back":"a5674e88-5b42-4038-a5d8-a9e80af7f59e","cmp_DetailsList_C_Button_LoadData":"e493dc84-b781-45bb-90c4-e0994ce388c4","lbl_DetailsList_C_VAR":"8773665d-6d38-4670-b3d6-17425bd504ac","cmp_DetailsList_C":"7108906e-a5b0-4e0c-9421-09d0c97e9df7","PACo_SearchBox_A Screen":"1cc43c6a-b2d9-45b2-bcd1-fb07bba0f8cf","cmp_SearchBox_A":"27ceb5f3-6f76-4c1a-9643-1d0f995d2c5d","cmp_SearchBox_Back":"ad855773-4286-48f4-93f4-88178f729707","lbl_SearchBox_A_VAR":"71bd2e4f-89fb-4fc2-b851-d3ac8ed62962","PACo_DetailsList_A Screen":"ef82f38d-55c6-4a03-a3aa-0fac1f9ceceb","cmp_DetailsList_A":"c30d7491-ba20-4130-8f66-18cd1693baae","cmp_DetailsList_A_Back":"61f3bf6e-ab60-46db-98ba-574c1c6f6391","cmp_DetailsList_A_Button_LoadData_2":"0423d035-ea91-4f76-a265-3fd796b8b907","cmp_DetailsList_A_Button_LoadData_1":"ae4af06c-6347-4fcd-8963-257ffbc3e61a","lbl_DetailsList_A_VAR":"19b5e9c4-1c03-4874-9b47-4510ec893dc4","PACo_ProgressIndicator_A Screen":"bb4e0a7b-324a-482a-8900-97d57f2eb383","cmp_ProgressIndicator_A_Back":"b0bba98d-0f34-422b-8f83-507746aa3011","cmp_ProgressIndicator_A_Button_LoadData":"c11e268b-9de6-426a-893f-6e5f9de2950a","lbl_ProgressIndicator_A":"b3b8cf84-f04d-480e-89b0-cea48520e8a5","cmp_ProgressIndicator_A_1":"bd57ca3e-82db-452f-9a60-bef4442fae0b","cmp_ProgressIndicator_A_2":"492ba2a1-f8e1-4480-b052-13ba6e761886","Home Screen":"2de53cd9-8f11-44e4-9e35-7f4ccd39042e","cntr_Home":"5d6fd9b7-b72b-430e-88fe-05c394fe8581","cmp_Button_PACo_Button_A":"fb67fe4c-a166-4494-ac67-55acd94d2c4f","cmp_Button_PACo_CommandBar":"5a582b10-ee68-476d-9c79-87d2241a36e0","cmp_Button_PACo_CommandBar_Item_A":"e462229c-266c-48e8-a05e-df237bd55ac0","cmp_Button_PACo_DetailsList_A":"7d1cedeb-19af-45cb-89b7-6478e1c29691","cmp_Button_PACo_DetailsList_B":"c856bab4-220a-486e-bc73-b8e464f7550c","cmp_Button_PACo_DetailsList_C":"fe94a540-2a82-4f2c-ae3d-4dd76a6c02d6","cmp_Button_PACo_Dialog_A":"13126e36-2a53-4286-a935-ee5586d6fc18","cmp_Button_PACo_Header_A":"01efd929-5d88-4f79-954c-3f8e703d41de","cmp_Button_PACo_Icon_A":"93695e29-dafe-418d-925a-fee1fe1b620f","cmp_Button_PACo_Info_A":"c963ced8-3493-4d14-9148-a5a3b44c0c02","cmp_Button_PACo_InformationBlock_A":"a4864199-b42f-4faf-a683-8c6d368a6e02","cmp_Button_PACo_Log_A":"0ad4f25f-5b11-46fe-94b0-50b1bf28710c","cmp_Button_PACo_Nav_B":"f8669e43-47cd-4452-9b32-0c7eceb0f56e","cmp_Button_PACo_Nav_C":"51730f23-9667-4387-be3e-0d2e02b18632","cmp_Button_PACo_Panel_A":"d293bd16-4191-4222-a6c9-fdceed7f43d7","cmp_Button_PACo_ProgressIndicator_A":"0634b095-cf36-4a20-80ed-1b464d93240a","cmp_Button_PACo_ProgressIndicator_B":"fcd36a04-3234-4c7a-833d-8b3a2b842e64","cmp_Button_PACo_ProgressIndicator_C":"e9fb9b14-7b7b-402f-bbcc-05f1c75c3f93","cmp_Button_PACo_ProgressIndicator_D":"0c509918-ff29-4745-bfd6-34e8c16ba950","cmp_Button_PACo_ProgressIndicator_E":"19c90d53-8e0c-4a08-a523-67adf6f16e41","cmp_Button_PACo_ProgressIndicator_F":"3314d77f-90a5-444c-ac87-f35c2476e35f","cmp_Button_PACo_SearchBox_A":"c0991ec8-159b-407f-b6dd-b63cef920ae5","cmp_Button_PACo_SelectList_A":"7fe730d7-0c48-4280-b1a2-e71c794d2dd8","cmp_Button_PACo_Spinner_A":"ad918a57-331b-4a5d-8dd5-6fd81779e426","cmp_Button_PACo_Tabs":"a2693165-6d8d-4f11-a71d-6dba05642714","cmp_Button_PACo_Tiles":"b39e15d9-cf97-4f93-9e00-f72a3fb6af80","cmp_Button_PACo_Visualization_A":"f46d156e-b2e5-4881-b21f-275e14dd16d6","cmp_Button_Shimmers":"c7636e12-fbd7-4267-8d9c-84d3e832fa9d","PACo_ProgressIndicator_B Screen":"8a586a47-55ce-40aa-bf21-bc654511b978","cmp_ProgressIndicator_B_Back":"c9899ead-c154-4fff-a98b-a6249a6830c8","cmp_ProgressIndicator_B_Button_LoadData":"ab4dcd77-af45-4452-90cb-5ca6bdeddca3","lbl_ProgressIndicator_B":"514eb030-802f-4cb9-a6f9-b8541ba2d1dc","cmp_ProgressIndicator_B_1":"f9c4558a-35e5-43db-98b0-2989cb6e9a04","cmp_ProgressIndicator_B_2":"57940969-4f2a-43ca-8b8e-cbab3b15e520","PACo_Button_A Screen":"d2c68483-5770-4dd0-b63a-c6b7e74206c5","cmp_Button_Back":"da2ecf3e-efce-4a55-862f-ef414d2a9d01","cmp_Button_A_Primary":"93c1b4b1-827c-461a-8bab-92105ab2529c","cmp_Button_A_Secondary":"85fba862-0dea-47c0-ae98-13f8a14e408c","cmp_Button_A_Primary_Disabled":"ef92777f-7b49-4b72-a87c-026be95e3125","cmp_Button_A_Secondary_Disabled":"41804fee-524d-459b-830b-0faee111937f","cmp_Button_A_Primary_NoImage":"af1ef2d3-f4eb-487c-8391-e0171d710815","cmp_Button_A_Secondary_NoImage":"5cd1b345-c150-4847-9127-bfd2f02e7a93","cmp_Button_A_Primary_NoText":"d29d62ad-66e0-4b63-bafc-8584e396fa4d","cmp_Button_A_Secondary_NoText":"1d969022-d7f8-4d23-b942-9e838d89321f","cmp_Button_A_Primary_BorderRadius":"8f102ee4-9044-4445-bbf5-04ad80131a13","cmp_Button_A_Secondary_BorderRadius":"c6dfd39e-c6af-4372-a847-9c135d4bcab6","cmp_Button_A_Primary_Disabled_BorderRadius":"31b8b22e-ab73-4e27-b287-b0cbad88c0e6","cmp_Button_A_Secondary_Disabled_BorderRadius":"8da0fb88-8ed9-40cc-83db-27a6af36cc33","cmp_Button_A_Primary_2":"f538fda3-cdf3-4990-a08c-6fda32efea5b","cmp_Button_A_Secondary_2":"888cbcec-d114-424a-a258-46cf79b501ed","cmp_Button_A_Primary_Disabled_2":"b41f3fc9-283c-4047-a49f-b7318c183df2","cmp_Button_A_Secondary_Disabled_2":"692ebfc4-4891-442d-aaed-7eb1ecc32eef","cmp_Button_A_Primary_NoImage_2":"447b0f48-06be-424e-b01e-58921b59a1fe","cmp_Button_A_Secondary_NoImage_2":"2d314956-6162-40f0-99bb-a6016b1f38c2","cmp_Button_A_Primary_NoText_2":"d54e088f-dc5d-4020-8b7f-cedaad63fa03","cmp_Button_A_Secondary_NoText_2":"4ccab99b-bd46-4dab-8624-11e1638a9649","cmp_Button_A_Primary_BorderRadius_2":"daf1fa69-a783-4ffd-a447-c22c4c9e5588","cmp_Button_A_Secondary_BorderRadius_2":"a09d0c60-7ac5-4dd2-8ed4-374b8a15881c","cmp_Button_A_Primary_Disabled_BorderRadius_2":"536dc549-d799-4793-80b6-5bf7171ecbae","cmp_Button_A_Secondary_Disabled_BorderRadius_2":"49d7ec2d-f6e8-430d-9fd4-7c3608e9b09a","lbl_Button_A_Primary_VAR":"9ad44054-8f24-401d-ac40-8179054c45ed","lbl_Button_A_Secondary_VAR":"a42102ab-709e-4010-b090-59aef0932f26","PACo_CommandBar_Item_A Screen":"8cab4163-24dd-4717-9dbf-99c040e9db04","cmp_CommandBar_Item_Back":"177cb5cc-064f-40b9-91cd-9929577a49e8","cmp_CommandBar_Item_A":"3b587aa9-8162-4de3-b40d-4ba9c18aac06","lbl_CommandBar_Item_A_VAR":"50fe9dc0-4a1a-4d9e-a7da-cce96163e725","PACo_Spinner_A Screen":"5eb9dfbc-bae3-4788-bf23-5bad6ed46e02","cmp_Spinner_A":"4fe2b504-1959-44f7-acdb-94ec05074c41","cmp_Spinner_Back":"a5f8a9c7-abb8-4129-9918-ca2710af2e3a","PACo_Icon_A Screen":"849abd3c-8dd9-43b6-8ca9-1176130051d9","cmp_Icon_A":"c08b05ff-f084-43e9-8373-828d545533d4","cmp_Icon_Back":"356cb6d6-9015-48fe-aba8-16646a932209","lbl_Icon_A_VAR":"9f1c91b7-f160-4c98-8955-660b8a2a9752","PACo_Visualization_A Screen":"0445e2ad-6008-4f7f-a92b-8495c435313d","cmp_Visualization_A_Elevation":"37c35ecd-0788-4669-9980-247e1cdd98d4","cmp_Visualization_Back":"a0537c14-9d42-43ad-a29f-4706578874f2","cmp_Visualization_A_Line":"fbf7741f-f734-48c1-bddb-ea4dfcead990","PACo_Tiles Screen":"eae0d78f-9b62-4c9c-9767-f590a619de31","cmp_Tiles_Back":"92a677b6-c628-4785-ba31-51d5b6604f7f","cmp_Tiles_Button_LoadData":"03dcfe8a-2a77-4178-bfbc-8cacec91244b","cmp_Tiles_Tile_A":"c927f6f3-c423-46d9-9eb4-8606934cae24","cmp_Tiles_Tile_B":"5440ca8e-1031-42d9-b7a8-bc3271669566","lbl_Tiles_VAR":"1a108f45-e010-405f-8ce0-a02f445086da","PACo_CommandBar Screen":"7d40bd5c-c052-4da3-bb59-21a0f7a96213","cmp_CommandBar_Back":"371f9d1e-1ac8-41f9-8281-e2c8412c1758","cmp_CommandBar_Button_LoadData":"f1560a45-eb4b-4fe0-90d3-060427c82962","lbl_CommandBar_VAR":"5dc10733-21b1-4b9c-8f5b-cee2b231bcb6","sldr_CommandBar":"0796f7c1-3871-41e1-b97f-3e9af3b60bc3","cmp_CommandBar_B":"e39791eb-5aea-43f1-9b23-5c5d38c5eabb","cmp_CommandBarMenu_A":"c3f9ff66-73ce-4570-afd1-954df7d6a911","PACo_DetailsList_B Screen":"e99a7191-f0df-4141-957d-6046482fd534","cmp_DetailsList_B_Back":"8e62a4f5-b673-411a-95ea-4ce4aa6e4e50","cmp_DetailsList_B_Button_LoadData_1":"253d6ea6-0f28-45bc-93a8-74156cc6e6fb","lbl_DetailsList_B_VAR":"cec50f8b-a238-4d49-8ad7-db90d2cbd6e0","cmp_DetailsList_B_Button_LoadData_2":"2bb858b2-af1d-4b67-8e2d-d2a1f5b1508c","cmp_DetailsList_B":"39262d09-0d57-4ef6-b3be-bbacfdb92af8","PACo_Dialog_A Screen":"2044281d-4e11-42f3-b708-a227c8ae08fc","cmp_Dialog_A":"1afac886-2b70-4b3b-bd7b-c64f86e04096","cmp_Dialog_Back":"741b5c30-bd7e-4445-82b6-2d2e0416fcf1","cmp_Dialog_A_Button_LoadData_1":"c277b42f-e334-452e-a01b-38b473d6d8de","cmp_Dialog_A_Button_LoadData_2":"f7cbec3d-067a-4a10-8ab1-b5ba944fdd02","PACo_Nav_B Screen":"99dfeba5-7ad2-421b-958d-47e84d978f0f","cmp_Nav_B_Back":"857d853b-5527-451a-8a99-364dc8309d27","cmp_Nav_B":"7943e6f8-583c-4c30-a54d-d520f433fe8a","cmp_Nav_B_Button_LoadData":"d135b419-838d-4eab-854d-86a4bfb36f6f","lbl_Nav_B_VAR":"0724da19-9c10-4a6c-9657-eff310defa3c","PACo_Nav_C Screen":"5e4303d1-7c4f-4fe3-9d3a-d4e045e9a926","cmp_Nav_C":"c61216e1-bb30-4b24-aa94-17eecf2d3bd4","cmp_Nav_C_Back":"4011f748-835a-4d4c-be8f-f97c5035005c","cmp_Nav_C_Button_LoadData":"12483cf5-19e7-49be-896f-854e2c595895","lbl_Nav_C_VAR":"caca6608-e5eb-4cbb-9c49-420f5714e9d4","PACo_Panel_A Screen":"86cd12ec-5f07-4bb7-b007-ac07d55518c2","cmp_Panel_A":"fd3d3093-0a3c-4533-a202-3457dfbe05a2","cmp_Panel_Back":"fe8a0b29-5ead-426f-935f-06655efe9fa9","cmp_Panel_Button_LoadData":"52460957-1b66-4717-b301-0872f253b191","lbl_Panel_A_VAR":"6a69dab4-5a81-4995-bce2-63554769d299","PACo_Tabs Screen":"28b47d9c-62ec-439b-be38-4f7088b46e29","cmp_Tabs_Back":"8c44f843-c0fa-4c7d-ad5b-02cc63e5e2c8","cmp_Tabs_Button_LoadData":"63e3431d-ee33-4b1c-a53f-857b06c07a49","lbl_Tabs_VAR":"db865fd7-86e0-4a54-baf7-bda239e0e2e9","sldr_Tabs":"3f6b97dd-e63b-44b7-ba53-ecf74b4d0c1e","cmp_Tabs_A":"57ec5968-7c6b-4846-992f-76844ebca335","cmp_TabsMenu_A":"5c09cfe9-5f88-4b5f-b22a-93a227805ec0","Shimmers Screen":"f543974c-1662-4cbd-bf2d-7e8a92471c63","cmp_Shimmers_Back":"f005ad70-0f1a-4ca8-85ab-4359acf3e32c","cmp_CommandBar_Shimmer_A":"c0fabedd-be35-44bb-9900-0288aaf178af","cmp_DetailsList_Shimmer_A":"49f29425-d64f-42c3-a1e7-044939702a9f","cmp_ProgressIndicator_Shimmer_A_1":"4486e29f-c0d9-451e-a901-1d713852de32","cmp_ProgressIndicator_Shimmer_B_1":"ce4bfac8-d05a-4a1e-b9e1-051f77ee94cc","cmp_ProgressIndicator_Shimmer_B_2":"49355cdc-2fe0-4a3e-85b4-721836c5fb1b","cmp_Shimmer_Button_LoadData_1":"92ee4c45-3072-4186-885c-e52a8eaad721","cmp_Shimmer_Button_LoadData_2":"fd76022d-05da-4c01-85f0-7c2faa85934e","cmp_ProgressIndicator_Shimmer_A_2":"a16ca9bd-d2b5-42b4-aee3-a181720a2c28","cmp_Shimmer_Button_LoadData_3":"d2fbb22c-f0ae-4510-8346-4675e7b90e9c","cmp_Shimmer_Button_LoadData_4":"e7faade9-0448-4fd9-949f-9e323bc738d1","PACo_Info_A Screen":"d3f5afc5-ebeb-47a3-b41a-d9b383275831","cmp_Info_A":"6fca6db4-30a7-4fb6-aac0-e400e29a4aee","cmp_Info_Back":"309822a2-edc7-48d0-804c-535d075e1b87","cmp_Info_A_Button_LoadData_1":"47402b1f-ad1d-4029-9d76-80421c71aaca","cmp_Info_A_Button_LoadData_2":"8409b3bb-38e9-497d-b35a-cb04e4582a2b","cmp_Info_A_Button_LoadData_3":"238ac370-24ab-4b57-a8e9-081665f8349d","cmp_Info_A_Button_LoadData_4":"70ac8b59-c2c4-4652-ae3a-57adb8378c09","PACo_ProgressIndicator_C Screen":"a3c5ecaf-ee44-4763-a729-9a7c022001e2","cmp_ProgressIndicator_C_Back":"9327e333-3fd4-4876-b02e-29de61ee5050","cmp_ProgressIndicator_C_1":"7770f916-9dd8-469d-8046-829fe8428f24","cmp_ProgressIndicator_C_2":"1795e6cb-04c9-444d-a094-b88de2579afc","cmp_ProgressIndicator_C_Button_LoadData":"6ae59cb6-36a2-4d28-a643-1df3f52884a0","lbl_ProgressIndicator_C":"276be531-9302-4afe-9a37-ef0dbe22ca3c","PACo_ProgressIndicator_D Screen":"63ca8562-8dc0-4a14-a321-c708e875677e","cmp_ProgressIndicator_D_Back":"86feabe2-5653-4cb4-a9b0-f23c78366918","cmp_ProgressIndicator_D_1":"e91f55e8-c062-4418-85d7-e51130c7660d","cmp_ProgressIndicator_D_2":"96d805ef-93c3-4bbd-823c-e0b29a5186d6","cmp_ProgressIndicator_D_Button_LoadData":"e2ea0019-f45d-48a7-82c6-7d25559883a6","lbl_ProgressIndicator_D":"cf4729db-ea88-432e-b88a-cea1930ddfca","PACo_InformationBlock_A Screen":"819c76cf-3db3-424f-a75f-2542f8dd692e","cmp_InformationBlock_A_Back":"85481674-3edb-4f22-897f-eb62f24e426d","cmp_InformationBlock_A":"5f722d93-d193-4995-aa01-b244478e0980","cmp_InformationBlock_A_Button_LoadData":"41d1ac36-75d3-449a-b772-c212c122e5f5","lbl_InformationBlock_A_VAR":"138513e3-f100-4424-9151-081b0949532b","PACo_ProgressIndicator_E Screen":"e98d4835-336b-4ba5-be1d-70ef7cc912de","cmp_ProgressIndicator_E_Back":"62f8ea87-9296-4989-ab24-750c10b97743","cmp_ProgressIndicator_E_Button_LoadData":"c4ba766a-5d80-4fa6-b2c3-7287420d2d77","lbl_ProgressIndicator_E":"e2d66eda-d56e-4321-b404-80ff80a3d55c","cmp_ProgressIndicator_E_1":"025155d9-3d70-4a29-acd7-f7eb47052080","cmp_ProgressIndicator_E_2":"eb9e7eae-fd0f-40e0-916d-26cac9d2ed11","PACo_ProgressIndicator_F Screen":"73a2318b-72ae-4fec-9e08-ddae688016c6","cmp_ProgressIndicator_F_Back":"874d0b72-872d-41db-bd78-9fcf72def097","cmp_ProgressIndicator_F_1":"1e8db6bc-ac0e-469d-a6c0-d71b3241be5e","cmp_ProgressIndicator_F_2":"e8d921e2-9580-4a33-9d25-6186eb1e942e","cmp_ProgressIndicator_F_Button_LoadData":"d50262dd-8029-46c8-9f94-6ac9e1808d82","lbl_ProgressIndicator_F":"dc66e3de-806d-4387-b211-0e5a8d97bf6a"}