{"schemaVersion":"1.0","appDefinitionTemplate":{"id":"/providers/Microsoft.PowerApps/apps/","type":"Microsoft.PowerApps/apps","tags":{"primaryDeviceWidth":"640","primaryDeviceHeight":"640","supportsPortrait":"true","supportsLandscape":"true","primaryFormFactor":"Tablet","publisherVersion":"3.23063.15","minimumRequiredApiVersion":"2.2.0","hasComponent":"true","hasUnlockedComponent":"true","isUnifiedRootApp":"false","sienaVersion":"20230702T134108Z-3.23063.15.0"},"properties":{"appVersion":"2023-07-02T13:41:08Z","lifeCycleId":"Published","createdByClientVersion":{"major":3,"minor":23063,"build":15,"revision":0,"majorRevision":0,"minorRevision":0},"minClientVersion":{"major":3,"minor":23063,"build":15,"revision":0,"majorRevision":0,"minorRevision":0},"backgroundColor":"rgba(78, 81, 128, 1)","backgroundImageUri":"/2535442946952965950/Nb78f7156-5bbe-496c-bd2b-c1cce2aaa3a0-logoSmallFile","displayName":"PACo-Core","description":"PACo-Core","commitMessage":"Version 2.2","appUris":{"documentUri":{"value":"/2535442946952965950/Nad87face-6f21-4d7d-a509-bf7e20925bc4-document.msapp"},"imageUris":[],"additionalUris":[]},"createdTime":"0001-01-01T00:00:00Z","lastModifiedTime":"0001-01-01T00:00:00Z","sharedGroupsCount":0,"sharedUsersCount":0,"connectionReferences":{},"databaseReferences":{},"almMode":"Environment","performanceOptimizationEnabled":true,"canConsumeAppPass":true,"enableModernRuntimeMode":false,"executionRestrictions":{"isTeamsOnly":false,"dataLossPreventionEvaluationResult":{"status":"Compliant","lastEvaluationDate":"2022-10-02T08:28:06.5652482Z","violations":[],"violationsByPolicy":[],"violationErrorMessage":"The app uses the following connectors: ."}}},"appType":"ClassicCanvasApp","appComponents":[]}}