{"__Version":"0.1","App":"69c81fb7-1711-467c-9d60-85b8a346eb15","Test_7F478737223C4B69":"fd241787-4f30-4af6-a853-8cd25a4898c6","Host":"b6c9af76-dfec-451e-8c81-e504ea2d139d","PACo_CommandBar_B":"41728e8f-a785-4d91-9344-3e541e8757e1","html_CommandBar_B_Visualization":"19037451-35d1-4495-b851-ad1ebbd76c2c","shp_CommandBar_B_Visualization":"41d21732-f8d7-499c-a2b0-59eb5fe2452d","cntr_CommandBar_B":"56e3067a-5a32-45b9-8da1-7c5937db100e","img_CommandBar_B_1":"a4a89130-40db-4e53-8eb4-27e6d5749bc1","icn_CommandBar_B_1":"35b70424-8652-461a-9309-8aabaedcb6fb","lbl_CommandBar_B_Menu":"eacb2042-a7a7-4e85-93a6-80bf6736ef6f","icn_CommandBar_B_Menu":"378337a3-fdab-44d3-853c-8ee148bb4a21","lbl_CommandBar_B_1":"0a9a8971-3b0c-4897-b7ff-fd7121c100fd","img_CommandBar_B_3":"0f1fbf54-42e4-4925-a488-de6b29715789","lbl_CommandBar_B_3":"32e4b3a5-55fc-431c-95a9-dd0bc2d6b292","icn_CommandBar_B_3":"04dede26-55d4-4c7b-90ef-a09f447bbf1f","img_CommandBar_B_2":"8ba768c3-d488-4d50-9df1-1fdffcec35f3","lbl_CommandBar_B_2":"62eb8f36-fa5a-49cc-863d-b90887db197a","icn_CommandBar_B_2":"f734a76a-2bd5-4e9d-9e54-0541cd8bfde6","img_CommandBar_B_4":"16bcfe2b-8ebd-43ca-8cff-fb1aa1244d11","icn_CommandBar_B_4":"0ee56851-c500-4ffc-9f01-659133ea3d8d","lbl_CommandBar_B_4":"84080bf0-3959-4dc6-bd98-228062bf92e8","img_CommandBar_B_5":"3771b709-75cc-4178-826d-369074afe8b9","icn_CommandBar_B_5":"421d6353-3fa4-49f7-869c-73d5b77be49b","lbl_CommandBar_B_5":"54233f71-1485-4fa9-bcb6-92320735f2c1","img_CommandBar_B_8":"c76c0561-10ff-47f6-8e36-14e32c4bdc6d","lbl_CommandBar_B_8":"e352c1a7-764a-444d-b619-ce317bcb893f","icn_CommandBar_B_8":"2a7de4b5-741c-4db3-8fa9-cba3c520d689","img_CommandBar_B_6":"e79501b7-575a-4930-8a55-22509d2d9fa8","icn_CommandBar_B_6":"2df64d5e-f6de-4003-a6f0-feefee264261","lbl_CommandBar_B_6":"d1e3d9cf-b67a-48ff-a3cd-72831d843cf1","img_CommandBar_B_7":"12277243-1828-43a7-bc7a-168780a56ad4","lbl_CommandBar_B_7":"a8b2345e-608a-4498-a2c7-ff67b8eb735c","icn_CommandBar_B_7":"3230ad5f-172d-48d1-a3c8-351bd34698a6","html_CommandBar_B_1":"f5229912-255f-4e82-bc74-377f658b5a4e","html_CommandBar_B_2":"6c314485-be6b-44c5-b0c8-ba0792a72653","html_CommandBar_B_3":"d7036169-1c31-4faa-8e3c-85232b37dcc4","html_CommandBar_B_4":"2ed044f1-face-4058-8919-d3027133806f","html_CommandBar_B_5":"50234aea-9ebe-409d-826c-87adb2afe532","html_CommandBar_B_6":"5adbcabe-0dfa-4f59-828a-f59dda2cbbae","html_CommandBar_B_7":"92d2fa03-4623-486d-b3f2-c28e3f6fb5d1","html_CommandBar_B_8":"3050eb97-9b93-4b21-8a4f-91f5f9f0daab","PACo_CommandBarMenu_A":"6222673b-ba20-40fe-9ae9-ac2e64f52d3b","html_CommandBarMenu_A_Visualization":"0ddcf6be-9a9d-4915-8fad-57ff7029fe6e","shp_CommandBarMenu_A_Visualization":"886f6ee2-7490-4df2-85d7-a772f60b0ff0","gall_CommandBarMenu_A":"a85b5b55-4970-4b36-9efb-ea98c2c7a0f5","galleryTemplate1":"42e596b2-4ca2-414c-addf-d5ebc3bd7bf9","img_CommandBarMenu_A_Gall":"e9153757-a94d-4e86-93e7-f3b394151da2","icn_CommandBarMenu_A_Gall":"e3f2801e-1139-4acb-ae84-8e0111d277cd","lbl_CommandBarMenu_A_Gall":"15a46f7d-3788-4521-823f-5107a4a0244e","shp_CommandBarMenu_A_Gall_Divider":"07de1293-0154-4059-8cc1-3bbd3ae428c0","PACo_ProgressIndicator_B":"0b887e9b-6e8f-48ff-baf0-3b6529284ae1","html_ProgressIndicator_B_Visualization":"01369c5c-3ee5-41ca-9b2f-8f1b863bc604","shp_ProgressIndicator_B_Visualization":"48220808-ec58-4aed-9da2-79e63eb49203","gall_ProgressIndicator_B":"fc890e45-b7e6-4f46-aa3d-78242229cc58","galleryTemplate1_4":"558fb3b2-651b-4961-b5c9-5888685a1a3f","shp_ProgressIndicator_B_Gall_Circle1":"2788fc71-81c9-4deb-a708-1f91886c1779","shp_ProgressIndicator_B_Gall_Circle2":"50abf6e9-519f-4f36-86f1-6a5df3b0c225","shp_ProgressIndicator_B_Gall_Circle3":"30bbdbff-0235-4f7c-941a-c2ecdd732365","shp_ProgressIndicator_B_Gall_Left":"d1b0c1c9-0a9e-4ae2-a3f5-d8026de8e51e","shp_ProgressIndicator_B_Gall_Right":"21c4177e-68c6-4ae3-953d-c8db5df0e658","lbl_ProgressIndicator_B_Gall":"7b06a0bb-3402-4a75-9df7-aa76bc98dbb4","PACo_ProgressIndicator_A":"360c8b6c-833a-432b-b778-0dc57ead770a","html_ProgressIndicator_A_Visualization":"f240526a-ab88-44a3-a9d9-9022e11618b0","shp_ProgressIndicator_A_Visualization":"a3c1c9b1-f9ab-479e-abc8-679314b2d42e","gall_ProgressIndicator_A":"69113352-3370-44e3-8883-0d6cfe0ee8ec","galleryTemplate1_1":"751f694c-da97-49d6-9e98-cb4cd9ce694e","shp_ProgressIndicator_A_Gall_Circle1":"f8216f4f-205d-4af5-9720-b6f79af3932e","shp_ProgressIndicator_A_Gall_Circle2":"9bc8ee07-90be-45cf-b914-e27db15e4322","shp_ProgressIndicator_A_Gall_Circle3":"70c250e8-2fb5-44ca-8548-abdc99637360","shp_ProgressIndicator_A_Gall_Left":"6cf3feb9-2906-47e2-93dc-88ddf65bee91","shp_ProgressIndicator_A_Gall_Right":"27289cfe-cbf1-428d-8ac6-2d0ec589e1fb","lbl_ProgressIndicator_A_Gall":"73fd5ff8-c415-4e65-b568-b0e0d44ede56","PACo_CommandBar_Item_A":"5b6aa58f-3176-4583-84a8-dff2232e795f","img_CommandBar_Item_A":"7770a76e-7274-47d5-b69e-5b0ff8c774d8","icn_CommandBar_Item_A":"d942dde0-7580-403c-ae2b-d96ad1a45b1e","lbl_CommandBar_Item_A":"ff21a402-143d-4672-bec2-46db0834d663","html_CommandBar_Item_A":"f1fd91e5-7d24-428f-98a5-86990a02daa5","PACo_Button_A":"dee072c0-fcad-4574-8a6b-c84ba7b83d1c","cntr_Button_A":"68b7afec-ffb5-488d-86e2-26276f52def6","img_Button_A":"55bb8966-5572-4c11-9307-2dfad102a2f1","icn_Button_A":"2b46e7b3-f3e5-430d-95fc-aaec5a63a618","lbl_Button_A":"86b4d54f-ccba-4675-bb7d-53cf7e3cd414","btn_Button_A":"a1562815-4cd7-4bc6-bf66-6b2130f4d4c0","html_Button_A":"12f850bb-2e9f-4e24-849e-79e2c2ba54ca","PACo_Tile_B":"ece717d4-b600-452f-b259-e447ab3beadd","html_Tile_B_Visualization":"27ac555f-e300-4f3f-9da9-8d8550cf1b50","shp_Tile_B_Visualization":"6421ed3b-ec09-4020-bb6f-0faf55e700c8","lbl_Tile_B":"230e1eaf-240b-4236-af44-2feece3c07f3","icn_Tile_B":"c6866949-d600-44e3-9ee2-fef0c3a13f08","PACo_Icon_A":"eb1e29ac-47c8-4053-92de-14cc89c158bc","html_Icon_A_Visualization":"95ffa950-f72b-4142-b9d5-80e19c76d37b","shp_Icon_A_Visualization":"a598cbc2-fec8-409a-960f-f10ba3cddfb2","img_Icon_A":"2cdc2a7c-2a73-43c8-b881-605d45064897","icn_Icon_A":"4fe8bf04-8bfb-4bdb-9985-952530b94588","PACo_Visualization_A":"64a92d4d-4885-46f6-8717-04b4549132c3","html_Elevation_A":"64d6db59-5822-48e2-8cc4-33d4f0adc038","shp_Elevation_A":"5a82b8f8-41fa-4ba7-b855-4ec728c901b1","PACo_Tile_A":"e441ef7b-906b-4d52-9d10-aeef00741728","html_Tile_A_Visualization":"52375399-3670-4bef-8789-c284d719b6bc","shp_Tile_A_Visualization":"95e77bed-778d-47d9-bed9-73d5d92b23f6","lbl_Tile_A_Text":"520cbd2a-44f8-41af-a229-de03143d9573","lbl_Tile_A_Value":"d33d710d-e189-45d2-97ef-498ba6c92709","PACo_Spinner_A":"3b605956-7f32-4663-b8d2-dcc4464ee6e2","img_Spinner_A":"e6d9e314-293e-40d2-8e83-d03276aade06","lbl_Spinner_A":"ac2872bc-ffd4-404b-88eb-7163f2846c48","PACo_DetailsList_C":"aad86908-ad7d-4891-b8a2-da631bb25c23","html_DetailsList_C_Visualization":"47574269-44a1-4cb5-b5d6-dbb66579335e","shp_DetailsList_C_Visualization":"decd5dd7-5e4f-4c83-95b7-a7cba6aa63fb","gall_DetailsList_C":"1e2e1ce7-e04d-4196-8557-8660afd2bcb1","galleryTemplate4":"388a087e-f59e-43f4-8139-3422bf059b2e","shp_DetailsList_C_Gall":"99a8e9be-a803-43f8-a13f-55e15d823045","cb_DetailsList_C_Gall":"31b9b86d-97f0-4d6a-8d86-668c849feb72","lbl_DetailsList_C_Gall_Title":"9e815f11-3cd8-4810-9e4d-bada2813ad96","lbl_DetailsList_C_Gall_Subtitle":"1ee7a983-278f-4b76-a7c2-7030a2198845","lbl_DetailsList_C_Gall_Body":"ec3b42d1-09da-494b-8af8-a36298d8e468","shp_DetailList_C_Gall_Divider":"eef800ec-0f7b-4b65-b10e-ef022e1a552d","PACo_Nav_C":"0782f17f-a1ec-4f2c-85d6-84cad422bff6","gall_Nav_C":"9276563e-f089-4ad8-8762-d5d1b4ef434d","galleryTemplate2_1":"c7cd5edd-254c-494c-90ba-d6a21451a0c9","shp_Nav_C_Gall":"b9fc1809-bc06-4889-bd8a-4fc7060a45df","img_Nav_C_Gall":"413c5b3c-5464-4895-be70-6e4db70dcfb7","icn_Nav_C_Gall":"7f697412-d366-4cd6-b06a-962dad16890a","shp_Nav_C_Gall_Divider_Left":"92df9836-f944-435c-8d33-f81c6ec69d33","shp_Nav_C_Gall_Divider_Right":"2e4c8765-5993-4814-8060-d1976402fc9e","lbl_Nav_C_Gall":"52845bac-ac77-4cfa-8087-3d666fea5f78","PACo_Panel_A":"7b9f155c-056a-43f4-badc-54fcc3b02a28","html_Panel_A":"bdec5fcc-8c9a-4361-b9a9-b7c0a47ffe76","shp_Panel_A_Area":"6b47c163-76e0-43ea-a7f3-8a76f63e1618","html_Panel_A_CommandBar_Visualization":"05d8d4d4-6808-433d-93e1-90d83db7ae65","shp_Panel_A":"d062a138-9293-425e-b19f-a6f32007afca","shp_Panel_A_CommandBar_Visualization":"c4de4307-0ae8-408a-a714-509d10f38da3","cntr_Panel_A_CommandBar":"0b7b4f04-5c68-4af7-a6b5-92f2d812ef95","img_Panel_A_CommandBar_1":"c652d18e-05bb-4591-ab8c-6ba252761dcd","icn_Panel_A_CommandBar_1":"29b6588a-eb8d-4ec1-8392-285a4d46c28d","lbl_Panel_A_CommandBar_1":"fefaa799-656f-4927-95f6-20cca45bfa1b","img_Panel_A_CommandBar_2":"e3608ad5-1eb4-405d-af22-8fff5ce89c67","icn_Panel_A_CommandBar_2":"168406dc-c661-4a93-a7c9-33ea140e6763","lbl_Panel_A_CommandBar_2":"0434c630-f4a0-461a-9ec6-454091385ec2","gall_Panel_A":"b86a8212-0c8b-46b8-987e-aa03a82a9846","galleryTemplate2":"6bae70c0-5efd-4f71-b979-89d6c165c69f","lbl_Panel_A_Gall_Label":"e607734e-dee9-4558-aa17-8d74b1e82599","lbl_Panel_A_Gall_Text":"9ea6d5bd-9ba1-469d-9731-a3c54e4a5dd1","cntr_Panel_A_Button":"61e256f9-ca90-4377-bed3-c5518e1f3b6d","btn_Panel_A_Button":"e9c6f0de-853a-40d5-9843-a3dae2332155","icn_Panel_A_Button":"53f4b57f-e78a-4ee8-8dce-cde35298c440","img_Panel_A_Button":"103494e6-89a0-4e1a-803e-4b2bd8299375","lbl_Panel_A_Button":"c37319bf-1f69-41df-8989-d9d8491ce756","html_Panel_A_Button":"d9b8fa5c-62df-4e5c-9b1f-8e3301d5e1a7","html_Panel_A_CommandBar_1":"42dc2263-6575-4649-9812-10f9b4ac95b8","html_Panel_A_CommandBar_2":"6cc619c8-f914-4b45-b808-ce11c4b99f07","PACo_HeaderSettingsMenu_A":"24f2d11e-1a9d-44da-9e95-b797db77a7f8","html_HeaderSettingsMenu_A_Visualization":"f32e3784-d74a-4eb9-99b1-b20d8e58c5fe","shp_HeaderSettingsMenu_A_Area_Visualization":"82542942-44f6-4341-8cfe-ae7ee3e9d9e6","gall_HeaderSettingsMenu_A":"818e0f33-ff17-45be-ac6e-4f7b9b50c89d","galleryTemplate1_2":"0b5ff6f5-c504-4563-a2af-455cfaaf13d2","shp_HeaderSettingsMenu_A_Gall":"838174f7-e9e8-430c-bf23-3b5885905adc","lbl_HeaderSettingsMenu_A_Gall":"f2bc2b54-bffc-4f53-8617-dde4b1e408a6","icn_HeaderSettingsMenu_A_Gall":"4ffbbf3c-9d63-4259-88a2-72b2bab0afd1","shp_HeaderSettingsMenu_A_Gall_Divider":"134c8dd9-b670-4a02-b679-a07831d8905d","shp_HeaderSettingsMenu_A":"1d1255eb-d7d6-4ad2-83d5-a6dbb878037f","PACo_Nav_B":"ddf754c4-6054-4269-8ed0-364b6b9c7e86","html_Nav_B_Visualization":"a8aaff55-7b3b-4b79-8cc4-6e3a1b67db10","shp_Nav_B_Visualization":"92ac7ef2-5bda-46bc-8b86-7f2a13711771","gall_Nav_B":"385cb55b-86b6-46f5-b2e9-ca9ca08b50f5","galleryTemplate1_3":"99b9337e-b51c-4d8a-ad85-bfa56f826e7e","shp_Nav_B_Gall":"5fc85a1c-72e2-440f-bfb1-91999fd389eb","img_Nav_B_Gall":"fe01b0e9-f210-477c-b023-9040608872ca","lbl_Nav_B_Gall":"b1d51107-f521-4816-aafa-35f170d3e182","icn_Nav_B_Gall":"5367bb09-9b04-40ba-a50e-bfb1615dc295","shp_Nav_B_Gall_Divider":"95e0aef7-6656-4ef9-8dc9-1134275b9d61","PACo_DetailsList_B":"fccd28da-235c-4ef8-90c2-9ad711100600","html_DetailsList_B_Visualization":"59f398f8-fdb6-4c37-b9c3-daea655fdabe","shp_DetailsList_B_Visualization":"d7d2b956-11e1-4391-a8f1-c577502a91c9","cntr_DetailsList_B_Main":"415062d8-18a8-4839-8583-ee88c22d9e59","cntr_DetailsList_B":"e7447827-cac0-4540-8949-f0cb04d30572","lbl_DetailsList_B_Header_1":"6895dcad-0ec7-43e7-b069-525cad542f36","icn_DetailsList_B_Header_1":"8b5e603e-c695-47ad-b9e3-b090fff7ab14","cb_DetailsList_B_Header":"c8635a55-9250-41b3-8351-2391ecd525ab","icn_DetailsList_B_Header_Sorting":"80ef7da9-fe9d-449b-afd5-22e6f85dd9d8","lbl_DetailsList_B_Header_2":"5d6b1794-0dba-43b7-8190-43c63b1d6968","icn_DetailsList_B_Header_2":"b79d3a9b-44a7-452a-a068-dc2a339623d2","lbl_DetailsList_B_Header_3":"15ff245a-3e0d-4a98-9420-dc7096098661","icn_DetailsList_B_Header_3":"10a8e9f7-e24c-42a4-be99-3bdf277c81ff","lbl_DetailsList_B_Header_4":"0a41120d-4924-44dc-ae69-57fbd9890180","icn_DetailsList_B_Header_4":"3b86f90e-7040-4850-acf8-516372c06079","lbl_DetailsList_B_Header_5":"d7c851d8-e517-4404-9a23-7a34e5775ce6","icn_DetailsList_B_Header_5":"4dd7dacf-944c-4991-a9c5-497d928a3d2b","lbl_DetailsList_B_Header_6":"6ec0a34b-5c8c-4729-a507-d776c38b08f6","icn_DetailsList_B_Header_6":"214bd629-5093-4e97-81b2-95bba6186145","lbl_DetailsList_B_Header_7":"caa533bd-ecc3-4fc6-831f-c2808628e594","icn_DetailsList_B_Header_7":"3d716b20-306e-40f4-9dd1-5bb312506756","lbl_DetailsList_B_Header_8":"754fe79a-cd60-4a5d-ab37-a67ee7e4818f","icn_DetailsList_B_Header_8":"01ef391e-3878-4bf4-b2b1-1c100e4c208f","lbl_DetailsList_B_Header_9":"67d2b59a-6412-4a29-86d4-b1adc1b135f1","icn_DetailsList_B_Header_9":"6d55ecc8-724b-4850-a4e6-7b2e342dacd0","lbl_DetailsList_B_Header_10":"2c485895-9f58-4a13-a879-88ea33f94837","icn_DetailsList_B_Header_10":"d53c3d4c-68a7-4f67-bf4f-571e7fee373f","gall_DetailsList_B":"29f5feb5-77a0-4d9a-87fe-2d5628b42d45","galleryTemplate2_4":"69f14939-d3d3-4743-af6b-796ed57e7516","lbl_DetailsList_B_Gall_1":"39a14dc5-3674-4fac-b2f6-5585beb2d597","cb_DetailsList_B_Gall":"9e97eb94-ab6d-4976-b9df-e3ac47dc7f1f","lbl_DetailsList_B_Gall_2":"348410b4-e223-4e9b-8b0a-a79bb9f2adde","lbl_DetailsList_B_Gall_3":"3aa8bc94-54db-4d29-b0fa-4605d8aae3d5","lbl_DetailsList_B_Gall_4":"194f9955-d695-469b-8056-d2415be0d5b4","lbl_DetailsList_B_Gall_5":"38748a38-8757-46a5-bb7e-45a99db78671","lbl_DetailsList_B_Gall_6":"995f41cd-186c-4eac-a22c-2f418f9ff1d0","lbl_DetailsList_B_Gall_7":"7a1265c6-fba4-49ea-98af-9977c8a7101d","lbl_DetailsList_B_Gall_8":"8076a1a8-c463-49ba-bf56-f04bf687a05d","lbl_DetailsList_B_Gall_9":"fdc6289a-ba6a-4479-9854-db6916b2a06f","lbl_DetailsList_B_Gall_10":"f11dc463-fe42-4916-90f9-ac486acb5899","shp_DetailsList_B_Gall_Divider":"c685247b-195e-4f46-a52a-ca173dce728b","PACo_Dialog_A":"e632cbc4-925c-436d-bb9b-9e28a3b07259","cntr_Dialog_A":"28178da6-25f9-4931-9a1d-b0b018a97987","html_Dialog_A_Visualization":"d65edabf-55db-4759-8e22-27c4ba609c44","shp_Dialog_A_Visualization":"ccba2603-92b9-42d3-bf3b-20d8296f83b6","shp_Dialog_A_Area":"306b16c9-1749-4a54-afa5-0334b7c1f6d8","lbl_Dialog_A_Title":"3b925091-446d-4af9-a0f3-fda55b39aa37","lbl_Dialog_A_Message":"8e6a5ae2-c3ab-48f1-a68a-9013760af5ba","html_Dialog_A_Message":"36618078-6a40-4935-ade3-8aca1c8d5aee","cntr_Dialog_A_Button_Last":"441d9cab-996b-473b-bec4-470a1946a244","icn_Dialog_A_Button_Last":"0fc22975-8b88-4f9e-a774-c2bdb81d18fe","img_Dialog_A_Button_Last":"7fa93ba7-1aa0-49f0-a5b8-eeedfa724453","lbl_Dialog_A_Button_Last":"77b3968b-a675-4035-ba5b-f4b5aa74190e","btn_Dialog_A_Button_Last":"e07a06ad-2370-428b-a423-b5dc990da6fb","cntr_Dialog_A_Button_First":"0a6666b1-514e-41f7-bb00-f220bc774509","icn_Dialog_A_Button_First":"b4f5ad65-0eb8-4115-9a52-d8f57a223c6a","img_Dialog_A_Button_First":"3b27bbe3-de4b-4a0d-bb34-ae060374b3c7","lbl_Dialog_A_Button_First":"68027f29-dca7-4f55-96d4-99304e36d4a4","btn_Dialog_A_Button_First":"c45cef69-daeb-4cfc-820a-f15d3ac0248b","html_Dialog_A_Button_First":"1c142a1b-2827-44eb-bb0d-797faf76eca7","html_Dialog_A_Button_Last":"8b93540a-914b-47c8-af0b-bebaacf6b812","PACo_Header_A":"8c1ae0e5-1ef0-43df-9f85-6993654920f8","html_Header_A_Visualization":"990189f5-6f9a-4e89-a694-5c328628431a","lbl_Header_A":"fc492747-afc8-4af9-ba52-fbeecd8a0219","img_Header_A_Back":"b912a7e0-1036-49f4-a8ce-5658a34db107","icn_Header_A_Back":"e5b30d54-5cb5-47f4-b484-d4cf91be726c","img_Header_A_Nav":"3a2de006-c455-4e77-8c33-97d43bfda476","icn_Header_A_Nav":"bd1de648-3bf1-400b-a1bc-518d5558da1d","img_Header_A_Logo":"2e9baef1-6ded-4369-91be-e66615d01577","icn_Header_A_Logo":"9f018394-19a6-4302-b446-872d474f0383","img_Header_A_LanguagesMenu":"7d8c0a61-57d6-493c-9789-d8e350da2b56","icn_Header_A_LanguagesMenu":"2e893cd4-217e-4a16-b84c-5c707d0c4103","img_Header_A_Help":"14133cd6-9d9d-42f1-b6b3-e749d7f53852","icn_Header_A_Help":"bcc3b5a9-bfe0-41fe-8a68-49c385f35dbb","img_Header_A_SettingsMenu":"bac0964c-69e5-49d6-94a0-cb08af52545f","icn_Header_A_SettingsMenu":"8263dbcd-be71-4a75-8be2-82b25542d758","shp_Header_A_Visualization":"931cdf52-c839-418b-b1ba-b158ea4bdeef","PACo_DetailsList_A":"826dc8e4-6c72-4dbc-ae12-aa67171e6fbd","html_DetailsList_A_Visualization":"cd4b2c0d-bc32-4409-a19b-b04dbe638e67","shp_DetailsList_A_Visualization":"4317566b-56e0-416c-9c68-9130690e2fb7","cntr_DetailsList_A_Main":"ee127e20-fd38-4357-93cb-3709e2ddd3cd","cntr_DetailsList_A":"51981790-c658-4db3-8f8c-141aa180ccc5","lbl_DetailsList_A_Header_1":"5c572ea0-4e1c-4d6a-9763-e19f545a93e4","icn_DetailsList_A_Header_1":"b07b9d5b-5e88-4214-8068-03232aa88a54","cb_DetailsList_A_Header":"d8fddbf3-8ca3-4df7-b11c-ea09b7b86f65","icn_DetailsList_A_Header_Sorting":"3001af9d-237d-497e-b652-16f2352a12b4","lbl_DetailsList_A_Header_2":"254084bf-8a3c-4b59-a4e8-5326756518a9","icn_DetailsList_A_Header_2":"9fcf7b79-b402-4859-a0d1-20f1b74a0479","lbl_DetailsList_A_Header_3":"e55151c4-7313-4d90-a9e1-b62ba9eb3f93","icn_DetailsList_A_Header_3":"d60d47fe-0b97-4457-9723-57ed6a2d5347","lbl_DetailsList_A_Header_4":"e49a66ad-9ac2-4979-8c9e-4bd018950894","icn_DetailsList_A_Header_4":"cc51c586-21ca-4721-bf02-cece3e6a5786","lbl_DetailsList_A_Header_5":"b41ecc09-ab9a-4cf7-a59b-eebdcc4ea5f2","icn_DetailsList_A_Header_5":"2109a18b-6ef9-4abb-a5a3-4869c6d7e069","lbl_DetailsList_A_Header_6":"eefe4986-521b-4cb7-bee4-fe8819b42de6","icn_DetailsList_A_Header_6":"7cf3f2f6-3ddd-4dd7-a7cb-daf135995e0e","lbl_DetailsList_A_Header_7":"cdb3585a-908c-468f-b2cd-4a928e8dbff0","icn_DetailsList_A_Header_7":"7c6b78b9-7e25-467c-a325-86bbb606fc5a","lbl_DetailsList_A_Header_8":"0461ac5a-1735-4338-8615-96547b8831b6","icn_DetailsList_A_Header_8":"c6680948-d1ec-4754-bce7-085c2bfe15ef","lbl_DetailsList_A_Header_9":"fdc86806-a62f-4e3b-99ae-d06ac9f2eaa2","icn_DetailsList_A_Header_9":"06f7d35c-3e8e-4d7f-bbff-f5e7bbfb0363","lbl_DetailsList_A_Header_10":"2f0730c1-1504-4836-a7fb-0a7bd264bf25","icn_DetailsList_A_Header_10":"e98b425c-fcba-4b5b-9d3f-9034911531eb","lbl_DetailsList_A_Header_11":"142c9b7f-4731-4274-bdd2-b4d84f5b4d44","icn_DetailsList_A_Header_11":"08c832f9-b4e1-4b85-a6ad-565cc93d33b0","lbl_DetailsList_A_Header_12":"cc638c89-7174-4170-ac41-d66f518c3555","icn_DetailsList_A_Header_12":"ce5a37d4-02a4-43b6-b8c9-096101b3da0c","lbl_DetailsList_A_Header_13":"f2a57e25-5756-480e-8ff4-fbd5bc802d8e","icn_DetailsList_A_Header_13":"75855e4f-f77e-4e95-ae60-de7ec436c5d4","lbl_DetailsList_A_Header_14":"fe9e3266-6234-4ac8-ae80-d65bc2f71ea4","icn_DetailsList_A_Header_14":"3427a115-906c-45be-95fb-c577b9efc433","lbl_DetailsList_A_Header_15":"a26c96ef-9b19-4112-9564-f28f1c12816f","icn_DetailsList_A_Header_15":"2cf71541-6899-4ffb-882e-598b9caec85b","lbl_DetailsList_A_Header_16":"1fd962dd-903b-4aee-8ad5-61b95ccfdcb9","icn_DetailsList_A_Header_16":"2a5f84b0-af7a-499b-b876-0206c9390fe9","lbl_DetailsList_A_Header_17":"aff288cc-2c5a-4aa8-a468-600e92880e42","icn_DetailsList_A_Header_17":"d1eb9bf4-918e-4942-b576-528e9a32a843","lbl_DetailsList_A_Header_18":"ee2d9523-7b93-4ee1-ab7e-dd543b0c4ff6","icn_DetailsList_A_Header_18":"6f8d0df6-cdc1-4f60-b496-43809e5509bd","lbl_DetailsList_A_Header_19":"df72b19f-9fc6-47a5-b878-b1b4eae0db07","icn_DetailsList_A_Header_19":"24e2d6df-50be-4140-92b9-5fd9fb49b289","lbl_DetailsList_A_Header_20":"df86872c-5793-4b10-9377-5362e78279ce","icn_DetailsList_A_Header_20":"85c7f7af-8cbc-4371-86ec-a00fa434052e","gall_DetailsList_A":"bd339580-76e2-4cf2-8b77-bbd131f29352","galleryTemplate2_3":"66876786-88e6-43ea-9b85-b5882a4cce4e","lbl_DetailsList_A_Gall_1":"0e7d130d-837d-4d2b-8bbb-2b6d3bc18480","cb_DetailsList_A_Gall":"411a2542-50a8-434c-9c8a-ef38af1cc5cd","lbl_DetailsList_A_Gall_2":"fba6e2c3-c344-429d-a709-c517bbd47566","lbl_DetailsList_A_Gall_3":"51e5c64f-db26-489f-a3ac-c9a825efa222","lbl_DetailsList_A_Gall_4":"b17944b8-2313-42a4-9394-37322354f58e","lbl_DetailsList_A_Gall_5":"8c2afb25-d82b-4537-b886-96c1ea9be16a","lbl_DetailsList_A_Gall_6":"13979b3d-a30d-4476-b7dc-ae1e7ea84618","lbl_DetailsList_A_Gall_7":"629a83f9-e664-4759-8cdd-3860369d6f46","lbl_DetailsList_A_Gall_8":"bbfabb9e-a83b-49d1-bcb9-2ba37a29f49b","lbl_DetailsList_A_Gall_9":"34090930-6f19-48d5-ae41-9f599c7aa31d","lbl_DetailsList_A_Gall_10":"98d64c9e-ef05-4b8c-a9f7-b8bd4be9bdcb","lbl_DetailsList_A_Gall_11":"2b159c7e-b16c-4e28-85c3-0c03aa8b0a95","lbl_DetailsList_A_Gall_12":"2cd19b97-20c8-4e65-8346-665e53ced40a","lbl_DetailsList_A_Gall_13":"2fe5830a-a906-42ce-952e-3b86d3a12225","lbl_DetailsList_A_Gall_14":"7bdb02c2-a50d-48e8-bb69-0a821b8be09f","lbl_DetailsList_A_Gall_15":"4d1f869d-6351-45a3-8f8c-9ed78e47bfe2","lbl_DetailsList_A_Gall_16":"5d62d3be-70bf-4286-9d47-6ca3122f7e52","lbl_DetailsList_A_Gall_17":"f6079c21-9d76-4dac-bc6f-4a164f250304","lbl_DetailsList_A_Gall_18":"3c397ac1-fe63-4606-9b6a-5ea1b61d098e","lbl_DetailsList_A_Gall_19":"922f2b3f-4f81-4d38-8df8-5b6cb7d10205","lbl_DetailsList_A_Gall_20":"d891294d-daec-4548-a030-de7fd11883e5","shp_DetailsList_A_Gall_Divider":"3c7ccd3f-6620-4e3c-afeb-c2dd161684eb","PACo_SearchBox_A":"42c1335c-a1d5-4598-b2c7-3b4ba7740639","html_SearchBox_A_Visualization":"94688c09-2163-419a-a646-2dd09081672d","shp_SearchBox_A_Visualization":"243c8079-3fe1-40bb-adf3-1413ea762ba8","ti_SearchBox_A":"a0901d42-50b2-4305-adcb-85333ac98b51","img_SearchBox_A_Search":"69161bd9-0ff4-481a-a49a-ae3b4f1eb2b0","PACo_Tabs_A":"3c0c6a1d-a1fc-4c7f-9b24-b19e1809e75f","html_Tabs_A_Visualization":"4cb91c8b-bb76-454a-8f14-40645b9b6493","shp_Tabs_A_Visualization":"a73afb74-99d8-4b64-900e-ce2ce07cd27e","cntr_Tabs_A":"715196b6-3b15-4d8f-bacb-35af1b405d4c","lbl_Tabs_A_1":"ae76a89c-60d1-4246-8d2b-efed6b4d1a42","icn_Tabs_A_1":"c4591d3a-6f8f-48f2-82cd-6e10642151c3","lbl_Tabs_A_2":"719fabae-a485-4de8-b4a6-7eaaa4febe4b","icn_Tabs_A_2":"92f1ddc9-975a-476f-820c-ca428f06f41e","lbl_Tabs_A_3":"7e29bf78-36e1-4d96-82df-56b510d7aa05","icn_Tabs_A_3":"983ed414-c65e-4d64-bd9e-acf1d881b408","lbl_Tabs_A_4":"51524469-2c6c-40ef-98c9-ade148718cf3","icn_Tabs_A_4":"1f3d0ec2-f775-4ecf-95c3-fadecd39e3fb","lbl_Tabs_A_5":"2fe546e0-572e-4bbf-b71b-1cea8aa46a9c","icn_Tabs_A_5":"4e956800-a02f-4916-84b2-d73efedcd98a","lbl_Tabs_A_6":"c0fc6989-aa51-4c43-9a3b-c74311b2e188","icn_Tabs_A_6":"0989d894-9105-401a-88e3-527731e73a05","lbl_Tabs_A_7":"a3f70aed-05d1-4766-be34-091cdc78bfa4","icn_Tabs_A_7":"b5b6d12f-4ddd-40ac-995c-64f3bb7700a1","lbl_Tabs_A_8":"484d45ba-4232-488b-9056-083845f3d6fa","icn_Tabs_A_8":"68e7e756-a576-4152-aa1d-ec4f429e06c0","lbl_Tabs_A_Menu":"bbe41e29-4c53-4d38-9885-69722f4d1086","icn_Tabs_A_Menu":"11c6e236-a727-45a0-9fd4-d5a6dbc3166f","shp_Tabs_A_1":"56a6f14b-bd02-4124-abb2-78a8b2b8ea86","shp_Tabs_A_2":"7b1cd593-08b7-40f4-956a-87e96ddb94c7","shp_Tabs_A_3":"7c74f219-34ba-4b92-b4f0-8be2ac0a46cf","shp_Tabs_A_4":"af4aa216-0437-4705-8669-11759743f71b","shp_Tabs_A_5":"bb03e433-8490-44a4-8f64-4d0fe8ed1fbb","shp_Tabs_A_6":"7965e8ac-de07-4c6e-a98c-ddd09199d873","shp_Tabs_A_7":"8f718f84-486a-47c6-b4c9-ced2bd22670b","shp_Tabs_A_8":"10ba42c8-ca9e-43df-b965-78069c0d3d5a","html_Tabs_A_1":"e973ab4f-6dac-43d8-97e2-305646ec47e3","html_Tabs_A_2":"50b82213-1e59-4994-b013-43a8012d13de","html_Tabs_A_3":"795f9a06-36e1-4765-a8b2-a87fe3c14ad8","html_Tabs_A_4":"12e1119d-5a39-44d9-bc8a-ebfe5984eb05","html_Tabs_A_5":"f7733f3c-5a70-40c6-be4e-96664a97175e","html_Tabs_A_6":"0bd2127a-2777-4a02-b12b-29e705b3a5b8","html_Tabs_A_7":"05613d09-feb0-47b7-94dd-2c9bd5ec5b83","html_Tabs_A_8":"31abca08-82e7-4c0e-8f93-eca8a10f4e7e","PACo_HeaderLanguagesMenu_A":"a6a9d9dd-90a9-4fe7-8cfd-f994efadd6b0","html_HeaderLanguagesMenu_A_Visualization":"5e5bc06c-c31a-4d85-a6b2-9f8309137c10","shp_HeaderLanguagesMenu_A_Visualization":"b5145c74-6c9e-4941-8bf1-4bc2327c1b67","gall_HeaderLanguagesMenu_A":"91ae9fa3-d45a-484c-898c-24401d3d1aa3","galleryTemplate1_6":"f50f9b82-5368-4c48-bd0b-187638424383","img_HeaderLanguagesMenu_A_Gall":"6e96ae39-3825-4a2f-828a-3a04f9044bbd","icn_HeaderLanguagesMenu_A_Gall":"2e74b0a0-9f9c-4a6b-8467-2c1b793f65f5","shp_HeaderLanguagesMenu_A_Gall_Divider":"d4aeb2c0-5970-47e5-9245-e2efb1777cf8","PACo_Log_A":"7016ed59-684f-4462-b4f4-347d02614526","html_Log_A_Visualization":"c1826185-8b24-4b6d-a1bd-21c3bacfe3fe","shp_Log_A_Visualization":"cdf57909-19f5-4836-95fb-6884afe8997b","gall_Log_A":"3bcfa58c-cf42-4e8b-a93c-ec1de14c262b","galleryTemplate1_5":"fb490a19-6f13-4cfb-b829-433858c5f27d","shp_Log_A":"b1996749-47e7-471c-be6e-db3211752322","icn_Log_A_Gall":"c9c8b493-2b9b-4d78-b090-4ce9570a4e60","img_Log_A_Gall":"b428651f-c724-4251-9df2-030e3e80df31","lbl_Log_A_Gall":"23da3b7d-3e35-4cd7-bf94-5751edce312d","shp_Log_A_Gall_Divider":"80c2e49d-741e-441f-a7ad-2e6c6e64aede","PACo_SelectList_A":"1627ad5f-5894-4621-991e-26c4b59df0a5","cntr_SelectList_A":"e2f642c8-3b0e-4c12-815f-2cfe23967917","html_SelectList_A_Visualization":"26632d4b-0ec6-4ea1-87db-031c76e61e16","shp_SelectList_A_Visualization":"5feeca15-c2f2-4af2-8d08-6586c47e2e5e","shp_SelectList_A_Area":"be01eff6-2d59-48f2-952e-7d373e54ec44","cntr_SelectList_A_Search":"fa26bc31-f2d6-4588-a304-3da0414fba21","html_SelectList_A_Search_Visualization":"5ec6351c-2570-4722-8922-ebfae0d0777f","shp_SelectList_A_Search_Visualization":"fe9b301b-c2f1-4327-8f69-78225ae94aa3","ti_SelectList_A_Search":"fa583e73-3e8c-4f53-9c0f-3c0fed865bf0","img_SelectList_A_Search":"e52945f0-3769-4928-8550-117195bf0723","html_SelectList_A_Gallery_Visualization":"bd3c2933-c74b-4a9b-ba6c-1da24b4f858a","shp_SelectList_A_Gallery_Visualization":"b2ee9e86-e3ca-4d8f-a08f-37ecd6617420","gall_SelectList_A":"9cb960e8-4cb9-46aa-94f2-bd0673814521","galleryTemplate5_1":"f138f5a9-1bea-4837-ac55-a255f7341cd0","lbl_SelectList_A_Gall":"bd74db40-40a2-491d-a3ab-42c71ad98e86","icn_SelectList_A_Gall":"01c12a3f-e318-4db5-b365-c0c96cc56fce","shp_SelectList_A_Gall_Divider":"a817ac35-6f33-44e4-afb2-8f69d04c33b1","cntr_SelectList_A_Button":"08dd0166-fd75-42bf-9911-959dc2f37d09","btn_SelectList_A_Button":"0db1805d-da3b-42b2-b20a-58a2c6ce463a","icn_SelectList_A_Button":"cbb1df3b-cc51-41f1-b95e-96c4de879e45","img_SelectList_A_Button":"03444fb1-c682-4b4d-8ee1-93d02fee658d","lbl_SelectList_A_Button":"17d700e8-39db-4f42-a715-2d5bcf251bff","html_SelectList_A_Button":"6eaa1737-150d-4824-87f6-2e0cd9b1d4e2","PACo_TabsMenu_A":"68285d5e-afb8-4830-b6b7-693730586bee","html_TabsMenu_A_Visualization":"2e765235-0e40-4fc7-b4f7-d0646de5650a","shp_TabsMenu_A_Visualization":"316cf43d-6e3e-4096-a74a-a80fc3041b3f","gall_TabsMenu_A":"946f1a6d-3f71-45b0-b7ed-134704199ec4","galleryTemplate1_7":"3a3758d3-2d3f-497b-9268-4e249d1c40b5","shp_TabsMenu_A":"78481202-86c6-4641-9275-a4b5e2f7c3a1","icn_Tabs_A_Gall":"ccb6ed05-ba1f-46a2-8cf1-2d93962510e0","lbl_TabsMenu_A_Gall":"a80982cf-fd7f-4e4b-b8a8-5678cf298505","shp_TabsMenu_A_Gall_Divider":"17a36dba-275b-4bba-bb76-40929fb06d89","PACo_Log_A Screen":"d031df28-1216-47d5-9276-10d32a40aae7","cmp_Log_Back":"3ccfa5a9-e9d1-4271-bc57-b178cc7a6b0c","tmr_Log":"6d576875-7890-42c0-9da7-857d28fe1fe3","cmp_Log_A":"56e998e0-864f-405e-9c4f-c0a3cc96d7c5","cmp_Log_Button_LoadData":"be965022-2339-4e00-80b1-2415a05361c9","lbl_Log_A_VAR":"7b571760-e720-4ed3-996e-92b51fc85a17","PACo_SelectList_A Screen":"38f8ecc9-3ee3-4fb2-98f8-94e7b5e92636","cmp_SelectList_A":"aee3c8f6-95da-4c0b-b8d8-dbec97ffc173","cmp_SelectList_Back":"fd62c73e-20eb-4742-887a-937023e98eff","cmp_SelectList_Button_LoadData":"5d454ed1-7a6a-4922-9b8e-ef57b218fd28","lbl_SelectList_A_VAR":"e02ee09b-e02f-4439-9fae-7c621971c473","PACo_Header Screen":"b51bda0e-148c-405f-b210-d45b86e446c7","cmp_Header_A_1":"97b05ca9-2860-4dec-88a3-73249944ea9a","cmp_HeaderSettingsMenu_A":"a71ff017-88eb-4a7a-bde0-f9bfc2f65beb","cmp_Header_Back":"a85047fb-16df-492a-ab35-54070072f720","cmp_Header_A_2":"de3eb4ea-5ef7-443d-9a61-d0f527ba27a2","cmp_Header_A_3":"d557d8b9-f966-47a0-ada2-fb788481860a","cmp_HeaderLanguagesMenu_A":"1f38f073-fdbe-4013-973c-504ce0f5bbe0","lbl_Header_A_VAR":"31d0265c-bda4-4d8c-87f2-cb239b4ad8e1","PACo_DetailsList_C Screen":"fe27447e-2201-424d-beea-a55b568c7f0e","cmp_DetailsList_C_Back":"a5674e88-5b42-4038-a5d8-a9e80af7f59e","cmp_DetailsList_C_Button_LoadData":"e493dc84-b781-45bb-90c4-e0994ce388c4","lbl_DetailsList_C_VAR":"8773665d-6d38-4670-b3d6-17425bd504ac","cmp_DetailsList_C":"7108906e-a5b0-4e0c-9421-09d0c97e9df7","PACo_SearchBox_A Screen":"1cc43c6a-b2d9-45b2-bcd1-fb07bba0f8cf","cmp_SearchBox_A":"27ceb5f3-6f76-4c1a-9643-1d0f995d2c5d","cmp_SearchBox_Back":"ad855773-4286-48f4-93f4-88178f729707","lbl_SearchBox_A_VAR":"71bd2e4f-89fb-4fc2-b851-d3ac8ed62962","PACo_DetailsList_A Screen":"ef82f38d-55c6-4a03-a3aa-0fac1f9ceceb","cmp_DetailsList_A_Back":"61f3bf6e-ab60-46db-98ba-574c1c6f6391","cmp_DetailsList_A_Button_LoadData":"ae4af06c-6347-4fcd-8963-257ffbc3e61a","lbl_DetailsList_A_VAR":"19b5e9c4-1c03-4874-9b47-4510ec893dc4","cmp_DetailsList_A":"c30d7491-ba20-4130-8f66-18cd1693baae","PACo_ProgressIndicator_A Screen":"bb4e0a7b-324a-482a-8900-97d57f2eb383","cmp_ProgressIndicator_A_Back":"b0bba98d-0f34-422b-8f83-507746aa3011","cmp_ProgressIndicator_A_Button_LoadData":"c11e268b-9de6-426a-893f-6e5f9de2950a","cmp_ProgressIndicator_A":"bd57ca3e-82db-452f-9a60-bef4442fae0b","Home Screen":"2de53cd9-8f11-44e4-9e35-7f4ccd39042e","cntr_Home":"5d6fd9b7-b72b-430e-88fe-05c394fe8581","cmp_Button_PACo_Button_A":"fb67fe4c-a166-4494-ac67-55acd94d2c4f","cmp_Button_PACo_CommandBar":"5a582b10-ee68-476d-9c79-87d2241a36e0","cmp_Button_PACo_CommandBar_Item_A":"e462229c-266c-48e8-a05e-df237bd55ac0","cmp_Button_PACo_DetailsList_A":"7d1cedeb-19af-45cb-89b7-6478e1c29691","cmp_Button_PACo_DetailsList_B":"c856bab4-220a-486e-bc73-b8e464f7550c","cmp_Button_PACo_DetailsList_C":"fe94a540-2a82-4f2c-ae3d-4dd76a6c02d6","cmp_Button_PACo_Dialog_A":"13126e36-2a53-4286-a935-ee5586d6fc18","cmp_Button_PACo_Header_A":"01efd929-5d88-4f79-954c-3f8e703d41de","cmp_Button_PACo_Icon_A":"93695e29-dafe-418d-925a-fee1fe1b620f","cmp_Button_PACo_Log_A":"0ad4f25f-5b11-46fe-94b0-50b1bf28710c","cmp_Button_PACo_Nav_B":"f8669e43-47cd-4452-9b32-0c7eceb0f56e","cmp_Button_PACo_Nav_C":"51730f23-9667-4387-be3e-0d2e02b18632","cmp_Button_PACo_Panel_A":"d293bd16-4191-4222-a6c9-fdceed7f43d7","cmp_Button_PACo_ProgressIndicator_A":"0634b095-cf36-4a20-80ed-1b464d93240a","cmp_Button_PACo_ProgressIndicator_B":"fcd36a04-3234-4c7a-833d-8b3a2b842e64","cmp_Button_PACo_SearchBox_A":"c0991ec8-159b-407f-b6dd-b63cef920ae5","cmp_Button_PACo_SelectList_A":"7fe730d7-0c48-4280-b1a2-e71c794d2dd8","cmp_Button_PACo_Spinner_A":"ad918a57-331b-4a5d-8dd5-6fd81779e426","cmp_Button_PACo_Tabs":"a2693165-6d8d-4f11-a71d-6dba05642714","cmp_Button_PACo_Tiles":"b39e15d9-cf97-4f93-9e00-f72a3fb6af80","cmp_Button_PACo_Visualization_A":"f46d156e-b2e5-4881-b21f-275e14dd16d6","PACo_ProgressIndicator_B Screen":"8a586a47-55ce-40aa-bf21-bc654511b978","cmp_ProgressIndicator_B_Back":"c9899ead-c154-4fff-a98b-a6249a6830c8","cmp_ProgressIndicator_B_Button_LoadData":"ab4dcd77-af45-4452-90cb-5ca6bdeddca3","cmp_ProgressIndicator_B":"f9c4558a-35e5-43db-98b0-2989cb6e9a04","PACo_Button_A Screen":"d2c68483-5770-4dd0-b63a-c6b7e74206c5","cmp_Button_Back":"da2ecf3e-efce-4a55-862f-ef414d2a9d01","cmp_Button_A_Primary":"93c1b4b1-827c-461a-8bab-92105ab2529c","cmp_Button_A_Secondary":"85fba862-0dea-47c0-ae98-13f8a14e408c","cmp_Button_A_Primary_Disabled":"ef92777f-7b49-4b72-a87c-026be95e3125","cmp_Button_A_Secondary_Disabled":"41804fee-524d-459b-830b-0faee111937f","cmp_Button_A_Primary_NoImage":"af1ef2d3-f4eb-487c-8391-e0171d710815","cmp_Button_A_Secondary_NoImage":"5cd1b345-c150-4847-9127-bfd2f02e7a93","cmp_Button_A_Primary_NoText":"d29d62ad-66e0-4b63-bafc-8584e396fa4d","cmp_Button_A_Secondary_NoText":"1d969022-d7f8-4d23-b942-9e838d89321f","cmp_Button_A_Primary_BorderRadius":"8f102ee4-9044-4445-bbf5-04ad80131a13","cmp_Button_A_Secondary_BorderRadius":"c6dfd39e-c6af-4372-a847-9c135d4bcab6","cmp_Button_A_Primary_Disabled_BorderRadius":"31b8b22e-ab73-4e27-b287-b0cbad88c0e6","cmp_Button_A_Secondary_Disabled_BorderRadius":"8da0fb88-8ed9-40cc-83db-27a6af36cc33","cmp_Button_A_Primary_2":"f538fda3-cdf3-4990-a08c-6fda32efea5b","cmp_Button_A_Secondary_2":"888cbcec-d114-424a-a258-46cf79b501ed","cmp_Button_A_Primary_Disabled_2":"b41f3fc9-283c-4047-a49f-b7318c183df2","cmp_Button_A_Secondary_Disabled_2":"692ebfc4-4891-442d-aaed-7eb1ecc32eef","cmp_Button_A_Primary_NoImage_2":"447b0f48-06be-424e-b01e-58921b59a1fe","cmp_Button_A_Secondary_NoImage_2":"2d314956-6162-40f0-99bb-a6016b1f38c2","cmp_Button_A_Primary_NoText_2":"d54e088f-dc5d-4020-8b7f-cedaad63fa03","cmp_Button_A_Secondary_NoText_2":"4ccab99b-bd46-4dab-8624-11e1638a9649","cmp_Button_A_Primary_BorderRadius_2":"daf1fa69-a783-4ffd-a447-c22c4c9e5588","cmp_Button_A_Secondary_BorderRadius_2":"a09d0c60-7ac5-4dd2-8ed4-374b8a15881c","cmp_Button_A_Primary_Disabled_BorderRadius_2":"536dc549-d799-4793-80b6-5bf7171ecbae","cmp_Button_A_Secondary_Disabled_BorderRadius_2":"49d7ec2d-f6e8-430d-9fd4-7c3608e9b09a","lbl_Button_A_Primary_VAR":"9ad44054-8f24-401d-ac40-8179054c45ed","lbl_Button_A_Secondary_VAR":"a42102ab-709e-4010-b090-59aef0932f26","PACo_CommandBar_Item_A Screen":"8cab4163-24dd-4717-9dbf-99c040e9db04","cmp_CommandBar_Item_Back":"177cb5cc-064f-40b9-91cd-9929577a49e8","cmp_CommandBar_Item_A":"3b587aa9-8162-4de3-b40d-4ba9c18aac06","lbl_CommandBar_Item_A_VAR":"50fe9dc0-4a1a-4d9e-a7da-cce96163e725","PACo_Spinner_A Screen":"5eb9dfbc-bae3-4788-bf23-5bad6ed46e02","cmp_Spinner_A":"4fe2b504-1959-44f7-acdb-94ec05074c41","cmp_Spinner_Back":"a5f8a9c7-abb8-4129-9918-ca2710af2e3a","PACo_Icon_A Screen":"849abd3c-8dd9-43b6-8ca9-1176130051d9","cmp_Icon_A":"c08b05ff-f084-43e9-8373-828d545533d4","cmp_Icon_Back":"356cb6d6-9015-48fe-aba8-16646a932209","lbl_Icon_A_VAR":"9f1c91b7-f160-4c98-8955-660b8a2a9752","PACo_Visualization_A Screen":"0445e2ad-6008-4f7f-a92b-8495c435313d","cmp_Visualization_A_Elevation":"37c35ecd-0788-4669-9980-247e1cdd98d4","cmp_Visualization_Back":"a0537c14-9d42-43ad-a29f-4706578874f2","cmp_Visualization_A_Line":"fbf7741f-f734-48c1-bddb-ea4dfcead990","PACo_Tiles Screen":"eae0d78f-9b62-4c9c-9767-f590a619de31","cmp_Tiles_Back":"92a677b6-c628-4785-ba31-51d5b6604f7f","cmp_Tiles_Button_LoadData":"03dcfe8a-2a77-4178-bfbc-8cacec91244b","cmp_Tiles_Tile_A":"c927f6f3-c423-46d9-9eb4-8606934cae24","cmp_Tiles_Tile_B":"5440ca8e-1031-42d9-b7a8-bc3271669566","lbl_Tiles_VAR":"1a108f45-e010-405f-8ce0-a02f445086da","PACo_CommandBar Screen":"7d40bd5c-c052-4da3-bb59-21a0f7a96213","cmp_CommandBar_Back":"371f9d1e-1ac8-41f9-8281-e2c8412c1758","cmp_CommandBar_Button_LoadData":"f1560a45-eb4b-4fe0-90d3-060427c82962","lbl_CommandBar_VAR":"5dc10733-21b1-4b9c-8f5b-cee2b231bcb6","sldr_CommandBar":"0796f7c1-3871-41e1-b97f-3e9af3b60bc3","cmp_CommandBar_B":"e39791eb-5aea-43f1-9b23-5c5d38c5eabb","cmp_CommandBarMenu_A":"c3f9ff66-73ce-4570-afd1-954df7d6a911","PACo_DetailsList_B Screen":"e99a7191-f0df-4141-957d-6046482fd534","cmp_DetailsList_B_Back":"8e62a4f5-b673-411a-95ea-4ce4aa6e4e50","cmp_DetailsList_B_Button_LoadData":"253d6ea6-0f28-45bc-93a8-74156cc6e6fb","lbl_DetailsList_B_VAR":"cec50f8b-a238-4d49-8ad7-db90d2cbd6e0","cmp_DetailsList_B":"39262d09-0d57-4ef6-b3be-bbacfdb92af8","PACo_Dialog_A Screen":"2044281d-4e11-42f3-b708-a227c8ae08fc","cmp_Dialog_A":"1afac886-2b70-4b3b-bd7b-c64f86e04096","cmp_Dialog_Back":"741b5c30-bd7e-4445-82b6-2d2e0416fcf1","cmp_Dialog_A_Button_LoadData_1":"c277b42f-e334-452e-a01b-38b473d6d8de","cmp_Dialog_A_Button_LoadData_2":"f7cbec3d-067a-4a10-8ab1-b5ba944fdd02","PACo_Nav_B Screen":"99dfeba5-7ad2-421b-958d-47e84d978f0f","cmp_Nav_B_Back":"857d853b-5527-451a-8a99-364dc8309d27","cmp_Nav_B":"7943e6f8-583c-4c30-a54d-d520f433fe8a","cmp_Nav_B_Button_LoadData":"d135b419-838d-4eab-854d-86a4bfb36f6f","lbl_Nav_B_VAR":"0724da19-9c10-4a6c-9657-eff310defa3c","PACo_Nav_C Screen":"5e4303d1-7c4f-4fe3-9d3a-d4e045e9a926","cmp_Nav_C":"c61216e1-bb30-4b24-aa94-17eecf2d3bd4","cmp_Nav_C_Back":"4011f748-835a-4d4c-be8f-f97c5035005c","cmp_Nav_C_Button_LoadData":"12483cf5-19e7-49be-896f-854e2c595895","lbl_Nav_C_VAR":"caca6608-e5eb-4cbb-9c49-420f5714e9d4","PACo_Panel_A Screen":"86cd12ec-5f07-4bb7-b007-ac07d55518c2","cmp_Panel_A":"fd3d3093-0a3c-4533-a202-3457dfbe05a2","cmp_Panel_Back":"fe8a0b29-5ead-426f-935f-06655efe9fa9","cmp_Panel_Button_LoadData":"52460957-1b66-4717-b301-0872f253b191","lbl_Panel_A_VAR":"6a69dab4-5a81-4995-bce2-63554769d299","PACo_Tabs Screen":"28b47d9c-62ec-439b-be38-4f7088b46e29","cmp_Tabs_Back":"8c44f843-c0fa-4c7d-ad5b-02cc63e5e2c8","cmp_Tabs_Button_LoadData":"63e3431d-ee33-4b1c-a53f-857b06c07a49","lbl_Tabs_VAR":"db865fd7-86e0-4a54-baf7-bda239e0e2e9","sldr_Tabs":"3f6b97dd-e63b-44b7-ba53-ecf74b4d0c1e","cmp_Tabs_A":"57ec5968-7c6b-4846-992f-76844ebca335","cmp_TabsMenu_A":"5c09cfe9-5f88-4b5f-b22a-93a227805ec0"}