{"__Version":"0.1","App":"69c81fb7-1711-467c-9d60-85b8a346eb15","Test_7F478737223C4B69":"fd241787-4f30-4af6-a853-8cd25a4898c6","Host":"b6c9af76-dfec-451e-8c81-e504ea2d139d","PACo_Icon_A":"30735b0d-d385-409c-b798-af4b0c36843c","html_Icon_A_Visualization":"41cc8e5c-69b8-4d44-ac2f-694603bd1246","shp_Icon_A_Visualization":"0de5d259-f350-4064-9855-79d3d08055b0","img_Icon_A":"b047345f-f23e-4ebc-9468-486e63c52088","icn_Icon_A":"49e32423-fe47-49a5-a063-f00ace17403e","PACo_Visualization_A":"8f02eff3-6bef-45f1-a102-fed2d2d8b155","html_Elevation_A":"b09bc2b1-35e6-4bec-a2e9-a0838912a582","shp_Elevation_A":"bedfe188-32c9-4fe7-978a-3bd4cb2aa721","PACo_Tile_A":"e1301486-6fee-4042-9b84-8ddf0f8c29ec","html_Tile_A_Visualization":"14da2e43-8a34-4031-8bdb-1ddb268e00e4","shp_Tile_A_Visualization":"3112c5c2-579e-4f47-b565-519e46b28ef5","lbl_Tile_A_Text":"a41f7d97-3224-4617-a1dc-29a944875f69","lbl_Tile_A_Value":"8147fcfd-25e5-420f-8e3d-8c10879420e7","PACo_Spinner_A":"5fa2a36e-bf91-41f7-a94c-f4235f1d5c84","img_Spinner_A":"1d445592-61f7-4fe7-86d9-21cc5923ba75","lbl_Spinner_A":"42f10ef8-4550-4955-9180-7d38ad55ec2f","PACo_CommandBarMenu_A":"7fc3d68c-0e82-4df5-82a8-e9967f2169fc","html_CommandBarMenu_A_Visualization":"85007bc2-fbee-46aa-aef2-dc2b5e11c8c2","shp_CommandBarMenu_A_Visualization":"1ff0e745-8f87-47ee-8cf5-44b0428a2981","gall_CommandBarMenu_A":"18839af0-7013-4276-94b3-436c8cdda0c3","galleryTemplate1":"bf8ff18b-53bb-4128-9808-04b63989ccf5","shp_CommandBarMenu_A_Bottom":"9c3824ca-851c-4cbd-b6c7-a99b0fe52f2a","img_CommandBarMenu_A_Gall":"e2cf07cd-65b8-455d-92c1-0ddc29287b1c","icn_CommandBarMenu_A_Gall":"85c59fbc-55cb-42e2-8100-735c070f7294","shp_CommandBarMenu_A_Top":"c44b2069-2c6c-4a45-854b-33a5731148bc","lbl_CommandBarMenu_A_Gall":"bc478dcc-3b55-41ab-b2d6-4d76ed82cac0","shp_CommandBarMenu_A_Gall_Divider":"2430fe9c-5754-4161-bdc8-f33db5a38b17","PACo_DetailsList_C":"2e77a8b5-8b82-44a6-9b20-6c4d30a7b9b3","html_DetailsList_C_Visualization":"696bb6ad-8c80-4179-9170-f54083dee8db","shp_DetailsList_C_Visualization":"25b035c9-ff34-4594-9ebb-0eb241e2d478","gall_DetailsList_C":"2c6a2139-79f9-4340-b961-025e09ecbc01","galleryTemplate4":"a98a1865-67ef-44de-b4ad-96b579c2e2f6","shp_DetailsList_C_Gall":"8eea7db6-5944-4712-ac5f-ad6dd4ece214","cb_DetailsList_C_Gall":"e23f9468-f2f9-4355-91b8-5be06ecf4bd0","lbl_DetailsList_C_Gall_Title":"dbd84195-2bcb-4120-bca2-fa439c49bc75","lbl_DetailsList_C_Gall_Subtitle":"150af7fe-d1a3-4cfd-950f-7796505b0e98","lbl_DetailsList_C_Gall_Body":"6af6d53f-8652-489a-8e13-3302aa3a8d2a","shp_DetailList_C_Gall_Divider":"cd3ed0ee-b39b-478a-a339-a305674ba084","PACo_Nav_C":"ba678909-f270-4829-8b85-c5471cc02cea","gall_Nav_C":"102f78cc-7b0e-4d0d-987c-fb327e99720e","galleryTemplate2_1":"e927f34d-eb6d-4229-9abc-07a11d24729f","shp_Nav_C_Gall":"253fb6ba-7af7-4d24-bd31-59a98de2c44c","img_Nav_C_Gall":"61833b61-7627-4164-b83a-361c847a85d4","icn_Nav_C_Gall":"374e3a98-51a3-4c47-887e-b2894e17bfbc","shp_Nav_C_Gall_Divider_Left":"6ff5373a-282b-418b-be6a-4dc1f9494fd0","shp_Nav_C_Gall_Divider_Right":"110e7d64-4811-4847-a23d-37d992c9cec6","lbl_Nav_C_Gall":"7262f331-dc26-49f6-9337-9f1a372f1195","PACo_CommandBar_B":"01d18d0b-3336-45c2-9a7e-c1fd92f240f8","html_CommandBar_B_Visualization":"82ed63f1-d83a-4552-a97d-b43ec893c4ed","shp_CommandBar_B_Visualization":"601acc3c-f013-46dc-a0ee-9f5034c37af6","cntr_CommandBar_B":"591f2231-1ef3-49de-a473-60b13145255e","shp_CommandBar_B_1_Bottom":"cb1cfb8e-c7c0-4fa1-a5aa-44a14c03d236","img_CommandBar_B_1":"d95e55aa-a074-436e-b155-d9c6ae6a20f7","icn_CommandBar_B_1":"b8b6b0cb-15b0-441c-b3f7-96848374ca8b","shp_CommandBar_B_1_Top":"cf989d3b-fae5-4ce6-a2c9-f124b06cabb9","lbl_CommandBar_B_Menu":"08779f08-1363-4578-9a76-dc2f255f4645","icn_CommandBar_B_Menu":"edd76285-c7f0-4ae7-a34c-d37a264fb156","lbl_CommandBar_B_1":"90805d2b-4535-41c9-be0e-c2f9677659bb","shp_CommandBar_B_3_Bottom":"3fa2f334-9c74-457c-9743-bf08c1ea5250","img_CommandBar_B_3":"f7aceeb7-bfb7-4370-b4c4-60f6de902291","lbl_CommandBar_B_3":"231f206e-9e66-4f37-945e-2adc5b634f43","icn_CommandBar_B_3":"db483b40-2223-457d-a23a-8f4ebe7ec3a7","shp_CommandBar_B_3_Top":"d7807618-3774-4b35-89b2-9d59aec1a430","shp_CommandBar_B_2_Bottom":"0a009612-2c32-4ed5-b58b-44bc6b567aa1","img_CommandBar_B_2":"05255b74-0232-4336-9fc8-2630daed4d20","lbl_CommandBar_B_2":"8c5c87bc-bbb0-489a-969f-5c3f1bf3202f","icn_CommandBar_B_2":"d20fa9c8-9ae5-4d3f-96dc-dd542a538d4c","shp_CommandBar_B_2_Top":"ec75cb33-a530-4944-ba35-3b5d1f345421","shp_CommandBar_B_4_Bottom":"c1d7b054-4151-4d50-b11e-bb4228f5cc8b","img_CommandBar_B_4":"5c16b2f6-dffb-4b29-b9ef-8ba8eef191c4","icn_CommandBar_B_4":"0bb0e861-ccd6-4bb2-aa93-e4de666bec29","shp_CommandBar_B_4_Top":"d2784318-26bf-4039-8f76-c5d2eac848b9","lbl_CommandBar_B_4":"eed8f472-813f-4e65-bf10-2c531677ab7d","shp_CommandBar_B_5_Bottom":"9ee5b61d-5907-4c16-b06c-dd32cd1880d5","img_CommandBar_B_5":"a911c815-fdd7-4862-b650-e43907776990","icn_CommandBar_B_5":"ace2f213-fbe0-45d2-b0bb-d893f0162d66","shp_CommandBar_B_5_Top":"a41a16b6-3635-43f2-8591-f554268051e2","lbl_CommandBar_B_5":"0e441280-709f-4702-91b1-23ab1801bfed","shp_CommandBar_B_8_Bottom":"374f46f5-e058-4aa2-8d13-f98f86df4c33","img_CommandBar_B_8":"854431ff-2687-4f78-8020-0e2e31c69a7c","lbl_CommandBar_B_8":"10b59211-6575-4fd2-8dc9-9cbd31866c22","icn_CommandBar_B_8":"260e8a1c-a2ae-4c2d-8338-798c54e5fd5b","shp_CommandBar_B_8_Top":"41ebeb29-6d7c-41fc-bb21-8583a94e654b","shp_CommandBar_B_6_Bottom":"a909d184-f66b-4bb9-99e9-0b7acc4a6b31","img_CommandBar_B_6":"4840e9d1-2c02-4c16-afb7-85e5a231b404","icn_CommandBar_B_6":"25fcefb7-0770-4989-9a94-252b9be9e71f","shp_CommandBar_B_6_Top":"406ad43d-2c2e-4359-a470-99dbe4e57d16","lbl_CommandBar_B_6":"0f10ab84-b62a-42c4-863a-3929de81f63f","shp_CommandBar_B_7_Bottom":"c190ead1-6292-42c4-9aff-e8556952c4fb","img_CommandBar_B_7":"685f68ac-c962-4b57-a20f-cfe4d58a4fcf","lbl_CommandBar_B_7":"f9c88c90-8388-4489-aed4-c7bce239437c","icn_CommandBar_B_7":"ede5621e-99f1-4bd9-9a6e-5c33a99715e4","shp_CommandBar_B_7_Top":"47c7e509-22e7-45ec-a5be-4327698e8b5f","html_CommandBar_B_1":"83617d35-6465-459a-8c25-55819188b1ca","html_CommandBar_B_2":"5189e16a-1df6-4c08-9ea4-99c71fbdd334","html_CommandBar_B_3":"8112bb17-fd10-487a-8c6d-644e56d57814","html_CommandBar_B_4":"38d4bf39-d003-455c-8517-5281d6d825ff","html_CommandBar_B_5":"712e8b6f-8372-4f28-b92e-293ffffa45d7","html_CommandBar_B_6":"12de7c67-a87c-4d37-8b73-08b5a2a0b8c8","html_CommandBar_B_7":"b11d41f0-0f43-4b89-95bc-c39a5b1e6752","html_CommandBar_B_8":"80ccc0ea-4d9e-4915-ac61-6561ce89784b","PACo_HeaderLanguagesMenu_A":"e0a3a6da-148c-43fa-a713-30f1bf651a4b","html_HeaderLanguagesMenu_A_Visualization":"5e030e55-642d-4735-9b52-3c1437dd2b79","shp_HeaderLanguagesMenu_A_Visualization":"12e239d8-07e8-4293-9293-a2b09b079596","gall_HeaderLanguagesMenu_A":"9df49c7a-5cbd-4c19-9210-9a39b2727d58","galleryTemplate1_6":"cd4bb4a7-18e3-40e7-8aab-c37fddd4f4f7","img_HeaderLanguagesMenu_A_Gall":"e5cce364-b902-4347-b1c7-202bfa9b8c57","icn_HeaderLanguagesMenu_A_Gall":"ff4c4d85-e93e-467e-ace1-0f94a63e1cfc","shp_HeaderLanguagesMenu_A_Gall_Divider":"f342615d-043b-42df-9daf-746bbb91f401","PACo_Log_A":"a6c3a682-6c08-435c-8ea2-6a3f6a516f92","html_Log_A_Visualization":"c18f00ee-318a-469c-8ced-365bbac198de","shp_Log_A_Visualization":"eec2ea80-58ee-4ce4-a756-13534c35b355","gall_Log_A":"2a53f43f-76c6-4fd9-bed8-ae92dc9aae29","galleryTemplate1_5":"398b72c2-14a4-41c4-bde7-71545a84e7c7","shp_Log_A":"39284edd-0608-4b6c-b4b7-14ec224ccb5c","icn_Log_A_Gall":"fbb0331c-b7c3-48e8-ac7e-6ee0e99e2c9a","img_Log_A_Gall":"aae2e539-e27a-47d7-9829-afe46dd4b523","lbl_Log_A_Gall":"19b1c66e-f18a-4611-a128-62b2dbdf4005","shp_Log_A_Gall_Divider":"0c711ec6-88d7-4a89-91c5-2e9432feb386","PACo_SelectList_A":"122600ae-15d6-442b-a75b-1a3f8baa1a7b","cntr_SelectList_A":"37a5b701-5f58-4edb-88a2-5df6fce8e30c","html_SelectList_A_Visualization":"07d0e24a-a91d-42f7-8e4c-64c12303707a","shp_SelectList_A_Visualization":"42dc1f09-3060-4f1c-8bbf-d4e5705c3b57","shp_SelectList_A_Area":"a24dd154-3b16-423f-8f3f-744dfad9ff87","cntr_SelectList_A_Search":"797ae83a-a4fc-4824-a777-86b0b7b5fc3e","html_SelectList_A_Search_Visualization":"0d0fe1cf-3000-412c-9358-4ab5c8df2e80","shp_SelectList_A_Search_Visualization":"1995117d-6629-475f-a653-c898c6a2a84e","ti_SelectList_A_Search":"fd6fdfe4-a008-4033-9147-91f7a64bd91a","img_SelectList_A_Search":"affe45b4-03e3-4c81-b6d9-7e49c7aebc97","html_SelectList_A_Gallery_Visualization":"b02fce1a-57b2-40f3-b918-7c7fa5870d32","shp_SelectList_A_Gallery_Visualization":"fbbe1349-aa14-424c-849a-542e4189b7af","gall_SelectList_A":"dd86effd-aa88-4800-b267-b252f55f0a22","galleryTemplate5_1":"bd62c3f2-3965-46f6-b0ca-48f7b94dd6da","lbl_SelectList_A_Gall":"24c88a29-c905-4fd5-bc32-2deece4b6d3c","icn_SelectList_A_Gall":"4df45162-a67a-4778-ac60-8a87bb105358","shp_SelectList_A_Gall_Divider":"df89324c-8487-4f52-82a4-4602d4a89ae5","cntr_SelectList_A_Button":"83f3b0f2-e182-4140-9021-2e9f87c45a6a","btn_SelectList_A_Button":"0d63d27c-859b-4971-bd3a-0832c7b4c62c","icn_SelectList_A_Button":"cad7c6ee-10aa-4ef0-a8e6-20230dff01b5","img_SelectList_A_Button":"6bdb5673-7321-4ccc-9ad2-7cff0582517e","lbl_SelectList_A_Button":"e2f03fa0-bd81-445d-b935-c8b42d6c04a4","html_SelectList_A_Button":"27ec9bda-0897-4ea0-a03a-b4ed93ed85e6","PACo_ProgressIndicator_B":"a6cc6815-8ce5-4e7a-8bc4-10655947e353","html_ProgressIndicator_B_Visualization":"c6c3a77e-b52a-4a46-9aa8-e3a0cbf2c0a7","shp_ProgressIndicator_B_Visualization":"c2938a9c-2af4-44a2-913a-f9e6d1645d16","gall_ProgressIndicator_B":"8068dc33-91e1-4550-b494-944f5f918b59","galleryTemplate1_4":"e874a439-36eb-4229-a965-551e071ff84d","shp_ProgressIndicator_B_Gall_Circle1":"efd720b9-cc07-4fb0-b581-15c1c04cc9e4","shp_ProgressIndicator_B_Gall_Circle2":"b4f30e62-5322-4c2b-a2e4-0f44212aae98","shp_ProgressIndicator_B_Gall_Circle3":"8067308a-572e-473e-a927-535deab3e630","shp_ProgressIndicator_B_Gall_Left":"e813a1bc-cd28-4151-8c88-1e8ec075079d","shp_ProgressIndicator_B_Gall_Right":"696211cc-791c-4882-9ba8-88c0579b8572","lbl_ProgressIndicator_B_Gall":"7f7feedf-0291-43ba-a95c-e26dbf950231","PACo_ProgressIndicator_A":"790e3b48-9b62-4706-b213-55075cee8a25","html_ProgressIndicator_A_Visualization":"dd5f02ae-790d-431f-9c3f-ac0a357c155e","shp_ProgressIndicator_A_Visualization":"e0aa4b0d-9bd5-4ae7-b44f-a25083bde145","gall_ProgressIndicator_A":"337468ab-6321-4dd2-877e-3e995e265f89","galleryTemplate1_1":"ebb8ae27-96c9-43de-a90e-1e1e53217e18","shp_ProgressIndicator_A_Gall_Circle1":"916db45d-fefe-47ac-a503-2111dc7ae353","shp_ProgressIndicator_A_Gall_Circle2":"3fef40c5-ae0f-455d-8104-9fce3e35a6af","shp_ProgressIndicator_A_Gall_Circle3":"c5f10e8c-fa12-4590-87ae-f4ecbadfaa85","shp_ProgressIndicator_A_Gall_Left":"9bd6bdd4-d9ae-4413-b7c7-24ac44420fdd","shp_ProgressIndicator_A_Gall_Right":"00e3ccf7-80d1-4861-814a-5fa32b5cc629","lbl_ProgressIndicator_A_Gall":"c61ced55-007a-4cd7-89bd-3dfd1a35c3ec","PACo_Tile_B":"245ef404-9858-41b8-87d6-f31b5f86abf8","html_Tile_B_Visualization":"6f909520-d273-4070-9260-f8eb5ef8365a","shp_Tile_B_Visualization":"9e80a584-1193-41db-87a8-c414114f8530","lbl_Tile_B":"32f87044-0e6d-4114-a899-5bd7fb827b71","icn_Tile_B":"3e9f7711-c673-44c0-a8cd-290e36e746d1","PACo_CommandBar_Item_A":"2d924db5-f5c4-4e38-9eed-1e4682cfd97f","img_CommandBar_Item_A":"d3361c1b-992c-40da-8704-0356b9950f59","icn_CommandBar_Item_A":"e9d816dc-4c5b-40f5-a8db-3c33fa7455ff","lbl_CommandBar_Item_A":"a8612ad5-e90c-4d9c-82b3-aefde14b07e8","html_CommandBar_Item_A":"93d9f4c2-afcf-4f01-b8d1-0a6882bfe7c0","PACo_Button_A":"b0ead6bf-1a0b-4f02-9ccb-e9b2b36ad738","cntr_Button_A":"5b27cacc-c04c-4214-a4e2-b4b83f8de444","img_Button_A":"e3e75797-a6d2-4baf-8b25-cffeefa54209","icn_Button_A":"d4fac9a4-a5a5-4453-bb11-15ecf901d7e4","lbl_Button_A":"ee1ad833-1ee5-4b2b-a6d7-12c1fc0e57ee","btn_Button_A":"93e16774-fad2-4fcb-83e2-17c4c70dc725","html_Button_A":"411198d6-e08a-420e-9556-6b6a85b9bdbc","PACo_ProgressIndicator_D":"707cf847-e7b2-4ed4-8be3-11565b53ef51","html_ProgressIndicator_D_Visualization":"e3b8acb6-8733-4069-aa73-df63ac03c151","shp_ProgressIndicator_D_Visualization":"04158731-e57b-469d-9072-bf7c78d0fa03","gall_ProgressIndicator_D":"ef59b4a0-1d56-414b-ba9a-03b9e25b851c","galleryTemplate5":"b4407e5f-cbdc-494c-9221-e9a0bde3a14c","shp_ProgressIndicator_D_Gall_Top":"af97ed54-2980-4286-ba3e-c2c680f30f59","lbl_ProgressIndicator_D_Gall":"4ce1f82a-0919-46f6-bff6-3f398a12b02d","shp_ProgressIndicator_D_Gall_Circle1":"6d35c7c9-c210-4238-99b7-03406d7db460","shp_ProgressIndicator_D_Gall_Circle2":"86b964b1-0f82-4157-8588-0439ed4cb2b8","shp_ProgressIndicator_D_Gall_Circle3":"503cb01a-3fdd-42f4-872f-e4137e69cd56","shp_ProgressIndicator_D_Gall_Bottom":"fa28a2fa-2db7-44ce-ba89-1daf4ef9b8ae","PACo_DetailsList_Shimmer_A":"5fb82741-2711-44bc-b6ef-75b97db6ba98","html_DetailsList_Shimmer_A_Visualization":"aba53226-d87a-4a71-ae6a-3938b4b5ea82","shp_DetailsList_Shimmer_A_Visualization":"b03a1c41-5548-440d-9560-af17e19b71b4","cntr_DetailsList_Shimmer_A":"2e8b88db-f7ce-4b23-b014-b2139448c116","shp_DetailsList_Shimmer_A":"721070f9-a919-4e4f-a078-f2d117c37680","shp_DetailsList_Shimmer_A_1":"ab61f49e-9036-4df5-90c9-f93a61f45243","shp_DetailsList_Shimmer_A_2":"0c29b71c-0b52-4c8d-8b18-e9c04bb53d66","shp_DetailsList_Shimmer_A_3":"462f6297-1f08-4cfb-a612-a63058e20f08","shp_DetailsList_Shimmer_A_4":"5450d2e6-0db3-4e8f-b82b-027bce9cf345","shp_DetailsList_Shimmer_A_5":"aae955fc-762a-4e78-9fbc-a5a6a7c8780d","PACo_ProgressIndicator_Shimmer_A":"a5b68829-b94d-4dbf-a5ed-f28dab2dfde9","html_ProgressIndicator_Shimmer_A_Visualization":"196bd1c9-b6e3-4474-b109-51026a7f95d2","shp_ProgressIndicator_Shimmer_A_Visualization":"849114eb-5ed6-4295-b970-5c60760d2fab","gall_ProgressIndicator_Shimmer_A":"ff754146-1b63-4bc8-960e-e11e31545c2d","galleryTemplate1_8":"77e06034-35cc-419f-a36d-6aeca2f1efa7","shp_ProgressIndicator_Shimmer_A_Gall_Circle1":"f2db62b0-c993-4ca7-9f22-f00f57ebd075","shp_ProgressIndicator_Shimmer_A_Gall_Left":"277174c0-1b60-45ea-bbd1-7eabfa22aea8","shp_ProgressIndicator_Shimmer_A_Gall_Right":"82fde852-8d74-4dd1-9b63-321dcea1f708","shp_ProgressIndicator_Shimmer_A_Gall":"b58d798f-7c15-4f15-9414-8f8d17e2f829","PACo_CommandBar_Shimmer_A":"b16d7b67-8a8f-4043-9f96-f1a1a6736b6d","html_CommandBar_Shimmer_A_Visualization":"13238d9c-65a1-4557-b448-eb72ec7ce2e9","shp_CommandBar_Shimmer_A_Visualization":"87002558-4ec1-4014-bb9d-b2564b266d5f","cntr_CommandBar_Shimmer_A":"be5479e5-b731-47e9-834e-1904b862dea3","shp_CommandBar_Shimmer_A_1":"1dea5f89-0e2c-4264-a7a2-0ce88d281e1a","shp_CommandBar_Shimmer_A_2":"f7f9d66e-183e-4c09-9047-d13f5b684107","shp_CommandBar_Shimmer_A_3":"e1dbf82a-9771-4b65-aecb-317d5025067c","PACo_Info_A":"30affef0-438c-41db-870a-9887a10591d5","cntr_Info_A":"5edd470b-52f9-4765-8979-d138965239c8","html_Info_A_Visualization":"1c71a0ee-599b-4213-9d77-d435119252f7","shp_Info_A_Visualization":"57e40572-4f4b-46fc-8269-afac14509a07","shp_Info_A_Area":"46986a95-dc9d-4e48-9df8-26deddacf852","lbl_Info_A_Title":"9cd5dc73-99ac-42b2-96bf-8efdecf0d1fc","lbl_Info_A_Message":"489824a1-abcd-4d15-a02d-fc366da7d145","html_Info_A_Message":"6770a4be-5fd7-42e8-9cc8-6a4076d35ad4","cntr_Info_A_Button":"08dbda8f-5e96-4d8e-aa04-25651f885fc2","btn_Info_A_Button":"0cd1a030-1605-42ff-81b2-8ccdaa16778c","icn_Info_A_Button":"1c28abb4-10d0-4c9e-b90c-ed315b102bab","img_Info_A_Button":"71e58be4-4754-4980-8a71-e0a81c0e8930","lbl_Info_A_Button":"069ed3ce-2164-482a-b429-91153f68837f","img_Info_A":"64565128-22a5-4e17-a328-0a8e0abb5ead","html_Info_A":"5d7f3c32-cc72-4ffa-9044-5ac844402dd3","PACo_TabsMenu_A":"61ea5d5e-1a8b-4440-9598-d8f630f4ba90","html_TabsMenu_A_Visualization":"8a52d5cc-2621-4e50-abc0-31b6ce368aa7","shp_TabsMenu_A_Visualization":"29715867-7b02-4261-9282-a3febe24b613","gall_TabsMenu_A":"fd3583f1-0635-491b-ad7d-dc88f00d39fb","galleryTemplate1_7":"7bd7b39f-d79a-4cca-b506-ad22e8d27c32","shp_TabsMenu_A":"c0ca0a52-ef6f-453f-99ce-5e5394eb8e03","icn_Tabs_A_Gall":"4c27c028-f4c0-4591-86b2-5d50f1e61cc1","lbl_TabsMenu_A_Gall":"2a826492-264c-4043-81bd-51cb92c1ca60","shp_TabsMenu_A_Gall_Divider":"1eef7a50-3587-424a-9c37-be443225d412","PACo_ProgressIndicator_C":"b528c5ed-ef38-409b-8bdb-8a08d11c3b74","html_ProgressIndicator_C_Visualization":"6bb16ae0-1df1-4937-93a1-8fda2a96b7de","shp_ProgressIndicator_C_Visualization":"78613b85-8d87-45e7-a63b-4b6a9606dc44","gall_ProgressIndicator_C":"d4710b59-9863-4313-8863-97683b5c6525","galleryTemplate3":"04b70599-adc2-46f8-8de4-88ce39b4608d","shp_ProgressIndicator_C_Gall_Top":"2953138f-1e12-458e-ba59-92efcf2e8541","lbl_ProgressIndicator_C_Gall":"038ea2f5-2aff-432f-909f-01d3c093e5d5","shp_ProgressIndicator_C_Gall_Circle1":"9d0c2192-b30f-4755-9351-a80eb7e4d0d0","shp_ProgressIndicator_C_Gall_Circle2":"54598378-0efb-4d74-b513-aa409fb8b81c","shp_ProgressIndicator_C_Gall_Circle3":"c4d40de0-f2fb-43de-9c68-76e6b701f60c","shp_ProgressIndicator_C_Gall_Bottom":"ef190a2b-0d6f-42c5-8df5-b6241e101bb1","PACo_Tabs_A":"0c7dad9c-4cf4-4ea9-a55a-eff63ba67276","html_Tabs_A_Visualization":"70f5db6f-a089-473e-b194-e4b38f8c8c22","shp_Tabs_A_Visualization":"3d3e1b3c-a0bc-402b-813e-4080e1d49745","cntr_Tabs_A":"1288cba8-e171-4e56-baca-5338773d183d","lbl_Tabs_A_1":"6b3cdd1c-aba5-4a9a-8f87-7202fae60916","icn_Tabs_A_1":"f2e9ce55-8eb3-4148-8e38-d941bc0fc757","lbl_Tabs_A_2":"4325d1ec-d3b2-4684-b89e-cf3c678034a1","icn_Tabs_A_2":"758a3896-f6a5-4b3d-9e27-f09c85bca748","lbl_Tabs_A_3":"d47ac556-7954-411a-9f59-7cfe71bb1641","icn_Tabs_A_3":"0a33dcba-cc9c-4040-bb89-4a004801a4a2","lbl_Tabs_A_4":"caeb5278-a412-41a6-a01e-7b080e1fcea9","icn_Tabs_A_4":"499c972e-dc56-4258-9a01-a772b7ffc21b","lbl_Tabs_A_5":"055d0909-351c-4808-a4f2-4e0e1cb6b499","icn_Tabs_A_5":"52f4216d-36da-42dc-8d70-9cd85395a4c7","lbl_Tabs_A_6":"3cc628bc-c8c6-46dd-ba17-1370bc129bff","icn_Tabs_A_6":"143a0039-ded7-4cd0-859e-e710c44b727d","lbl_Tabs_A_7":"6275eb4a-f482-4fb4-9847-66d3846207e2","icn_Tabs_A_7":"facaca10-dcf8-4335-b6a9-9431dccd0468","lbl_Tabs_A_8":"42ac8f1b-7a3d-4396-ad0a-d3bd10f0560c","icn_Tabs_A_8":"baeb779d-6008-496c-b550-176be886499a","lbl_Tabs_A_Menu":"b6ce48d3-84ba-4515-a9ba-aaa328c111fb","icn_Tabs_A_Menu":"cd32a360-901f-4261-847b-2ae5ceb7ce66","shp_Tabs_A_1":"250c83a4-905e-4c1f-b05d-cb4b44709cba","shp_Tabs_A_2":"ab3476b3-ebe5-47b2-96ae-1b531791f735","shp_Tabs_A_3":"b4335282-3d2c-4dc8-b1ad-c3de666d5f99","shp_Tabs_A_4":"0811aafb-73d6-425e-9a72-0e59fbd30f10","shp_Tabs_A_5":"b3af7d63-83bb-4f39-891d-908a7659e2c6","shp_Tabs_A_6":"d12b57d5-909d-474d-b7a8-07b2700ac11c","shp_Tabs_A_7":"7c052502-699f-4e4c-a908-d5407ffc08c2","shp_Tabs_A_8":"17e14d2c-94e7-462c-89d0-0dbb76066a61","html_Tabs_A_1":"69c756cf-c2b7-4cc7-816b-2a6cc0b57fe9","html_Tabs_A_2":"3593d3e3-389e-42c1-8018-834770a6182e","html_Tabs_A_3":"b03d5092-2b2a-439f-b582-9a7d502df7f1","html_Tabs_A_4":"5b323f06-a6e5-4acb-b90d-0000b4227143","html_Tabs_A_5":"a7f92cf1-3dba-4099-9322-27724f38525c","html_Tabs_A_6":"bd2f0c0c-02e4-4934-979e-a359472808bc","html_Tabs_A_7":"1c79db71-fcab-41f9-abf8-9354bccf54de","html_Tabs_A_8":"ee4bc0f3-c814-4504-b719-fc2ca810f08e","PACo_Panel_A":"7d422efb-7e8a-46b1-b5a6-e64a0906d363","html_Panel_A":"faea1e07-fc18-428d-96f7-3194166e7b02","shp_Panel_A_Area":"7da838a9-347b-4dc0-a756-f572ae7f9070","html_Panel_A_CommandBar_Visualization":"5852f50b-14f3-4bbb-bf66-2e9fc2bc535e","shp_Panel_A":"11205e77-112c-4c5d-ac5f-00ac23d6df1d","shp_Panel_A_CommandBar_Visualization":"64c6ceed-abdd-433e-a91c-34b591fde97b","cntr_Panel_A_CommandBar":"c1020fe4-61c1-4531-8e75-e0d1c0307eab","img_Panel_A_CommandBar_1":"3ce7c9c2-c451-4d4a-b2e7-a5f8c3431107","icn_Panel_A_CommandBar_1":"82869347-9bbf-459b-af7a-23af0303e060","lbl_Panel_A_CommandBar_1":"87efc4d7-5904-41e2-b8e9-90262abd359b","img_Panel_A_CommandBar_2":"adfe3450-ad4e-4c5b-b0c6-28244759f5c9","icn_Panel_A_CommandBar_2":"6b7da555-7e6b-4efe-a1ef-c6bb306c29bf","lbl_Panel_A_CommandBar_2":"b1363013-c34b-414e-a5af-ddc79dcdbfa0","gall_Panel_A":"1e0d3de2-fa06-4d38-8251-0a83cf09ebe6","galleryTemplate2":"5aedf4d8-f40b-433c-b03a-b361c2728662","lbl_Panel_A_Gall_Label":"6e6103cd-ee3b-42b9-a149-8898fca08138","lbl_Panel_A_Gall_Text":"575d27a8-7c47-4e93-9499-b09eb007e0f7","cntr_Panel_A_Button":"ae25a010-b60d-4cad-8530-6d1151558c88","btn_Panel_A_Button":"8ee2a400-c254-4159-a291-8aab1679f4b5","icn_Panel_A_Button":"4bb5700f-57b7-434f-8246-c39ed540224d","img_Panel_A_Button":"2d2aeebd-42ae-4f15-b040-42e03aeba8cf","lbl_Panel_A_Button":"68316bbb-7e9f-4acb-a500-a2d96c65a97c","html_Panel_A_Button":"5334e402-67ef-4865-bfcd-028b7f9dc4fb","html_Panel_A_CommandBar_1":"86a9a8fe-dd85-43c2-85d2-0c7bb314557e","html_Panel_A_CommandBar_2":"1d3cad21-d8ce-4a83-8417-fb4001c2670d","PACo_Dialog_A":"10fa289f-55b4-47c4-8e79-c7ad0717698b","cntr_Dialog_A":"59499267-391e-4274-98cb-a460d9402d1a","html_Dialog_A_Visualization":"b982e754-f632-47bf-b22f-2bc2f3a5d014","shp_Dialog_A_Visualization":"a202cfa3-327d-42d2-803c-30ea07fbf300","shp_Dialog_A_Area":"47dee5d7-e6ab-4685-ae29-f21d240eea8e","lbl_Dialog_A_Title":"7387c3dd-d987-4169-a225-c7f408860186","lbl_Dialog_A_Message":"9d07fbd3-af74-4778-a5af-ee46033859c5","html_Dialog_A_Message":"9bc2f37d-9eb6-4238-906a-623bd22f92fb","cntr_Dialog_A_Button_Last":"ff070d06-ec23-4ba0-8ba0-1efe6508d307","icn_Dialog_A_Button_Last":"27379517-5a8e-46eb-9796-ccc0391644c3","img_Dialog_A_Button_Last":"b454cb1d-4f9c-4d40-8ede-1a1ff11f5b1e","lbl_Dialog_A_Button_Last":"4c7b553e-c598-4f6d-86cb-98fc084d5abe","btn_Dialog_A_Button_Last":"c9c6b3b3-7b10-49d1-9981-e86e1babaf5d","cntr_Dialog_A_Button_First":"f674204e-7309-47d2-bea1-ddeb444fa0e5","icn_Dialog_A_Button_First":"506afdeb-0ec8-466a-830a-15e6d12aeaf3","img_Dialog_A_Button_First":"7edf70f7-6eea-4b91-9e6c-9ffde72f4c3f","lbl_Dialog_A_Button_First":"b72ebbf1-9b93-4cab-8991-bd665cb9992a","btn_Dialog_A_Button_First":"efb30748-9c77-4f8c-b1bb-193495418fae","html_Dialog_A_Button_First":"4030562b-d0cb-4aa9-8fe5-d7e1d1c77ad5","html_Dialog_A_Button_Last":"3aeb99dd-da38-4c9a-8b37-3afcb749ed1b","PACo_HeaderSettingsMenu_A":"0d4641a3-57c7-4281-b410-8bbc9b077374","html_HeaderSettingsMenu_A_Visualization":"00094b70-e607-4601-bad1-50baac8f5663","shp_HeaderSettingsMenu_A_Area_Visualization":"5cf90ab0-65bd-4705-a6db-2b503e674214","gall_HeaderSettingsMenu_A":"286d17d2-38d5-4b6e-ae57-186038b5280f","galleryTemplate1_2":"3664947b-d541-40fe-a822-80df0d390171","shp_HeaderSettingsMenu_A_Gall":"dbd773ba-1c38-4c5b-9eb3-bf53a70220e3","lbl_HeaderSettingsMenu_A_Gall":"552cc599-28a1-4595-8a5f-2d2ea700cb48","icn_HeaderSettingsMenu_A_Gall":"1a1d9284-459c-4e9d-a020-4c217c2eff96","shp_HeaderSettingsMenu_A_Gall_Divider":"ff15fbf0-ba97-4ac4-9122-a4bb273e8d35","shp_HeaderSettingsMenu_A":"66a11ad6-a960-4397-b5b2-385018ad4102","PACo_DetailsList_B":"68c3c8d9-e591-46e0-8787-742450a91b4f","html_DetailsList_B_Visualization":"1cba65bf-96c8-4f94-96cc-9ee83e8a79df","shp_DetailsList_B_Visualization":"889fb8f3-5536-4c3b-8958-f7b747cde252","cntr_DetailsList_B_Main":"ab68892a-bba2-4b16-99d6-1fdb3c15c8e7","cntr_DetailsList_B":"4747b0b0-be20-41e3-9017-620db54b4ffd","lbl_DetailsList_B_Header_1":"7e6ebea2-7724-466e-8740-972b233ad78b","icn_DetailsList_B_Header_1":"b3c0c17a-d3c6-4e23-8ae3-50535a4e8b9d","cb_DetailsList_B_Header":"f8031874-a161-4e6c-bc78-b10c0201a95b","icn_DetailsList_B_Header_Sorting":"1ce899ff-1b9c-4d5b-bd39-c083e2593b10","lbl_DetailsList_B_Header_2":"34cddc87-a2e3-44fd-b34a-aef31f7040fe","icn_DetailsList_B_Header_2":"cc381b80-3b6e-434f-a8e5-9ef71e2a8163","lbl_DetailsList_B_Header_3":"8f31d8fb-9d43-4502-9cef-d3559503ed3f","icn_DetailsList_B_Header_3":"fe224321-85f4-4469-b241-60e0c3d7f3ac","lbl_DetailsList_B_Header_4":"0e6d9a14-3409-4f44-89a5-b1ce9b0f6099","icn_DetailsList_B_Header_4":"8520d811-14e7-4415-8419-2ce74243b53c","lbl_DetailsList_B_Header_5":"6feb70fe-06bb-49b7-9494-90be0958ecf9","icn_DetailsList_B_Header_5":"534ac05a-09e5-418b-99e7-6556f599af79","lbl_DetailsList_B_Header_6":"fecd76cf-fc1b-40f6-a269-49cd57a17f93","icn_DetailsList_B_Header_6":"015f2877-c2af-4b1d-8ca9-e435cd0d5783","lbl_DetailsList_B_Header_7":"adc04b6e-5831-42a3-8767-6d7adca07605","icn_DetailsList_B_Header_7":"53aa41c9-7db5-43c7-888f-2820c1341bc6","lbl_DetailsList_B_Header_8":"628ecda4-74e5-418f-af6f-7c8288f934e6","icn_DetailsList_B_Header_8":"742675ff-5cc6-4158-a530-f350945b78ff","lbl_DetailsList_B_Header_9":"6ed102b4-075c-44f2-94c4-c5b48ffd9d10","icn_DetailsList_B_Header_9":"8c1f415c-27bd-4ddc-8661-5b8a22b9394e","lbl_DetailsList_B_Header_10":"b6f284cc-e360-4a39-b49c-26e42d170670","icn_DetailsList_B_Header_10":"e90b083b-bb2e-43eb-809e-c0dbf237e437","shp_DetailsList_B_Divider":"22b461ae-704e-49c7-a34e-a5433a0c2703","gall_DetailsList_B":"7c963084-1598-44cd-8e70-e039fe145cfa","galleryTemplate2_4":"95c42bd9-4267-4a6e-a89f-4148d8e65da9","lbl_DetailsList_B_Gall_1":"70ebd050-674f-41e4-946b-1e06c9d14b44","cb_DetailsList_B_Gall":"d2a4402e-617a-4a3d-b3d5-fe4dd77c01a8","shp_DetailsList_B_Gall":"1647281f-5801-4145-a2ea-e538c6e232c6","lbl_DetailsList_B_Gall_2":"09d62a12-048c-4b06-ad35-6bfcf646e871","lbl_DetailsList_B_Gall_3":"c9628f59-728c-4418-991f-32d96157d0ca","lbl_DetailsList_B_Gall_4":"fc7f38bd-2966-47b7-9afb-32f4048cf827","lbl_DetailsList_B_Gall_5":"7909e031-a705-4b21-9672-5f0514ac34c2","lbl_DetailsList_B_Gall_6":"7a527efc-ea9e-45b7-a1df-a6e4ccd2aae4","lbl_DetailsList_B_Gall_7":"783f3418-3174-444a-986a-cc00afc4fd14","lbl_DetailsList_B_Gall_8":"217a1150-8dcb-4212-877e-a57793a0c079","lbl_DetailsList_B_Gall_9":"00c2a09c-38ed-42ff-b037-60f99c7c31af","lbl_DetailsList_B_Gall_10":"0458b8ca-0285-4e66-9b42-832677438f7a","shp_DetailsList_B_Gall_Divider":"869df1de-ac11-4564-a60c-07d78413ad69","PACo_Nav_B":"ef4b5447-b794-4237-9cd0-16c01062e5cb","html_Nav_B_Visualization":"ab2d03bc-1ed0-4b3d-aab6-d7942cd17384","shp_Nav_B_Visualization":"c89ff388-d5a4-45dd-a731-b053f3d88ffb","gall_Nav_B":"8b661644-0611-4bfe-83cf-e5281114b77a","galleryTemplate1_3":"85f2c31e-af64-452f-84c7-c6b6e6b89470","shp_Nav_B_Gall":"e6b667c0-eb47-47d1-a4a7-9a183a1988f7","img_Nav_B_Gall":"582246f9-a9a0-4c7a-876a-ab162eb3f144","lbl_Nav_B_Gall":"cc8a6dd8-5cb8-4c59-8d23-13390eedd5e0","icn_Nav_B_Gall":"e720954a-1532-465e-bd5f-4f1bd8f9aaa0","shp_Nav_B_Gall_Divider":"0583d655-bdc3-4522-b8e5-7ec8e59120e0","PACo_ProgressIndicator_Shimmer_B":"fe3b4908-95b6-46cf-a1f4-ee250b9355fa","html_ProgressIndicator_Shimmer_B_Visualization":"e44fd53b-350b-4e76-b311-855535d8393a","shp_ProgressIndicator_Shimmer_B_Visualization":"4a30c20b-34d8-435a-99f1-03e26916d568","gall_ProgressIndicator_Shimmer_B":"59417535-675a-4360-910f-eaaceb977dd7","galleryTemplate3_1":"b6aad161-6c78-45b3-9272-29a381b8e196","shp_ProgressIndicator_Shimmer_B_Gall_Top":"51239a56-a8a5-4a24-9e35-9d837bd6872d","shp_ProgressIndicator_Shimmer_B_Gall_Circle1":"e0725c17-9e77-4600-92c9-8f426eb69467","shp_ProgressIndicator_Shimmer_B_Gall":"0c41aaf3-3bf5-4790-8719-b0fe09db7fda","shp_ProgressIndicator_Shimmer_B_Gall_Bottom":"29b8fba3-df0f-44f2-b06e-7940dd4b3c13","PACo_Header_A":"0d71ad82-1f29-492b-947a-d1ca44af9f3d","html_Header_A_Visualization":"23461b88-9c9d-4f40-be90-1c11e4ee962f","lbl_Header_A":"80c52cb1-061f-4c09-b725-032dfbdf179f","img_Header_A_Back":"655c0a9e-589d-450c-9dda-80acf1dacbef","icn_Header_A_Back":"a0a23751-eed1-404e-b089-d4961e09f826","img_Header_A_Nav":"a1ec78dd-12e0-4d35-a580-4abd701ed7cf","icn_Header_A_Nav":"fb8c9281-5bb7-4666-a3a9-6bc09d30a365","img_Header_A_LanguagesMenu":"2ce8ab32-bcca-4c0d-9464-256d374cdec0","icn_Header_A_LanguagesMenu":"3f9c0a1c-4cc3-4c57-a337-5372ae78ab37","img_Header_A_Help":"b8fd6e56-fcef-4f0f-a343-ea3b89263b29","icn_Header_A_Help":"0356c836-7e7c-43de-a9c0-a5a5fee15ae8","img_Header_A_SettingsMenu":"efae10af-f9ad-43c9-932e-443ce6266e82","icn_Header_A_SettingsMenu":"13cc4284-d55f-4be6-a2b1-3a5b8bfb459b","img_Header_A_Logo":"172c0c3c-43f6-4090-905d-87b4d8394ceb","icn_Header_A_Logo":"9d57bb03-6072-47db-897d-074cf846b3df","shp_Header_A_Visualization":"3afd7c58-15e4-43e1-8636-e2a3741b4523","PACo_SearchBox_A":"82d4c12d-962f-4d0f-b20b-53230dadf532","html_SearchBox_A_Visualization":"fe51d7d4-5520-4c1c-86a1-aaeedc7e04f0","shp_SearchBox_A_Visualization":"1e5f76a3-b682-4cfa-8435-e22ca20f3ca2","ti_SearchBox_A":"04dba1ce-c46b-4745-bdae-2e56d3ff4268","img_SearchBox_A_Search":"d1422886-d879-46bc-8387-002bb820d894","PACo_DetailsList_A":"a8fd58c2-4c33-437d-9a99-e624eb6642cc","html_DetailsList_A_Visualization":"ce00d208-36c4-4182-8d83-574f5587b269","shp_DetailsList_A_Visualization":"4533ac0f-36be-4f6d-adc8-f51419c19738","cntr_DetailsList_A_Main":"f45eb313-23c3-43ca-bd8b-51352f6ce5cf","cntr_DetailsList_A":"4d6c2a0a-c57e-46b8-a315-4edf2584f1fd","lbl_DetailsList_A_Header_1":"9f59690b-fa54-42b9-82fa-d63c89043cb8","icn_DetailsList_A_Header_1":"4158e836-cb8f-4cc3-8d68-a61da5b3ac87","cb_DetailsList_A_Header":"b2063c01-4e4c-4270-a572-6f56dc6903f0","icn_DetailsList_A_Header_Sorting":"db446348-1870-465a-a5a8-969938546647","lbl_DetailsList_A_Header_2":"3f4836e7-315d-4991-934b-ab3aa4ef6a24","icn_DetailsList_A_Header_2":"2573285c-6cfd-4339-bac7-d2aff0a25106","lbl_DetailsList_A_Header_3":"21fc4bea-6e5d-4aa3-9356-6dc7ccb263b8","icn_DetailsList_A_Header_3":"782c8a29-7c1e-400f-8dfa-b7118ff8ce42","lbl_DetailsList_A_Header_4":"9807ec0b-18c4-400d-8fad-12d671ca9f16","icn_DetailsList_A_Header_4":"228d84df-6b2c-40fd-b749-89f6bb4e6295","lbl_DetailsList_A_Header_5":"b2321069-7cd5-4548-9b7e-407b5cc83d80","icn_DetailsList_A_Header_5":"ef760941-0ca5-43ba-83d7-fc319253f29c","lbl_DetailsList_A_Header_6":"0bf2242b-4486-4c90-816e-6125c748e97e","icn_DetailsList_A_Header_6":"ba97f022-08e5-41c5-ab94-d71e931be70b","lbl_DetailsList_A_Header_7":"d8130ab0-476d-4156-aa47-bac1db315d1a","icn_DetailsList_A_Header_7":"b7897bdf-0db7-457a-9f35-de4eafbfcf5e","lbl_DetailsList_A_Header_8":"5684bf4d-e92d-4d72-8d7f-323239be55aa","icn_DetailsList_A_Header_8":"b9e6a9cf-435e-447a-93ca-e7b2956ff2f0","lbl_DetailsList_A_Header_9":"498603b5-d5f4-4633-947e-de12fdc142a3","icn_DetailsList_A_Header_9":"495165f1-5baf-4653-a6ca-732ba5f9db25","lbl_DetailsList_A_Header_10":"6c206a91-c8ed-495b-9b6c-9f9728482423","icn_DetailsList_A_Header_10":"e2123009-c423-42b1-8609-f253f80d3e34","lbl_DetailsList_A_Header_11":"f0a735e0-7a3e-4030-94b7-b89612c5125e","icn_DetailsList_A_Header_11":"0ef1926e-e837-45a8-bd47-224d08a6fe4c","lbl_DetailsList_A_Header_12":"f0ee74e8-232d-47dd-a5f4-4a92d6a4421c","icn_DetailsList_A_Header_12":"8f630a74-ccae-4f95-a19b-c6cfa0f91d18","lbl_DetailsList_A_Header_13":"bbfe6bf6-dbfb-4c05-b38e-3e9a3bbc1ff4","icn_DetailsList_A_Header_13":"be982f1b-0948-4828-ae77-e66c1128a6e8","lbl_DetailsList_A_Header_14":"68607114-05d4-47dc-9aa2-010f12bbd1e5","icn_DetailsList_A_Header_14":"7209f52d-e571-4db8-a8d1-bab45bb32e3e","lbl_DetailsList_A_Header_15":"a83c86d8-f996-449b-9d1a-5e78acf9d587","icn_DetailsList_A_Header_15":"b8f89cda-3594-4f06-9260-b10f7dfef5b5","lbl_DetailsList_A_Header_16":"21d80131-4119-4924-88c3-7d10c134db31","icn_DetailsList_A_Header_16":"ee6c9135-7c15-4b9c-af8f-fa4ca994c791","lbl_DetailsList_A_Header_17":"8eb268ed-cc7d-4647-808a-3ba8a4626c18","icn_DetailsList_A_Header_17":"7842a003-02d1-4bae-8c0d-796bdf866d1a","lbl_DetailsList_A_Header_18":"fa901fa8-0aa0-4223-890f-18442dd717e6","icn_DetailsList_A_Header_18":"875d240c-5de2-4816-9665-f8486af76261","lbl_DetailsList_A_Header_19":"bdd305a7-a6e0-4f6e-8687-962c4f174d6c","icn_DetailsList_A_Header_19":"049a5173-356a-471d-80a1-cf328ecd6417","lbl_DetailsList_A_Header_20":"edd743e2-3f86-4a0a-bb11-b260df68d293","icn_DetailsList_A_Header_20":"7719d851-101b-43fe-846b-323c6581be67","shp_DetailsList_A_Divider":"b0650213-c750-44b2-bef4-c4eb13af12ee","gall_DetailsList_A":"fcbf7226-ff65-406f-9a7c-32efb8455140","galleryTemplate2_3":"8b20a343-1c91-43be-8171-c86671040a68","lbl_DetailsList_A_Gall_1":"8133485b-d67e-4e11-a32c-ac63a61fea44","cb_DetailsList_A_Gall":"0cbcb89e-68fb-4c8a-8ef6-ce876e7d46e3","shp_DetailsList_A_Gall":"da526110-b0f9-4734-ad83-cfc782c056bb","lbl_DetailsList_A_Gall_2":"d8452324-c68d-42a1-bfd5-add9eaba15e9","lbl_DetailsList_A_Gall_3":"8b7dfbb5-1d36-476a-b717-03c69a427377","lbl_DetailsList_A_Gall_4":"ddf08339-0b27-4522-9931-cdf29ffa496c","lbl_DetailsList_A_Gall_5":"715dcb2f-c646-4aa5-a255-77bc6772fe65","lbl_DetailsList_A_Gall_6":"88c29ab0-5393-4872-9ad7-a414e55e6462","lbl_DetailsList_A_Gall_7":"968a7d51-181b-4e32-90d5-f0d916c6f17e","lbl_DetailsList_A_Gall_8":"b787701c-3710-4e24-a516-27f920051d63","lbl_DetailsList_A_Gall_9":"d0ee740b-a130-4e70-9b1f-0f346c1f12f5","lbl_DetailsList_A_Gall_10":"ddf8ae0d-32f3-47d1-b7be-25d0cac103e2","lbl_DetailsList_A_Gall_11":"8899aaf5-7a57-40ad-81e3-812c4cc09bbe","lbl_DetailsList_A_Gall_12":"e762aa42-df00-421c-9763-f2fc8c696a77","lbl_DetailsList_A_Gall_13":"4e71e179-075d-48ee-a077-5b8f41662655","lbl_DetailsList_A_Gall_14":"b95d48c9-6d31-401e-96d4-8b0198283a73","lbl_DetailsList_A_Gall_15":"fbb86fa3-ee2b-4082-b01f-4ea27fb2fd94","lbl_DetailsList_A_Gall_16":"2be9aa42-48e6-4b86-b3b9-4d0586aac7fc","lbl_DetailsList_A_Gall_17":"cfd33f2b-3595-4ede-bc96-6135b5e2e0b7","lbl_DetailsList_A_Gall_18":"21b0e91a-dd64-40c4-bf6d-e9c96c66e763","lbl_DetailsList_A_Gall_19":"899a790f-fe01-49cc-ae78-a62db981e603","lbl_DetailsList_A_Gall_20":"709cefa7-e384-47a5-92e8-d0fb98c30859","shp_DetailsList_A_Gall_Divider":"851988ca-6d4f-4976-9528-294fb14f57bc","PACo_Log_A Screen":"d031df28-1216-47d5-9276-10d32a40aae7","cmp_Log_Back":"3ccfa5a9-e9d1-4271-bc57-b178cc7a6b0c","tmr_Log":"6d576875-7890-42c0-9da7-857d28fe1fe3","cmp_Log_A":"56e998e0-864f-405e-9c4f-c0a3cc96d7c5","cmp_Log_Button_LoadData":"be965022-2339-4e00-80b1-2415a05361c9","lbl_Log_A_VAR":"7b571760-e720-4ed3-996e-92b51fc85a17","PACo_SelectList_A Screen":"38f8ecc9-3ee3-4fb2-98f8-94e7b5e92636","cmp_SelectList_A":"aee3c8f6-95da-4c0b-b8d8-dbec97ffc173","cmp_SelectList_Back":"fd62c73e-20eb-4742-887a-937023e98eff","cmp_SelectList_Button_LoadData":"5d454ed1-7a6a-4922-9b8e-ef57b218fd28","lbl_SelectList_A_VAR":"e02ee09b-e02f-4439-9fae-7c621971c473","PACo_Header Screen":"b51bda0e-148c-405f-b210-d45b86e446c7","cmp_Header_A_1":"97b05ca9-2860-4dec-88a3-73249944ea9a","cmp_HeaderSettingsMenu_A":"a71ff017-88eb-4a7a-bde0-f9bfc2f65beb","cmp_Header_Back":"a85047fb-16df-492a-ab35-54070072f720","cmp_Header_A_2":"de3eb4ea-5ef7-443d-9a61-d0f527ba27a2","cmp_Header_A_3":"d557d8b9-f966-47a0-ada2-fb788481860a","cmp_HeaderLanguagesMenu_A":"1f38f073-fdbe-4013-973c-504ce0f5bbe0","lbl_Header_A_VAR":"31d0265c-bda4-4d8c-87f2-cb239b4ad8e1","PACo_DetailsList_C Screen":"fe27447e-2201-424d-beea-a55b568c7f0e","cmp_DetailsList_C_Back":"a5674e88-5b42-4038-a5d8-a9e80af7f59e","cmp_DetailsList_C_Button_LoadData":"e493dc84-b781-45bb-90c4-e0994ce388c4","lbl_DetailsList_C_VAR":"8773665d-6d38-4670-b3d6-17425bd504ac","cmp_DetailsList_C":"7108906e-a5b0-4e0c-9421-09d0c97e9df7","PACo_SearchBox_A Screen":"1cc43c6a-b2d9-45b2-bcd1-fb07bba0f8cf","cmp_SearchBox_A":"27ceb5f3-6f76-4c1a-9643-1d0f995d2c5d","cmp_SearchBox_Back":"ad855773-4286-48f4-93f4-88178f729707","lbl_SearchBox_A_VAR":"71bd2e4f-89fb-4fc2-b851-d3ac8ed62962","PACo_DetailsList_A Screen":"ef82f38d-55c6-4a03-a3aa-0fac1f9ceceb","cmp_DetailsList_A":"c30d7491-ba20-4130-8f66-18cd1693baae","cmp_DetailsList_A_Back":"61f3bf6e-ab60-46db-98ba-574c1c6f6391","cmp_DetailsList_A_Button_LoadData_2":"0423d035-ea91-4f76-a265-3fd796b8b907","cmp_DetailsList_A_Button_LoadData_1":"ae4af06c-6347-4fcd-8963-257ffbc3e61a","lbl_DetailsList_A_VAR":"19b5e9c4-1c03-4874-9b47-4510ec893dc4","PACo_ProgressIndicator_A Screen":"bb4e0a7b-324a-482a-8900-97d57f2eb383","cmp_ProgressIndicator_A_Back":"b0bba98d-0f34-422b-8f83-507746aa3011","cmp_ProgressIndicator_A_Button_LoadData":"c11e268b-9de6-426a-893f-6e5f9de2950a","cmp_ProgressIndicator_A_1":"bd57ca3e-82db-452f-9a60-bef4442fae0b","cmp_ProgressIndicator_A_2":"492ba2a1-f8e1-4480-b052-13ba6e761886","Home Screen":"2de53cd9-8f11-44e4-9e35-7f4ccd39042e","cntr_Home":"5d6fd9b7-b72b-430e-88fe-05c394fe8581","cmp_Button_PACo_Button_A":"fb67fe4c-a166-4494-ac67-55acd94d2c4f","cmp_Button_PACo_CommandBar":"5a582b10-ee68-476d-9c79-87d2241a36e0","cmp_Button_PACo_CommandBar_Item_A":"e462229c-266c-48e8-a05e-df237bd55ac0","cmp_Button_PACo_DetailsList_A":"7d1cedeb-19af-45cb-89b7-6478e1c29691","cmp_Button_PACo_DetailsList_B":"c856bab4-220a-486e-bc73-b8e464f7550c","cmp_Button_PACo_DetailsList_C":"fe94a540-2a82-4f2c-ae3d-4dd76a6c02d6","cmp_Button_PACo_Dialog_A":"13126e36-2a53-4286-a935-ee5586d6fc18","cmp_Button_PACo_Header_A":"01efd929-5d88-4f79-954c-3f8e703d41de","cmp_Button_PACo_Icon_A":"93695e29-dafe-418d-925a-fee1fe1b620f","cmp_Button_PACo_Info_A":"c963ced8-3493-4d14-9148-a5a3b44c0c02","cmp_Button_PACo_Log_A":"0ad4f25f-5b11-46fe-94b0-50b1bf28710c","cmp_Button_PACo_Nav_B":"f8669e43-47cd-4452-9b32-0c7eceb0f56e","cmp_Button_PACo_Nav_C":"51730f23-9667-4387-be3e-0d2e02b18632","cmp_Button_PACo_Panel_A":"d293bd16-4191-4222-a6c9-fdceed7f43d7","cmp_Button_PACo_ProgressIndicator_A":"0634b095-cf36-4a20-80ed-1b464d93240a","cmp_Button_PACo_ProgressIndicator_B":"fcd36a04-3234-4c7a-833d-8b3a2b842e64","cmp_Button_PACo_ProgressIndicator_C":"e9fb9b14-7b7b-402f-bbcc-05f1c75c3f93","cmp_Button_PACo_ProgressIndicator_D":"0c509918-ff29-4745-bfd6-34e8c16ba950","cmp_Button_PACo_SearchBox_A":"c0991ec8-159b-407f-b6dd-b63cef920ae5","cmp_Button_PACo_SelectList_A":"7fe730d7-0c48-4280-b1a2-e71c794d2dd8","cmp_Button_PACo_Spinner_A":"ad918a57-331b-4a5d-8dd5-6fd81779e426","cmp_Button_PACo_Tabs":"a2693165-6d8d-4f11-a71d-6dba05642714","cmp_Button_PACo_Tiles":"b39e15d9-cf97-4f93-9e00-f72a3fb6af80","cmp_Button_PACo_Visualization_A":"f46d156e-b2e5-4881-b21f-275e14dd16d6","cmp_Button_Shimmers":"c7636e12-fbd7-4267-8d9c-84d3e832fa9d","PACo_ProgressIndicator_B Screen":"8a586a47-55ce-40aa-bf21-bc654511b978","cmp_ProgressIndicator_B_Back":"c9899ead-c154-4fff-a98b-a6249a6830c8","cmp_ProgressIndicator_B_Button_LoadData":"ab4dcd77-af45-4452-90cb-5ca6bdeddca3","cmp_ProgressIndicator_B_1":"f9c4558a-35e5-43db-98b0-2989cb6e9a04","cmp_ProgressIndicator_B_2":"57940969-4f2a-43ca-8b8e-cbab3b15e520","PACo_Button_A Screen":"d2c68483-5770-4dd0-b63a-c6b7e74206c5","cmp_Button_Back":"da2ecf3e-efce-4a55-862f-ef414d2a9d01","cmp_Button_A_Primary":"93c1b4b1-827c-461a-8bab-92105ab2529c","cmp_Button_A_Secondary":"85fba862-0dea-47c0-ae98-13f8a14e408c","cmp_Button_A_Primary_Disabled":"ef92777f-7b49-4b72-a87c-026be95e3125","cmp_Button_A_Secondary_Disabled":"41804fee-524d-459b-830b-0faee111937f","cmp_Button_A_Primary_NoImage":"af1ef2d3-f4eb-487c-8391-e0171d710815","cmp_Button_A_Secondary_NoImage":"5cd1b345-c150-4847-9127-bfd2f02e7a93","cmp_Button_A_Primary_NoText":"d29d62ad-66e0-4b63-bafc-8584e396fa4d","cmp_Button_A_Secondary_NoText":"1d969022-d7f8-4d23-b942-9e838d89321f","cmp_Button_A_Primary_BorderRadius":"8f102ee4-9044-4445-bbf5-04ad80131a13","cmp_Button_A_Secondary_BorderRadius":"c6dfd39e-c6af-4372-a847-9c135d4bcab6","cmp_Button_A_Primary_Disabled_BorderRadius":"31b8b22e-ab73-4e27-b287-b0cbad88c0e6","cmp_Button_A_Secondary_Disabled_BorderRadius":"8da0fb88-8ed9-40cc-83db-27a6af36cc33","cmp_Button_A_Primary_2":"f538fda3-cdf3-4990-a08c-6fda32efea5b","cmp_Button_A_Secondary_2":"888cbcec-d114-424a-a258-46cf79b501ed","cmp_Button_A_Primary_Disabled_2":"b41f3fc9-283c-4047-a49f-b7318c183df2","cmp_Button_A_Secondary_Disabled_2":"692ebfc4-4891-442d-aaed-7eb1ecc32eef","cmp_Button_A_Primary_NoImage_2":"447b0f48-06be-424e-b01e-58921b59a1fe","cmp_Button_A_Secondary_NoImage_2":"2d314956-6162-40f0-99bb-a6016b1f38c2","cmp_Button_A_Primary_NoText_2":"d54e088f-dc5d-4020-8b7f-cedaad63fa03","cmp_Button_A_Secondary_NoText_2":"4ccab99b-bd46-4dab-8624-11e1638a9649","cmp_Button_A_Primary_BorderRadius_2":"daf1fa69-a783-4ffd-a447-c22c4c9e5588","cmp_Button_A_Secondary_BorderRadius_2":"a09d0c60-7ac5-4dd2-8ed4-374b8a15881c","cmp_Button_A_Primary_Disabled_BorderRadius_2":"536dc549-d799-4793-80b6-5bf7171ecbae","cmp_Button_A_Secondary_Disabled_BorderRadius_2":"49d7ec2d-f6e8-430d-9fd4-7c3608e9b09a","lbl_Button_A_Primary_VAR":"9ad44054-8f24-401d-ac40-8179054c45ed","lbl_Button_A_Secondary_VAR":"a42102ab-709e-4010-b090-59aef0932f26","PACo_CommandBar_Item_A Screen":"8cab4163-24dd-4717-9dbf-99c040e9db04","cmp_CommandBar_Item_Back":"177cb5cc-064f-40b9-91cd-9929577a49e8","cmp_CommandBar_Item_A":"3b587aa9-8162-4de3-b40d-4ba9c18aac06","lbl_CommandBar_Item_A_VAR":"50fe9dc0-4a1a-4d9e-a7da-cce96163e725","PACo_Spinner_A Screen":"5eb9dfbc-bae3-4788-bf23-5bad6ed46e02","cmp_Spinner_A":"4fe2b504-1959-44f7-acdb-94ec05074c41","cmp_Spinner_Back":"a5f8a9c7-abb8-4129-9918-ca2710af2e3a","PACo_Icon_A Screen":"849abd3c-8dd9-43b6-8ca9-1176130051d9","cmp_Icon_A":"c08b05ff-f084-43e9-8373-828d545533d4","cmp_Icon_Back":"356cb6d6-9015-48fe-aba8-16646a932209","lbl_Icon_A_VAR":"9f1c91b7-f160-4c98-8955-660b8a2a9752","PACo_Visualization_A Screen":"0445e2ad-6008-4f7f-a92b-8495c435313d","cmp_Visualization_A_Elevation":"37c35ecd-0788-4669-9980-247e1cdd98d4","cmp_Visualization_Back":"a0537c14-9d42-43ad-a29f-4706578874f2","cmp_Visualization_A_Line":"fbf7741f-f734-48c1-bddb-ea4dfcead990","PACo_Tiles Screen":"eae0d78f-9b62-4c9c-9767-f590a619de31","cmp_Tiles_Back":"92a677b6-c628-4785-ba31-51d5b6604f7f","cmp_Tiles_Button_LoadData":"03dcfe8a-2a77-4178-bfbc-8cacec91244b","cmp_Tiles_Tile_A":"c927f6f3-c423-46d9-9eb4-8606934cae24","cmp_Tiles_Tile_B":"5440ca8e-1031-42d9-b7a8-bc3271669566","lbl_Tiles_VAR":"1a108f45-e010-405f-8ce0-a02f445086da","PACo_CommandBar Screen":"7d40bd5c-c052-4da3-bb59-21a0f7a96213","cmp_CommandBar_Back":"371f9d1e-1ac8-41f9-8281-e2c8412c1758","cmp_CommandBar_Button_LoadData":"f1560a45-eb4b-4fe0-90d3-060427c82962","lbl_CommandBar_VAR":"5dc10733-21b1-4b9c-8f5b-cee2b231bcb6","sldr_CommandBar":"0796f7c1-3871-41e1-b97f-3e9af3b60bc3","cmp_CommandBar_B":"e39791eb-5aea-43f1-9b23-5c5d38c5eabb","cmp_CommandBarMenu_A":"c3f9ff66-73ce-4570-afd1-954df7d6a911","PACo_DetailsList_B Screen":"e99a7191-f0df-4141-957d-6046482fd534","cmp_DetailsList_B_Back":"8e62a4f5-b673-411a-95ea-4ce4aa6e4e50","cmp_DetailsList_B_Button_LoadData_1":"253d6ea6-0f28-45bc-93a8-74156cc6e6fb","lbl_DetailsList_B_VAR":"cec50f8b-a238-4d49-8ad7-db90d2cbd6e0","cmp_DetailsList_B_Button_LoadData_2":"2bb858b2-af1d-4b67-8e2d-d2a1f5b1508c","cmp_DetailsList_B":"39262d09-0d57-4ef6-b3be-bbacfdb92af8","PACo_Dialog_A Screen":"2044281d-4e11-42f3-b708-a227c8ae08fc","cmp_Dialog_A":"1afac886-2b70-4b3b-bd7b-c64f86e04096","cmp_Dialog_Back":"741b5c30-bd7e-4445-82b6-2d2e0416fcf1","cmp_Dialog_A_Button_LoadData_1":"c277b42f-e334-452e-a01b-38b473d6d8de","cmp_Dialog_A_Button_LoadData_2":"f7cbec3d-067a-4a10-8ab1-b5ba944fdd02","PACo_Nav_B Screen":"99dfeba5-7ad2-421b-958d-47e84d978f0f","cmp_Nav_B_Back":"857d853b-5527-451a-8a99-364dc8309d27","cmp_Nav_B":"7943e6f8-583c-4c30-a54d-d520f433fe8a","cmp_Nav_B_Button_LoadData":"d135b419-838d-4eab-854d-86a4bfb36f6f","lbl_Nav_B_VAR":"0724da19-9c10-4a6c-9657-eff310defa3c","PACo_Nav_C Screen":"5e4303d1-7c4f-4fe3-9d3a-d4e045e9a926","cmp_Nav_C":"c61216e1-bb30-4b24-aa94-17eecf2d3bd4","cmp_Nav_C_Back":"4011f748-835a-4d4c-be8f-f97c5035005c","cmp_Nav_C_Button_LoadData":"12483cf5-19e7-49be-896f-854e2c595895","lbl_Nav_C_VAR":"caca6608-e5eb-4cbb-9c49-420f5714e9d4","PACo_Panel_A Screen":"86cd12ec-5f07-4bb7-b007-ac07d55518c2","cmp_Panel_A":"fd3d3093-0a3c-4533-a202-3457dfbe05a2","cmp_Panel_Back":"fe8a0b29-5ead-426f-935f-06655efe9fa9","cmp_Panel_Button_LoadData":"52460957-1b66-4717-b301-0872f253b191","lbl_Panel_A_VAR":"6a69dab4-5a81-4995-bce2-63554769d299","PACo_Tabs Screen":"28b47d9c-62ec-439b-be38-4f7088b46e29","cmp_Tabs_Back":"8c44f843-c0fa-4c7d-ad5b-02cc63e5e2c8","cmp_Tabs_Button_LoadData":"63e3431d-ee33-4b1c-a53f-857b06c07a49","lbl_Tabs_VAR":"db865fd7-86e0-4a54-baf7-bda239e0e2e9","sldr_Tabs":"3f6b97dd-e63b-44b7-ba53-ecf74b4d0c1e","cmp_Tabs_A":"57ec5968-7c6b-4846-992f-76844ebca335","cmp_TabsMenu_A":"5c09cfe9-5f88-4b5f-b22a-93a227805ec0","Shimmers Screen":"f543974c-1662-4cbd-bf2d-7e8a92471c63","cmp_Shimmers_Back":"f005ad70-0f1a-4ca8-85ab-4359acf3e32c","cmp_CommandBar_Shimmer_A":"c0fabedd-be35-44bb-9900-0288aaf178af","cmp_DetailsList_Shimmer_A":"49f29425-d64f-42c3-a1e7-044939702a9f","cmp_ProgressIndicator_Shimmer_A_1":"4486e29f-c0d9-451e-a901-1d713852de32","cmp_ProgressIndicator_Shimmer_B_1":"ce4bfac8-d05a-4a1e-b9e1-051f77ee94cc","cmp_ProgressIndicator_Shimmer_B_2":"49355cdc-2fe0-4a3e-85b4-721836c5fb1b","cmp_Shimmer_Button_LoadData_1":"92ee4c45-3072-4186-885c-e52a8eaad721","cmp_Shimmer_Button_LoadData_2":"fd76022d-05da-4c01-85f0-7c2faa85934e","cmp_ProgressIndicator_Shimmer_A_2":"a16ca9bd-d2b5-42b4-aee3-a181720a2c28","cmp_Shimmer_Button_LoadData_3":"d2fbb22c-f0ae-4510-8346-4675e7b90e9c","cmp_Shimmer_Button_LoadData_4":"e7faade9-0448-4fd9-949f-9e323bc738d1","PACo_Info_A Screen":"d3f5afc5-ebeb-47a3-b41a-d9b383275831","cmp_Info_A":"6fca6db4-30a7-4fb6-aac0-e400e29a4aee","cmp_Info_Back":"309822a2-edc7-48d0-804c-535d075e1b87","cmp_Info_A_Button_LoadData_1":"47402b1f-ad1d-4029-9d76-80421c71aaca","cmp_Info_A_Button_LoadData_2":"8409b3bb-38e9-497d-b35a-cb04e4582a2b","cmp_Info_A_Button_LoadData_3":"238ac370-24ab-4b57-a8e9-081665f8349d","cmp_Info_A_Button_LoadData_4":"70ac8b59-c2c4-4652-ae3a-57adb8378c09","PACo_ProgressIndicator_C Screen":"a3c5ecaf-ee44-4763-a729-9a7c022001e2","cmp_ProgressIndicator_C_Back":"9327e333-3fd4-4876-b02e-29de61ee5050","PACo_ProgressIndicator_C_1":"7770f916-9dd8-469d-8046-829fe8428f24","PACo_ProgressIndicator_C_2":"1795e6cb-04c9-444d-a094-b88de2579afc","cmp_ProgressIndicator_C_Button_LoadData":"6ae59cb6-36a2-4d28-a643-1df3f52884a0","PACo_ProgressIndicator_D Screen":"63ca8562-8dc0-4a14-a321-c708e875677e","cmp_ProgressIndicator_DC_Back":"86feabe2-5653-4cb4-a9b0-f23c78366918","PACo_ProgressIndicator_D_1":"e91f55e8-c062-4418-85d7-e51130c7660d","PACo_ProgressIndicator_D_2":"96d805ef-93c3-4bbd-823c-e0b29a5186d6","cmp_ProgressIndicator_D_Button_LoadData":"e2ea0019-f45d-48a7-82c6-7d25559883a6"}