{"__Version":"0.1","App":"3e380cd4-72c5-4766-8b98-029373d78489","Test_7F478737223C4B69":"57b4174b-756c-412f-aceb-42c4f8f86828","Host":"73047853-2d9f-4f88-b2f1-dd8bc8fb2052","PACo_CommandBarMenu_A":"ad022560-4d3d-4851-8d9d-62a37e76f4a5","html_CommandBarMenu_A_Visualization":"b619f2ec-17b9-491d-bfe5-94fa204e160b","shp_CommandBarMenu_A_Visualization":"d59fbb49-6d72-4b75-a219-07d43f390a7c","gall_CommandBarMenu_A":"9b29dff4-3a7e-4a13-aa97-bf2db228c946","galleryTemplate1":"a377152e-a832-4092-947e-e9e7682ce99c","shp_CommandBarMenu_A_Bottom":"27da1db5-fb22-4b17-a756-9ecfc473c444","img_CommandBarMenu_A_Gall":"75928b80-00f6-47b7-a4a3-494223fd0335","icn_CommandBarMenu_A_Gall":"909bd464-8e61-4be6-9a6c-b426c37c9065","shp_CommandBarMenu_A_Top":"14b715a4-32d5-4a1a-a589-3ac942374dcc","lbl_CommandBarMenu_A_Gall":"a271f223-4687-4ce1-bfe8-0dbb3218bcbc","shp_CommandBarMenu_A_Gall_Divider":"1c5355f4-1447-456b-a4ce-274e514b5f3e","PACo_DetailsList_C":"1efed0e8-a81b-4100-a7c7-730192e880e1","html_DetailsList_C_Visualization":"4087c624-b57e-46a3-b35e-d059918c8329","shp_DetailsList_C_Visualization":"0f3d9062-f291-4aae-86c3-97042befe0b4","gall_DetailsList_C":"5aa966c9-5e87-43d2-984b-7f3ff166b33b","galleryTemplate4":"6d1b4cef-b0d0-437a-b7af-f4d9823a9ed1","shp_DetailsList_C_Gall":"5db18e66-023f-4eba-bd71-9085b56c7471","cb_DetailsList_C_Gall":"5ef9e305-ad2c-45eb-9b42-e5928b9723a1","lbl_DetailsList_C_Gall_Title":"cd5d98a1-4b14-4278-ad34-f301fe84b91b","lbl_DetailsList_C_Gall_Subtitle":"d1d5b657-e48b-4538-9b50-eb502d41ae46","lbl_DetailsList_C_Gall_Body":"2e1fed89-a470-48a1-9a20-b2ec76b95978","shp_DetailList_C_Gall_Divider":"36a7cd47-8469-47eb-9f0e-3db67f3734e0","PACo_CommandBar_B":"9dee64a5-d1ff-4d0f-b38d-a6a0f8bd5691","html_CommandBar_B_Visualization":"88798f7b-67c6-4a31-b2f1-2af60875932b","shp_CommandBar_B_Visualization":"528cebc5-59be-46e3-bc7e-3022b786fe50","cntr_CommandBar_B":"7df7a8fd-5990-419d-bfb4-ae9458b89df1","shp_CommandBar_B_1_Bottom":"dfe3bbfe-68fb-4600-902b-50c6a47648d8","img_CommandBar_B_1":"6a232c2b-eb54-4f82-959d-6f125442f62f","lbl_CommandBar_B_1":"695995fb-9851-457b-9aa3-a7b6859bcf64","icn_CommandBar_B_1":"9c6b622d-0536-4dbf-9caa-9d60045ce13f","shp_CommandBar_B_1_Top":"92879c14-fc98-4dea-a549-403e6d2386e7","shp_CommandBar_B_2_Bottom":"bc358d5a-a003-4042-a1d2-75b73c2794fa","img_CommandBar_B_2":"23e56975-8f31-4805-88fe-900fb018c1e6","icn_CommandBar_B_2":"886e4c3a-40e4-48e1-b829-a085b6bb9de2","shp_CommandBar_B_2_Top":"909d3217-b4b1-41d8-b4f9-2067bc1fcf03","lbl_CommandBar_B_2":"617cf81a-bb9f-4c92-a68a-6d2bbdebd102","shp_CommandBar_B_3_Bottom":"ee843ad9-d02e-43af-b371-ea1a6aba242f","img_CommandBar_B_3":"000ce1fc-4345-46bb-ae02-c2f754eb7e60","icn_CommandBar_B_3":"49b3a54b-e103-4fad-82ac-281364e1e302","shp_CommandBar_B_3_Top":"b9cf3067-2ede-4cd3-913f-3bac136897f3","lbl_CommandBar_B_3":"36b0c073-8db9-4247-a817-63d2de531cda","shp_CommandBar_B_4_Bottom":"05aa52ee-6e4e-4c00-af47-91075e18c781","img_CommandBar_B_4":"aaa375f5-5782-4876-90ed-31cfb415c6c2","icn_CommandBar_B_4":"b9ebabea-855e-4a5e-b76c-281ca9ef2443","shp_CommandBar_B_4_Top":"7c17820d-d3a9-42c7-b6f3-2056483bbbde","lbl_CommandBar_B_4":"2cef2376-9927-4c0b-b290-b069db7688bc","shp_CommandBar_B_5_Bottom":"ea2b40a6-012f-4d36-a896-71c25d72e5cf","img_CommandBar_B_5":"207e0420-c8ff-4b76-9918-699acc4404cb","icn_CommandBar_B_5":"bc0c270f-9057-4067-b192-e56f17e74def","shp_CommandBar_B_5_Top":"0de04c20-0a64-4fa4-95f2-bef1d9bc81af","lbl_CommandBar_B_5":"63b4efe7-5214-473e-aca5-e1e7069c8b2a","shp_CommandBar_B_6_Bottom":"bb7530c5-27b0-49a6-9530-7faaa32181b7","img_CommandBar_B_6":"329fc06d-753a-4064-84d1-7f341ff4a887","icn_CommandBar_B_6":"e4fdd871-df6c-44f1-bc41-8275cad8f004","shp_CommandBar_B_6_Top":"08930aa8-f758-42f0-9dc4-e42bec5cf496","lbl_CommandBar_B_6":"c56c460f-5654-4b1c-a8cc-be0af040da38","shp_CommandBar_B_7_Bottom":"9d272a89-9e5d-4ba0-a799-5606ae15977f","img_CommandBar_B_7":"e2e687d2-2ea5-4424-8724-d21d86c54ffb","lbl_CommandBar_B_7":"f05849d6-7db7-4f3c-aad4-4db8f0e37d1b","icn_CommandBar_B_7":"00650afa-7468-4630-a620-144efab05fbb","shp_CommandBar_B_7_Top":"133f97b0-0232-49a9-ae57-65f70b8efe05","shp_CommandBar_B_8_Bottom":"c6d24a6d-f58f-4b26-804f-1606926e5828","img_CommandBar_B_8":"6c5f15e7-1454-4a96-a1c1-ad08803c9c72","icn_CommandBar_B_8":"de23e42e-a568-42c5-856a-23c3addbe8b4","shp_CommandBar_B_8_Top":"dc38f24d-41c1-49e4-bc88-9045334c6390","lbl_CommandBar_B_8":"7b426b3f-ab20-4c77-9871-2b6b9979dc03","lbl_CommandBar_B_Menu":"549b44d4-77e7-4fb2-bf8b-2c364fbec88a","icn_CommandBar_B_Menu":"384559f8-d016-4bfb-86b5-82646c66f485","html_CommandBar_B_1":"75fc7033-c6a5-4234-95ef-09f3f0d8e524","html_CommandBar_B_2":"982612e6-3e15-4f06-90b9-3a26177ca22a","html_CommandBar_B_3":"09fe9970-2442-467c-98c7-bc51420424e9","html_CommandBar_B_4":"ee88f4f5-0181-4edb-9e96-daab6c73c9ee","html_CommandBar_B_5":"5dafa467-3468-4fdc-ad46-752e573bee26","html_CommandBar_B_6":"4ad08da4-ff4b-4a06-8856-de581830de95","html_CommandBar_B_7":"db878726-dc17-433c-adbe-3bfc5a933184","html_CommandBar_B_8":"1405563e-38eb-43aa-a920-9f96d8ebf19a","PACo_Nav_B":"f14a04a9-68d5-463e-b96e-c7e0540b0ec1","html_Nav_B_Visualization":"83b7fcd5-fd71-49cf-894a-0252a177d54f","shp_Nav_B_Visualization":"43d7bc79-745c-46cf-b71c-caecbe6915c4","gall_Nav_B":"aae84d9a-1737-4135-8971-23d2cfcd7dd4","galleryTemplate1_3":"8cf11181-f968-42f4-a1da-d8787bf851c6","shp_Nav_B_Gall":"aeffa14f-a1c5-46ad-8567-7332453335f3","img_Nav_B_Gall":"6666f415-e166-4470-baf7-e5289b679958","lbl_Nav_B_Gall":"1ac7bcab-712b-498a-8db4-e03ea197dbce","icn_Nav_B_Gall":"8523dd95-e73f-4ec6-ae96-088f95512551","shp_Nav_B_Gall_Divider":"5d07dd5c-627f-4c4d-bb26-a774bb956686","PACo_HeaderSettingsMenu_A":"de41c8db-1b2b-4f4a-9704-a4ed6be09ab3","html_HeaderSettingsMenu_A_Visualization":"82161dbb-55e7-4eb4-b76d-c2da57660129","shp_HeaderSettingsMenu_A_Area_Visualization":"48c824f0-928c-4d1f-8ee8-bac810e05a71","gall_HeaderSettingsMenu_A":"1363a7ea-5162-4d64-9469-648fb78c229f","galleryTemplate1_2":"464e9c92-6243-45a4-8af3-ef19011b4aca","shp_HeaderSettingsMenu_A_Gall":"b5c406a2-6be8-467a-992d-5c0885808765","lbl_HeaderSettingsMenu_A_Gall":"50669f24-a303-460b-a669-532b22413cb4","icn_HeaderSettingsMenu_A_Gall":"07e84d1d-ac86-4577-97c2-09ce2548154d","shp_HeaderSettingsMenu_A_Gall_Divider":"ce24eea6-e4a7-4de8-b01c-27b3e14072de","shp_HeaderSettingsMenu_A":"274eface-a450-4043-a5c9-64f51bc4bcf0","PACo_Dialog_A":"4e400bb8-c684-4991-843f-4ac2f84037d6","cntr_Dialog_A":"fbf14afd-e3a1-4edd-bb05-86b6f4cddd43","html_Dialog_A_Visualization":"5b43fa92-3c9b-4fbb-9699-ea678c678cf8","shp_Dialog_A_Visualization":"5fa7cf6c-7428-4d34-8076-f19f1d64b240","shp_Dialog_A_Area":"1ad8704c-adba-47cd-824c-98c17620b43b","lbl_Dialog_A_Title":"90b40eb3-4926-4069-adc5-2246cc820b60","lbl_Dialog_A_Message":"74996153-7053-43d7-b448-66c959dec576","html_Dialog_A_Message":"a1f0deda-6d0a-45e3-a9f9-1b0e322e5ae4","cntr_Dialog_A_Button_Last":"3b93983b-e99f-4b01-9d39-75e81ddc9ebd","lbl_Dialog_A_Button_Last":"b17c2537-fb4b-473f-b52b-8fd47d6c4323","icn_Dialog_A_Button_Last":"9c7aeef3-a624-4aab-84a2-0bc53e80da52","img_Dialog_A_Button_Last":"6ca4f189-0d9f-4e66-8172-cd948870f108","btn_Dialog_A_Button_Last":"4a9b3749-eb1f-45ac-b9d8-c32d781c31b7","cntr_Dialog_A_Button_First":"903d10ee-a440-460e-9107-3d4b6289f877","btn_Dialog_A_Button_First":"795f083d-87a6-4022-ab1c-52f8d85f93df","lbl_Dialog_A_Button_First":"8bff8ef6-c8bc-41bd-bf0e-8ac8923ce4b3","icn_Dialog_A_Button_First":"873eff81-89d6-499f-b890-7f97ffbce83b","img_Dialog_A_Button_First":"60bda2d9-9999-4110-a8cb-91190afc53cd","html_Dialog_A_Button_First":"d9a5a5cc-9592-4a0e-b68a-6faf51503bc3","html_Dialog_A_Button_Last":"209ee88f-324d-44b2-a22c-d101f3bb60cd","PACo_Tabs_A":"b60f67f9-a46e-4d74-8ad0-e15558451497","html_Tabs_A_Visualization":"08b397db-0be3-4383-ae25-0a9e13adab36","shp_Tabs_A_Visualization":"6b40f23f-adac-41ed-a5c5-58fb1a85bcd8","cntr_Tabs_A":"c2e72f6d-a784-4eb4-9401-8d9a19450b55","lbl_Tabs_A_1":"3e3e085e-4103-41ff-bf63-55771598e2d2","icn_Tabs_A_1":"62aab5d4-7599-487e-bcbe-ded6204f5a68","lbl_Tabs_A_2":"e2d676fe-9a79-4464-9ecb-5a40b0013205","icn_Tabs_A_2":"0c60cb7f-7d6e-4677-b1c2-235cd17bfa66","lbl_Tabs_A_3":"b1d935aa-6282-41b3-b481-d67c2b3e55a0","icn_Tabs_A_3":"593886aa-414d-408c-b2b6-897f006872e2","lbl_Tabs_A_4":"e4a104ee-21b5-4bd0-ae62-e9e5335b6192","icn_Tabs_A_4":"c03aa9d7-1b57-4edf-b3c1-b7f662a10fe7","lbl_Tabs_A_5":"4fe025a9-74de-48ee-9c53-641bd2d68383","icn_Tabs_A_5":"83297b58-6099-4e50-abb1-aae979bda5fe","lbl_Tabs_A_6":"32fdc82b-ae11-4e87-8a98-cf953ffc75fb","icn_Tabs_A_6":"e1a35b1d-98fe-4b50-a21f-0aa4cc61ce33","lbl_Tabs_A_7":"09cab9af-5ff5-479a-a64d-63c0917e66d2","icn_Tabs_A_7":"e59da42f-9586-4101-b381-9e373c68d1b1","lbl_Tabs_A_8":"f1849427-5257-4b00-a6fa-088d7165d706","icn_Tabs_A_8":"f894c6aa-bcbb-47c4-91f7-87f9e2bf679f","lbl_Tabs_A_Menu":"ad9c541f-b746-4269-8d66-bff3999bb6ff","icn_Tabs_A_Menu":"fcbda922-31b3-4e8d-8a9f-8677787a09ad","shp_Tabs_A_1":"362282a6-9801-4bd4-8111-29f21d5b9d71","shp_Tabs_A_2":"bbb1945b-d31c-4e55-9f1b-0d2232d91c88","shp_Tabs_A_3":"304056af-4804-4222-800c-ca220d1523c7","shp_Tabs_A_4":"66412bca-0fcd-4e3f-83cd-a968ab3a9b62","shp_Tabs_A_5":"ffd9669e-a496-4ba8-9d45-89a8bfb02be8","shp_Tabs_A_6":"001e5abe-e654-475b-8e95-1ef50fd2556b","shp_Tabs_A_7":"c97484d3-8a2c-493e-bc31-191a3b7c222e","shp_Tabs_A_8":"06413fa8-6835-47a0-b7df-dba5a39ceaca","html_Tabs_A_1":"159cbe1c-06b2-44a2-89a9-d06ae333b48e","html_Tabs_A_2":"b7d75b89-f54d-4c52-b139-f1881b77574e","html_Tabs_A_3":"8df27c98-2728-4002-939c-09ce238e6134","html_Tabs_A_4":"7b89ac8d-66ef-4cc9-aa17-5c18c7f7eb69","html_Tabs_A_5":"4ef67d9b-ca28-4082-a5ab-1518e306118e","html_Tabs_A_6":"a8704279-e7eb-4fca-b05b-769b3d004f4a","html_Tabs_A_7":"6fc7c1dd-4407-463c-baeb-4a4032e2fe3f","html_Tabs_A_8":"68905b4e-cef7-4535-8913-b2ba0778a010","PACo_HeaderLanguagesMenu_A":"e901f6a3-2367-4733-8dec-6868c697c965","html_HeaderLanguagesMenu_A_Visualization":"2863da33-fb6b-41c5-87fe-eca74f773397","shp_HeaderLanguagesMenu_A_Visualization":"143aa130-1ce6-4e43-8e62-204e2f6a9f83","gall_HeaderLanguagesMenu_A":"0437eabf-33b3-40aa-9dfc-cab0c3dbf1d1","galleryTemplate1_6":"39a32ff5-1afe-4205-a1cb-20ab53774460","img_HeaderLanguagesMenu_A_Gall":"7e64ad06-8042-412e-8c3b-cd46cf511b45","icn_HeaderLanguagesMenu_A_Gall":"f8b896ef-1f0c-4f1b-9da2-407b8d1bf12f","shp_HeaderLanguagesMenu_A_Gall_Divider":"22431a2a-cef9-4fe6-8b99-aadfa3d1fe72","PACo_ProgressIndicator_B":"056f47c8-4b11-4cc7-9a34-c405e575fd32","html_ProgressIndicator_B_Visualization":"fa0e6c8b-2ad5-46f3-bff9-91ce23f804e1","shp_ProgressIndicator_B_Visualization":"44db0b31-dc65-4eb5-9dd0-a28e30dc1e38","gall_ProgressIndicator_B":"eba741ce-97be-44ed-a7f6-ba6234b740aa","galleryTemplate1_4":"12856e56-f61b-4cbd-aa25-2edc99dfbb45","shp_ProgressIndicator_B_Gall_Circle1":"e982f3d4-8b9f-4a8c-b327-01774813a759","shp_ProgressIndicator_B_Gall_Circle2":"f8bdfce9-06bb-48c5-806f-e1381276aad5","shp_ProgressIndicator_B_Gall_Circle3":"6368fa23-6756-4088-9c3e-57ecc13b6632","shp_ProgressIndicator_B_Gall_Left":"29a4e0c5-724c-4262-b447-485fcdfaa57e","shp_ProgressIndicator_B_Gall_Right":"69e54e0d-7788-4cb3-aa50-5d4b02043afa","lbl_ProgressIndicator_B_Gall":"a79ddbd9-344c-4ced-abf1-ab79263f8682","PACo_Button_A":"d399202c-47e2-4d2b-bbfc-6c8262e948a1","cntr_Button_A":"6e536cff-3139-48a1-bc56-724e2831c98b","btn_Button_A":"871b21aa-16b5-4b72-8c59-f041ecf83c73","icn_Button_A":"7761a57c-8c86-4cba-b162-b481accfb1f4","lbl_Button_A":"1cb09827-adb1-4299-96c6-cbc339e2183a","img_Button_A":"52125d1f-9b4e-4b41-bfaa-278615641b6a","html_Button_A":"8b67fa21-2611-42c6-b5d2-ab91ffb5fe8e","PACo_Tile_B":"76124d48-4fd5-4cca-917c-dae722be5a48","html_Tile_B_Visualization":"6d6de04b-d384-40b7-b04a-d61f1981ba34","shp_Tile_B_Visualization":"fc08fb50-eddc-4d70-8d77-9c69e3eeee08","lbl_Tile_B":"07c2c286-3f9d-4d00-917e-08cb353cffb3","icn_Tile_B":"12233811-02e0-4e3d-94c1-efc6a12456ea","PACo_Icon_A":"3acddaba-ffbb-4c48-bff4-d12aa8d4f156","html_Icon_A_Visualization":"967ff896-8229-4c1f-bf82-8b355385db0e","shp_Icon_A_Visualization":"5acdafd6-3631-4881-be5c-2f94b638b1cd","img_Icon_A":"edcfe0f1-08dd-4e1d-83f1-b963edd9311b","icn_Icon_A":"3ce37a33-bd18-4204-b7ff-c00aaca35204","PACo_Visualization_A":"3ecea231-f00a-4526-ba63-b3e332c24967","html_Elevation_A":"cdb3e13e-a665-45ae-a991-5550741e2b17","shp_Elevation_A":"b71150f9-17c7-47ce-905a-0942bd5db0fb","PACo_Spinner_A":"a7957c23-e77a-4c51-aa81-56763a7e2d37","img_Spinner_A":"f3fb422b-50ed-4df8-80dd-7c39c3aaa8fe","lbl_Spinner_A":"81b6fc98-d735-48fc-84dc-5d79d516c492","PACo_TabsMenu_A":"8e09ea15-459a-42ce-988c-e60a27d4b307","html_TabsMenu_A_Visualization":"d08ff738-7336-4ca5-a19d-61dbf41aa6ef","shp_TabsMenu_A_Visualization":"cf502de9-6053-413a-8dc5-f16cfc337c49","gall_TabsMenu_A":"68bad4fe-6639-4e3c-89f3-71d4d98dfa41","galleryTemplate1_7":"72c5b383-3096-44df-895b-fcc3ed4c887b","shp_TabsMenu_A":"a6c54bd1-8f6a-4b3d-a8ab-5661b58889e4","icn_Tabs_A_Gall":"4fcc3459-7216-4c27-a499-994d60f5a847","lbl_TabsMenu_A_Gall":"18f2e454-4746-4443-b71c-45085ae571a6","shp_TabsMenu_A_Gall_Divider":"146f64e9-5e24-4533-b627-407eac6296a3","PACo_DetailsList_A":"3aaa9666-3b4c-44a7-b49e-34be8d07e4c7","html_DetailsList_A_Visualization":"809c81af-c9bf-43b8-be77-e91c9ce0c201","shp_DetailsList_A_Visualization":"da684937-009f-4021-9341-53960f4414cb","cntr_DetailsList_A_Main":"058442f9-0305-48c8-9ba2-8f6de20c6b1e","cntr_DetailsList_A":"dd54a128-3807-4285-ab82-2a439e43d16f","lbl_DetailsList_A_Header_1":"6b6f0376-6959-416a-b39f-8bfeac185864","icn_DetailsList_A_Header_1":"92b18d6b-9aea-495e-ac77-592393d03b38","cb_DetailsList_A_Header":"67433245-6a03-4dd2-bafc-ee01244c0e00","icn_DetailsList_A_Header_Sorting":"d2bb9d09-1e97-45da-8517-ed607e0acf33","lbl_DetailsList_A_Header_2":"11bb45c6-920f-4b65-b0a0-f3f4eda5895f","icn_DetailsList_A_Header_2":"63197f72-c5bd-4e6a-8ddf-81693a2dd855","lbl_DetailsList_A_Header_3":"6b2ddf63-68ae-4c86-a6f2-5ab33ea53f53","icn_DetailsList_A_Header_3":"33f006a6-0de1-4a93-9625-a95fd06af212","lbl_DetailsList_A_Header_4":"c511c0cb-a0dc-4622-8889-fbea3cae62e5","icn_DetailsList_A_Header_4":"5d6d6e0f-dbac-42e8-aaf9-f99c5f86634c","lbl_DetailsList_A_Header_5":"167f4788-87ea-4974-b6c3-ec59df958bde","icn_DetailsList_A_Header_5":"699c9413-6249-4c6f-aa48-c269aac15f89","lbl_DetailsList_A_Header_6":"d3075e4e-669b-4a30-9a66-d2cc812289e7","icn_DetailsList_A_Header_6":"d58d9d8f-2a74-4ccd-a62e-f4e963129835","lbl_DetailsList_A_Header_7":"1a44eec6-5345-4a1e-8a94-5721cb5a132b","icn_DetailsList_A_Header_7":"37c0ae37-fe7d-4b98-a833-2e131f27316c","lbl_DetailsList_A_Header_8":"d1ea6f68-66eb-4733-901c-740a2bae7431","icn_DetailsList_A_Header_8":"580858ea-815f-4689-a214-6d227c26017e","lbl_DetailsList_A_Header_9":"10238f77-23b5-49b4-90ac-ec9b6a862ffb","icn_DetailsList_A_Header_9":"897bcfe5-c926-4576-8514-dbd5aa820478","lbl_DetailsList_A_Header_10":"3ab5c3b5-4a80-49d1-ab86-df57c715b315","icn_DetailsList_A_Header_10":"5fa217dd-c9b8-4986-8a39-5f39eaf36d85","lbl_DetailsList_A_Header_11":"4c015f74-c0dd-4a77-a480-6ea47e2daa62","icn_DetailsList_A_Header_11":"a28cc486-0db8-4dca-b5ea-8f71814d1c77","lbl_DetailsList_A_Header_12":"f1dd4eb8-6c17-4603-9cba-21f84c83de94","icn_DetailsList_A_Header_12":"a173bdc3-3ae6-4a95-8d9f-37316885b73a","lbl_DetailsList_A_Header_13":"2970eacd-4df8-4fd7-bd43-63e97b2c51ea","icn_DetailsList_A_Header_13":"629f1d78-f781-4d15-95e0-2c46a505e46b","lbl_DetailsList_A_Header_14":"c72d0094-b63f-43bb-b79c-cb88b84bb05b","icn_DetailsList_A_Header_14":"319b1ccc-e1de-479b-acfa-cb913120e8b6","lbl_DetailsList_A_Header_15":"314f26da-7e08-4d3b-9d26-3a3b33fb9698","icn_DetailsList_A_Header_15":"d9d02647-d961-41dd-a2d7-f76cf3c133fa","lbl_DetailsList_A_Header_16":"f22798cd-77b1-4202-b4f2-e53a2add81d6","icn_DetailsList_A_Header_16":"4f41f200-7403-4828-9021-6ab4f3e0baa9","lbl_DetailsList_A_Header_17":"5988fa22-9a39-4170-a5fd-c27913ffa50c","icn_DetailsList_A_Header_17":"f69ca28a-9a69-4ea6-bc98-af4bb8fde5d1","lbl_DetailsList_A_Header_18":"c5b1c422-9afc-4d47-820c-e79816e68e24","icn_DetailsList_A_Header_18":"cd54516e-1d8d-49f8-a3e4-55533a6f92b2","lbl_DetailsList_A_Header_19":"8d1f7f74-aee1-44ab-8144-6571d61fd76e","icn_DetailsList_A_Header_19":"ac77d08c-2a73-4a8f-89de-7b1fe35f099a","lbl_DetailsList_A_Header_20":"2ecd90cb-786e-4c59-816a-98dee2c975af","icn_DetailsList_A_Header_20":"84a87a74-63f3-40d3-b053-8f551d095209","shp_DetailsList_A_Divider":"1050b589-a78a-4fd5-a241-a150e40945e7","gall_DetailsList_A":"285b2742-fe47-45d7-b226-08914c2134c0","galleryTemplate2_3":"0ea8cbaa-d628-433e-8f8f-b331cefb9e3b","lbl_DetailsList_A_Gall_1":"7c1b5453-b4e5-4a8f-8b29-5fd3ed6eb527","cb_DetailsList_A_Gall":"5417af6a-0be5-4a6e-b29f-94359352ad01","shp_DetailsList_A_Gall":"27581129-3419-46cb-9bb0-2d843ed636bd","lbl_DetailsList_A_Gall_2":"1300932b-f839-40c4-ad03-99e0d0bafe3d","lbl_DetailsList_A_Gall_3":"84f89eb1-3ba0-407a-a529-c00dc86acab5","lbl_DetailsList_A_Gall_4":"d47f45f7-f943-447e-9adf-9891e75be0fd","lbl_DetailsList_A_Gall_5":"f86bc775-2e67-44e4-8c79-2b071d4ca09d","lbl_DetailsList_A_Gall_6":"d11ccc85-f1f9-4f19-9f61-2ed8c40d90e6","lbl_DetailsList_A_Gall_7":"9dbbc627-54d5-43aa-aee9-1872115d7f88","lbl_DetailsList_A_Gall_8":"a7abcf14-7748-4106-beb5-bc4497f87346","lbl_DetailsList_A_Gall_9":"363715f6-4a98-4f48-8cfd-45ce1357bf82","lbl_DetailsList_A_Gall_10":"0d87ed6e-d2e1-4fd3-af25-cc53afff887c","lbl_DetailsList_A_Gall_11":"6faaa7d9-46c0-4878-83bc-4efed3dba5e5","lbl_DetailsList_A_Gall_12":"1118022a-2e87-4e82-9ac7-90fc196edaee","lbl_DetailsList_A_Gall_13":"1f6594aa-7059-421f-945c-02078c735e49","lbl_DetailsList_A_Gall_14":"ab8209c9-4a05-49f1-8092-e6d7637d0a19","lbl_DetailsList_A_Gall_15":"f3f1b860-f2f6-43d9-854b-18301dc0784a","lbl_DetailsList_A_Gall_16":"e4220c57-b526-4251-b7be-ff5f4edb2dd8","lbl_DetailsList_A_Gall_17":"540ac5e6-c570-4e84-9ec0-13406df2f7bf","lbl_DetailsList_A_Gall_18":"8966a2e4-0c3f-4272-8b7c-b400692d512f","lbl_DetailsList_A_Gall_19":"ef39b10f-3a56-4721-ba57-0d1b5c079411","lbl_DetailsList_A_Gall_20":"5671a5e1-6581-4b14-856f-3d53ab1db6cd","shp_DetailsList_A_Gall_Divider":"ff4e6fd9-ddb1-4d32-b403-abb45eaa0061","PACo_SearchBox_A":"e44c27ac-af20-48ce-b456-61d713e52de4","html_SearchBox_A_Visualization":"5b9efaf7-50a9-4f4a-8ed2-c9dd9a6546a3","shp_SearchBox_A_Visualization":"ab9080df-712e-4bc1-ae50-d6a54e7b0682","ti_SearchBox_A":"0ad4df42-e303-41dd-ae17-98560c55ce95","img_SearchBox_A_Search":"64fc499d-b424-46f9-8df6-555977c8f45d","PACo_Panel_A":"bb8c33e0-4aee-4ef4-97af-403d5925dd40","html_Panel_A":"73d030d7-0dca-4e50-a23c-af6e27f7b007","shp_Panel_A_Area":"668107d1-a29f-472c-9e26-0c1289b5d3a7","html_Panel_A_CommandBar_Visualization":"895f305c-1e32-437f-a06c-4faaa4584d25","shp_Panel_A":"61b08f69-5edf-4959-a29a-456637ed9f80","gall_Panel_A":"58dca2b3-3d9c-46e2-8952-68f61b5c78a1","galleryTemplate2":"e485b47c-02d3-4397-a369-d808c93c3ecf","lbl_Panel_A_Gall_Label":"6cc9fa97-da5f-4577-9b15-eb1b774a0807","lbl_Panel_A_Gall_Text":"3c70d261-f12d-48c1-86a8-06abff9e5d5c","shp_Panel_A_CommandBar_Visualization":"9d1dfcf6-d5f6-4080-b36c-c3deb4f78271","cntr_Panel_A_CommandBar":"ac657466-5704-4540-87ce-28ee7acac707","img_Panel_A_CommandBar_1":"406db6b4-69f3-43e2-98bd-344980883879","lbl_Panel_A_CommandBar_1":"f7cfde12-ea78-46d1-b28b-f697b9343460","icn_Panel_A_CommandBar_1":"5d155d4c-4153-4256-b64d-772d4ea51ed3","img_Panel_A_CommandBar_2":"3e41f827-4e46-4453-9632-20b5be43f64e","lbl_Panel_A_CommandBar_2":"8dac57b2-7cc6-49f8-8e69-e6e39c4c2385","icn_Panel_A_CommandBar_2":"eaa66532-276c-4551-aa6b-a6f7559da875","cntr_Panel_A_Button":"fe06118d-fffe-460a-b13c-712831381d32","btn_Panel_A_Button":"97cd83ec-f34a-4a7d-89bc-9353e16338f3","icn_Panel_A_Button":"b102e215-ce7e-4007-ab74-967d9fceec8f","img_Panel_A_Button":"70cbfbe6-e069-4693-8cdc-39ce009bad88","lbl_Panel_A_Button":"11239ccd-012c-4a8c-a58b-a38f722b964f","html_Panel_A_Button":"fbd5c8a7-ee77-4756-852b-e9725504e1d8","html_Panel_A_CommandBar_1":"c956b4f0-50a6-4347-ac4a-538164fe04ea","html_Panel_A_CommandBar_2":"4efccbc2-76bc-4de2-bc72-de1f46bb9fca","PACo_Header_A":"81b015f4-f7d6-4b1b-90be-47092ea5a06b","html_Header_A_Visualization":"91b27969-5b43-4cdd-ba3e-94cd0dcaccfd","lbl_Header_A":"52703e98-d84a-42b3-b92f-430357e0794a","img_Header_A_Back":"f676ecc4-1f87-495c-8381-d9164d7da78a","icn_Header_A_Back":"f9148706-08e9-454d-988a-8b5bbaad80ab","img_Header_A_Nav":"b1639752-f6da-4d74-a06f-a884eb7cb5a6","icn_Header_A_Nav":"0662562b-b939-4fb3-a6c6-789a775bce2e","img_Header_A_LanguagesMenu":"6a62433c-30eb-4614-b25a-981f345c03e5","icn_Header_A_LanguagesMenu":"d9c53c59-8692-4cf3-bcb6-d35c6aa6130f","img_Header_A_Help":"9319e2f3-715f-4a27-8c09-7f628cc4da84","icn_Header_A_Help":"50a87e60-1792-4e10-ab9e-60e119de69f9","img_Header_A_SettingsMenu":"50e41f64-e8cc-4591-85b3-4bd1a7961bdb","icn_Header_A_SettingsMenu":"0df4f358-a204-4849-af8f-5a1a025c03af","img_Header_A_Logo":"ba8a5fa5-5684-44e4-917f-1917ff024f31","icn_Header_A_Logo":"669ddfa1-1cc1-4fb7-ae50-0c1d4b9ef0b9","shp_Header_A_Visualization":"543bc259-54c7-4fae-ad3c-ac01999bcd34","Restart Screen":"5ab334ea-cc80-4fe1-9bc4-25578e462d8a","cmp_Restart_Button":"708b8822-29f6-4313-9c2b-70bb51ae36d0","Home Screen":"515f79de-c3e1-4847-99ce-9d12e1fa7834","cntr_Home_Main":"ca567068-8781-4bfc-963a-0f9d0794a7f3","cmp_Home_Header":"0a0ad075-ed2e-4735-b381-07fcd49fe03f","cmp_Home_Dialog":"0f0328ce-065f-4c5e-a133-067dc8e5315b","cmp_Home_Spinner":"70edcb66-f52c-4ed7-a027-4be6937a3277","cmp_Home_HeaderLanguagesMenu":"75e35854-3b1f-4799-82db-16e82c2b4029","cmp_Home_Panel":"e80adf5f-b211-4332-9fe8-ac1ae66c8dd9","cmp_Home_Nav":"d4cc5343-34af-41b7-bd7c-46b80e3c9684","cmp_Home_HeaderSettingsMenu":"0e13be83-0976-4e96-94a3-e55ed5b052a8","cmp_Home_CommandBar":"4aadee6b-1704-425d-b8d3-11d07d997e00","cmp_Home_Form_Main":"6c388f97-4487-47dc-9fe9-e6e0243e3ac0","cmp_Home_Form":"7dd843a3-fa81-4176-97eb-d491f05f38e2","cmp_Home_Form_ProgressIndicator":"081466c5-5d5b-4772-9ec3-8fa1632a7049","cmp_Home_Form_Tabs":"4ab4a992-5cfd-439f-a42e-b5eca0372684","cmp_Home_Form_TabsMenu":"3adeef77-17cd-40d8-ab78-927fb3328d11","cmp_Home_Form_Form":"718be643-f0a6-47cc-9c15-3612acc86166","cmp_Home_Form_Files":"82289794-d916-4351-8a15-bbff9037f6aa","cmp_Home_Form_Actions":"5127a781-cf11-44ac-8fa5-e7c941cab2b4","cmp_Home_Form_Other":"a97af843-4e1f-4478-8a4f-942eb315728e","cntr_Home_Form_Form":"552f3b6b-8e58-4af3-b588-19824eea5fe2","lbl_Home_Form_Form":"bc521d11-eff2-4740-8a47-0f8c70688fe9","cmp_Home_Form_Form_Back":"f21cabcd-43d6-49d4-acfa-a3622548913a","lbl_Home_Form_Form_Mode":"aedea5a3-63ac-4ba3-859e-91e89054d4bf","cntr_Home_Form_Files":"c5b111a2-24d0-4d2b-ac08-79e54a94be8b","lbl_Home_Form_Files":"16d9d2ff-cf35-46ce-bd36-8bee9d5304ba","cmp_Home_Form_Form_Files":"4cc45285-cc6e-4f43-b25f-5e4204b30445","cntr_Home_Form_Actions":"5d364cc8-cd92-4535-8a5b-53bcbbdad6aa","lbl_Home_Form_Actions":"34c0c32c-0300-432e-b296-c64017079368","cmp_Home_Form_Form_Actions":"9688a416-462c-4d41-80a1-2ce1e4298908","cntr_Home_Form_Other":"8da88578-e861-45d8-a8d4-12ac1a079517","lbl_Home_Form_Other":"7c027a93-a44f-4954-bce6-bc253e15fc22","cmp_Home_Form_Form_Other":"3ef970bf-74be-48d5-94e8-5667aa1d8350","cmp_Home_CommandBarMenu":"378a88e8-7019-438a-ba4a-f3f636bfe160","cmp_Home_SearchBox_Icon":"6a3f0cbc-3350-4edb-9e1e-3c181909a612","cmp_Home_SearchBox":"3193b281-515d-4e6d-8f0b-9ed81c902ead","cntr_Home_Filter_ItemType":"045b42ff-9434-43f1-ae07-64feb903a7d5","cmp_Home_Filter_ItemType_Visualization":"4f475a21-8ed2-4b76-a26e-c8f193d711c3","dd_Home_Filter_ItemType":"c4b60d39-e64c-421d-8306-a211844f5efb","cmp_Home_RecordsSelected":"b44d8b1c-11a9-4d8e-b768-8c1b82b38659","cmp_Home_DetailsList_Small":"95d0c62c-2d84-4462-bbf6-c4c3f296e9e8","cmp_Home_DetailsList":"13306b90-293f-48c5-af72-2078437dcfab","lbl_Second_NoRecords":"c462e233-185d-442a-b4fa-74171c99f73e","btn_Home":"cedeffd7-35a4-46ae-af66-03d95d71ff36","btn_Start":"b8b2e67f-77f8-4924-8c0a-83b7fc279875","Redirect Screen":"af2fd87c-bb81-4f71-ab31-0723364ce99a","btn_Redirect":"14e3329b-6031-4fe9-83d1-7caf4b4e6daa","cntr_Redirect_Main":"11960708-67ef-4809-bab9-6238db1e5d90","cmp_Redirect_Spinner":"6ffa3ca0-1ef8-4b6d-bfea-b9297153f483","Color Screen":"c9407e9b-69b5-49e5-b7fd-89cb9b148f2a","cntr_Color":"66af3789-9c4f-4465-a431-ea84082ebff2","shp_Color_themeLighterAlt":"6d02475e-1ca9-4826-b6d5-67bfe259dac9","lbl_Color_themeLighterAlt_1":"db69c9df-b393-4686-ba81-de895b9c3bcb","shp_Color_themeLighter":"35c09b25-187f-4b65-828c-6a4be91ccf9c","lbl_Color_themeLighter_1":"dcf9ac89-b53f-401e-9a1f-bc94bda10f0b","shp_Color_themeLight":"135481ca-162c-465a-98bd-6e2a225fbb56","lbl_Color_themeLight_1":"107f32c5-e7e8-4e78-962d-9e4faa978e99","shp_Color_themeTertiary":"dc5e2939-cd1d-4bee-9111-84c861860e88","lbl_Color_themeTertiary_1":"89e079c7-aa86-49c7-8632-b7cb521ba65e","shp_Color_themeSecondary":"14c1c31b-125d-4fa0-b9b1-10462140e3c8","lbl_Color_themeSecondary_1":"1a735271-c48a-4a87-9b6f-b9689aaa415e","shp_Color_themePrimary":"f12f2f9c-4a38-4c71-a613-9c7ff29c5b46","lbl_Color_themePrimary_1":"ba092192-acd9-48bd-85d3-42a3655c1fb3","shp_Color_themeDarkAlt":"50cd2701-a75a-4cc6-8397-dd0ba9bdc5e9","lbl_Color_themeDarkAlt_1":"b5538bcb-8578-4253-b037-8733dbfd0ea4","shp_Color_themeDark":"ae5ac01b-b8a5-4e79-ac5b-cd298faf6a01","lbl_Color_themeDark_1":"5d3431c4-5509-47f1-9cf3-92d10a973a13","shp_Color_themeDarker":"57b88ebf-4c3e-44aa-99fa-0ea8d7c64518","lbl_Color_themeDarker_1":"5d5f3819-11c0-4123-b423-b1e66688aad0","lbl_Color_themeLighterAlt_2":"34499de3-01e4-41f0-a157-c6babc8e2b71","lbl_Color_themeLighter_2":"235f6757-202d-47ee-aefa-df95683480cd","lbl_Color_themeLight_2":"6036213b-e6c8-4cca-a31e-5ac745dc3e42","lbl_Color_themeTertiary_2":"88a2528b-2cb1-4b46-8fc6-d68907142efb","lbl_Color_themeSecondary_2":"0c74eb6c-903a-4fbd-81c0-763b769880eb","lbl_Color_themePrimary_2":"307bc12e-ee34-4359-81e6-03ff7d80e971","lbl_Color_themeDarkAlt_2":"a53f777c-4c28-44e7-bb9f-9cf82e7a185d","lbl_Color_themeDark_2":"c39e4f66-a5be-4e68-99f3-3de419e909e1","lbl_Color_themeDarker_2":"7ad74a61-6b34-4431-8f49-4b82854fde7d","shp_Color_white":"d32cb487-1761-4911-9dc4-702a8182c549","lbl_Color_white_1":"b9729dd5-fa28-4742-af9d-92fdd909368d","shp_Color_neutralSecondaryAlt":"b27f7da2-dcbb-4b3e-b094-52cc09931a14","lbl_Color_neutralSecondaryAlt_1":"731bb67f-00cc-4339-9907-d64953754c5d","shp_Color_neutralTertiary":"244964a6-34db-4e91-ae58-42da06b37e22","lbl_Color_neutralTertiary_1":"da4b4d8d-a7c2-41c4-a0f2-3efe96d30197","shp_Color_neutralSecondary":"24b02092-fe82-4fb4-bce1-3bf4b43b22fd","lbl_Color_neutralSecondary_1":"512e9eea-12f0-476c-b7ef-299edebc12fd","shp_Color_neutralPrimaryAlt":"432037ff-d28b-4d55-bcfc-15c8f4814f42","lbl_Color_neutralPrimaryAlt_1":"c6df17a6-d591-450b-b573-49eb6a8adca1","shp_Color_neutralPrimary":"f4789954-9059-4401-ab21-4328bb74d3aa","lbl_Color_neutralPrimary_1":"36e81833-859f-4d6e-96c6-55eebfe71121","shp_Color_neutralDark_2":"8dc40914-fff9-48fe-8839-fb336c5d3640","lbl_Color_neutralDark_2_1":"636336ea-efb7-4c5a-9053-6f90f4ec458f","shp_Color_black":"aaeda2c7-cfe0-4c2c-be91-0fdc7453cb1d","lbl_Color_black_1":"43a092b0-9a20-46ce-b80e-59f3edc1e8e8","lbl_Color_white_2":"356f3758-dbda-46ec-bb8a-bc5d3bf8e364","lbl_Color_neutralSecondaryAlt_2":"d217ff08-5f1f-4856-b0a8-b625fc85b0c9","lbl_Color_neutralTertiary_2":"dd88a391-119e-41df-a8c9-1c827348eb2f","lbl_Color_neutralSecondary_2":"fa600c21-ef1d-4904-9c33-5f668dc2f820","lbl_Color_neutralPrimaryAlt_2":"71ee40cb-027b-4623-a68d-efb58c7d81c8","lbl_Color_neutralPrimary_2":"39c78f97-ade6-4fa0-b950-47ac92c957a0","lbl_Color_neutralDark_2_2":"cbeb0af3-af63-4408-a05b-c20880411661","lbl_Color_black_2":"38a27327-4316-4722-a755-0e6663f7a1e2","shp_Color_neutralLighterAlt":"c9cf7cf9-bbc0-4465-be8c-1e4c47d2cd28","lbl_Color_neutralLighterAlt_1":"d33d9f5b-31ee-4440-90a7-a550ac6443e3","shp_Color_neutralLighter":"9649bd53-8a72-46cb-b9c3-0fc90f1e9e03","lbl_Color_neutralLighter_1":"b56d4130-5a0d-415c-9218-e81ffb873c0b","shp_Color_neutralLight":"b72091c6-74f3-4e45-a457-aa1c6033e4dc","lbl_Color_neutralLight_1":"9d80c312-cfe8-4d68-8ec6-6cccf32e1153","shp_Color_neutralQuaternaryAlt":"88c5721b-5495-4296-81cf-f54a757e1b56","lbl_Color_neutralQuaternaryAlt_1":"7c6559a9-e6cc-46a0-8eeb-936dac75f42b","shp_Color_neutralDark":"aafc693a-ece3-4bab-9b02-38a71a7a40a5","lbl_Color_neutralDark_1":"b8954d7a-5b84-4d17-982f-50d0ab8be84b","shp_Color_neutralTertiaryAlt":"be627723-526f-4a4c-8199-70dc0e075b12","lbl_Color_neutralTertiaryAlt_1":"d0599ac3-a6ee-414a-af11-4ba930b50feb","lbl_Color_neutralLighterAlt_2":"7ddd0240-baee-43e1-bd20-64fe858acf31","lbl_Color_neutralLighter_2":"c50ed182-ed23-47a5-b1a9-cd27f843c066","lbl_Color_neutralLight_2":"1f557cda-7515-41f5-979c-208077a5a3b1","lbl_Color_neutralQuaternaryAlt_2":"bf4e7d1d-58c3-4010-8773-391fca98a8de","lbl_Color_neutralDark_2":"80508dc9-1248-4133-a1f8-45e65b3aac6f","lbl_Color_neutralTertiaryAlt_2":"eba513d7-56e8-4d90-90ef-bbdaa2e3bfc3","Third Screen":"956972d0-6b55-4896-8b8b-22c34598aab5","cntr_Third_Main":"0a5ba18b-1255-4fc3-8f52-4ee50ac34105","cmp_Third_Header":"8d4a3d13-348a-4906-b33e-4e37109c37ec","cmp_Third_Spinner":"e9063954-f64c-47ec-9eb0-634d0a00bf7d","cmp_Third_Nav":"77253add-2f10-4708-b64e-499301e55890","cmp_Third_Visualization":"41c0e4d4-058c-4c97-b85f-1eca3ce5f410","cmp_Third_Button_MessageCenter_Maintenance":"7c2b8f27-9105-4867-aafe-f01342dbdb89","cmp_Third_Button_MessageCenter_TimeOut":"e9ab4f74-eb16-44e4-979e-5d55111295fd","cmp_Third_Button_MessageCenter_Error":"53caf96a-638e-4e0d-9c54-f3da3cdefcd0","btn_Third":"d7b5d7fc-0513-4719-961f-c67809fb75c6","Second Screen":"8c6a563b-a4a8-4953-a66b-89ecc83d3cca","btn_Second":"b679f790-6b79-4ff5-97d4-9a9f7994058d","cntr_Second_Main":"df5e0b87-7528-4100-bc05-e684c2c45b9c","cmp_Second_Header":"b1ff56a7-f1ae-4201-a7e7-7cfa0c04078a","cmp_Second_Spinner":"034f1812-46f4-4c17-ae44-2027c7fc68d2","cmp_Second_Nav":"651478dd-ad6a-440f-b0a7-09bbd77ec3a0","cmp_Second_Visualization":"7c7bfbfa-2615-4f96-ba82-efb0b8fdf648","Fourth Screen":"5574df7a-9d2c-4894-b1d3-87e14047827c","cntr_Fourth_Main":"f2a2c4c2-6539-4db0-807f-53f213f72ee5","cmp_Fourth_Header":"b7cc8615-342f-4b2b-8dd5-4a2bf3f4ac73","cmp_Fourth_Spinner":"42f18125-2c3a-4bf1-80c8-c7bdfdbd5a15","cmp_Fourth_Nav":"2be1be8b-adb9-4e4b-953c-923c8ebb1182","cmp_Fourth_Visualization":"65e535bc-5ee8-4f09-878f-b2500602b2ee","btn_Fourth":"23f3fe10-041f-49e2-9cff-7b0fe1743c8f","Fifth Screen":"981f5f0c-776e-464b-b22e-558955edd0f6","cntr_Fifth_Main":"93b59fcc-4e0d-46fe-9c15-b2881d80f2bb","cmp_Fifth_Header":"50536357-f414-4071-9dbe-f0b20a8ac89d","cmp_Fifth_Spinner":"e49b7d7f-ac19-4cb9-852c-437b94b570fc","cmp_Fifth_Nav":"6be3fa25-3ec2-4767-9387-9d3d94c5ce61","cmp_Fifth_Visualization":"837d7864-30c4-4808-8f74-d427c8e4b12c","btn_Fifth":"4cb6a821-98e5-4776-ae14-a4ad585d83a9","Themes Screen":"a476b432-5c81-4d84-869e-a8626e83a0a7","cntr_Themes_Main":"0a4f0be8-064c-4eab-a9d4-86b600a03de0","cmp_Themes_Header":"a912fa5d-7660-49d6-9c46-2147aee1a7cd","cmp_Themes_Spinner":"7ce21a77-7db5-45bb-adbf-01f7474bd7b0","cmp_Themes_Visualization":"b0a465e0-27ab-4689-bff8-0131fc5941d1","cmp_Themes_Button_Default":"4bfa2970-9769-4704-8f96-ac0803549e0d","cmp_Themes_Button_Dark":"98ef3f77-c0cb-4a1e-abba-11ef0919b5c0","cmp_Themes_Button_HighContrast":"e0a8e953-a8c9-4ef8-86d0-9ce960861abd","btn_Themes":"959ba846-90e8-4828-859d-d87fb3f523ad","btn_Themes_All":"852a9108-eea4-4dbf-8f50-5a6bb8bd4008","Message Center Screen":"eeed55a1-92a3-435b-9b14-eaae805a2c09","cntr_MessageCenter_Main":"d01df911-644a-4313-8582-073a87466ba1","cmp_MessageCenter_Header":"0cf24531-23cf-4834-b3c4-cd7fd56de4d6","cmp_MessageCenter_Dialog":"2e4d687c-8056-4d3f-b70f-75cd823ee343","cmp_MessageCenter_Spinner":"75864831-e1fa-424a-bd20-432abea6cdd5","btn_MessageCenter":"d84d77a0-74ea-40c6-abe0-2bc1e8fc9e63","Controls Screen":"75a719a3-ddd4-4b57-9eb7-6903091efd7e","lbl_Controls_ti":"deba93bc-a058-4b4f-9aff-b148c401770c","ti_Controls":"9ac9084e-65d6-478a-9f4b-37729b8ae806","ti_Controls_Diabled":"de01eb05-23e8-4e2b-81f4-61ec3b98ad02","lbl_Controls_dd":"53d94c1e-a042-41f0-9621-44b0ac8610b4","dd_Controls":"d12f5909-b3da-443a-b00e-b19d4a7482df","dd_Controls_Diabled":"9a0877a8-4123-4f3d-839a-6e00bfa955b1","lbl_Controls_dp":"54e58340-9dd9-4173-b4e9-3a61ba4d6d9b","dp_Controls":"345292a7-ec77-431e-a798-1e6ac86cd7f3","dp_Controls_Diabled":"1f72cf04-dcad-4aad-b959-af5cae4eb19d","lbl_Controls_cb":"64d50066-5aaf-4aff-8a3f-75d99f142551","cb_Contols":"399e8418-728b-474f-8617-75fb41e90273","cb_Contols_Diabled":"a251fd33-92d9-4ac2-8e49-c8a04e803900","lbl_Controls_btn":"5ff0f29e-e8a6-467f-9c7a-79d0fd6020cd","btn_Control_Primary":"107e89da-5131-46eb-9e28-2005d03f7d93","btn_Control_Secondary":"3db00599-4fe0-4307-a675-7c4f56c41bdf","btn_Control_Primary_Diabled":"0dcfe7da-0c19-43ce-be53-71374b85b9a4","btn_Control_Secondary_Diabled":"916eb60c-bfaa-47d6-8d04-523123a46719","lbl_Controls_icn":"6a464fcb-176b-4f04-9cd1-5a6a49f0de39","icn_Control":"3efc16ab-ebb3-4df6-9675-5b8e9821746e","icn_Control_Diabled":"3be0faa2-615c-4ec7-8b09-ba20b7b5dd4e","lbl_Controls_Disabled":"57a862a3-bcdd-4752-97d5-5326e903dfa2"}