{"__Version":"0.1","App":"3e380cd4-72c5-4766-8b98-029373d78489","Test_7F478737223C4B69":"57b4174b-756c-412f-aceb-42c4f8f86828","Host":"73047853-2d9f-4f88-b2f1-dd8bc8fb2052","PACo_Panel_A":"6d30247a-6a86-4eee-a8ed-171a857dd93e","html_Panel_A":"3d1b6bb8-4202-4694-9315-2d123b3b41dc","shp_Panel_A_Area":"6b885d05-5423-4927-af0b-f12663c8e070","html_Panel_A_CommandBar_Visualization":"85bfdfa4-5be6-455e-8575-0d2f5ab209bb","shp_Panel_A":"57687b08-c0d2-47f1-a782-3104275db5ff","shp_Panel_A_CommandBar_Visualization":"c6f80371-72eb-4eae-be3e-31876edc1de9","cntr_Panel_A_CommandBar":"d7681879-c957-4f2b-bd80-9ea20f94795f","img_Panel_A_CommandBar_1":"a4bd1a65-cf21-4684-99a4-120d6e6eeb6d","icn_Panel_A_CommandBar_1":"835ba72e-c084-4a23-8421-f81705c6990d","lbl_Panel_A_CommandBar_1":"4be7195a-aa1d-4ee3-a109-cac610917feb","img_Panel_A_CommandBar_2":"4db037f5-ec54-4523-9f3a-423ad4299c05","icn_Panel_A_CommandBar_2":"22371a1e-9427-43e1-b657-646fe7e95196","lbl_Panel_A_CommandBar_2":"62a883ae-18b9-4dc1-8d11-647f676e9109","gall_Panel_A":"f3ba99d8-96b0-479b-84e5-9cbbfcc4638f","galleryTemplate2":"007f184e-f955-48c4-b571-31ba6195f522","lbl_Panel_A_Gall_Label":"d65bb0b2-7de3-45b0-8c44-2b6628e9d287","lbl_Panel_A_Gall_Text":"e9550b8d-8fea-4a7b-bd17-40d39db2f4ff","cntr_Panel_A_Button":"ba13f6ee-6f8c-4b57-a48e-9fa039e06f73","shp_Panel_A_Button":"82e6b55c-7637-463e-be01-5382a2a278c5","icn_Panel_A_Button":"8f067303-b7d3-4052-b2f2-dae9c4b263c2","img_Panel_A_Button":"1acf264e-de9a-4fbd-bc40-68547d44a9ee","lbl_Panel_A_Button":"d7755ac4-5335-4add-b4a4-988ffee9691d","html_Panel_A_Button":"76994a1d-d687-4097-bdc9-bd1f4ad5b434","html_Panel_A_CommandBar_1":"c973622c-7aa7-4315-a4d7-510bc9fb0a44","html_Panel_A_CommandBar_2":"b4c15d7e-9f2d-4310-b55e-b1006e353726","PACo_CommandBarMenu_A":"6733aab8-c569-432b-858b-0540fd25d89a","html_CommandBarMenu_A_Visualization":"0b75ff78-1782-46d9-a902-42e6c78effb1","shp_CommandBarMenu_A_Visualization":"17630989-bafc-48a2-9406-9a295bc62ae7","gall_CommandBarMenu_A":"cdc14163-d6e0-4094-8f86-292a6f29b21a","galleryTemplate1":"9792ebd3-dd1e-4080-aa1d-59757cb897bf","img_CommandBarMenu_A_Gall":"274231da-9a33-42e1-8e38-8bd04a270d3f","icn_CommandBarMenu_A_Gall":"7b0747b7-ed5e-43b1-be29-0a516a53ccf1","lbl_CommandBarMenu_A_Gall":"594b10f5-b88d-4249-a898-8616ecd92613","shp_CommandBarMenu_A_Gall_Divider":"25ce12a4-db61-4073-b2e3-1c202d8a33a5","PACo_DetailsList_C":"1cc2b4ab-60c6-4175-b244-7ffed40ce414","html_DetailsList_C_Visualization":"621b5f3d-e15e-4948-a0d6-9c9b50a16507","shp_DetailsList_C_Visualization":"908cb5b9-47e8-47e1-b22b-cc35f7469a7b","gall_DetailsList_C":"31d08082-cca4-4200-9e37-eb7f6da21a2a","galleryTemplate4":"c5606b56-c13d-4551-a85a-bc6822946b6d","shp_DetailsList_C_Gall":"3494610e-a86e-474a-a8d9-afef9c2dcfaf","cb_DetailsList_C_Gall":"9635ef3b-17e0-43e8-a4e3-51ce5ee94722","lbl_DetailsList_C_Gall_Title":"82855a06-a08b-4310-8cd4-b68f3239b3d5","lbl_DetailsList_C_Gall_Subtitle":"e4dce1e0-b27b-4777-8015-298deaa1e6f8","lbl_DetailsList_C_Gall_Body":"7fa4c5d7-fa47-46cf-ac8d-4c5e0bac945f","shp_DetailList_C_Gall_Divider":"57d2f0d3-dea1-47fb-86f7-a0bed0fccfb2","PACo_Nav_B":"6ec1bbaa-5bdb-463d-9e11-6ea1932c8840","html_Nav_B_Visualization":"248088e9-6e66-457f-b17d-56ddf894d8e5","shp_Nav_B_Visualization":"4da4b1d4-f94f-4e2c-816b-af1995ebff9b","gall_Nav_B":"cfb02bd3-a081-4f74-9cd8-dcdffc32e308","galleryTemplate1_3":"5fd74dfb-f66d-4d82-822b-8a8f0ea8f1ce","shp_Nav_B_Gall":"efd67c96-921b-41c2-8912-1cebb9690bcf","img_Nav_B_Gall":"a67f2442-4f93-4cf7-b0b7-1173dd6d8c78","lbl_Nav_B_Gall":"a2bead63-15dc-49bd-af56-4d225c6398d5","icn_Nav_B_Gall":"9d443981-46a5-45d8-8e06-e34054bb192e","shp_Nav_B_Gall_Divider":"206c2735-c338-4cce-bf35-f4ffc20e79f8","PACo_CommandBar_B":"afc98995-e439-4904-9730-81714c1a045b","html_CommandBar_B_Visualization":"2b69be36-f4b9-448e-b8af-185a2ec7068a","shp_CommandBar_B_Visualization":"bccbc6e2-d2ab-4cc0-9ac4-71173c546709","cntr_CommandBar_B":"83cdbcd0-305f-4359-9c5f-aab269eb4258","img_CommandBar_B_1":"6d6fd5bc-a79a-411f-93ad-33676d98c369","lbl_CommandBar_B_1":"3050d7b7-3034-4b45-8542-6fcf6b6b9e33","icn_CommandBar_B_1":"983901ca-de43-42d6-9295-e1c915928264","img_CommandBar_B_2":"a000889e-3b73-4b79-9b80-a1994cf3a04f","icn_CommandBar_B_2":"6978faa8-d5b3-43d9-a313-b17e601b4a48","lbl_CommandBar_B_2":"7337afa6-45e9-4bf5-a920-1f0f4b4d7d87","img_CommandBar_B_3":"f1ff05b9-47f5-4746-ab65-388a566d09f1","icn_CommandBar_B_3":"2ef91f7f-bc3a-4dad-86dd-a8da3f4e7ad3","lbl_CommandBar_B_3":"5d924430-9024-4644-9529-6c8f005fcda1","img_CommandBar_B_4":"6d3d2c4d-794a-416c-b95d-3d016c1c0862","icn_CommandBar_B_4":"6df6f37f-d71f-4c17-926b-89f875c74d13","lbl_CommandBar_B_4":"48354e1b-b7ae-4e1c-be19-f3d8b196665e","img_CommandBar_B_5":"f6f4f5eb-4ada-487a-bb6a-4aa60494306d","icn_CommandBar_B_5":"b49d0a3a-0373-4280-9899-a9aab0b70e35","lbl_CommandBar_B_5":"6106d0ee-20b0-4253-bfb1-6484591a5b20","img_CommandBar_B_6":"15b2083c-5e9f-40a1-8e00-991ba6b3a0ba","icn_CommandBar_B_6":"be7cecd9-128e-46d8-af3a-96459b825d50","lbl_CommandBar_B_6":"d7449c0f-bc98-4863-85ab-48831d128212","img_CommandBar_B_7":"8b534891-234f-4477-8cb0-817a2b3c751d","icn_CommandBar_B_7":"a38cde6e-f2b3-4426-a645-5feb8c6d2173","lbl_CommandBar_B_7":"64f7fa01-f200-43d7-924d-ff514ab33884","img_CommandBar_B_8":"6332e0c0-e011-49e8-a1c9-10feacceb093","icn_CommandBar_B_8":"d6c7e013-7ff0-459a-b9ac-8b7f54914ac2","lbl_CommandBar_B_8":"7c6c4e32-3de1-4237-b7a1-a34de9d31571","lbl_CommandBar_B_Menu":"f6a3e0e9-b819-449c-ae29-624ebd1d4ed0","icn_CommandBar_B_Menu":"c4980b78-f3fb-4ace-9691-065e86edfd19","html_CommandBar_B_1":"09b2277d-2105-4729-8151-6c8a643cd60e","html_CommandBar_B_2":"2f5a1965-5b76-4e11-8fb4-58bcc76cbf6b","html_CommandBar_B_3":"09c16c7a-9816-4d5d-805a-51b59244cd9e","html_CommandBar_B_4":"02d60edc-0a83-4c0e-8427-3d7e81483802","html_CommandBar_B_5":"3767798e-6e7a-48f3-b5e3-4679f98ca865","html_CommandBar_B_6":"ccf2ea2a-af50-4a30-816b-ee676cec551f","html_CommandBar_B_7":"1d85c1a8-78fd-48b9-aab4-b62e7b870b72","html_CommandBar_B_8":"e086f26e-abb0-4cba-a833-4ad80443f714","PACo_HeaderSettingsMenu_A":"caf1f5e1-9a2b-4191-9268-7a27343ef4a8","html_HeaderSettingsMenu_A_Visualization":"abf2dfcc-022e-4eda-8816-c9454b1ffd2a","shp_HeaderSettingsMenu_A_Area_Visualization":"57788a8b-60dd-4931-935b-e8f91d7c203a","gall_HeaderSettingsMenu_A":"71558081-43ea-4b68-883c-bfaae53fac48","galleryTemplate1_2":"308f08e0-ff31-475b-913d-07be8667c652","shp_HeaderSettingsMenu_A_Gall":"7877ca86-dadf-4b70-8364-abbc239fee89","lbl_HeaderSettingsMenu_A_Gall":"118dddcd-60f1-4de4-b6ea-620c2c311319","icn_HeaderSettingsMenu_A_Gall":"7afa038c-0b3b-4d4f-8ed0-4961aacf1cb9","shp_HeaderSettingsMenu_A_Gall_Divider":"a3cd2ec7-0a33-4b0c-8a85-d94dc904404b","shp_HeaderSettingsMenu_A":"2d313cdd-670f-4f13-a0ed-872e2f3b33ad","PACo_Dialog_A":"b2c9f19e-68d1-449f-81df-afda70573d5c","cntr_Dialog_A":"5b35d892-d7f8-4c13-bb3e-3d91024625cc","html_Dialog_A_Visualization":"2028ff83-c7b5-4545-bd82-6c676f1fd0f7","shp_Dialog_A_Visualization":"1f11a45c-0726-4b38-b2ce-fc6a656543c5","shp_Dialog_A_Area":"9813aeb8-3beb-4a1c-b5fa-5244434d44d4","lbl_Dialog_A_Title":"6a5ce3bd-d37a-400b-807f-2878c33aaed0","lbl_Dialog_A_Message":"c11cb378-1758-4972-a50f-9a5900034b04","html_Dialog_A_Message":"0373c866-f0ef-4fbf-b507-6cfb427bc6a4","cntr_Dialog_A_Button_Last":"287a4753-cc1a-4356-b3a2-9ad5f87f67e8","shp_Dialog_A_Button_Last":"a877a22a-9b69-49bd-9477-619010cedf20","icn_Dialog_A_Button_Last":"99348426-f527-4966-acf6-8260ecff330e","img_Dialog_A_Button_Last":"235917c7-bd51-4ae4-a3c4-f70a8c6f94f4","lbl_Dialog_A_Button_Last":"db876fcb-81f0-4c07-a73f-b5ce5fe10c85","cntr_Dialog_A_Button_First":"e8828cc5-b60c-4524-8201-1ed2d0781984","shp_Dialog_A_Button_First":"430ff683-93e6-4213-82b5-288631f51318","icn_Dialog_A_Button_First":"6685a7fb-a1ce-40f5-a71c-f67b4326cba8","img_Dialog_A_Button_First":"8c7edac8-545d-4846-8a00-fda036410f30","lbl_Dialog_A_Button_First":"896348e1-21dd-48eb-903e-ae40d35b4739","html_Dialog_A_Button_First":"d85bb2b3-6ee7-4ec8-a7c2-473259a12249","html_Dialog_A_Button_Last":"73ef1a91-27ea-40f5-b5ad-007d49bd3ef8","PACo_Tabs_A":"a4a3ad9c-c434-4b65-b23d-4e8956e032ba","html_Tabs_A_Visualization":"a38980d0-5fdf-4499-afdc-8efd9c573392","shp_Tabs_A_Visualization":"11c24f10-2267-4e49-84c8-0d1bc8b04a1a","cntr_Tabs_A":"7256483b-d175-445b-b2a9-6f0e25e96ed4","lbl_Tabs_A_1":"bde6d676-7387-4efe-8890-755bf9034e68","icn_Tabs_A_1":"3bd4f7f6-4c46-42f7-8cc1-4e47bc772a73","lbl_Tabs_A_2":"5df8d863-e347-497a-9957-203c1d664dae","icn_Tabs_A_2":"27bd0793-fd01-4bb2-ae3e-3e4663f51bde","lbl_Tabs_A_3":"235e3a49-d898-4525-a5e5-814ce611980e","icn_Tabs_A_3":"0a799867-b450-4e80-b3fb-37baf3559398","lbl_Tabs_A_4":"41901f13-6516-47f5-b979-83bf14972aca","icn_Tabs_A_4":"6addf565-5b7b-4e45-9bfa-8b3d9692383c","lbl_Tabs_A_5":"1e693a94-0f46-4732-94d8-fb2ad90f22ea","icn_Tabs_A_5":"cbe51542-20a4-4cbd-97f3-fad50eeff9d7","lbl_Tabs_A_6":"d3dd7445-b690-41b0-9a03-bdfcadb25ebb","icn_Tabs_A_6":"b7069a4b-0375-4e16-a716-a6e532b5befb","lbl_Tabs_A_7":"371c4d2b-7475-4d25-8296-e4466635df98","icn_Tabs_A_7":"dee31bcf-54aa-4c8c-8937-813bf0f16c2d","lbl_Tabs_A_8":"5fbe3284-c89c-4193-894e-f5b422601586","icn_Tabs_A_8":"19c33f09-05c9-4abc-bc73-91ad8e6dd303","lbl_Tabs_A_Menu":"59e59921-5a22-4271-bf28-18f5a94a7638","icn_Tabs_A_Menu":"f0cef1c3-c43b-42fd-9ab2-b2619bcfc01b","shp_Tabs_A_1":"b6dc1c66-b1ba-4fa9-9552-daaf70bf6a1e","shp_Tabs_A_2":"29009a7c-20b5-413c-9bba-50f172ee6b31","shp_Tabs_A_3":"88d75d75-c726-481b-9499-c7379646da18","shp_Tabs_A_4":"2e2d547b-1c12-4dca-8314-db522a69f4e8","shp_Tabs_A_5":"50970c19-cb28-49a8-b16f-b1f740d50c32","shp_Tabs_A_6":"a0fefc78-b702-4f34-a9a9-60e9117457a8","shp_Tabs_A_7":"1783052d-3016-435b-8518-63e96b1e3c4c","shp_Tabs_A_8":"5e58fdf5-28d0-479a-9fb8-71498a0daadd","html_Tabs_A_1":"d584dba7-cb6a-4c48-bf35-b4fa63e086fc","html_Tabs_A_2":"a84fadc3-3d5f-41b5-8382-8af67296610d","html_Tabs_A_3":"91615b4e-1ae4-45d0-a803-f8c31ded0678","html_Tabs_A_4":"3a0d6c80-b6f3-4f39-a1be-1a315cd99683","html_Tabs_A_5":"97aef4be-4bba-47df-9316-d68d10292158","html_Tabs_A_6":"1cfced06-1a16-4f9f-ac6f-b715157bdfb1","html_Tabs_A_7":"cb8a8090-c2d8-49ff-b33b-6bd710d24aa1","html_Tabs_A_8":"579d60d5-9fd7-4df7-8aa8-39b47eac297d","PACo_HeaderLanguagesMenu_A":"629ea8ab-0b7c-403f-b6d4-c456d90b103d","html_HeaderLanguagesMenu_A_Visualization":"dec551d9-b654-4ca8-ab7d-0f5c58d931b5","shp_HeaderLanguagesMenu_A_Visualization":"2ba7de7a-946f-45f0-8ace-dc4b1ee6f7a8","gall_HeaderLanguagesMenu_A":"7ca40a9d-8509-49f8-ab2a-c1a1a1a6cb0b","galleryTemplate1_6":"b717910c-1622-486f-8990-baf646dbddd7","img_HeaderLanguagesMenu_A_Gall":"cb764cab-8ddb-4b80-a9b6-98003b5bf077","icn_HeaderLanguagesMenu_A_Gall":"ab05fd5a-87cc-4914-9323-cccdc16a7468","shp_HeaderLanguagesMenu_A_Gall_Divider":"a9b7b950-32e1-4c21-a01a-e378233ae028","PACo_Spinner_A":"7cb3200f-ae50-4c6c-b046-0e18e31ff455","img_Spinner_A":"4c7dcf88-bcc4-42e9-99dc-3afbd7993b35","lbl_Spinner_A":"954d6d89-5cff-4a15-9e95-4a36f658b6a8","PACo_ProgressIndicator_B":"60513776-bab3-4d2f-af56-58cda8d9e94b","html_ProgressIndicator_B_Visualization":"c5baa08a-576e-4516-932f-233d6dabefe9","shp_ProgressIndicator_B_Visualization":"3d73bdea-c135-4a07-b775-6fa4d92d155b","gall_ProgressIndicator_B":"e70053f8-aaa0-4807-991c-4519470a8603","galleryTemplate1_4":"67bd06a6-ea75-4e1b-9e02-8922dca43fd4","shp_ProgressIndicator_B_Gall_Circle1":"9f4a37f1-fab2-413c-a445-1ec637482dca","shp_ProgressIndicator_B_Gall_Circle2":"9df20649-57c9-4350-a873-3eca8b6b62c5","shp_ProgressIndicator_B_Gall_Circle3":"d974627b-6386-4188-975d-da1d6aadef50","shp_ProgressIndicator_B_Gall_Left":"828ed01a-cbc7-4f7d-9f3e-bdf06d5562fb","shp_ProgressIndicator_B_Gall_Right":"07c0010c-ebab-413d-b7b0-070e3314d6b8","lbl_ProgressIndicator_B_Gall":"d2309c73-03c1-4709-bba6-8d67df4b02b0","PACo_Button_A":"5f86bddb-19a6-45cc-9e80-6651c7b7a6d0","cntr_Button_A":"5afcaffb-1ab6-4c2b-8896-fb753a101142","shp_Button_A":"b3048c35-342a-4d71-93a2-92e16cb68368","icn_Button_A":"69ab14f3-7d1c-4abf-9122-7c2d45b5d877","img_Button_A":"51e05566-b75a-4793-920f-0accdabe78bf","lbl_Button_A":"b4cf3cf3-102e-40c6-a180-523412304304","html_Button_A":"e12cbd7c-a7b0-45de-a8b1-a50812369210","PACo_Tile_B":"5bf5a0b6-5105-46e8-8fb5-20b5189e8220","html_Tile_B_Visualization":"8975f047-1036-4ef2-b0b3-228fa948022f","shp_Tile_B_Visualization":"95240042-51e4-4704-a70b-ccc6bb62155b","lbl_Tile_B":"d30d0cd9-3bcc-4ac6-b086-a737ce41ebb9","icn_Tile_B":"fde50e80-5470-4fa9-b6f7-9fafc22337b4","PACo_Icon_A":"80c8b577-d118-4a8f-b48f-e9c303ae3462","html_Icon_A_Visualization":"7f483d7a-4693-4a7b-84ed-f9cbbbed1b39","shp_Icon_A_Visualization":"0ceddb70-cc72-4442-add6-1191e2fef14c","img_Icon_A":"ddc1ab34-761c-4e6a-9831-df0727e01539","icn_Icon_A":"476f1869-7264-49dd-a2d6-891f29434617","PACo_Visualization_A":"44183c40-20c6-41ca-ba9f-362950813962","html_Elevation_A":"45d206f2-1234-42c6-9845-e498ff840d2e","shp_Elevation_A":"ebac068d-7be5-47ff-b07a-c3ba9dae5efc","PACo_TabsMenu_A":"2fe30b2f-3825-43c3-8446-e8a0bab71237","html_TabsMenu_A_Visualization":"dde77146-b4b7-4cb8-89f4-2589acff1457","shp_TabsMenu_A_Visualization":"93c6471d-b649-4901-86cd-b52342b96c02","gall_TabsMenu_A":"e2ba2cae-1159-46a6-a4e0-d5c6ddce7171","galleryTemplate1_7":"8c2727a9-356a-449e-9c99-dd0f8029b57c","shp_TabsMenu_A":"a6cb64d7-a6f1-44e2-bb93-d2b4ad17ef46","icn_Tabs_A_Gall":"ca9f0fb1-3f42-4b6a-9bf6-4be43909fa89","lbl_TabsMenu_A_Gall":"ee5a788e-9748-40fb-9722-aca1e6a69ef1","shp_TabsMenu_A_Gall_Divider":"26fdbe4f-6b61-4ccd-8ff8-5eb768571504","PACo_Header_A":"1b5b8439-c1f8-4594-9372-5cc5f2810ebb","html_Header_A_Visualization":"97a2d813-7617-412f-a424-514c9c4267d5","lbl_Header_A":"6cb1fde2-a484-4059-b117-7b869b3c8e37","img_Header_A_Back":"88609df6-e177-4042-aea8-480645fd92fa","icn_Header_A_Back":"3d72a1c7-0a44-4aa4-8353-524990bef24a","img_Header_A_Nav":"ad9b7a10-4fd1-42b3-9d11-f76cddd09b30","icn_Header_A_Nav":"d0346b1f-a3a5-465d-8851-1aa423a76943","img_Header_A_Logo":"37c5d18d-59e2-4548-9424-a980d465344b","icn_Header_A_Logo":"6521cc4b-3f3f-4516-9620-df8dbf51f245","img_Header_A_LanguagesMenu":"f9e31e53-7cfa-47a6-b9e3-f8a5a87fd980","icn_Header_A_LanguagesMenu":"b3ac41a1-b45c-4818-a042-bb4dc173a2e4","img_Header_A_Help":"5adcb3be-2662-4028-a558-0392100c163d","icn_Header_A_Help":"9a1afffd-8477-464b-a511-17e6f30cd4d9","img_Header_A_SettingsMenu":"e7541879-c782-4d28-bcfb-ea7491d9f3e3","icn_Header_A_SettingsMenu":"59cdfa90-1b11-4e76-9009-a16b65a22814","shp_Header_A_Visualization":"4c7a4677-2b42-4ad8-977a-bce695d057d9","PACo_DetailsList_A":"c60335b8-b19a-4517-a30b-fa868993c49e","html_DetailsList_A_Visualization":"675bf6e5-02d1-477d-b219-48214e32f569","shp_DetailsList_A_Visualization":"0cf49961-cf5c-4748-a483-0d49ed1d77ba","cntr_DetailsList_A_Main":"04418339-6069-463f-a55e-e81fc7e8d0c2","cntr_DetailsList_A":"aeedb4fd-c96b-473c-921c-cd31a8a21f38","lbl_DetailsList_A_Header_1":"cabce29b-18cd-440b-ade4-8bc310281ca2","icn_DetailsList_A_Header_1":"1b281891-3fdb-4c57-87ce-a88b87665193","cb_DetailsList_A_Header":"e8d9377e-0473-45ae-b088-a881b0451b43","icn_DetailsList_A_Header_Sorting":"2f4afcf8-e321-4caf-b04c-36c2c3773589","lbl_DetailsList_A_Header_2":"1cda9b4c-b289-4b12-96ba-75c6f862a24b","icn_DetailsList_A_Header_2":"3edac8b5-01a2-4654-b572-1c5bcecc1305","lbl_DetailsList_A_Header_3":"4ffd7ea0-098d-4fef-b52d-be23b6e2f909","icn_DetailsList_A_Header_3":"4cb84c4c-ae4d-4e55-b990-1afae24f6fe2","lbl_DetailsList_A_Header_4":"49c1f321-0b6c-4db4-af03-3de694803112","icn_DetailsList_A_Header_4":"7de2e706-0c2f-4064-887f-5fcc747ce830","lbl_DetailsList_A_Header_5":"2e626075-0db9-439d-ab1a-7e03a8bfcca3","icn_DetailsList_A_Header_5":"f750ef23-74a0-4d4a-959f-084fd9f3868b","lbl_DetailsList_A_Header_6":"3459ad66-65ae-43bf-9c47-3ca724f4bbb1","icn_DetailsList_A_Header_6":"78a17ec9-f5e2-4af8-8cbb-dbd9d6a1b938","lbl_DetailsList_A_Header_7":"9196b1da-6126-43d4-96cc-a875ae4f198a","icn_DetailsList_A_Header_7":"c66aef52-6ea0-4fb0-9e58-29553648e740","lbl_DetailsList_A_Header_8":"0688d30a-7951-474a-8b42-cf9b5410432f","icn_DetailsList_A_Header_8":"6998e5e8-e32c-499d-ac23-22a87992265c","lbl_DetailsList_A_Header_9":"4524ca3d-4149-4fd6-8fca-36dcb5318422","icn_DetailsList_A_Header_9":"52bf701b-71d0-436e-b5a0-327952a6bad3","lbl_DetailsList_A_Header_10":"4cde1638-7f9d-42fb-a248-dc76a4d8faff","icn_DetailsList_A_Header_10":"0bc6fa62-88b0-41f7-a610-fa3bfe389e4c","lbl_DetailsList_A_Header_11":"0daba130-459f-486a-84ee-3ee9b7ea85f5","icn_DetailsList_A_Header_11":"ddbfc548-b862-4481-b630-0f0aa857b0b2","lbl_DetailsList_A_Header_12":"1241f7cb-f260-4913-8a8b-025598af7bee","icn_DetailsList_A_Header_12":"f10bf554-b11e-49fd-9198-00aa7e59aa53","lbl_DetailsList_A_Header_13":"5d23d019-1a51-4c4d-9afe-20702cc36dd8","icn_DetailsList_A_Header_13":"c6b8f215-a84b-4a40-aa6b-4d822c6bc9cd","lbl_DetailsList_A_Header_14":"7427d066-b915-43d6-ad1c-e5a5abf37da6","icn_DetailsList_A_Header_14":"71bd45db-b31d-47d7-b80e-3284c930728e","lbl_DetailsList_A_Header_15":"dc7a63fb-d4cb-46b0-b5f6-62acc469a268","icn_DetailsList_A_Header_15":"817299e5-05c5-4f8b-a438-1674fb3f3cc6","lbl_DetailsList_A_Header_16":"da660b52-c66d-432e-ad6d-9d31c51f4780","icn_DetailsList_A_Header_16":"36f2b052-ed56-46ab-9e4f-e36459c38d8c","lbl_DetailsList_A_Header_17":"44a27217-e28d-4144-a46e-5743be05030b","icn_DetailsList_A_Header_17":"b87366b6-e4c2-4f35-ae55-3b475ab8b6fe","lbl_DetailsList_A_Header_18":"9d50f7d7-e901-4e26-abc3-05a2525763ec","icn_DetailsList_A_Header_18":"408329ab-310a-4eef-a7cd-a67d83203900","lbl_DetailsList_A_Header_19":"a9d23f2a-3b1c-4e93-a1f5-bf5f76f30163","icn_DetailsList_A_Header_19":"829d984c-94eb-4aab-99f7-63adbba288e2","lbl_DetailsList_A_Header_20":"5d200a5f-fbae-4149-bacf-e4192ebf5322","icn_DetailsList_A_Header_20":"0b1f1ac4-feba-4a7d-806a-1b55253bfe35","gall_DetailsList_A":"7f5cb7ae-6d2a-4864-b03e-f0c0c84a95d3","galleryTemplate2_3":"d9e915d8-ef52-4e72-9821-4b0e6da30180","lbl_DetailsList_A_Gall_1":"4c80a142-93ef-49e7-8e98-5b52520f43ad","cb_DetailsList_A_Gall":"728d70a0-5349-4e78-91d0-23b89a7d0262","lbl_DetailsList_A_Gall_2":"224c3c3e-bf15-42b3-8888-d2d490a4b99a","lbl_DetailsList_A_Gall_3":"2b642175-07b4-448a-93b3-889097e40adc","lbl_DetailsList_A_Gall_4":"5b772c74-bda4-4e35-873d-254e06334eb7","lbl_DetailsList_A_Gall_5":"7bd20818-3c54-49fc-8d7e-eebb3b2094bc","lbl_DetailsList_A_Gall_6":"c70885fa-e832-4501-99d8-722050fd6651","lbl_DetailsList_A_Gall_7":"6cf42a94-341e-4319-9aea-6026ac510326","lbl_DetailsList_A_Gall_8":"db1847d8-4224-4c41-adbc-94ff7d0a4fcb","lbl_DetailsList_A_Gall_9":"7be03455-8497-4c5f-b99d-ac41ad42757a","lbl_DetailsList_A_Gall_10":"582a222b-041d-4544-91a0-c9dc2885bae5","lbl_DetailsList_A_Gall_11":"6a0e3781-dc87-4f6b-b2ce-b9026f4046cc","lbl_DetailsList_A_Gall_12":"e07608c8-7709-4048-8c6b-765e5bcd1883","lbl_DetailsList_A_Gall_13":"c84378e9-2070-4f64-9746-58bea4a43092","lbl_DetailsList_A_Gall_14":"1a643b4f-bda1-4539-bee3-a9141e7aa746","lbl_DetailsList_A_Gall_15":"7756e511-869a-4afe-a5cc-f46eacbe99d6","lbl_DetailsList_A_Gall_16":"a20beda6-6d7b-441d-90a3-4f04ba8863fc","lbl_DetailsList_A_Gall_17":"17e7d512-2635-44f4-8d00-adf90a5715ab","lbl_DetailsList_A_Gall_18":"fb595804-cab1-4879-a756-b856a670d614","lbl_DetailsList_A_Gall_19":"dbe858a8-9d84-44eb-a98e-c00135311789","lbl_DetailsList_A_Gall_20":"9236309a-c66a-473b-acdb-665ea4ca043a","shp_DetailsList_A_Gall_Divider":"fda352d4-e0d6-4990-a078-8a80ecb91338","PACo_SearchBox_A":"3273aaca-5a12-479d-a7c9-6d4378cffc8b","html_SearchBox_A_Visualization":"64c86208-ba86-42d1-b2e6-e22558199c1c","shp_SearchBox_A_Visualization":"2e6b3849-436e-4cf0-88e6-058b2f040efb","ti_SearchBox_A":"5e47bc93-8781-40a1-9a22-4936b1c3c7e7","img_SearchBox_A_Search":"d912ede5-5b5e-4003-83eb-cbc1c9c8e3ac","Restart Screen":"5ab334ea-cc80-4fe1-9bc4-25578e462d8a","cmp_Restart_Button":"708b8822-29f6-4313-9c2b-70bb51ae36d0","Home Screen":"515f79de-c3e1-4847-99ce-9d12e1fa7834","cntr_Home_Main":"ca567068-8781-4bfc-963a-0f9d0794a7f3","cmp_Home_Header":"0a0ad075-ed2e-4735-b381-07fcd49fe03f","cmp_Home_Panel":"e80adf5f-b211-4332-9fe8-ac1ae66c8dd9","cmp_Home_Dialog":"0f0328ce-065f-4c5e-a133-067dc8e5315b","cmp_Home_Spinner":"70edcb66-f52c-4ed7-a027-4be6937a3277","cmp_Home_HeaderLanguagesMenu":"75e35854-3b1f-4799-82db-16e82c2b4029","cmp_Home_Nav":"d4cc5343-34af-41b7-bd7c-46b80e3c9684","cmp_Home_HeaderSettingsMenu":"0e13be83-0976-4e96-94a3-e55ed5b052a8","cmp_Home_CommandBar":"4aadee6b-1704-425d-b8d3-11d07d997e00","cmp_Home_Form_Main":"6c388f97-4487-47dc-9fe9-e6e0243e3ac0","cmp_Home_Form":"7dd843a3-fa81-4176-97eb-d491f05f38e2","cmp_Home_Form_ProgressIndicator":"081466c5-5d5b-4772-9ec3-8fa1632a7049","cmp_Home_Form_Tabs":"4ab4a992-5cfd-439f-a42e-b5eca0372684","cmp_Home_Form_TabsMenu":"3adeef77-17cd-40d8-ab78-927fb3328d11","cmp_Home_Form_Form":"718be643-f0a6-47cc-9c15-3612acc86166","cmp_Home_Form_Files":"82289794-d916-4351-8a15-bbff9037f6aa","cmp_Home_Form_Actions":"5127a781-cf11-44ac-8fa5-e7c941cab2b4","cmp_Home_Form_Other":"a97af843-4e1f-4478-8a4f-942eb315728e","cntr_Home_Form_Form":"552f3b6b-8e58-4af3-b588-19824eea5fe2","lbl_Home_Form_Form":"bc521d11-eff2-4740-8a47-0f8c70688fe9","cmp_Home_Form_Form_Back":"f21cabcd-43d6-49d4-acfa-a3622548913a","lbl_Home_Form_Form_Mode":"aedea5a3-63ac-4ba3-859e-91e89054d4bf","cntr_Home_Form_Files":"c5b111a2-24d0-4d2b-ac08-79e54a94be8b","lbl_Home_Form_Files":"16d9d2ff-cf35-46ce-bd36-8bee9d5304ba","cmp_Home_Form_Form_Files":"4cc45285-cc6e-4f43-b25f-5e4204b30445","cntr_Home_Form_Actions":"5d364cc8-cd92-4535-8a5b-53bcbbdad6aa","lbl_Home_Form_Actions":"34c0c32c-0300-432e-b296-c64017079368","cmp_Home_Form_Form_Actions":"9688a416-462c-4d41-80a1-2ce1e4298908","cntr_Home_Form_Other":"8da88578-e861-45d8-a8d4-12ac1a079517","lbl_Home_Form_Other":"7c027a93-a44f-4954-bce6-bc253e15fc22","cmp_Home_Form_Form_Other":"3ef970bf-74be-48d5-94e8-5667aa1d8350","cmp_Home_CommandBarMenu":"378a88e8-7019-438a-ba4a-f3f636bfe160","cmp_Home_SearchBox_Icon":"6a3f0cbc-3350-4edb-9e1e-3c181909a612","cmp_Home_SearchBox":"3193b281-515d-4e6d-8f0b-9ed81c902ead","cntr_Home_Filter_ItemType":"045b42ff-9434-43f1-ae07-64feb903a7d5","cmp_Home_Filter_ItemType_Visualization":"4f475a21-8ed2-4b76-a26e-c8f193d711c3","dd_Home_Filter_ItemType":"c4b60d39-e64c-421d-8306-a211844f5efb","cmp_Home_RecordsSelected":"b44d8b1c-11a9-4d8e-b768-8c1b82b38659","cmp_Home_DetailsList_Small":"95d0c62c-2d84-4462-bbf6-c4c3f296e9e8","cmp_Home_DetailsList":"13306b90-293f-48c5-af72-2078437dcfab","lbl_Second_NoRecords":"c462e233-185d-442a-b4fa-74171c99f73e","btn_Home":"cedeffd7-35a4-46ae-af66-03d95d71ff36","btn_Start":"b8b2e67f-77f8-4924-8c0a-83b7fc279875","Redirect Screen":"af2fd87c-bb81-4f71-ab31-0723364ce99a","cntr_Redirect_Main":"11960708-67ef-4809-bab9-6238db1e5d90","cmp_Redirect_Spinner":"6ffa3ca0-1ef8-4b6d-bfea-b9297153f483","btn_Redirect":"14e3329b-6031-4fe9-83d1-7caf4b4e6daa","Color Screen":"c9407e9b-69b5-49e5-b7fd-89cb9b148f2a","cntr_Color":"66af3789-9c4f-4465-a431-ea84082ebff2","shp_Color_themePrimary":"6d02475e-1ca9-4826-b6d5-67bfe259dac9","lbl_Color_themePrimary_1":"db69c9df-b393-4686-ba81-de895b9c3bcb","shp_Color_themeLighterAlt":"35c09b25-187f-4b65-828c-6a4be91ccf9c","lbl_Color_themeLighterAlt_1":"dcf9ac89-b53f-401e-9a1f-bc94bda10f0b","shp_Color_themeLighter":"135481ca-162c-465a-98bd-6e2a225fbb56","lbl_Color_themeLighter_1":"107f32c5-e7e8-4e78-962d-9e4faa978e99","shp_Color_themeLight":"dc5e2939-cd1d-4bee-9111-84c861860e88","lbl_Color_themeLight_1":"89e079c7-aa86-49c7-8632-b7cb521ba65e","shp_Color_themeTertiary":"14c1c31b-125d-4fa0-b9b1-10462140e3c8","lbl_Color_themeTertiary_1":"1a735271-c48a-4a87-9b6f-b9689aaa415e","shp_Color_themeSecondary":"f12f2f9c-4a38-4c71-a613-9c7ff29c5b46","lbl_Color_themeSecondary_1":"ba092192-acd9-48bd-85d3-42a3655c1fb3","shp_Color_themeDarkAlt":"50cd2701-a75a-4cc6-8397-dd0ba9bdc5e9","lbl_Color_themeDarkAlt_1":"b5538bcb-8578-4253-b037-8733dbfd0ea4","lbl_Color_themePrimary_2":"34499de3-01e4-41f0-a157-c6babc8e2b71","lbl_Color_themeLighterAlt_2":"235f6757-202d-47ee-aefa-df95683480cd","lbl_Color_themeLighter_2":"6036213b-e6c8-4cca-a31e-5ac745dc3e42","lbl_Color_themeLight_2":"88a2528b-2cb1-4b46-8fc6-d68907142efb","lbl_Color_themeTertiary_2":"0c74eb6c-903a-4fbd-81c0-763b769880eb","lbl_Color_themeSecondary_2":"307bc12e-ee34-4359-81e6-03ff7d80e971","lbl_Color_themeDarkAlt_2":"a53f777c-4c28-44e7-bb9f-9cf82e7a185d","shp_Color_themeDark":"ae5ac01b-b8a5-4e79-ac5b-cd298faf6a01","lbl_Color_themeDark_1":"5d3431c4-5509-47f1-9cf3-92d10a973a13","shp_Color_themeDarker":"57b88ebf-4c3e-44aa-99fa-0ea8d7c64518","lbl_Color_themeDarker_1":"5d5f3819-11c0-4123-b423-b1e66688aad0","shp_Color_neutralLighterAlt":"d32cb487-1761-4911-9dc4-702a8182c549","lbl_Color_neutralLighterAlt_1":"b9729dd5-fa28-4742-af9d-92fdd909368d","shp_Color_neutralLighter":"b27f7da2-dcbb-4b3e-b094-52cc09931a14","lbl_Color_neutralLighter_1":"731bb67f-00cc-4339-9907-d64953754c5d","shp_Color_neutralLight":"244964a6-34db-4e91-ae58-42da06b37e22","lbl_Color_neutralLight_1":"da4b4d8d-a7c2-41c4-a0f2-3efe96d30197","shp_Color_neutralQuaternaryAlt":"24b02092-fe82-4fb4-bce1-3bf4b43b22fd","lbl_Color_neutralQuaternaryAlt_1":"512e9eea-12f0-476c-b7ef-299edebc12fd","shp_Color_neutralQuaternary":"432037ff-d28b-4d55-bcfc-15c8f4814f42","lbl_Color_neutralQuaternary_1":"c6df17a6-d591-450b-b573-49eb6a8adca1","lbl_Color_themeDark_2":"c39e4f66-a5be-4e68-99f3-3de419e909e1","lbl_Color_themeDarker_2":"7ad74a61-6b34-4431-8f49-4b82854fde7d","lbl_Color_neutralLighterAlt_2":"356f3758-dbda-46ec-bb8a-bc5d3bf8e364","lbl_Color_neutralLighter_2":"d217ff08-5f1f-4856-b0a8-b625fc85b0c9","lbl_Color_neutralLight_2":"dd88a391-119e-41df-a8c9-1c827348eb2f","lbl_Color_neutralQuaternaryAlt_2":"fa600c21-ef1d-4904-9c33-5f668dc2f820","lbl_Color_neutralQuaternary_2":"71ee40cb-027b-4623-a68d-efb58c7d81c8","shp_Color_neutralTertiaryAlt":"f4789954-9059-4401-ab21-4328bb74d3aa","lbl_Color_neutralTertiaryAlt_1":"36e81833-859f-4d6e-96c6-55eebfe71121","shp_Color_neutralTertiary":"8dc40914-fff9-48fe-8839-fb336c5d3640","lbl_Color_neutralTertiary_1":"636336ea-efb7-4c5a-9053-6f90f4ec458f","shp_Color_neutralSecondary":"aaeda2c7-cfe0-4c2c-be91-0fdc7453cb1d","lbl_Color_neutralSecondary_1":"43a092b0-9a20-46ce-b80e-59f3edc1e8e8","shp_Color_neutralSecondaryAlt":"c9cf7cf9-bbc0-4465-be8c-1e4c47d2cd28","lbl_Color_neutralSecondaryAlt_1":"d33d9f5b-31ee-4440-90a7-a550ac6443e3","shp_Color_neutralPrimaryAlt":"9649bd53-8a72-46cb-b9c3-0fc90f1e9e03","lbl_Color_neutralPrimaryAlt_1":"b56d4130-5a0d-415c-9218-e81ffb873c0b","shp_Color_neutralPrimary":"b72091c6-74f3-4e45-a457-aa1c6033e4dc","lbl_Color_neutralPrimary_1":"9d80c312-cfe8-4d68-8ec6-6cccf32e1153","shp_Color_neutralDark":"88c5721b-5495-4296-81cf-f54a757e1b56","lbl_Color_neutralDark_1":"7c6559a9-e6cc-46a0-8eeb-936dac75f42b","lbl_Color_neutralTertiaryAlt_2":"39c78f97-ade6-4fa0-b950-47ac92c957a0","lbl_Color_neutralTertiary_2":"cbeb0af3-af63-4408-a05b-c20880411661","lbl_Color_neutralSecondary_2":"38a27327-4316-4722-a755-0e6663f7a1e2","lbl_Color_neutralSecondaryAlt_2":"7ddd0240-baee-43e1-bd20-64fe858acf31","lbl_Color_neutralPrimaryAlt_2":"c50ed182-ed23-47a5-b1a9-cd27f843c066","lbl_Color_neutralPrimary_2":"1f557cda-7515-41f5-979c-208077a5a3b1","lbl_Color_neutralDark_2":"bf4e7d1d-58c3-4010-8773-391fca98a8de","shp_Color_Black":"aafc693a-ece3-4bab-9b02-38a71a7a40a5","lbl_Color_Black_1":"b8954d7a-5b84-4d17-982f-50d0ab8be84b","shp_Color_White":"be627723-526f-4a4c-8199-70dc0e075b12","lbl_Color_White_1":"d0599ac3-a6ee-414a-af11-4ba930b50feb","lbl_Color_Black_2":"80508dc9-1248-4133-a1f8-45e65b3aac6f","lbl_Color_White_2":"eba513d7-56e8-4d90-90ef-bbdaa2e3bfc3","Third Screen":"956972d0-6b55-4896-8b8b-22c34598aab5","cntr_Third_Main":"0a5ba18b-1255-4fc3-8f52-4ee50ac34105","cmp_Third_Header":"8d4a3d13-348a-4906-b33e-4e37109c37ec","cmp_Third_Spinner":"e9063954-f64c-47ec-9eb0-634d0a00bf7d","cmp_Third_Nav":"77253add-2f10-4708-b64e-499301e55890","cmp_Third_Visualization":"41c0e4d4-058c-4c97-b85f-1eca3ce5f410","cmp_Third_Button_MessageCenter_Maintenance":"7c2b8f27-9105-4867-aafe-f01342dbdb89","cmp_Third_Button_MessageCenter_TimeOut":"e9ab4f74-eb16-44e4-979e-5d55111295fd","cmp_Third_Button_MessageCenter_Error":"53caf96a-638e-4e0d-9c54-f3da3cdefcd0","btn_Third":"d7b5d7fc-0513-4719-961f-c67809fb75c6","Second Screen":"8c6a563b-a4a8-4953-a66b-89ecc83d3cca","cntr_Second_Main":"df5e0b87-7528-4100-bc05-e684c2c45b9c","cmp_Second_Header":"b1ff56a7-f1ae-4201-a7e7-7cfa0c04078a","cmp_Second_Spinner":"034f1812-46f4-4c17-ae44-2027c7fc68d2","cmp_Second_Nav":"651478dd-ad6a-440f-b0a7-09bbd77ec3a0","cmp_Second_Visualization":"7c7bfbfa-2615-4f96-ba82-efb0b8fdf648","btn_Second":"b679f790-6b79-4ff5-97d4-9a9f7994058d","Fourth Screen":"5574df7a-9d2c-4894-b1d3-87e14047827c","cntr_Fourth_Main":"f2a2c4c2-6539-4db0-807f-53f213f72ee5","cmp_Fourth_Header":"b7cc8615-342f-4b2b-8dd5-4a2bf3f4ac73","cmp_Fourth_Spinner":"42f18125-2c3a-4bf1-80c8-c7bdfdbd5a15","cmp_Fourth_Nav":"2be1be8b-adb9-4e4b-953c-923c8ebb1182","cmp_Fourth_Visualization":"65e535bc-5ee8-4f09-878f-b2500602b2ee","btn_Fourth":"23f3fe10-041f-49e2-9cff-7b0fe1743c8f","Fifth Screen":"981f5f0c-776e-464b-b22e-558955edd0f6","cntr_Fifth_Main":"93b59fcc-4e0d-46fe-9c15-b2881d80f2bb","cmp_Fifth_Header":"50536357-f414-4071-9dbe-f0b20a8ac89d","cmp_Fifth_Spinner":"e49b7d7f-ac19-4cb9-852c-437b94b570fc","cmp_Fifth_Nav":"6be3fa25-3ec2-4767-9387-9d3d94c5ce61","cmp_Fifth_Visualization":"837d7864-30c4-4808-8f74-d427c8e4b12c","btn_Fifth":"4cb6a821-98e5-4776-ae14-a4ad585d83a9","Themes Screen":"a476b432-5c81-4d84-869e-a8626e83a0a7","cntr_Themes_Main":"0a4f0be8-064c-4eab-a9d4-86b600a03de0","cmp_Themes_Header":"a912fa5d-7660-49d6-9c46-2147aee1a7cd","cmp_Themes_Spinner":"7ce21a77-7db5-45bb-adbf-01f7474bd7b0","cmp_Themes_Visualization":"b0a465e0-27ab-4689-bff8-0131fc5941d1","cmp_Themes_Button_Default":"4bfa2970-9769-4704-8f96-ac0803549e0d","cmp_Themes_Button_Dark":"98ef3f77-c0cb-4a1e-abba-11ef0919b5c0","cmp_Themes_Button_HighContrast":"e0a8e953-a8c9-4ef8-86d0-9ce960861abd","btn_Themes":"959ba846-90e8-4828-859d-d87fb3f523ad","btn_Themes_All":"852a9108-eea4-4dbf-8f50-5a6bb8bd4008","Message Center Screen":"eeed55a1-92a3-435b-9b14-eaae805a2c09","cntr_MessageCenter_Main":"d01df911-644a-4313-8582-073a87466ba1","cmp_MessageCenter_Header":"0cf24531-23cf-4834-b3c4-cd7fd56de4d6","cmp_MessageCenter_Dialog":"2e4d687c-8056-4d3f-b70f-75cd823ee343","cmp_MessageCenter_Spinner":"75864831-e1fa-424a-bd20-432abea6cdd5","btn_MessageCenter":"d84d77a0-74ea-40c6-abe0-2bc1e8fc9e63","Controls Screen":"75a719a3-ddd4-4b57-9eb7-6903091efd7e","lbl_Controls_ti":"deba93bc-a058-4b4f-9aff-b148c401770c","ti_Controls":"9ac9084e-65d6-478a-9f4b-37729b8ae806","ti_Controls_Diabled":"de01eb05-23e8-4e2b-81f4-61ec3b98ad02","lbl_Controls_dd":"53d94c1e-a042-41f0-9621-44b0ac8610b4","dd_Controls":"d12f5909-b3da-443a-b00e-b19d4a7482df","dd_Controls_Diabled":"9a0877a8-4123-4f3d-839a-6e00bfa955b1","lbl_Controls_dp":"54e58340-9dd9-4173-b4e9-3a61ba4d6d9b","dp_Controls":"345292a7-ec77-431e-a798-1e6ac86cd7f3","dp_Controls_Diabled":"1f72cf04-dcad-4aad-b959-af5cae4eb19d","lbl_Controls_cb":"64d50066-5aaf-4aff-8a3f-75d99f142551","cb_Contols":"399e8418-728b-474f-8617-75fb41e90273","cb_Contols_Diabled":"a251fd33-92d9-4ac2-8e49-c8a04e803900","lbl_Controls_btn":"5ff0f29e-e8a6-467f-9c7a-79d0fd6020cd","btn_Control_Primary":"107e89da-5131-46eb-9e28-2005d03f7d93","btn_Control_Secondary":"3db00599-4fe0-4307-a675-7c4f56c41bdf","btn_Control_Primary_Diabled":"0dcfe7da-0c19-43ce-be53-71374b85b9a4","btn_Control_Secondary_Diabled":"916eb60c-bfaa-47d6-8d04-523123a46719","lbl_Controls_icn":"6a464fcb-176b-4f04-9cd1-5a6a49f0de39","icn_Control":"3efc16ab-ebb3-4df6-9675-5b8e9821746e","icn_Control_Diabled":"3be0faa2-615c-4ec7-8b09-ba20b7b5dd4e","lbl_Controls_Disabled":"57a862a3-bcdd-4752-97d5-5326e903dfa2"}