{"__Version":"0.1","App":"3e380cd4-72c5-4766-8b98-029373d78489","Test_7F478737223C4B69":"57b4174b-756c-412f-aceb-42c4f8f86828","Host":"73047853-2d9f-4f88-b2f1-dd8bc8fb2052","PACo_Panel_A":"87f6da92-b093-4cde-a262-958eddd15972","html_Panel_A":"26f4ba82-2f76-40fb-9b18-60b3d542bc5f","shp_Panel_A_Area":"0cd06956-761b-435d-b563-ce5eeb62bac1","html_Panel_A_CommandBar_Visualization":"6266e650-1e7c-41e0-b1da-539f66f19fe4","shp_Panel_A":"6c8e40f2-c0f0-403d-aac9-44fcd923ac95","shp_Panel_A_CommandBar_Visualization":"9d7fc4c1-2701-4637-bc9e-af0440b02a10","cntr_Panel_A_CommandBar":"4e19b8e0-ad2d-4fe4-9352-efd30a791ebf","img_Panel_A_CommandBar_1":"1735d1ec-4bbb-4e04-a95d-6af01de280b7","icn_Panel_A_CommandBar_1":"b53980cc-cf2d-46bb-aad1-f0bb48d5ddac","lbl_Panel_A_CommandBar_1":"99609b8e-9c2e-4377-8bb5-22fc6a5a5359","img_Panel_A_CommandBar_2":"6817f557-2cba-4f97-a7f1-3ed96fec01b7","icn_Panel_A_CommandBar_2":"aee9e1d4-c3a0-467b-8cb0-d652241508c6","lbl_Panel_A_CommandBar_2":"1ef701d2-5c07-4c10-a353-4e7b4b1a8c36","gall_Panel_A":"0414c5bb-a070-456a-b7ec-a9d082ee03ae","galleryTemplate2":"b701e2a7-7e7b-4c78-b987-26915bfe9f0e","lbl_Panel_A_Gall_Label":"714f1767-84b0-4b00-9ae2-602bee48c722","lbl_Panel_A_Gall_Text":"5b3545ee-0afa-4acd-802d-fabf7f22072e","cntr_Panel_A_Button":"f442396e-994a-4535-8cf6-1f8be4e1999b","btn_Panel_A_Button":"4aa3a3cc-5a32-4283-ba62-9a0b87a4fcc8","icn_Panel_A_Button":"f97d91ac-12a8-4a52-8cdd-2bdf56d9c6b5","img_Panel_A_Button":"c2d0da1f-8749-46ae-bdb5-2b7d9047fc94","lbl_Panel_A_Button":"81163b1d-51f6-4f82-a690-3acc73dfa02a","html_Panel_A_Button":"de529562-41af-4ee8-9cd7-2a10f0b8d134","html_Panel_A_CommandBar_1":"19476133-3fa2-44d0-9895-4fe7529ff851","html_Panel_A_CommandBar_2":"cd6cd0b8-974f-4449-b15e-04642745fb37","PACo_CommandBarMenu_A":"753260d2-d0af-4efe-a3d4-328def2b31e0","html_CommandBarMenu_A_Visualization":"14954545-3cb3-4aa3-9a26-8539bc5b5c89","shp_CommandBarMenu_A_Visualization":"416f6792-5790-4be2-a5b0-85e12372a663","gall_CommandBarMenu_A":"52b0fb5a-be04-4277-866b-ce7f7a5c8594","galleryTemplate1":"d27dd7ae-3175-430c-9f5d-33c6fde7da8f","img_CommandBarMenu_A_Gall":"be96cd1f-e605-42ff-ad6c-7319177ed472","icn_CommandBarMenu_A_Gall":"2374ebc1-64ba-4aeb-aaa9-203ba5b3b9a4","lbl_CommandBarMenu_A_Gall":"10f839f4-1307-46ef-a657-3d88ed39f3c6","shp_CommandBarMenu_A_Gall_Divider":"5a2ef9c3-e19b-44f0-b314-2c33dba157ed","PACo_DetailsList_C":"426c8df3-9ddd-41e6-90b0-e19084c0150e","html_DetailsList_C_Visualization":"e777760b-ccad-45e7-9ae0-df297a0ad507","shp_DetailsList_C_Visualization":"967940dd-d216-4be0-a403-d21124463a32","gall_DetailsList_C":"c4b49c8d-dfcc-40ce-b9c0-75362d23d75a","galleryTemplate4":"4abd3020-c0d8-4fe3-ba43-55faf76152bd","shp_DetailsList_C_Gall":"6abe9a8a-6b74-4d08-b5f7-f234058d99e8","cb_DetailsList_C_Gall":"74f67b3b-5590-4526-9caf-eb822e4c9f8d","lbl_DetailsList_C_Gall_Title":"8d2ce759-97dc-4b12-867d-85c2ffb3df97","lbl_DetailsList_C_Gall_Subtitle":"8d857700-1992-45d3-97a7-60e6ccb01c0a","lbl_DetailsList_C_Gall_Body":"4d1eacaa-a241-4be9-8bdd-06aa88ec51ea","shp_DetailList_C_Gall_Divider":"67930c08-0de8-4600-891a-ab51e4712453","PACo_Nav_B":"64945a39-d076-4aeb-b5a4-e280c3ab51f9","html_Nav_B_Visualization":"76c61612-ffdd-4a2a-816d-9eea61001079","shp_Nav_B_Visualization":"549969dd-1ebd-4379-865c-2074ecb6706c","gall_Nav_B":"727596c6-1039-4044-860e-d93e4a192d6c","galleryTemplate1_3":"c64345e2-1399-4af4-96e1-f5681834dc48","shp_Nav_B_Gall":"7cc87774-5fb4-4eb8-b0a1-618aa874b193","img_Nav_B_Gall":"70c704a8-d656-4a00-b09b-215bff4e8cce","lbl_Nav_B_Gall":"a3315b47-f39e-4ff1-8580-f2c1d9ea3f63","icn_Nav_B_Gall":"97bae683-0aee-49c5-99ef-e64a3512003b","shp_Nav_B_Gall_Divider":"963f1ec0-9962-4409-b946-06662ea85b62","PACo_CommandBar_B":"65cd6e4c-f645-4ce4-ab58-d2e3e39c350f","html_CommandBar_B_Visualization":"62b4fbc7-aa16-491d-ac7e-aa21b3274368","shp_CommandBar_B_Visualization":"270cd24b-056e-43aa-8bbd-287b66d061bb","cntr_CommandBar_B":"b2286cf8-1c2e-4fec-9ace-555ffd8c9636","img_CommandBar_B_1":"5b96a3a8-12b3-4d78-b80c-81d296a1b7bc","icn_CommandBar_B_1":"9b00d606-1be4-4636-85cb-65c6d2a59400","lbl_CommandBar_B_1":"63e4dc2f-6788-4e8c-a208-bb87ae387d8b","img_CommandBar_B_2":"ec7474e7-680a-44b8-9764-4ce795732454","lbl_CommandBar_B_2":"233cdc47-129d-42eb-a01b-f909574035c7","icn_CommandBar_B_2":"fb4aec8c-d7b2-41dd-80f4-6bc31ecfc51d","img_CommandBar_B_3":"1e62e378-15a8-4972-8fd1-bd4a96d52a89","lbl_CommandBar_B_3":"138994ed-0766-4211-bcd6-573db57cdce7","icn_CommandBar_B_3":"7f3756aa-f563-4482-b93f-17a479248fb8","img_CommandBar_B_4":"5b5d5469-f423-4adb-bf1c-9ecd7cb1826d","icn_CommandBar_B_4":"be6aeed4-2838-47f3-aaf7-038abd724ad3","lbl_CommandBar_B_4":"94e34e85-f5b8-42b9-ab2d-f70be848dd03","img_CommandBar_B_5":"c9013890-a851-466c-938a-30146d1fb497","lbl_CommandBar_B_5":"e24813bb-7acd-4eb2-8dad-ac77317680bf","icn_CommandBar_B_5":"9467b764-284e-4618-a76b-f8cefa986e4c","img_CommandBar_B_6":"f0023ce2-19aa-4adb-b31d-005adb7794ac","lbl_CommandBar_B_6":"1c8e930e-a1d9-4a5c-b439-46acd56be53e","icn_CommandBar_B_6":"47b860ad-7a38-43ee-a520-c94b87a3878d","img_CommandBar_B_7":"b1e6d014-83e2-4711-a074-55497b2e9a33","lbl_CommandBar_B_7":"a2ca0ae0-7d2b-41a3-91f2-09c4b1a6f105","icn_CommandBar_B_7":"26efcfb6-b167-4de7-b7c5-5caab30f4f22","img_CommandBar_B_8":"0fb96c07-11ed-4c1c-b9e2-20ef0930eeff","lbl_CommandBar_B_8":"a860ab29-369d-4de2-8b37-538f8902d452","icn_CommandBar_B_8":"4e50769f-3fd1-431c-805a-cd7406e8fc53","lbl_CommandBar_B_Menu":"7a3c1a4b-af25-4b7b-a844-a7effef40887","icn_CommandBar_B_Menu":"e3e9b8c2-bd64-42f5-8a3a-3034227babc6","html_CommandBar_B_1":"a19db6d3-24b6-4d3a-9622-4785a1f8520d","html_CommandBar_B_2":"66cea8ad-a2ec-4a17-b056-6fbe3a4d99ed","html_CommandBar_B_3":"35972ecb-d3eb-453c-9cb0-5a43e8b3b964","html_CommandBar_B_4":"e768b05b-c382-400c-9566-e06e084d2ca3","html_CommandBar_B_5":"ba625e64-fe2c-424d-b0dd-a2c096aae67f","html_CommandBar_B_6":"09b7e4b2-fdf9-4167-a1bd-df105f9d37c2","html_CommandBar_B_7":"f87048c0-4908-4cc5-a7c8-41d99b0d5ea5","html_CommandBar_B_8":"1e1f2f1d-f93c-4e64-b5da-a54885f02b77","PACo_HeaderSettingsMenu_A":"c7c9e884-bc71-4387-a5a1-92fc08c204bb","html_HeaderSettingsMenu_A_Visualization":"225adf5c-1ae0-47b4-98e5-9d5bf55850d4","shp_HeaderSettingsMenu_A_Area_Visualization":"f7d3e376-3c2e-4b56-b6f7-345e7dc64db0","gall_HeaderSettingsMenu_A":"d587da35-e5fb-482e-bcaa-abb2699111c2","galleryTemplate1_2":"253c6bd4-f243-4193-9da4-c7dd62f93599","shp_HeaderSettingsMenu_A_Gall":"8048fc30-91e6-4d5f-8eb1-3028d70a774d","lbl_HeaderSettingsMenu_A_Gall":"db1def3d-0126-4ee9-8056-8fc447603315","icn_HeaderSettingsMenu_A_Gall":"4ed9ca4f-75f1-4916-8c06-83938e5f0c77","shp_HeaderSettingsMenu_A_Gall_Divider":"7dc159a5-10c3-4cf6-9ff6-325f3144a80c","shp_HeaderSettingsMenu_A":"2ef583bc-5aec-4e7d-9573-9edc22544f44","PACo_Dialog_A":"90bd9984-b938-4fea-9a6e-f884a44b0881","cntr_Dialog_A":"4ab7db01-45cc-4668-9120-43526755f1c1","html_Dialog_A_Visualization":"6260e6b1-1e26-40ff-9e42-2b6b32e24cf3","shp_Dialog_A_Visualization":"8e708cc0-238b-4759-a1f6-baef7a3d1e49","shp_Dialog_A_Area":"fd7034dc-2651-4f9a-9ea5-7bac8ebe42e1","lbl_Dialog_A_Title":"2dc4816a-41e0-43b3-ac96-422a63ecad56","lbl_Dialog_A_Message":"7db85ae7-4637-4bc2-8e29-dbc2f2abfcfe","html_Dialog_A_Message":"4d043a03-50ff-4e23-806e-4624ea849a5b","cntr_Dialog_A_Button_Last":"441efa17-66e7-4625-9d74-5ac06fa3f21f","icn_Dialog_A_Button_Last":"acd20291-0e87-4c54-8a83-c2082a1a5b52","img_Dialog_A_Button_Last":"c3f0bba0-d05b-4c59-9d10-5dc4b0d987bb","lbl_Dialog_A_Button_Last":"09f118da-08aa-4f81-9819-d7a36fc9a787","btn_Dialog_A_Button_Last":"625d7546-bd0b-44c3-9bcd-d2a4fd57a261","cntr_Dialog_A_Button_First":"6f8ee4a0-5a9b-460f-b153-303fbececd3c","icn_Dialog_A_Button_First":"a62f5c05-3a27-4cce-a92c-baf020827679","img_Dialog_A_Button_First":"6decb58a-ef40-488d-a133-2bb21dc902e2","lbl_Dialog_A_Button_First":"ab9a8d3e-6261-4b99-833d-9bbb8cfdb98c","btn_Dialog_A_Button_First":"49772d37-fa23-43e2-9292-95100c6f115a","html_Dialog_A_Button_First":"949d5408-7ebf-48db-b245-e1af4b59154d","html_Dialog_A_Button_Last":"c4fd2c43-6103-49fe-a207-a1582e3d1931","PACo_Tabs_A":"fe28b774-18d3-4ec6-a46b-b2869f1c01ca","html_Tabs_A_Visualization":"8496b673-c3dd-4e45-93f4-38e4b914049f","shp_Tabs_A_Visualization":"4cc964c1-278c-443e-8141-4851a640d404","cntr_Tabs_A":"3c8082a8-69c6-42a6-9ef3-d2983f7f86f7","lbl_Tabs_A_1":"d8e3733e-4426-4642-9c68-3c71647f135a","icn_Tabs_A_1":"b9942ed1-4155-4d14-ae87-26d4a754d5a4","lbl_Tabs_A_2":"d34195ec-644e-463a-b73f-c947ef2462e6","icn_Tabs_A_2":"4168af35-4bd0-4234-b570-bf62c07b3228","lbl_Tabs_A_3":"bda445d2-d3d5-4935-bf2d-de1b5a80fc1e","icn_Tabs_A_3":"6863fb1a-da9f-44fe-b213-ce52e281770a","lbl_Tabs_A_4":"ab726bb2-e5ed-4801-9280-74a831f8d80b","icn_Tabs_A_4":"ecb7bd32-68ef-4197-a0fc-1cae63f10f85","lbl_Tabs_A_5":"1dee74bc-a781-4b7d-a651-15b21163d555","icn_Tabs_A_5":"11f69998-61d3-4148-9b48-effe8290079c","lbl_Tabs_A_6":"d4bea839-b62f-406e-8b15-c9c0cdff9fd5","icn_Tabs_A_6":"e4b63608-33a8-4c0b-b56d-0f8cfaafe5b7","lbl_Tabs_A_7":"b0184bfa-52dc-4459-b907-20b484711b7a","icn_Tabs_A_7":"b3143a14-0e4a-4042-8d7b-0329757737cd","lbl_Tabs_A_8":"f55dfb3d-3c26-4699-ad34-d297ae3f839b","icn_Tabs_A_8":"119e2c6c-d86e-4726-9f30-19a9831cecce","lbl_Tabs_A_Menu":"4e20b58d-ea0a-4991-ba26-55c17ea72814","icn_Tabs_A_Menu":"79c9df3c-2f55-425d-80fd-0ae7421f9a95","shp_Tabs_A_1":"d72626b9-bdf1-44f5-bad8-2a37041beaf6","shp_Tabs_A_2":"764a6586-96e0-4e14-a46c-5060e55c9599","shp_Tabs_A_3":"fdd743ac-5dc6-4979-854c-73ab11c8c55b","shp_Tabs_A_4":"65c1fb3a-442b-46fb-a599-9fc9a248034b","shp_Tabs_A_5":"8e7395d0-21bf-4f99-ac2f-5dcf216fb13c","shp_Tabs_A_6":"3145c503-7c48-4891-a4ed-c766661da73d","shp_Tabs_A_7":"5a574804-8a94-4da3-8bb7-b9479e598e87","shp_Tabs_A_8":"9cf4943f-242e-41a0-87f5-f703fa6cc9e3","html_Tabs_A_1":"cc7845c9-229f-4a3d-b9e4-ae39474588d5","html_Tabs_A_2":"04b81da1-e72b-4ffa-b657-07c195136e77","html_Tabs_A_3":"973508ab-af7b-4100-84e6-cb16c9bc141b","html_Tabs_A_4":"42ee2045-694c-4163-ac3e-0973316e81f4","html_Tabs_A_5":"74fb2d61-ae40-4a70-b108-40794002f995","html_Tabs_A_6":"09664a83-e2a3-44ba-9dbc-80beb7b77b17","html_Tabs_A_7":"6ecdc065-9d5c-4c12-b5a5-8cf184250013","html_Tabs_A_8":"84cb6720-70bf-480f-a6a2-1ae742c9fa61","PACo_HeaderLanguagesMenu_A":"b56faf20-d917-4f49-9b5f-c2de5eb9eed5","html_HeaderLanguagesMenu_A_Visualization":"13a9d585-95a2-41af-965c-5429361dc014","shp_HeaderLanguagesMenu_A_Visualization":"30225e97-1cb0-4e0e-b266-9e4a0be634a9","gall_HeaderLanguagesMenu_A":"74a31b87-5b75-4932-a867-1c49334bb762","galleryTemplate1_6":"87ac9c37-f8ba-4f51-85f7-12b54a33a635","img_HeaderLanguagesMenu_A_Gall":"18c62ce8-0e99-4242-b3a8-9c2babc55c30","icn_HeaderLanguagesMenu_A_Gall":"f5d58a32-71c9-46f4-afec-b12140b876b0","shp_HeaderLanguagesMenu_A_Gall_Divider":"9752e4d2-383d-4847-96f6-87d0d0bb3bce","PACo_Spinner_A":"6ca076df-f4a1-4dc8-a8a2-84c214b58ab0","img_Spinner_A":"29dc90ce-7fa8-4fb9-90b1-d5f1f029a2d3","lbl_Spinner_A":"ed9a3daa-a5f4-4ab8-8e69-56db8c6db565","PACo_ProgressIndicator_B":"cb3a17b5-b99f-465b-94ef-6d6bb8cc2a04","html_ProgressIndicator_B_Visualization":"f7e64d2d-b2a5-4047-a75f-6650444689cc","shp_ProgressIndicator_B_Visualization":"9a91d632-b8f1-4fcf-9a33-879efb7c4f04","gall_ProgressIndicator_B":"6f31d920-3395-4e00-921c-66c2edb81309","galleryTemplate1_4":"e041da47-53a1-485a-9928-1e7cf9a5cc01","shp_ProgressIndicator_B_Gall_Circle1":"3ed42815-51a0-4743-8b71-434f2d5e0fee","shp_ProgressIndicator_B_Gall_Circle2":"89685ea9-aae5-446f-b1f2-e170fdd525c4","shp_ProgressIndicator_B_Gall_Circle3":"4c38e051-bfb7-47b5-b64c-eb72afd1c421","shp_ProgressIndicator_B_Gall_Left":"8a60ab4f-2566-45c2-b2b1-ef683e4407a1","shp_ProgressIndicator_B_Gall_Right":"ec3d8461-f0d2-4ca0-baa4-e5d5235044d0","lbl_ProgressIndicator_B_Gall":"03fb29a7-aca0-4371-b6ea-11ed821d96fc","PACo_Button_A":"d3eb744b-6d4a-41c9-8c85-97dfe22ea4f3","cntr_Button_A":"666f1560-8507-46a0-8bfa-3be268974623","btn_Button_A":"57424cfa-e89c-4915-aa8f-3c80bf11f603","icn_Button_A":"174c8bc0-812a-4330-ab0c-30c06c7d4b69","img_Button_A":"80e4ca37-26e2-446c-8173-1c599a85fbc6","lbl_Button_A":"426dedb6-0d20-40d9-bb70-7e9464dc9d9d","html_Button_A":"a50560cf-61d4-43ed-8900-1c8a82b7a0a9","PACo_Tile_B":"b84a08a4-f784-4746-9be2-c0906048bbdf","html_Tile_B_Visualization":"e8cccd9d-697b-4555-8368-34c8a51d87cb","shp_Tile_B_Visualization":"2d833e48-13b0-4243-9168-750ab6f87c1b","lbl_Tile_B":"652fb803-18fb-4dfd-9f70-d56bc8fdc7dc","icn_Tile_B":"20fda9c0-d97e-49d4-b97a-392168c52229","PACo_Icon_A":"12fa3513-deaa-426b-89bc-ad89568ab44d","html_Icon_A_Visualization":"bebb26eb-aec5-440f-bd8e-b6fdf51b7e8e","shp_Icon_A_Visualization":"bd9da000-e6f6-45ef-a087-41d27071e2aa","img_Icon_A":"754f299e-d1e4-452c-8788-5025f2fb9f63","icn_Icon_A":"79c7e416-02b0-487e-8ffa-abf45f5b04e8","PACo_Visualization_A":"69e6c00c-b01c-4db4-af98-f81325e71bfe","html_Elevation_A":"a938244f-8806-4ab3-8222-42559481969c","shp_Elevation_A":"a47b1db2-0f03-4169-805f-3d7fdec6bccc","PACo_TabsMenu_A":"f8f011bc-6d45-4b9a-8747-b5bf6f33e4a0","html_TabsMenu_A_Visualization":"3276d69b-ee05-4cc4-a13b-af702e54c8c4","shp_TabsMenu_A_Visualization":"ee39d3a7-3ad4-4105-baa7-c39b983cbac9","gall_TabsMenu_A":"1b9c8f6a-01bb-44a3-9b58-20a56d9a9494","galleryTemplate1_7":"81bdcd0b-a8f0-4481-a6ce-709d8eb0d384","shp_TabsMenu_A":"c25748c1-81b1-4fc7-9875-7e29b43f6218","icn_Tabs_A_Gall":"142af224-77e9-419a-b690-576efbd5d33c","lbl_TabsMenu_A_Gall":"240a7348-e874-4710-b827-7b522e75fd7d","shp_TabsMenu_A_Gall_Divider":"653547cb-1746-4277-8d63-1b03289302ef","PACo_Header_A":"9fcfa332-40c8-47c0-baec-6a837f866fb4","html_Header_A_Visualization":"6db9096d-7064-40cf-a2e7-168389aeee78","lbl_Header_A":"2f70ca73-20f5-4fb2-8afd-d6125778a8f7","img_Header_A_Back":"89c5c77d-3dc5-4df0-a085-73c0412d176a","icn_Header_A_Back":"281d0ff3-2e2b-4c0f-8a97-0e163554ee9d","img_Header_A_Nav":"f706a810-b4ee-4453-9cc7-2be4ec488b52","icn_Header_A_Nav":"42bb8355-ce9f-4562-a8b7-2091d17ade72","img_Header_A_Logo":"4cb14d80-b002-4f72-999e-f44828908bfd","icn_Header_A_Logo":"d8999cf7-448d-4d10-931f-6c4cb10d7743","img_Header_A_LanguagesMenu":"076f8b40-d93c-455b-bfe0-403b64ebfadf","icn_Header_A_LanguagesMenu":"bbc577b2-0246-49a3-80ba-99bfa2d71ba7","img_Header_A_Help":"eef340f1-ac6c-4860-807a-3ff6355405d0","icn_Header_A_Help":"e50bb156-7432-4930-a1ce-9af388451f90","img_Header_A_SettingsMenu":"8123f406-6c54-4cd5-a4d3-625c02652880","icn_Header_A_SettingsMenu":"99efddfd-6afc-4bd2-a40a-4bbc442fe97e","shp_Header_A_Visualization":"2d1493fd-1b57-4e17-b705-e3854501355a","PACo_DetailsList_A":"50337c64-0896-40cf-a7c5-cc5a626b078c","html_DetailsList_A_Visualization":"cf500d83-3ea6-4be3-8a5b-a87cee410874","shp_DetailsList_A_Visualization":"5ec89b50-584a-4bd7-8ede-7121d459db3e","cntr_DetailsList_A_Main":"911534f1-a39c-4b01-86b8-cc0d08e15ab7","cntr_DetailsList_A":"196d93c0-18a7-4eaf-baf0-b5cc1db53969","lbl_DetailsList_A_Header_1":"84702429-5bff-41ba-910d-73cb273c9d3d","icn_DetailsList_A_Header_1":"5c672368-93cd-4b72-ade5-5449d1b0dc0c","cb_DetailsList_A_Header":"dc36e7e8-5973-4eb3-9245-2c19e5617796","icn_DetailsList_A_Header_Sorting":"98098ed5-2d48-40a2-8f5b-66d1da056e95","lbl_DetailsList_A_Header_2":"6237f252-8a42-4e21-9cf9-7ca255352af8","icn_DetailsList_A_Header_2":"72884828-eda1-4fc4-944a-278788d7066e","lbl_DetailsList_A_Header_3":"fa1dcb2d-c61c-4e4b-9c81-00afef144eea","icn_DetailsList_A_Header_3":"fadf3d97-ec78-4b28-bce2-c047ddb95e72","lbl_DetailsList_A_Header_4":"9fdb7db0-db9a-4ea9-8309-578bb05890d3","icn_DetailsList_A_Header_4":"fa698abc-17f2-42f9-bb57-56afabf2bb55","lbl_DetailsList_A_Header_5":"d91aeddd-6a21-4ffe-9029-2d431b1c1510","icn_DetailsList_A_Header_5":"0829cebb-0003-4519-aa31-1051df1a1689","lbl_DetailsList_A_Header_6":"8cb5a8e4-a51b-49a3-8636-36466ffdeae5","icn_DetailsList_A_Header_6":"439f7724-792b-47df-9480-9350c9394dd3","lbl_DetailsList_A_Header_7":"4a7bb0d4-6b84-46e8-beb0-48b5a96d4202","icn_DetailsList_A_Header_7":"678ecdf0-645a-41b3-8241-c3fa5a998d85","lbl_DetailsList_A_Header_8":"b63adea3-ef34-44d2-b306-615eb59fd736","icn_DetailsList_A_Header_8":"cb5d8df9-aec8-477b-a49c-db7a0bd8eba2","lbl_DetailsList_A_Header_9":"3ecb3629-1034-4284-9fd3-1d377857a461","icn_DetailsList_A_Header_9":"e5045124-d88f-4348-9ab3-402971da890a","lbl_DetailsList_A_Header_10":"df4a5ab9-58bb-4922-b53d-9d62f1351daf","icn_DetailsList_A_Header_10":"d9263c20-05a3-4b57-b24f-14d86aecbb86","lbl_DetailsList_A_Header_11":"8eb1a877-debe-45fa-82ed-d666710f2272","icn_DetailsList_A_Header_11":"9aec1291-eb0a-4d8a-8b0e-a5c755996210","lbl_DetailsList_A_Header_12":"62efd64c-819f-4169-afa3-f1c8f94ecbe7","icn_DetailsList_A_Header_12":"4503ccce-4bfe-4011-8d42-7e786d2a46dc","lbl_DetailsList_A_Header_13":"efc45a72-627b-4d20-ae1b-e22dc1567108","icn_DetailsList_A_Header_13":"3aa1ba2f-6859-4194-a9ff-3f0ad61e3776","lbl_DetailsList_A_Header_14":"b92de2e5-d53b-45fd-ba05-7e26e8203c76","icn_DetailsList_A_Header_14":"d698100d-aa3c-426e-928c-2cac8c41f042","lbl_DetailsList_A_Header_15":"d303761a-48d3-41ca-86c9-0e7f8bb771c2","icn_DetailsList_A_Header_15":"be99e41a-0ec6-40fc-bf2f-f89b4fec5b9b","lbl_DetailsList_A_Header_16":"5bf4a4f6-aca7-43f5-b011-58d7255e8fa8","icn_DetailsList_A_Header_16":"fb2d7ddc-6bbb-4fdc-a71a-a768f697c39e","lbl_DetailsList_A_Header_17":"405167ee-301c-45bc-8b3a-02d44c522a61","icn_DetailsList_A_Header_17":"7cd83ff9-e258-4417-ae34-63373a7fa60b","lbl_DetailsList_A_Header_18":"37372071-107c-448e-9245-09e85b5857d3","icn_DetailsList_A_Header_18":"4cc1c9c3-76c8-44fc-be1f-7ca9038e8375","lbl_DetailsList_A_Header_19":"b8160e2a-801b-41b0-a2f0-0ae46e762d33","icn_DetailsList_A_Header_19":"9bf7a2fc-778e-4132-b12b-71f1aab32158","lbl_DetailsList_A_Header_20":"691210a2-c534-4f81-b909-fda3eda54e21","icn_DetailsList_A_Header_20":"414fab13-8706-417b-9b75-f84fcf7e41fd","gall_DetailsList_A":"2315f14a-8c88-4403-9565-b8a3b8a9f4dd","galleryTemplate2_3":"a3629096-8d91-49d5-874e-20b890df79d3","lbl_DetailsList_A_Gall_1":"807d100a-0117-42be-ada7-4616cd8f2a20","cb_DetailsList_A_Gall":"0eef61a9-2096-4e19-99f4-ee20e733274a","lbl_DetailsList_A_Gall_2":"84c1a3d3-ee9c-4ca8-8e6c-bcd6cfe7e1e2","lbl_DetailsList_A_Gall_3":"98dd2354-ab66-4441-9840-d44c8ffdb752","lbl_DetailsList_A_Gall_4":"d031d7ec-bd94-4cc9-8e88-836dd596daca","lbl_DetailsList_A_Gall_5":"53aa33ba-5b3f-4a68-aa68-68a3d47877ba","lbl_DetailsList_A_Gall_6":"97251486-38c3-4a85-ad7d-7027b7a8e6bc","lbl_DetailsList_A_Gall_7":"8a78558b-9bf6-4b36-ab1e-b1785b6efb35","lbl_DetailsList_A_Gall_8":"9b3d973d-6562-4d04-8e0f-069f120f1a98","lbl_DetailsList_A_Gall_9":"e8ebcdc5-b60c-40b3-b80b-3932a6e2e918","lbl_DetailsList_A_Gall_10":"335b7a13-6674-4fae-82ac-739839cbfcf0","lbl_DetailsList_A_Gall_11":"3d8e2838-1c4c-4734-828b-efc0bb8c1c92","lbl_DetailsList_A_Gall_12":"b4cea78d-a030-4b27-abed-aa8a9610accf","lbl_DetailsList_A_Gall_13":"6c65f4dc-7148-4e3e-aabc-8730f0722956","lbl_DetailsList_A_Gall_14":"f73ca7da-53dd-4350-a44a-a03061191f38","lbl_DetailsList_A_Gall_15":"1dee845e-8e16-4689-bfa9-1bb9a4141c2c","lbl_DetailsList_A_Gall_16":"528df862-8762-4e81-82b2-8485bd96a68f","lbl_DetailsList_A_Gall_17":"830a6a0b-005d-4ad9-866b-2730df618195","lbl_DetailsList_A_Gall_18":"58a3d71e-83f1-45c7-8c5a-07e1f1ff3524","lbl_DetailsList_A_Gall_19":"e07cb028-7f41-4e3c-85be-f805e78c3b94","lbl_DetailsList_A_Gall_20":"360bb9ac-9e78-4e9f-84c6-b477b9096392","shp_DetailsList_A_Gall_Divider":"b074c91e-8d15-49c7-ad67-75642b8b4bf5","PACo_SearchBox_A":"37442c29-3999-4329-af98-206e2a271093","html_SearchBox_A_Visualization":"c89aed73-15b8-4d3a-8139-636b8cd20876","shp_SearchBox_A_Visualization":"233babdd-c651-41bb-8074-35a04b282c65","ti_SearchBox_A":"5c0747b8-b9d7-429a-9a93-0757f23e29e1","img_SearchBox_A_Search":"335a20f9-63be-4c50-9e90-61fd0eb280f2","Restart Screen":"5ab334ea-cc80-4fe1-9bc4-25578e462d8a","cmp_Restart_Button":"708b8822-29f6-4313-9c2b-70bb51ae36d0","Home Screen":"515f79de-c3e1-4847-99ce-9d12e1fa7834","cntr_Home_Main":"ca567068-8781-4bfc-963a-0f9d0794a7f3","cmp_Home_Header":"0a0ad075-ed2e-4735-b381-07fcd49fe03f","cmp_Home_Panel":"e80adf5f-b211-4332-9fe8-ac1ae66c8dd9","cmp_Home_Dialog":"0f0328ce-065f-4c5e-a133-067dc8e5315b","cmp_Home_Spinner":"70edcb66-f52c-4ed7-a027-4be6937a3277","cmp_Home_HeaderLanguagesMenu":"75e35854-3b1f-4799-82db-16e82c2b4029","cmp_Home_Nav":"d4cc5343-34af-41b7-bd7c-46b80e3c9684","cmp_Home_HeaderSettingsMenu":"0e13be83-0976-4e96-94a3-e55ed5b052a8","cmp_Home_CommandBar":"4aadee6b-1704-425d-b8d3-11d07d997e00","cmp_Home_Form_Main":"6c388f97-4487-47dc-9fe9-e6e0243e3ac0","cmp_Home_Form":"7dd843a3-fa81-4176-97eb-d491f05f38e2","cmp_Home_Form_ProgressIndicator":"081466c5-5d5b-4772-9ec3-8fa1632a7049","cmp_Home_Form_Tabs":"4ab4a992-5cfd-439f-a42e-b5eca0372684","cmp_Home_Form_TabsMenu":"3adeef77-17cd-40d8-ab78-927fb3328d11","cmp_Home_Form_Form":"718be643-f0a6-47cc-9c15-3612acc86166","cmp_Home_Form_Files":"82289794-d916-4351-8a15-bbff9037f6aa","cmp_Home_Form_Actions":"5127a781-cf11-44ac-8fa5-e7c941cab2b4","cmp_Home_Form_Other":"a97af843-4e1f-4478-8a4f-942eb315728e","cntr_Home_Form_Form":"552f3b6b-8e58-4af3-b588-19824eea5fe2","lbl_Home_Form_Form":"bc521d11-eff2-4740-8a47-0f8c70688fe9","cmp_Home_Form_Form_Back":"f21cabcd-43d6-49d4-acfa-a3622548913a","lbl_Home_Form_Form_Mode":"aedea5a3-63ac-4ba3-859e-91e89054d4bf","cntr_Home_Form_Files":"c5b111a2-24d0-4d2b-ac08-79e54a94be8b","lbl_Home_Form_Files":"16d9d2ff-cf35-46ce-bd36-8bee9d5304ba","cmp_Home_Form_Form_Files":"4cc45285-cc6e-4f43-b25f-5e4204b30445","cntr_Home_Form_Actions":"5d364cc8-cd92-4535-8a5b-53bcbbdad6aa","lbl_Home_Form_Actions":"34c0c32c-0300-432e-b296-c64017079368","cmp_Home_Form_Form_Actions":"9688a416-462c-4d41-80a1-2ce1e4298908","cntr_Home_Form_Other":"8da88578-e861-45d8-a8d4-12ac1a079517","lbl_Home_Form_Other":"7c027a93-a44f-4954-bce6-bc253e15fc22","cmp_Home_Form_Form_Other":"3ef970bf-74be-48d5-94e8-5667aa1d8350","cmp_Home_CommandBarMenu":"378a88e8-7019-438a-ba4a-f3f636bfe160","cmp_Home_SearchBox_Icon":"6a3f0cbc-3350-4edb-9e1e-3c181909a612","cmp_Home_SearchBox":"3193b281-515d-4e6d-8f0b-9ed81c902ead","cntr_Home_Filter_ItemType":"045b42ff-9434-43f1-ae07-64feb903a7d5","cmp_Home_Filter_ItemType_Visualization":"4f475a21-8ed2-4b76-a26e-c8f193d711c3","dd_Home_Filter_ItemType":"c4b60d39-e64c-421d-8306-a211844f5efb","cmp_Home_RecordsSelected":"b44d8b1c-11a9-4d8e-b768-8c1b82b38659","cmp_Home_DetailsList_Small":"95d0c62c-2d84-4462-bbf6-c4c3f296e9e8","cmp_Home_DetailsList":"13306b90-293f-48c5-af72-2078437dcfab","lbl_Second_NoRecords":"c462e233-185d-442a-b4fa-74171c99f73e","btn_Home":"cedeffd7-35a4-46ae-af66-03d95d71ff36","btn_Start":"b8b2e67f-77f8-4924-8c0a-83b7fc279875","Redirect Screen":"af2fd87c-bb81-4f71-ab31-0723364ce99a","cntr_Redirect_Main":"11960708-67ef-4809-bab9-6238db1e5d90","cmp_Redirect_Spinner":"6ffa3ca0-1ef8-4b6d-bfea-b9297153f483","btn_Redirect":"14e3329b-6031-4fe9-83d1-7caf4b4e6daa","Color Screen":"c9407e9b-69b5-49e5-b7fd-89cb9b148f2a","cntr_Color":"66af3789-9c4f-4465-a431-ea84082ebff2","shp_Color_themePrimary":"6d02475e-1ca9-4826-b6d5-67bfe259dac9","lbl_Color_themePrimary_1":"db69c9df-b393-4686-ba81-de895b9c3bcb","shp_Color_themeLighterAlt":"35c09b25-187f-4b65-828c-6a4be91ccf9c","lbl_Color_themeLighterAlt_1":"dcf9ac89-b53f-401e-9a1f-bc94bda10f0b","shp_Color_themeLighter":"135481ca-162c-465a-98bd-6e2a225fbb56","lbl_Color_themeLighter_1":"107f32c5-e7e8-4e78-962d-9e4faa978e99","shp_Color_themeLight":"dc5e2939-cd1d-4bee-9111-84c861860e88","lbl_Color_themeLight_1":"89e079c7-aa86-49c7-8632-b7cb521ba65e","shp_Color_themeTertiary":"14c1c31b-125d-4fa0-b9b1-10462140e3c8","lbl_Color_themeTertiary_1":"1a735271-c48a-4a87-9b6f-b9689aaa415e","shp_Color_themeSecondary":"f12f2f9c-4a38-4c71-a613-9c7ff29c5b46","lbl_Color_themeSecondary_1":"ba092192-acd9-48bd-85d3-42a3655c1fb3","shp_Color_themeDarkAlt":"50cd2701-a75a-4cc6-8397-dd0ba9bdc5e9","lbl_Color_themeDarkAlt_1":"b5538bcb-8578-4253-b037-8733dbfd0ea4","lbl_Color_themePrimary_2":"34499de3-01e4-41f0-a157-c6babc8e2b71","lbl_Color_themeLighterAlt_2":"235f6757-202d-47ee-aefa-df95683480cd","lbl_Color_themeLighter_2":"6036213b-e6c8-4cca-a31e-5ac745dc3e42","lbl_Color_themeLight_2":"88a2528b-2cb1-4b46-8fc6-d68907142efb","lbl_Color_themeTertiary_2":"0c74eb6c-903a-4fbd-81c0-763b769880eb","lbl_Color_themeSecondary_2":"307bc12e-ee34-4359-81e6-03ff7d80e971","lbl_Color_themeDarkAlt_2":"a53f777c-4c28-44e7-bb9f-9cf82e7a185d","shp_Color_themeDark":"ae5ac01b-b8a5-4e79-ac5b-cd298faf6a01","lbl_Color_themeDark_1":"5d3431c4-5509-47f1-9cf3-92d10a973a13","shp_Color_themeDarker":"57b88ebf-4c3e-44aa-99fa-0ea8d7c64518","lbl_Color_themeDarker_1":"5d5f3819-11c0-4123-b423-b1e66688aad0","shp_Color_neutralLighterAlt":"d32cb487-1761-4911-9dc4-702a8182c549","lbl_Color_neutralLighterAlt_1":"b9729dd5-fa28-4742-af9d-92fdd909368d","shp_Color_neutralLighter":"b27f7da2-dcbb-4b3e-b094-52cc09931a14","lbl_Color_neutralLighter_1":"731bb67f-00cc-4339-9907-d64953754c5d","shp_Color_neutralLight":"244964a6-34db-4e91-ae58-42da06b37e22","lbl_Color_neutralLight_1":"da4b4d8d-a7c2-41c4-a0f2-3efe96d30197","shp_Color_neutralQuaternaryAlt":"24b02092-fe82-4fb4-bce1-3bf4b43b22fd","lbl_Color_neutralQuaternaryAlt_1":"512e9eea-12f0-476c-b7ef-299edebc12fd","shp_Color_neutralQuaternary":"432037ff-d28b-4d55-bcfc-15c8f4814f42","lbl_Color_neutralQuaternary_1":"c6df17a6-d591-450b-b573-49eb6a8adca1","lbl_Color_themeDark_2":"c39e4f66-a5be-4e68-99f3-3de419e909e1","lbl_Color_themeDarker_2":"7ad74a61-6b34-4431-8f49-4b82854fde7d","lbl_Color_neutralLighterAlt_2":"356f3758-dbda-46ec-bb8a-bc5d3bf8e364","lbl_Color_neutralLighter_2":"d217ff08-5f1f-4856-b0a8-b625fc85b0c9","lbl_Color_neutralLight_2":"dd88a391-119e-41df-a8c9-1c827348eb2f","lbl_Color_neutralQuaternaryAlt_2":"fa600c21-ef1d-4904-9c33-5f668dc2f820","lbl_Color_neutralQuaternary_2":"71ee40cb-027b-4623-a68d-efb58c7d81c8","shp_Color_neutralTertiaryAlt":"f4789954-9059-4401-ab21-4328bb74d3aa","lbl_Color_neutralTertiaryAlt_1":"36e81833-859f-4d6e-96c6-55eebfe71121","shp_Color_neutralTertiary":"8dc40914-fff9-48fe-8839-fb336c5d3640","lbl_Color_neutralTertiary_1":"636336ea-efb7-4c5a-9053-6f90f4ec458f","shp_Color_neutralSecondary":"aaeda2c7-cfe0-4c2c-be91-0fdc7453cb1d","lbl_Color_neutralSecondary_1":"43a092b0-9a20-46ce-b80e-59f3edc1e8e8","shp_Color_neutralSecondaryAlt":"c9cf7cf9-bbc0-4465-be8c-1e4c47d2cd28","lbl_Color_neutralSecondaryAlt_1":"d33d9f5b-31ee-4440-90a7-a550ac6443e3","shp_Color_neutralPrimaryAlt":"9649bd53-8a72-46cb-b9c3-0fc90f1e9e03","lbl_Color_neutralPrimaryAlt_1":"b56d4130-5a0d-415c-9218-e81ffb873c0b","shp_Color_neutralPrimary":"b72091c6-74f3-4e45-a457-aa1c6033e4dc","lbl_Color_neutralPrimary_1":"9d80c312-cfe8-4d68-8ec6-6cccf32e1153","shp_Color_neutralDark":"88c5721b-5495-4296-81cf-f54a757e1b56","lbl_Color_neutralDark_1":"7c6559a9-e6cc-46a0-8eeb-936dac75f42b","lbl_Color_neutralTertiaryAlt_2":"39c78f97-ade6-4fa0-b950-47ac92c957a0","lbl_Color_neutralTertiary_2":"cbeb0af3-af63-4408-a05b-c20880411661","lbl_Color_neutralSecondary_2":"38a27327-4316-4722-a755-0e6663f7a1e2","lbl_Color_neutralSecondaryAlt_2":"7ddd0240-baee-43e1-bd20-64fe858acf31","lbl_Color_neutralPrimaryAlt_2":"c50ed182-ed23-47a5-b1a9-cd27f843c066","lbl_Color_neutralPrimary_2":"1f557cda-7515-41f5-979c-208077a5a3b1","lbl_Color_neutralDark_2":"bf4e7d1d-58c3-4010-8773-391fca98a8de","shp_Color_Black":"aafc693a-ece3-4bab-9b02-38a71a7a40a5","lbl_Color_Black_1":"b8954d7a-5b84-4d17-982f-50d0ab8be84b","shp_Color_White":"be627723-526f-4a4c-8199-70dc0e075b12","lbl_Color_White_1":"d0599ac3-a6ee-414a-af11-4ba930b50feb","lbl_Color_Black_2":"80508dc9-1248-4133-a1f8-45e65b3aac6f","lbl_Color_White_2":"eba513d7-56e8-4d90-90ef-bbdaa2e3bfc3","Third Screen":"956972d0-6b55-4896-8b8b-22c34598aab5","cntr_Third_Main":"0a5ba18b-1255-4fc3-8f52-4ee50ac34105","cmp_Third_Header":"8d4a3d13-348a-4906-b33e-4e37109c37ec","cmp_Third_Spinner":"e9063954-f64c-47ec-9eb0-634d0a00bf7d","cmp_Third_Nav":"77253add-2f10-4708-b64e-499301e55890","cmp_Third_Visualization":"41c0e4d4-058c-4c97-b85f-1eca3ce5f410","cmp_Third_Button_MessageCenter_Maintenance":"7c2b8f27-9105-4867-aafe-f01342dbdb89","cmp_Third_Button_MessageCenter_TimeOut":"e9ab4f74-eb16-44e4-979e-5d55111295fd","cmp_Third_Button_MessageCenter_Error":"53caf96a-638e-4e0d-9c54-f3da3cdefcd0","btn_Third":"d7b5d7fc-0513-4719-961f-c67809fb75c6","Second Screen":"8c6a563b-a4a8-4953-a66b-89ecc83d3cca","cntr_Second_Main":"df5e0b87-7528-4100-bc05-e684c2c45b9c","cmp_Second_Header":"b1ff56a7-f1ae-4201-a7e7-7cfa0c04078a","cmp_Second_Spinner":"034f1812-46f4-4c17-ae44-2027c7fc68d2","cmp_Second_Nav":"651478dd-ad6a-440f-b0a7-09bbd77ec3a0","cmp_Second_Visualization":"7c7bfbfa-2615-4f96-ba82-efb0b8fdf648","btn_Second":"b679f790-6b79-4ff5-97d4-9a9f7994058d","Fourth Screen":"5574df7a-9d2c-4894-b1d3-87e14047827c","cntr_Fourth_Main":"f2a2c4c2-6539-4db0-807f-53f213f72ee5","cmp_Fourth_Header":"b7cc8615-342f-4b2b-8dd5-4a2bf3f4ac73","cmp_Fourth_Spinner":"42f18125-2c3a-4bf1-80c8-c7bdfdbd5a15","cmp_Fourth_Nav":"2be1be8b-adb9-4e4b-953c-923c8ebb1182","cmp_Fourth_Visualization":"65e535bc-5ee8-4f09-878f-b2500602b2ee","btn_Fourth":"23f3fe10-041f-49e2-9cff-7b0fe1743c8f","Fifth Screen":"981f5f0c-776e-464b-b22e-558955edd0f6","cntr_Fifth_Main":"93b59fcc-4e0d-46fe-9c15-b2881d80f2bb","cmp_Fifth_Header":"50536357-f414-4071-9dbe-f0b20a8ac89d","cmp_Fifth_Spinner":"e49b7d7f-ac19-4cb9-852c-437b94b570fc","cmp_Fifth_Nav":"6be3fa25-3ec2-4767-9387-9d3d94c5ce61","cmp_Fifth_Visualization":"837d7864-30c4-4808-8f74-d427c8e4b12c","btn_Fifth":"4cb6a821-98e5-4776-ae14-a4ad585d83a9","Themes Screen":"a476b432-5c81-4d84-869e-a8626e83a0a7","cntr_Themes_Main":"0a4f0be8-064c-4eab-a9d4-86b600a03de0","cmp_Themes_Header":"a912fa5d-7660-49d6-9c46-2147aee1a7cd","cmp_Themes_Spinner":"7ce21a77-7db5-45bb-adbf-01f7474bd7b0","cmp_Themes_Visualization":"b0a465e0-27ab-4689-bff8-0131fc5941d1","cmp_Themes_Button_Default":"4bfa2970-9769-4704-8f96-ac0803549e0d","cmp_Themes_Button_Dark":"98ef3f77-c0cb-4a1e-abba-11ef0919b5c0","cmp_Themes_Button_HighContrast":"e0a8e953-a8c9-4ef8-86d0-9ce960861abd","btn_Themes":"959ba846-90e8-4828-859d-d87fb3f523ad","btn_Themes_All":"852a9108-eea4-4dbf-8f50-5a6bb8bd4008","Message Center Screen":"eeed55a1-92a3-435b-9b14-eaae805a2c09","cntr_MessageCenter_Main":"d01df911-644a-4313-8582-073a87466ba1","cmp_MessageCenter_Header":"0cf24531-23cf-4834-b3c4-cd7fd56de4d6","cmp_MessageCenter_Dialog":"2e4d687c-8056-4d3f-b70f-75cd823ee343","cmp_MessageCenter_Spinner":"75864831-e1fa-424a-bd20-432abea6cdd5","btn_MessageCenter":"d84d77a0-74ea-40c6-abe0-2bc1e8fc9e63","Controls Screen":"75a719a3-ddd4-4b57-9eb7-6903091efd7e","lbl_Controls_ti":"deba93bc-a058-4b4f-9aff-b148c401770c","ti_Controls":"9ac9084e-65d6-478a-9f4b-37729b8ae806","ti_Controls_Diabled":"de01eb05-23e8-4e2b-81f4-61ec3b98ad02","lbl_Controls_dd":"53d94c1e-a042-41f0-9621-44b0ac8610b4","dd_Controls":"d12f5909-b3da-443a-b00e-b19d4a7482df","dd_Controls_Diabled":"9a0877a8-4123-4f3d-839a-6e00bfa955b1","lbl_Controls_dp":"54e58340-9dd9-4173-b4e9-3a61ba4d6d9b","dp_Controls":"345292a7-ec77-431e-a798-1e6ac86cd7f3","dp_Controls_Diabled":"1f72cf04-dcad-4aad-b959-af5cae4eb19d","lbl_Controls_cb":"64d50066-5aaf-4aff-8a3f-75d99f142551","cb_Contols":"399e8418-728b-474f-8617-75fb41e90273","cb_Contols_Diabled":"a251fd33-92d9-4ac2-8e49-c8a04e803900","lbl_Controls_btn":"5ff0f29e-e8a6-467f-9c7a-79d0fd6020cd","btn_Control_Primary":"107e89da-5131-46eb-9e28-2005d03f7d93","btn_Control_Secondary":"3db00599-4fe0-4307-a675-7c4f56c41bdf","btn_Control_Primary_Diabled":"0dcfe7da-0c19-43ce-be53-71374b85b9a4","btn_Control_Secondary_Diabled":"916eb60c-bfaa-47d6-8d04-523123a46719","lbl_Controls_icn":"6a464fcb-176b-4f04-9cd1-5a6a49f0de39","icn_Control":"3efc16ab-ebb3-4df6-9675-5b8e9821746e","icn_Control_Diabled":"3be0faa2-615c-4ec7-8b09-ba20b7b5dd4e","lbl_Controls_Disabled":"57a862a3-bcdd-4752-97d5-5326e903dfa2"}