{"__Version":"0.1","App":"69c81fb7-1711-467c-9d60-85b8a346eb15","Test_7F478737223C4B69":"fd241787-4f30-4af6-a853-8cd25a4898c6","Host":"b6c9af76-dfec-451e-8c81-e504ea2d139d","PACo_CommandBar_B":"a5ca89d2-03a2-47bf-b1b5-74f62f91ce2c","html_CommandBar_B_Visualization":"b5e21fc1-3fdb-4cf9-bd66-4b5b30530ab5","shp_CommandBar_B_Visualization":"14ff2c87-e83f-431b-8e8f-3d98463539eb","cntr_CommandBar_B":"3ac85440-d604-4fae-94b5-beb4339d895e","img_CommandBar_B_1":"60014e5f-a0af-4382-8b46-82901cb98fc0","icn_CommandBar_B_1":"98e7a0c4-9d84-442f-ac22-dddd6c021d85","lbl_CommandBar_B_1":"83c75325-81b6-4c29-822a-77b7290b9a6f","img_CommandBar_B_2":"02fecd9c-4cdf-48f8-a3bf-1fd2887aa9a5","lbl_CommandBar_B_2":"e45c43b2-29fa-4ecb-b631-f13a79953d28","icn_CommandBar_B_2":"ddba9f9b-b911-41c5-a80b-d40c92e54118","img_CommandBar_B_3":"c22f925c-4308-45b6-8e72-2a3e5f927421","icn_CommandBar_B_3":"0431c4e3-d791-4cf6-96f8-436b9aa9b637","img_CommandBar_B_4":"f65512ce-86a6-49f4-81f6-c001ce321488","icn_CommandBar_B_4":"61e1f337-5917-4858-af58-9d9c0dc1d0c1","lbl_CommandBar_B_3":"a00ce67f-c83f-497b-b6e5-2ffde2cbe65e","lbl_CommandBar_B_4":"87a11f21-44ea-457e-96d8-186c5193d21b","img_CommandBar_B_5":"fec2633f-ecb6-462f-84d3-d262ab26adf0","icn_CommandBar_B_5":"d8deb179-1f6b-4f60-91cb-02b015f2409a","lbl_CommandBar_B_5":"e3ce570e-1536-45d7-a7e9-1d61c28b3934","img_CommandBar_B_6":"3938602a-ec34-4202-b336-eff254e84b9f","icn_CommandBar_B_6":"cc38e1af-1c31-49aa-bac3-77ceba489d44","lbl_CommandBar_B_6":"b0dd5ae9-0150-43e6-a42d-4b7b6cff5568","img_CommandBar_B_7":"0bfbcd45-b0d8-4e75-aab8-f7a1dfece68b","lbl_CommandBar_B_7":"0ab7fe18-f0f8-4a7f-957c-963bd98dc736","icn_CommandBar_B_7":"38304cd8-81c7-4172-b47c-6fe686102a3f","img_CommandBar_B_8":"98749083-3f3c-4563-a083-b361285d1787","icn_CommandBar_B_8":"be82823f-ccea-496d-9bbf-c461b5cbdbf0","lbl_CommandBar_B_Menu":"28ae3de8-34fe-442e-abf4-37fb471c8289","icn_CommandBar_B_Menu":"c8bbd969-597c-4be6-a38a-888b3c895b3f","lbl_CommandBar_B_8":"83dd4003-9b08-4b12-854c-be4cb407f5a3","html_CommandBar_B_1":"d9b78edc-c6dd-4c4b-9a56-ee283e9b9edc","html_CommandBar_B_2":"66172bd9-2a6f-438f-a01d-3f5152c899a5","html_CommandBar_B_3":"44712ba6-f230-47e0-8c5b-3965d61a032f","html_CommandBar_B_4":"8f0476d9-b887-483c-9644-fbbb384abec5","html_CommandBar_B_5":"18104e6d-f8c4-4630-bd9d-6c318c69cf2e","html_CommandBar_B_6":"02cd1e17-5c88-4af8-9cff-15f1eb73df99","html_CommandBar_B_7":"f0ef8143-ab68-4062-b503-6dc3c71db493","html_CommandBar_B_8":"c1340358-5815-4794-aa0f-34d6e814dcf7","PACo_CommandBarMenu_A":"9c7023af-46a3-4b06-8329-3634d830d93a","html_CommandBarMenu_A_Visualization":"1b00bfaa-37f4-4e4c-bf33-f47fb1e3d91e","shp_CommandBarMenu_A_Visualization":"235cca95-c401-4491-8c81-e221ee104d8b","gall_CommandBarMenu_A":"7daa11c8-e7ce-4734-90a4-f1f94fe78147","galleryTemplate1":"b1c8a94e-41e0-402e-9abd-9430b00818a2","img_CommandBarMenu_A_Gall":"adea3d02-1f0d-4735-b7b5-f4e13b74e49b","icn_CommandBarMenu_A_Gall":"cbda9670-3791-46d6-b918-1ffa3ccd8cc5","lbl_CommandBarMenu_A_Gall":"90bf0a3e-5506-4b31-86a7-e155a6dc377c","shp_CommandBarMenu_A_Gall_Divider":"6e8afc59-9210-478e-911c-07f1dc3b483b","PACo_ProgressIndicator_B":"5b7c76f4-69db-437b-a282-eeb174a0dcb5","html_ProgressIndicator_B_Visualization":"a526e36a-5c9b-4c37-95f9-6afc06c32910","shp_ProgressIndicator_B_Visualization":"db8ba56e-f5f0-48f0-9524-0853f9a096e8","gall_ProgressIndicator_B":"c11845cc-be4c-4cb7-bde7-dae1551e6bd6","galleryTemplate1_4":"22689385-8bc3-4440-823d-06294f10bdad","shp_ProgressIndicator_B_Gall_Circle1":"3a363bbc-65fc-439f-8f81-886deae845d1","shp_ProgressIndicator_B_Gall_Circle2":"0b26c799-12fa-49fc-baec-6a120e27de10","shp_ProgressIndicator_B_Gall_Circle3":"cd3b0cc8-bdcc-418a-bdbb-b53cd79183c4","shp_ProgressIndicator_B_Gall_Left":"c499461b-9d0f-4bb9-acf4-b2843c37114e","shp_ProgressIndicator_B_Gall_Right":"21c5e9c0-d057-4604-bc64-079c9c4a6988","lbl_ProgressIndicator_B_Gall":"eb39a8b4-4248-452c-b948-6607ae560dba","PACo_ProgressIndicator_A":"91d270db-533a-4d02-afa4-040bbad09334","html_ProgressIndicator_A_Visualization":"a7c4b45f-dcb2-4477-9479-00e31b8d0038","shp_ProgressIndicator_A_Visualization":"acd8b649-713c-45fd-9b74-0c4bd82d0b5e","gall_ProgressIndicator_A":"f7b1bf07-6e55-497d-a9a4-abcebeb8e3e0","galleryTemplate1_1":"aba7b012-fb61-4b76-9647-9218a075902c","shp_ProgressIndicator_A_Gall_Circle1":"68243402-664d-409c-a6fd-54f6ba0a51a1","shp_ProgressIndicator_A_Gall_Circle2":"4859d703-34d2-45eb-953d-94cf692013e7","shp_ProgressIndicator_A_Gall_Circle3":"1823c991-00ba-498c-8e17-9c19fe442b7d","shp_ProgressIndicator_A_Gall_Left":"72937750-c4b9-44db-91ce-2b06a9006bc4","shp_ProgressIndicator_A_Gall_Right":"ac3b5303-6baf-4864-81ec-c7f5a53603c6","lbl_ProgressIndicator_A_Gall":"1254a5b3-5459-49a8-819f-3569af7d565d","PACo_CommandBar_Item_A":"95429b13-4aae-45bd-9488-f49411363a05","img_CommandBar_Item_A":"33051c6f-a6f5-4dc0-b9b8-bb5f60f20dad","icn_CommandBar_Item_A":"1fb40084-8ae7-4aab-8355-c85e319c7e90","lbl_CommandBar_Item_A":"0f29d2ff-b990-476c-8687-2ee6ef6eddb3","shp_CommandBar_Item_A_Spacing":"590ed0b8-66a2-4369-8114-af75381db630","html_CommandBar_Item_A":"8c63f8c6-c414-4e29-a577-794c6769e0b4","PACo_Button_A":"97db2592-4af3-4dd7-a3a8-9048e6c8c57c","cntr_Button_A":"9d7cc16a-c943-4107-a9fd-fa4129308b44","img_Button_A":"583955bc-151d-46b0-96a6-7d4e49990db8","icn_Button_A":"55f7de26-e973-487a-a75d-064463595e23","lbl_Button_A":"43c08626-abc0-4157-abf7-d29470fc8edf","btn_Button_A":"c4419803-633e-40ed-b4fd-23058a031cd7","html_Button_A":"b2805d18-5638-4fdd-bd62-a973e7078ae7","PACo_Tile_B":"4d601120-534e-46b1-8c67-ca3dd1232d62","html_Tile_B_Visualization":"bc7bef6a-44a9-443d-8f64-78e68cc57e97","shp_Tile_B_Visualization":"58198870-fe37-4f06-b582-3396ee0527d2","lbl_Tile_B":"ad736b4f-9b9e-4071-b66c-6a8cfc7b998e","icn_Tile_B":"c8428b25-59eb-47e5-b492-a3f7274708f0","PACo_Icon_A":"a038f8ac-7391-4785-b753-72d3b7de3d88","html_Icon_A_Visualization":"48f2dedf-2cfb-41b1-9dc3-aaddcfd750bd","shp_Icon_A_Visualization":"a14aeb16-87de-4704-94c5-a5b6fb3ccc7a","img_Icon_A":"f4eb4033-d70d-4aaa-8f12-9a62bcbc3fc2","icn_Icon_A":"e4468e91-c2c8-4cb0-ae3f-3585d221e424","PACo_Visualization_A":"6a2a40e6-7d75-447f-ae9d-970f4420182d","html_Elevation_A":"7a09fff6-ce12-4891-9ffe-0c822f84a398","shp_Elevation_A":"08795f76-681f-4492-8514-e40101d7a079","PACo_Tile_A":"b0217c01-ce61-44dc-aede-fc85b64ecf4f","html_Tile_A_Visualization":"f11ad074-732a-4dc9-b202-24e5654bedd0","shp_Tile_A_Visualization":"8dbc1d3f-7ec1-497e-bd6e-ac4cecfc8e29","lbl_Tile_A_Text":"6efd6956-130b-463d-9bee-546e74304be0","lbl_Tile_A_Value":"0f865483-b4b5-40a8-a27e-281449144cab","PACo_Spinner_A":"0cd5727a-b0cc-4223-af78-de1a8a9203c1","img_Spinner_A":"598bb678-b74d-4075-9c56-b943522232cb","lbl_Spinner_A":"41e476cf-8c95-4804-a8dc-1f12a0d2687f","PACo_DetailsList_C":"ab858574-a77c-4a96-a4e6-f2db9d25b7cf","html_DetailsList_C_Visualization":"271469d3-4123-4019-9899-081d011e57aa","shp_DetailsList_C_Visualization":"a04daa1b-74ed-4b3a-88b9-d18dcf7d332d","gall_DetailsList_C":"58abfa12-806f-4138-addc-2805fe40ef33","galleryTemplate4":"171c6be9-4a87-445f-85bf-3b88852247b0","shp_DetailsList_C_Gall":"5f3d9f61-f4ab-485d-a2b7-7ab2e8cd9087","cb_DetailsList_C_Gall":"98c977c7-c0c1-483c-a783-6d39396517e0","lbl_DetailsList_C_Gall_Title":"e5d3ef89-27a6-45b4-85ed-634a72bf3874","lbl_DetailsList_C_Gall_Subtitle":"b43e4773-6ce2-4a95-85a2-e0b41cb8b436","lbl_DetailsList_C_Gall_Body":"f0955fb2-bcc7-4c14-966c-ebe064368e56","shp_DetailList_C_Gall_Divider":"81dae4bc-1fc1-4851-a868-0cc17ef26b44","PACo_Nav_C":"7b873a27-fd59-4dff-86d0-5f1d69d2f404","gall_Nav_C":"03356299-a985-4a0e-a9a0-5d525165aa71","galleryTemplate2_1":"f55f7262-1c3b-4a05-85c4-81075478c9cc","shp_Nav_C_Gall":"4ec7b519-1730-4e96-9985-544ceea2f9ac","img_Nav_C_Gall":"fb674d96-4b05-4800-a9f9-a2ecaa12d9d2","icn_Nav_C_Gall":"4240526f-37fc-47e0-a5ae-028a54393f80","shp_Nav_C_Gall_Divider_Left":"9856c42c-125c-47b1-a591-f8c2816aea7f","shp_Nav_C_Gall_Divider_Right":"3afcfa91-a325-472f-9d7e-1841ebf46acf","lbl_Nav_C_Gall":"bb74aad5-031c-47d1-bba9-ab06e60fd126","PACo_Panel_A":"23db0ff8-f787-496b-bb67-5feb75ca4970","html_Panel_A":"914a2517-442c-48a4-9a38-2249ec8ac467","shp_Panel_A_Area":"24003f11-78ff-4e37-a113-5385ac3139a6","html_Panel_A_CommandBar_Visualization":"28d10374-8b2c-4a8c-b0e1-1fd91960435a","shp_Panel_A":"b1eb7a61-4032-4e40-bdfe-5ae0de53d708","shp_Panel_A_CommandBar_Visualization":"b4f5b061-2d45-4b08-bc3b-d2009af58edd","cntr_Panel_A_CommandBar":"5de54b3e-b9bd-4c0c-9e64-4bbf3618f6cb","img_Panel_A_CommandBar_1":"7d23cd5c-545d-4ec3-80d5-e727490f8b18","icn_Panel_A_CommandBar_1":"d542da4d-59c0-4bd1-aa55-8409420b75c8","lbl_Panel_A_CommandBar_1":"936f61b6-c50d-4bdf-b5a8-06bff83e6866","img_Panel_A_CommandBar_2":"8349951c-5772-48a9-b457-1df8b7778ca7","icn_Panel_A_CommandBar_2":"935dd0f5-e06c-4e8f-974d-2f35c626e9da","lbl_Panel_A_CommandBar_2":"f9f0d8bc-0a0d-441e-96d3-42977db57466","gall_Panel_A":"df909b03-0396-40d9-b622-019110366b9c","galleryTemplate2":"dd0cea50-115e-4b01-b56b-94d0bba4c428","lbl_Panel_A_Gall_Label":"16fd867f-6918-496b-8815-3b2b240e52f5","lbl_Panel_A_Gall_Text":"e617ed31-1813-4209-a232-61070fc3e90a","cntr_Panel_A_Button":"fc179039-286f-41b9-b9a1-04d876c98b58","btn_Panel_A_Button":"854ef3ad-5d2b-4da0-8330-4233b7731b1f","icn_Panel_A_Button":"205227d5-2a5a-4f5b-a74e-8996961ddc18","img_Panel_A_Button":"a4505723-b457-401b-ac37-a00a011c6798","lbl_Panel_A_Button":"2633b751-8013-49fc-b5fa-40e95bb088d9","html_Panel_A_Button":"e5552876-d640-4eda-bdbb-eac33743b0b5","html_Panel_A_CommandBar_1":"98561829-5c0d-4247-81b7-05becb9a9b15","html_Panel_A_CommandBar_2":"0587a0d3-546d-4af4-947b-f643fd740fed","PACo_HeaderSettingsMenu_A":"f162b43e-88c3-44aa-8662-1cf15ed98df0","html_HeaderSettingsMenu_A_Visualization":"f6a7f11e-98c9-4cf6-9a8b-f70b005ebc54","shp_HeaderSettingsMenu_A_Area_Visualization":"52f5f4f6-08e5-480f-827c-568eaa929db3","gall_HeaderSettingsMenu_A":"c488a6a4-6be4-411b-aa5f-6b5109663e57","galleryTemplate1_2":"5b0b0465-7b0a-4c31-88c5-f77445149038","shp_HeaderSettingsMenu_A_Gall":"d662fa2e-6620-46b7-ad4b-0a4dfa722c98","lbl_HeaderSettingsMenu_A_Gall":"f359b133-4006-4dd1-a67e-77177af6f9a0","icn_HeaderSettingsMenu_A_Gall":"96d05431-5e7a-4362-8891-34d2896b98ce","shp_HeaderSettingsMenu_A_Gall_Divider":"39b650d3-31c3-4e8b-b883-f1dca0af6b16","shp_HeaderSettingsMenu_A":"46769ed5-d851-4fe6-b5ab-5e77c7170aaa","PACo_Nav_B":"32183ab3-2e70-4f17-9f2d-c0e01aa42a76","html_Nav_B_Visualization":"737d8e84-95eb-4624-8d0a-973f90de7604","shp_Nav_B_Visualization":"ec929a63-5ab1-48c5-85bb-baed15aeec94","gall_Nav_B":"ff47a9b9-9667-4709-aff6-d3009353b58d","galleryTemplate1_3":"3471e668-681d-4af5-a411-658916ea9fab","shp_Nav_B_Gall":"8b756906-e095-4ae6-9ddf-3ecafd7b022b","img_Nav_B_Gall":"67393c3a-4ca3-4672-a849-372d672c20ce","lbl_Nav_B_Gall":"31ac9e9b-9de5-4aff-88cb-831f8f8c4336","icn_Nav_B_Gall":"3e517a44-9396-490a-9e1b-b90c68ff7a61","shp_Nav_B_Gall_Divider":"bf53e4ef-b5a0-42bd-a7bf-d4e5bfb8fdb4","PACo_DetailsList_B":"b7c9229c-161b-4cc4-8597-e3bbb051e208","html_DetailsList_B_Visualization":"adc24331-b8bb-4fb0-8be4-c67a36caf498","shp_DetailsList_B_Visualization":"e02aeb82-2a72-4c20-9116-1aa235b0e9f4","cntr_DetailsList_B_Main":"4ae03c15-f445-42c4-8dc6-8daaeac3c077","cntr_DetailsList_B":"d5045eb1-34ed-47db-888b-303ddd52a4f4","lbl_DetailsList_B_Header_1":"52c37690-c30f-4d3f-a6ba-4e4610ed9e3b","icn_DetailsList_B_Header_1":"00a68349-6720-46e9-b809-ce2b94628b9c","cb_DetailsList_B_Header":"cd667c67-deec-4512-8223-0e3f56272848","icn_DetailsList_B_Header_Sorting":"14a021b7-5828-4fb7-9563-5c260b751809","lbl_DetailsList_B_Header_2":"d224de5e-7963-4d7b-99b0-69e4e427d165","icn_DetailsList_B_Header_2":"20bc6d84-9eb9-489d-a5fd-2d3db7bc98b7","lbl_DetailsList_B_Header_3":"e973db40-139f-47e1-a52d-9f56bb242ccb","icn_DetailsList_B_Header_3":"ff9c6543-15ce-4f36-acbe-cfd39e0d6947","lbl_DetailsList_B_Header_4":"45556d7c-9420-4033-912e-d563673ff96e","icn_DetailsList_B_Header_4":"6196d14c-4392-4af6-a2a3-d0094768fa83","lbl_DetailsList_B_Header_5":"a7631dc4-38aa-481a-a99c-5dad5d8f1aba","icn_DetailsList_B_Header_5":"53979a58-c5bb-45f2-aaff-8b9529667827","lbl_DetailsList_B_Header_6":"8ed918af-ed5d-45f8-b1ac-2ea2b664e174","icn_DetailsList_B_Header_6":"f75916b9-cb35-473a-b5bf-d292bbeac95b","lbl_DetailsList_B_Header_7":"53964f57-e3af-4270-bcaf-f2fbbdb80c75","icn_DetailsList_B_Header_7":"99654476-db57-45c8-9222-770741b0f983","lbl_DetailsList_B_Header_8":"7134bc8b-02f8-41fe-9bcf-419cba4994a6","icn_DetailsList_B_Header_8":"d339749c-dd90-4179-943e-39ae6f051752","lbl_DetailsList_B_Header_9":"84630ee2-b269-442a-8531-548e3d2067d6","icn_DetailsList_B_Header_9":"63d41b0c-36f2-45a7-ba71-36ebdb78e0b3","lbl_DetailsList_B_Header_10":"aa67bac6-29fc-4017-91bd-78e56bbe89bf","icn_DetailsList_B_Header_10":"c65ff6bf-8392-4a7c-aa06-2b2fca37ec6e","gall_DetailsList_B":"76b2a7d4-862b-4c1c-a0f9-5e6e84b6cf77","galleryTemplate2_4":"248e8b05-8f56-4f73-a30d-f962e9cb9d5b","lbl_DetailsList_B_Gall_1":"c8a0e17c-2189-445f-81f4-dec3abe8e3fb","cb_DetailsList_B_Gall":"8c757f9e-9b42-4a04-8866-b1ed2ab62984","lbl_DetailsList_B_Gall_2":"54d152c8-3d7e-4db8-a5a7-157cdabaa0cb","lbl_DetailsList_B_Gall_3":"d84b5f4b-6214-465e-be93-ec472fd9b757","lbl_DetailsList_B_Gall_4":"4aef0b1d-d79b-46cb-b244-b23834b2a0d3","lbl_DetailsList_B_Gall_5":"5c1b8c63-4b34-4cf7-b991-6b7a3336f8e8","lbl_DetailsList_B_Gall_6":"e0c584f6-775f-4b3e-a90e-295b2b5b9d02","lbl_DetailsList_B_Gall_7":"32388a7a-3999-403b-9beb-f67667a6b478","lbl_DetailsList_B_Gall_8":"83c80e9d-5ac8-4348-9162-5fb1e54d629c","lbl_DetailsList_B_Gall_9":"3eba314a-98f6-45bc-ad2c-a9e59d56e3b2","lbl_DetailsList_B_Gall_10":"0df9f444-db26-42fc-87b4-a287b9df1a9e","shp_DetailsList_B_Gall_Divider":"30fa0c05-041a-4b27-bbd6-da5b9e44ed03","PACo_Dialog_A":"f69bc3aa-e9da-4442-bb54-987fbec851c8","cntr_Dialog_A":"d9b0b74f-57a8-4837-b269-4b8f0fca4c36","html_Dialog_A_Visualization":"d75202fc-8d91-4e42-b841-bd6df5c24b99","shp_Dialog_A_Visualization":"b4fc92bc-2521-4eaa-b4e5-32d9d1e30279","shp_Dialog_A_Area":"26c7462b-60ac-40c0-953d-5969e78bb740","lbl_Dialog_A_Title":"456bf238-ae88-4666-ba4f-407bbb5969c7","lbl_Dialog_A_Message":"5c684699-fe6a-4a52-bc3d-a3214af7181c","html_Dialog_A_Message":"f0d544f8-b2ac-4db7-9347-5a58d7e6a747","cntr_Dialog_A_Button_Last":"6b177215-46a3-42e1-9c99-16cb0b182dda","icn_Dialog_A_Button_Last":"bf366763-6178-4c91-9734-b1bc640da70e","img_Dialog_A_Button_Last":"17bfb612-bdbd-4904-8c17-4cfa19016993","lbl_Dialog_A_Button_Last":"288c0d05-f40a-49ae-a860-8d39aa98d82d","btn_Dialog_A_Button_Last":"e07fa609-dc09-47e5-a913-231cee200ea3","cntr_Dialog_A_Button_First":"1bd8f488-83dd-4d07-97dd-e90bf456ed35","btn_Dialog_A_Button_First":"0c549935-914d-4e6b-94b5-8c976d1ef023","icn_Dialog_A_Button_First":"fabdc131-460b-4924-93c9-6a7d2502a8cd","img_Dialog_A_Button_First":"cd689843-fd2f-44e2-bc4c-b91004bfd6a7","lbl_Dialog_A_Button_First":"457f4071-e339-4f6f-99f3-2e4a52b1254b","html_Dialog_A_Button_First":"8b4d9621-c633-464c-8072-5f16ab93fcad","html_Dialog_A_Button_Last":"9ff8ab60-29ab-4a57-89e3-f5ec21219552","PACo_Header_A":"46449cdc-b38f-4be6-afdf-d31b5171c231","html_Header_A_Visualization":"796875da-32d5-44d1-82c7-be44138ab386","lbl_Header_A":"dda79bf5-5998-4c78-82f0-30f96b8359a0","img_Header_A_Back":"a71f09dd-1bd2-4a6f-be4a-0e698f8d13ce","icn_Header_A_Back":"b8f27a2b-d5c5-43b8-800f-1baa460b3075","img_Header_A_Nav":"28e80c4a-faa0-479f-8875-272353df9ca4","icn_Header_A_Nav":"df1225f6-85e2-4464-abb2-936e2e1f52ae","img_Header_A_Logo":"182f0647-4352-4ceb-b293-711879154161","icn_Header_A_Logo":"aaeee02e-72cb-407c-a7c8-0d7227d899b4","img_Header_A_LanguagesMenu":"69aa6d28-9f05-4de2-8438-4f7562006556","icn_Header_A_LanguagesMenu":"7e11a581-84ab-4001-bb99-a3b508e16d93","img_Header_A_Help":"7be5c6c3-f11e-44ce-8a84-a683d6c09bfb","icn_Header_A_Help":"376e691a-aa42-45cb-9e40-c609014e9328","img_Header_A_SettingsMenu":"64cf0a72-7432-44e5-a9a7-f2aa821c9331","icn_Header_A_SettingsMenu":"23cd37cd-79a1-4691-88dc-103fe45367df","shp_Header_A_Visualization":"e5c69c6f-6593-4c1e-bf56-dfe8ea19359e","PACo_DetailsList_A":"44847725-eb2d-4f27-8390-48fbdf776256","html_DetailsList_A_Visualization":"bcf9459d-f40c-4b81-a490-94db6da04762","shp_DetailsList_A_Visualization":"f729e717-4775-4da9-b775-bda9534178ba","cntr_DetailsList_A_Main":"0631d11a-ec93-4e00-8dbe-a60e7d0afd85","cntr_DetailsList_A":"ad385eec-90a4-4a82-815a-a14a4226d988","lbl_DetailsList_A_Header_1":"4b5d66d6-c01e-4c26-8b10-4d1072a81e49","icn_DetailsList_A_Header_1":"84c6f32b-538d-49cf-8164-3ab54c65042a","cb_DetailsList_A_Header":"0e22eda7-a541-40d4-8953-10f0bb0439bd","icn_DetailsList_A_Header_Sorting":"547ca47a-3b9a-46fa-9472-e9c8cbd4980f","lbl_DetailsList_A_Header_2":"d4e76fb9-44a2-4b79-95c8-f7f73c780fca","icn_DetailsList_A_Header_2":"2ebd874f-35bf-438e-9676-27d8a5a1120b","lbl_DetailsList_A_Header_3":"8ea9e2cf-4a66-46bc-b3fe-bdfde7be4e82","icn_DetailsList_A_Header_3":"a56bb1df-6407-4bbf-959c-c118d84286a9","lbl_DetailsList_A_Header_4":"881a16b7-4fe1-4cfd-ae3e-e43a104418b9","icn_DetailsList_A_Header_4":"2cf35d96-4752-478c-946b-e50f3eb54331","lbl_DetailsList_A_Header_5":"e7a52181-39e5-4b07-8b20-b558bf221a2b","icn_DetailsList_A_Header_5":"2d81dccf-86a4-444f-a589-7bc3380f65ee","lbl_DetailsList_A_Header_6":"acfd1718-6f2d-490b-b4b3-721c537c6d49","icn_DetailsList_A_Header_6":"d0a0cd3a-779c-4704-b504-42e9e0804e5a","lbl_DetailsList_A_Header_7":"c3f28e6f-2ef4-4b2f-98f5-6f326cdec981","icn_DetailsList_A_Header_7":"e825905f-73b5-443c-940d-e2c31d7effd0","lbl_DetailsList_A_Header_8":"b2e6cc9b-d1a2-4b0c-9d3f-79fd6cd4a689","icn_DetailsList_A_Header_8":"d1b9d934-5aae-4af5-a79e-5e6375de0edb","lbl_DetailsList_A_Header_9":"f681c588-0b16-4c7e-9d36-444457182474","icn_DetailsList_A_Header_9":"1928f45e-f6d9-458f-abe7-596e2946a88e","lbl_DetailsList_A_Header_10":"7bc3d5e6-1c41-41e9-95f5-a6361a2772a0","icn_DetailsList_A_Header_10":"5672702b-b44b-4d25-8232-5904524c37f8","lbl_DetailsList_A_Header_11":"9be65f3c-bb3b-4823-a462-bdae7dab679f","icn_DetailsList_A_Header_11":"2e769c7c-4037-45f3-a21e-c670cbbaaed7","lbl_DetailsList_A_Header_12":"71e0eaab-94fe-4b3e-b56c-669ba4f2156b","icn_DetailsList_A_Header_12":"8c68a7d8-189f-4725-b927-c363416deba1","lbl_DetailsList_A_Header_13":"233d9726-b437-4370-835e-45ad8c2c3a9f","icn_DetailsList_A_Header_13":"31df9c4b-a201-4da9-adb6-c77d845c24c8","lbl_DetailsList_A_Header_14":"78de0352-ade0-47d6-89f1-26c42f462df4","icn_DetailsList_A_Header_14":"9cca2640-92c2-4575-bae7-d44ac6cd615f","lbl_DetailsList_A_Header_15":"d2cbc9a6-5c28-4c96-9a08-fded1d6b49e0","icn_DetailsList_A_Header_15":"012c14f6-d8fe-47a1-9067-2bc685dff799","lbl_DetailsList_A_Header_16":"61f6c6ce-8662-4cb7-a70c-8c43bc13e59a","icn_DetailsList_A_Header_16":"7188039b-3705-4bfa-bdaa-b671b25fc8b3","lbl_DetailsList_A_Header_17":"98f42b50-8c68-48ac-af57-347c0d13476c","icn_DetailsList_A_Header_17":"3f8a27f5-2835-4a91-9f9b-5dcdb5a3de76","lbl_DetailsList_A_Header_18":"aa599a02-59a8-450b-9ecd-81aebf8c91d6","icn_DetailsList_A_Header_18":"a9aba4d2-9062-4346-a19e-4b6c36a4d4f6","lbl_DetailsList_A_Header_19":"73567efb-766d-457d-8453-e254a648cb5a","icn_DetailsList_A_Header_19":"ce778cc3-21a8-44d5-9f36-00943c820882","lbl_DetailsList_A_Header_20":"d4cdaa2c-de79-475a-b04a-195fc6b35561","icn_DetailsList_A_Header_20":"8c0e4d6c-804c-4375-b104-d245521d699b","gall_DetailsList_A":"42ef71dc-7bbe-4632-8d70-49e795a9b451","galleryTemplate2_3":"2685c384-16ca-4698-a2ff-e9f43fe658a5","lbl_DetailsList_A_Gall_1":"81bf56d5-aad0-4854-9207-5ceeb78b53dd","cb_DetailsList_A_Gall":"cd2c3bfc-5c33-4108-b745-4635eff69db0","lbl_DetailsList_A_Gall_2":"255119ec-00d3-4f6b-abd3-ab9a41a725ba","lbl_DetailsList_A_Gall_3":"45820388-2e46-467a-a973-ebfb02eaabc6","lbl_DetailsList_A_Gall_4":"884dfbb5-6ee5-4b3a-a86a-36d19e0d08c0","lbl_DetailsList_A_Gall_5":"1db3f480-90a6-4b19-984e-94483c8d04ba","lbl_DetailsList_A_Gall_6":"10f3c1e1-302b-4414-b56b-e329a5192885","lbl_DetailsList_A_Gall_7":"a078fbfb-cded-4cf2-a3c6-56093e7a265c","lbl_DetailsList_A_Gall_8":"f52c17d2-68c6-44d6-abcc-54f066cfd99a","lbl_DetailsList_A_Gall_9":"5fb48cab-2a6e-4cbe-9844-c62a172d1a7e","lbl_DetailsList_A_Gall_10":"2aead95b-f3a4-4fb0-a753-83b36a504adc","lbl_DetailsList_A_Gall_11":"47c27171-900d-4a20-9c99-3217b6c30efe","lbl_DetailsList_A_Gall_12":"f99184ea-4ebb-4ae9-bbb9-001827d5a17a","lbl_DetailsList_A_Gall_13":"f81f85a4-063c-4156-85f7-80276516903e","lbl_DetailsList_A_Gall_14":"dc8898fa-ac50-479d-bc73-4cb0f8bb2027","lbl_DetailsList_A_Gall_15":"fddf1e91-3f74-4368-b4e4-be9b147ec6f2","lbl_DetailsList_A_Gall_16":"3b111b20-4bd2-4ad3-b0bd-f7b829c6d477","lbl_DetailsList_A_Gall_17":"ef41e182-578f-48ef-b91a-ed038cbf7742","lbl_DetailsList_A_Gall_18":"f5e52600-3b00-4dc2-9be7-96972ca57d27","lbl_DetailsList_A_Gall_19":"a621a28e-8bbe-4bee-b552-3436566eddd3","lbl_DetailsList_A_Gall_20":"ea28833f-816c-4f3c-a91c-9e20591f8e91","shp_DetailsList_A_Gall_Divider":"a674c304-f123-4d20-8cf4-e62e714ecf61","PACo_SearchBox_A":"80e8b30e-0be1-44b6-9d34-e4734ce5ed16","html_SearchBox_A_Visualization":"cee8ade9-06ab-447f-be14-14b78c0035bd","shp_SearchBox_A_Visualization":"771a86a9-9fa5-4edd-9287-f94814749d3a","ti_SearchBox_A":"632407f1-80e9-4cb3-b1d2-eee84cd812f8","img_SearchBox_A_Search":"776c7329-b39a-4556-8f43-6852087950ac","PACo_Tabs_A":"aeb9966c-e81e-4858-b470-728c40a913d8","html_Tabs_A_Visualization":"222ef40b-d268-4104-96e1-6b595fc2e720","shp_Tabs_A_Visualization":"1b36b7cd-0f88-4bdf-b0e9-b6032ebbdaef","cntr_Tabs_A":"e6c0e461-3123-4c4d-aa99-c88af6024f6e","lbl_Tabs_A_1":"158d2c48-4ec2-4405-8bc7-bc4bcd581d9f","icn_Tabs_A_1":"aad1fa9d-2247-489a-82bd-23bec81c6926","lbl_Tabs_A_2":"cd3e70cd-0763-4162-9bed-e0c8e6ad915f","icn_Tabs_A_2":"35103dd3-80b0-4f08-8d16-546f0def10d6","lbl_Tabs_A_3":"b8fa1428-a348-424f-94bc-08ac2ae33aeb","icn_Tabs_A_3":"451d5388-4313-4271-884a-37c36017e44c","lbl_Tabs_A_4":"629322a0-5ff9-438d-bb46-1752f6c3163b","icn_Tabs_A_4":"8775e84d-3207-407f-a41d-63118e9bf495","lbl_Tabs_A_5":"cf6b4593-d23d-4dad-9256-fe0eedac291e","icn_Tabs_A_5":"3f3026e2-9976-471f-aa2a-99ab42b2e25e","lbl_Tabs_A_6":"637a7e46-dc58-4a2d-b0dd-8d3d6d40e7b6","icn_Tabs_A_6":"376598e9-5920-49c1-8a9b-f0f7292d66ba","lbl_Tabs_A_7":"d961606a-8135-43bb-b879-894824871e15","icn_Tabs_A_7":"48ae350b-120d-48d4-9d82-5b5befff7ee6","lbl_Tabs_A_8":"6c6169aa-536f-48f1-ab77-383973d0e245","icn_Tabs_A_8":"26a9bc5f-3d93-4b77-bb2e-533a230157d6","lbl_Tabs_A_Menu":"af5fd978-ad4c-401f-8fba-278a08de6520","icn_Tabs_A_Menu":"f902d42c-bfdc-4098-a408-2610d4f22f73","shp_Tabs_A_1":"ff26c305-1ee6-4900-9e72-97f83713ef2f","shp_Tabs_A_2":"9e50f2e8-94d4-4c3d-b51c-99070813cc76","shp_Tabs_A_3":"1013118e-fec4-46bd-ad7a-26467adca397","shp_Tabs_A_4":"cb8d5382-b1db-44a2-b7e0-a1db30ab1a16","shp_Tabs_A_5":"59821916-bab2-4cde-8826-8732d6359616","shp_Tabs_A_6":"89eced88-e318-459b-a9a3-0b33be94c99f","shp_Tabs_A_7":"847d7da9-7049-4f60-a0af-46613d2c97cb","shp_Tabs_A_8":"4987688c-a743-4c1d-b8d2-24328d730525","html_Tabs_A_1":"780b1adb-6283-47e9-b85c-45e51b33502d","html_Tabs_A_2":"918da8da-1ea8-4bde-8eb6-0f4200730168","html_Tabs_A_3":"c0499e88-5ccf-4ffe-901d-443190a9eae4","html_Tabs_A_4":"e03e2e63-40da-4c82-ac25-6d11706330af","html_Tabs_A_5":"4d017a92-be70-4aab-a807-57eed5c6727b","html_Tabs_A_6":"35925031-6738-4029-9615-75c62b945bc2","html_Tabs_A_7":"c8e71a1b-779d-4d45-b551-7f2f70759648","html_Tabs_A_8":"5d83177f-7db3-48c0-86c2-5e14896b8d17","PACo_HeaderLanguagesMenu_A":"8adbe074-66b6-435e-9285-d800cf2ef052","html_HeaderLanguagesMenu_A_Visualization":"44794cb9-6f50-4f2b-a394-9ac1c25b917d","shp_HeaderLanguagesMenu_A_Visualization":"cc716d64-77e0-4e49-9013-0ccd4ab57ce6","gall_HeaderLanguagesMenu_A":"ce748e47-bc4f-48d0-aee2-7f76b29a2eff","galleryTemplate1_6":"124a7320-ca32-4f20-a3a6-ae927f522e85","img_HeaderLanguagesMenu_A_Gall":"48922e60-9845-4c7f-a5e8-a4dc4c11f27a","icn_HeaderLanguagesMenu_A_Gall":"3d9530c5-be35-4f89-ad5b-f72be35eed50","shp_HeaderLanguagesMenu_A_Gall_Divider":"9c656285-a26a-4853-9a14-1ae72bd1bf2e","PACo_Log_A":"86662bb9-0ea5-4e14-ba3e-6c0f4b1d6a09","html_Log_A_Visualization":"93346f96-38ff-4ce5-9459-cffc34ebc66a","shp_Log_A_Visualization":"d73a9075-25ae-4f03-bcea-a09c289b0d28","gall_Log_A":"c7008a66-42b9-49dd-8bea-c7d1018d46a8","galleryTemplate1_5":"3115d930-c5fa-4083-b189-569d64ceb852","shp_Log_A":"b98bcbb7-1f93-4301-96f3-274d6f0c535a","icn_Log_A_Gall":"07c48d54-289a-4fe3-9a9a-8a1170a58f90","img_Log_A_Gall":"b05a3ac2-2b38-43d1-a5a7-fad13b13de08","lbl_Log_A_Gall":"0d5357f8-c223-4905-9341-9bc84acb96e5","shp_Log_A_Gall_Divider":"60317137-71a0-4e82-942f-664a55825907","PACo_SelectList_A":"bb9ffd55-f213-4cd0-b0e1-d61325871724","cntr_SelectList_A":"9f8e0a84-4e9c-4f25-8411-87d087bbfc10","html_SelectList_A_Visualization":"0bb23725-097f-415e-ab6d-401b08f30623","shp_SelectList_A_Visualization":"dd7eb565-caa7-4502-b0d3-06b3cfd54095","shp_SelectList_A_Area":"4003ac95-af6b-49c9-aa6b-9d2f61aad141","cntr_SelectList_A_Search":"bcc5c282-ede5-4c5b-83f3-8f00d6344243","html_SelectList_A_Search_Visualization":"3acf8333-5157-4559-af25-18bad10233d1","shp_SelectList_A_Search_Visualization":"2e7b4d0f-928f-4121-bd37-530263752e0c","ti_SelectList_A_Search":"52146283-6dc4-4d34-a1c4-80fbb66569c4","img_SelectList_A_Search":"ccd1f532-115c-4cbe-bdf0-549d2970986d","html_SelectList_A_Gallery_Visualization":"dd01ed89-579e-41c5-8a2f-6dd32cb25ed3","shp_SelectList_A_Gallery_Visualization":"1d431ef8-ca6e-4b0c-9a63-389e0423aa95","gall_SelectList_A":"415e45dd-46b1-43fe-9c2d-a072193e7374","galleryTemplate5_1":"87582e17-87a7-41ae-82aa-0b235a87431a","lbl_SelectList_A_Gall":"0e076861-2ae9-461b-a21b-70d1bb680b60","icn_SelectList_A_Gall":"9cfec5dc-0b9f-4d98-8c1e-59a2e904b714","shp_SelectList_A_Gall_Divider":"04bc949a-e10c-4d80-b3d3-af499a051ec1","cntr_SelectList_A_Button":"8ad36337-fad7-433d-a4fd-92811905cfc5","btn_SelectList_A_Button":"a42cc1b3-34ff-45f7-88cf-2720842ced02","icn_SelectList_A_Button":"8df2fe81-c31d-4565-9ad8-038a77dc6c25","img_SelectList_A_Button":"5b3bd48a-e99e-4e69-8f51-e3759293875f","lbl_SelectList_A_Button":"0434294b-994e-442c-9749-04cb86a2f731","html_SelectList_A_Button":"c71ce5d8-d642-404a-bb18-4ca733b06803","PACo_TabsMenu_A":"e212841b-3043-46ab-a1d4-184e31ab962e","html_TabsMenu_A_Visualization":"1d8dc173-f1f3-4e42-8ea2-9db632558e3e","shp_TabsMenu_A_Visualization":"30ba8e1e-6bb4-4d61-8136-b5486af43a84","gall_TabsMenu_A":"cdc86711-3dc9-4639-80e0-faec04fc63f6","galleryTemplate1_7":"3c518f0c-cec1-4e8b-a95a-b3178ec3264c","shp_TabsMenu_A":"2c456c38-752a-4ff4-852d-88026fdc6817","icn_Tabs_A_Gall":"16ff08e3-b165-4d29-9642-28798a3d7058","lbl_TabsMenu_A_Gall":"2638d74b-c39b-4b6e-9bbd-3d243c10c005","shp_TabsMenu_A_Gall_Divider":"a3c35bf7-e825-488e-8e48-4d2fdfbdce01","PACo_Log_A Screen":"d031df28-1216-47d5-9276-10d32a40aae7","cmp_Log_Back":"3ccfa5a9-e9d1-4271-bc57-b178cc7a6b0c","tmr_Log":"6d576875-7890-42c0-9da7-857d28fe1fe3","cmp_Log_A":"56e998e0-864f-405e-9c4f-c0a3cc96d7c5","cmp_Log_Button_LoadData":"be965022-2339-4e00-80b1-2415a05361c9","lbl_Log_A_VAR":"7b571760-e720-4ed3-996e-92b51fc85a17","PACo_SelectList_A Screen":"38f8ecc9-3ee3-4fb2-98f8-94e7b5e92636","cmp_SelectList_A":"aee3c8f6-95da-4c0b-b8d8-dbec97ffc173","cmp_SelectList_Back":"fd62c73e-20eb-4742-887a-937023e98eff","cmp_SelectList_Button_LoadData":"5d454ed1-7a6a-4922-9b8e-ef57b218fd28","lbl_SelectList_A_VAR":"e02ee09b-e02f-4439-9fae-7c621971c473","PACo_Header Screen":"b51bda0e-148c-405f-b210-d45b86e446c7","cmp_Header_A_1":"97b05ca9-2860-4dec-88a3-73249944ea9a","cmp_HeaderSettingsMenu_A":"a71ff017-88eb-4a7a-bde0-f9bfc2f65beb","cmp_Header_Back":"a85047fb-16df-492a-ab35-54070072f720","cmp_Header_A_2":"de3eb4ea-5ef7-443d-9a61-d0f527ba27a2","cmp_Header_A_3":"d557d8b9-f966-47a0-ada2-fb788481860a","cmp_HeaderLanguagesMenu_A":"1f38f073-fdbe-4013-973c-504ce0f5bbe0","lbl_Header_A_VAR":"31d0265c-bda4-4d8c-87f2-cb239b4ad8e1","PACo_DetailsList_C Screen":"fe27447e-2201-424d-beea-a55b568c7f0e","cmp_DetailsList_C_Back":"a5674e88-5b42-4038-a5d8-a9e80af7f59e","cmp_DetailsList_C_Button_LoadData":"e493dc84-b781-45bb-90c4-e0994ce388c4","lbl_DetailsList_C_VAR":"8773665d-6d38-4670-b3d6-17425bd504ac","cmp_DetailsList_C":"7108906e-a5b0-4e0c-9421-09d0c97e9df7","PACo_SearchBox_A Screen":"1cc43c6a-b2d9-45b2-bcd1-fb07bba0f8cf","cmp_SearchBox_A":"27ceb5f3-6f76-4c1a-9643-1d0f995d2c5d","cmp_SearchBox_Back":"ad855773-4286-48f4-93f4-88178f729707","lbl_SearchBox_A_VAR":"71bd2e4f-89fb-4fc2-b851-d3ac8ed62962","PACo_DetailsList_A Screen":"ef82f38d-55c6-4a03-a3aa-0fac1f9ceceb","cmp_DetailsList_A_Back":"61f3bf6e-ab60-46db-98ba-574c1c6f6391","cmp_DetailsList_A_Button_LoadData":"ae4af06c-6347-4fcd-8963-257ffbc3e61a","lbl_DetailsList_A_VAR":"19b5e9c4-1c03-4874-9b47-4510ec893dc4","cmp_DetailsList_A":"c30d7491-ba20-4130-8f66-18cd1693baae","PACo_ProgressIndicator_A Screen":"bb4e0a7b-324a-482a-8900-97d57f2eb383","cmp_ProgressIndicator_A_Back":"b0bba98d-0f34-422b-8f83-507746aa3011","cmp_ProgressIndicator_A_Button_LoadData":"c11e268b-9de6-426a-893f-6e5f9de2950a","cmp_ProgressIndicator_A":"bd57ca3e-82db-452f-9a60-bef4442fae0b","Home Screen":"2de53cd9-8f11-44e4-9e35-7f4ccd39042e","cntr_Home":"5d6fd9b7-b72b-430e-88fe-05c394fe8581","cmp_Button_PACo_Button_A":"fb67fe4c-a166-4494-ac67-55acd94d2c4f","cmp_Button_PACo_CommandBar":"5a582b10-ee68-476d-9c79-87d2241a36e0","cmp_Button_PACo_CommandBar_Item_A":"e462229c-266c-48e8-a05e-df237bd55ac0","cmp_Button_PACo_DetailsList_A":"7d1cedeb-19af-45cb-89b7-6478e1c29691","cmp_Button_PACo_DetailsList_B":"c856bab4-220a-486e-bc73-b8e464f7550c","cmp_Button_PACo_DetailsList_C":"fe94a540-2a82-4f2c-ae3d-4dd76a6c02d6","cmp_Button_PACo_Dialog_A":"13126e36-2a53-4286-a935-ee5586d6fc18","cmp_Button_PACo_Header_A":"01efd929-5d88-4f79-954c-3f8e703d41de","cmp_Button_PACo_Icon_A":"93695e29-dafe-418d-925a-fee1fe1b620f","cmp_Button_PACo_Log_A":"0ad4f25f-5b11-46fe-94b0-50b1bf28710c","cmp_Button_PACo_Nav_B":"f8669e43-47cd-4452-9b32-0c7eceb0f56e","cmp_Button_PACo_Nav_C":"51730f23-9667-4387-be3e-0d2e02b18632","cmp_Button_PACo_Panel_A":"d293bd16-4191-4222-a6c9-fdceed7f43d7","cmp_Button_PACo_ProgressIndicator_A":"0634b095-cf36-4a20-80ed-1b464d93240a","cmp_Button_PACo_ProgressIndicator_B":"fcd36a04-3234-4c7a-833d-8b3a2b842e64","cmp_Button_PACo_SearchBox_A":"c0991ec8-159b-407f-b6dd-b63cef920ae5","cmp_Button_PACo_SelectList_A":"7fe730d7-0c48-4280-b1a2-e71c794d2dd8","cmp_Button_PACo_Spinner_A":"ad918a57-331b-4a5d-8dd5-6fd81779e426","cmp_Button_PACo_Tabs":"a2693165-6d8d-4f11-a71d-6dba05642714","cmp_Button_PACo_Tiles":"b39e15d9-cf97-4f93-9e00-f72a3fb6af80","cmp_Button_PACo_Visualization_A":"f46d156e-b2e5-4881-b21f-275e14dd16d6","PACo_ProgressIndicator_B Screen":"8a586a47-55ce-40aa-bf21-bc654511b978","cmp_ProgressIndicator_B_Back":"c9899ead-c154-4fff-a98b-a6249a6830c8","cmp_ProgressIndicator_B_Button_LoadData":"ab4dcd77-af45-4452-90cb-5ca6bdeddca3","cmp_ProgressIndicator_B":"f9c4558a-35e5-43db-98b0-2989cb6e9a04","PACo_Button_A Screen":"d2c68483-5770-4dd0-b63a-c6b7e74206c5","cmp_Button_Back":"da2ecf3e-efce-4a55-862f-ef414d2a9d01","cmp_Button_A_Primary":"93c1b4b1-827c-461a-8bab-92105ab2529c","cmp_Button_A_Secondary":"85fba862-0dea-47c0-ae98-13f8a14e408c","cmp_Button_A_Primary_Disabled":"ef92777f-7b49-4b72-a87c-026be95e3125","cmp_Button_A_Secondary_Disabled":"41804fee-524d-459b-830b-0faee111937f","cmp_Button_A_Primary_NoImage":"af1ef2d3-f4eb-487c-8391-e0171d710815","cmp_Button_A_Secondary_NoImage":"5cd1b345-c150-4847-9127-bfd2f02e7a93","cmp_Button_A_Primary_NoText":"d29d62ad-66e0-4b63-bafc-8584e396fa4d","cmp_Button_A_Secondary_NoText":"1d969022-d7f8-4d23-b942-9e838d89321f","cmp_Button_A_Primary_BorderRadius":"8f102ee4-9044-4445-bbf5-04ad80131a13","cmp_Button_A_Secondary_BorderRadius":"c6dfd39e-c6af-4372-a847-9c135d4bcab6","cmp_Button_A_Primary_Disabled_BorderRadius":"31b8b22e-ab73-4e27-b287-b0cbad88c0e6","cmp_Button_A_Secondary_Disabled_BorderRadius":"8da0fb88-8ed9-40cc-83db-27a6af36cc33","cmp_Button_A_Primary_2":"f538fda3-cdf3-4990-a08c-6fda32efea5b","cmp_Button_A_Secondary_2":"888cbcec-d114-424a-a258-46cf79b501ed","cmp_Button_A_Primary_Disabled_2":"b41f3fc9-283c-4047-a49f-b7318c183df2","cmp_Button_A_Secondary_Disabled_2":"692ebfc4-4891-442d-aaed-7eb1ecc32eef","cmp_Button_A_Primary_NoImage_2":"447b0f48-06be-424e-b01e-58921b59a1fe","cmp_Button_A_Secondary_NoImage_2":"2d314956-6162-40f0-99bb-a6016b1f38c2","cmp_Button_A_Primary_NoText_2":"d54e088f-dc5d-4020-8b7f-cedaad63fa03","cmp_Button_A_Secondary_NoText_2":"4ccab99b-bd46-4dab-8624-11e1638a9649","cmp_Button_A_Primary_BorderRadius_2":"daf1fa69-a783-4ffd-a447-c22c4c9e5588","cmp_Button_A_Secondary_BorderRadius_2":"a09d0c60-7ac5-4dd2-8ed4-374b8a15881c","cmp_Button_A_Primary_Disabled_BorderRadius_2":"536dc549-d799-4793-80b6-5bf7171ecbae","cmp_Button_A_Secondary_Disabled_BorderRadius_2":"49d7ec2d-f6e8-430d-9fd4-7c3608e9b09a","lbl_Button_A_Primary_VAR":"9ad44054-8f24-401d-ac40-8179054c45ed","lbl_Button_A_Secondary_VAR":"a42102ab-709e-4010-b090-59aef0932f26","PACo_CommandBar_Item_A Screen":"8cab4163-24dd-4717-9dbf-99c040e9db04","cmp_CommandBar_Item_Back":"177cb5cc-064f-40b9-91cd-9929577a49e8","cmp_CommandBar_Item_A":"3b587aa9-8162-4de3-b40d-4ba9c18aac06","lbl_CommandBar_Item_A_VAR":"50fe9dc0-4a1a-4d9e-a7da-cce96163e725","PACo_Spinner_A Screen":"5eb9dfbc-bae3-4788-bf23-5bad6ed46e02","cmp_Spinner_A":"4fe2b504-1959-44f7-acdb-94ec05074c41","cmp_Spinner_Back":"a5f8a9c7-abb8-4129-9918-ca2710af2e3a","PACo_Icon_A Screen":"849abd3c-8dd9-43b6-8ca9-1176130051d9","cmp_Icon_A":"c08b05ff-f084-43e9-8373-828d545533d4","cmp_Icon_Back":"356cb6d6-9015-48fe-aba8-16646a932209","lbl_Icon_A_VAR":"9f1c91b7-f160-4c98-8955-660b8a2a9752","PACo_Visualization_A Screen":"0445e2ad-6008-4f7f-a92b-8495c435313d","cmp_Visualization_A_Elevation":"37c35ecd-0788-4669-9980-247e1cdd98d4","cmp_Visualization_Back":"a0537c14-9d42-43ad-a29f-4706578874f2","cmp_Visualization_A_Line":"fbf7741f-f734-48c1-bddb-ea4dfcead990","PACo_Tiles Screen":"eae0d78f-9b62-4c9c-9767-f590a619de31","cmp_Tiles_Back":"92a677b6-c628-4785-ba31-51d5b6604f7f","cmp_Tiles_Button_LoadData":"03dcfe8a-2a77-4178-bfbc-8cacec91244b","cmp_Tiles_Tile_A":"c927f6f3-c423-46d9-9eb4-8606934cae24","cmp_Tiles_Tile_B":"5440ca8e-1031-42d9-b7a8-bc3271669566","lbl_Tiles_VAR":"1a108f45-e010-405f-8ce0-a02f445086da","PACo_CommandBar Screen":"7d40bd5c-c052-4da3-bb59-21a0f7a96213","cmp_CommandBar_Back":"371f9d1e-1ac8-41f9-8281-e2c8412c1758","cmp_CommandBar_Button_LoadData":"f1560a45-eb4b-4fe0-90d3-060427c82962","lbl_CommandBar_VAR":"5dc10733-21b1-4b9c-8f5b-cee2b231bcb6","sldr_CommandBar":"0796f7c1-3871-41e1-b97f-3e9af3b60bc3","cmp_CommandBar_B":"e39791eb-5aea-43f1-9b23-5c5d38c5eabb","cmp_CommandBarMenu_A":"c3f9ff66-73ce-4570-afd1-954df7d6a911","PACo_DetailsList_B Screen":"e99a7191-f0df-4141-957d-6046482fd534","cmp_DetailsList_B_Back":"8e62a4f5-b673-411a-95ea-4ce4aa6e4e50","cmp_DetailsList_B_Button_LoadData":"253d6ea6-0f28-45bc-93a8-74156cc6e6fb","lbl_DetailsList_B_VAR":"cec50f8b-a238-4d49-8ad7-db90d2cbd6e0","cmp_DetailsList_B":"39262d09-0d57-4ef6-b3be-bbacfdb92af8","PACo_Dialog_A Screen":"2044281d-4e11-42f3-b708-a227c8ae08fc","cmp_Dialog_A":"1afac886-2b70-4b3b-bd7b-c64f86e04096","cmp_Dialog_A_Button_LoadData_1":"c277b42f-e334-452e-a01b-38b473d6d8de","cmp_Dialog_A_Button_LoadData_2":"f7cbec3d-067a-4a10-8ab1-b5ba944fdd02","cmp_Dialog_Back":"741b5c30-bd7e-4445-82b6-2d2e0416fcf1","PACo_Nav_B Screen":"99dfeba5-7ad2-421b-958d-47e84d978f0f","cmp_Nav_B_Back":"857d853b-5527-451a-8a99-364dc8309d27","cmp_Nav_B":"7943e6f8-583c-4c30-a54d-d520f433fe8a","cmp_Nav_B_Button_LoadData":"d135b419-838d-4eab-854d-86a4bfb36f6f","lbl_Nav_B_VAR":"0724da19-9c10-4a6c-9657-eff310defa3c","PACo_Nav_C Screen":"5e4303d1-7c4f-4fe3-9d3a-d4e045e9a926","cmp_Nav_C":"c61216e1-bb30-4b24-aa94-17eecf2d3bd4","cmp_Nav_C_Back":"4011f748-835a-4d4c-be8f-f97c5035005c","cmp_Nav_C_Button_LoadData":"12483cf5-19e7-49be-896f-854e2c595895","lbl_Nav_C_VAR":"caca6608-e5eb-4cbb-9c49-420f5714e9d4","PACo_Panel_A Screen":"86cd12ec-5f07-4bb7-b007-ac07d55518c2","cmp_Panel_A":"fd3d3093-0a3c-4533-a202-3457dfbe05a2","cmp_Panel_Back":"fe8a0b29-5ead-426f-935f-06655efe9fa9","cmp_Panel_Button_LoadData":"52460957-1b66-4717-b301-0872f253b191","lbl_Panel_A_VAR":"6a69dab4-5a81-4995-bce2-63554769d299","PACo_Tabs Screen":"28b47d9c-62ec-439b-be38-4f7088b46e29","cmp_Tabs_Back":"8c44f843-c0fa-4c7d-ad5b-02cc63e5e2c8","cmp_Tabs_Button_LoadData":"63e3431d-ee33-4b1c-a53f-857b06c07a49","lbl_Tabs_VAR":"db865fd7-86e0-4a54-baf7-bda239e0e2e9","sldr_Tabs":"3f6b97dd-e63b-44b7-ba53-ecf74b4d0c1e","cmp_Tabs_A":"57ec5968-7c6b-4846-992f-76844ebca335","cmp_TabsMenu_A":"5c09cfe9-5f88-4b5f-b22a-93a227805ec0"}