{"schemaVersion":"1.0","appDefinitionTemplate":{"id":"/providers/Microsoft.PowerApps/apps/","type":"Microsoft.PowerApps/apps","tags":{"primaryDeviceWidth":"1366","primaryDeviceHeight":"768","supportsPortrait":"true","supportsLandscape":"true","primaryFormFactor":"Tablet","publisherVersion":"3.22111.19","minimumRequiredApiVersion":"2.2.0","hasComponent":"true","hasUnlockedComponent":"true","isUnifiedRootApp":"false","sienaVersion":"20221125T133221Z-3.22111.19.0"},"properties":{"appVersion":"2022-11-25T13:32:21Z","lifeCycleId":"Published","createdByClientVersion":{"major":3,"minor":22111,"build":19,"revision":0,"majorRevision":0,"minorRevision":0},"minClientVersion":{"major":3,"minor":22111,"build":19,"revision":0,"majorRevision":0,"minorRevision":0},"backgroundColor":"rgba(0, 128, 128, 1)","backgroundImageUri":"/2956154488174548025/Nee73bc1e-5b8d-4a91-aeca-2d920b3901b4-logoSmallFile","displayName":"PACo v1_1","description":"PACo","commitMessage":"Version 1.1","appUris":{"documentUri":{"value":"/2956154488174548025/N0db79853-3007-49eb-af27-abb6a5f82221-document.msapp"},"imageUris":[],"additionalUris":[]},"createdTime":"0001-01-01T00:00:00Z","lastModifiedTime":"0001-01-01T00:00:00Z","sharedGroupsCount":0,"sharedUsersCount":0,"icons":{"smallIconUri":"/2956154488174548025/N76ac466b-4d41-4318-861c-e3ec936f1a5d-small.png","mediumIconUri":"/2956154488174548025/N644b6aac-611a-4d5b-8775-d54ac4db36be-medium.png","largeIconUri":"/2956154488174548025/N5f2066e5-fa4d-40a8-8a22-dd98808dc833-large.png","wideIconUri":"/2956154488174548025/N4a3efa7d-496a-4ee2-8353-baf2209f887d-wide.png"},"connectionReferences":{},"databaseReferences":{},"almMode":"Solution","performanceOptimizationEnabled":true,"canConsumeAppPass":true,"enableModernRuntimeMode":false,"executionRestrictions":{"isTeamsOnly":false,"dataLossPreventionEvaluationResult":{"status":"Compliant","lastEvaluationDate":"2022-10-02T08:28:06.5652482Z","violations":[],"violationsByPolicy":[],"violationErrorMessage":"The app uses the following connectors: ."}}},"appType":"ClassicCanvasApp","appComponents":[]}}