{"schemaVersion":"1.0","appDefinitionTemplate":{"id":"/providers/Microsoft.PowerApps/apps/","type":"Microsoft.PowerApps/apps","tags":{"primaryDeviceWidth":"200","primaryDeviceHeight":"40","supportsPortrait":"true","supportsLandscape":"true","primaryFormFactor":"Tablet","publisherVersion":"3.23044.15","minimumRequiredApiVersion":"2.2.0","hasComponent":"true","hasUnlockedComponent":"true","isUnifiedRootApp":"false","sienaVersion":"20230507T194026Z-3.23044.15.0"},"properties":{"appVersion":"2023-05-07T19:40:26Z","lifeCycleId":"Published","createdByClientVersion":{"major":3,"minor":23044,"build":15,"revision":0,"majorRevision":0,"minorRevision":0},"minClientVersion":{"major":3,"minor":23044,"build":15,"revision":0,"majorRevision":0,"minorRevision":0},"backgroundColor":"rgba(78, 81, 128, 1)","backgroundImageUri":"/11842186482361839553/Na1a4d733-c322-49f4-9571-476ce7778527-logoSmallFile","displayName":"PACo-Extra","description":"PACo-Extra","commitMessage":"Version 2.1","appUris":{"documentUri":{"value":"/11842186482361839553/N3fc2e00d-24a0-496d-abed-c872a08b9b13-document.msapp"},"imageUris":[],"additionalUris":[]},"createdTime":"0001-01-01T00:00:00Z","lastModifiedTime":"0001-01-01T00:00:00Z","sharedGroupsCount":0,"sharedUsersCount":0,"connectionReferences":{},"databaseReferences":{},"almMode":"Environment","performanceOptimizationEnabled":true,"canConsumeAppPass":true,"enableModernRuntimeMode":false,"executionRestrictions":{"isTeamsOnly":false,"dataLossPreventionEvaluationResult":{"status":"Compliant","lastEvaluationDate":"2023-04-17T12:18:52.9837879Z","violations":[],"violationsByPolicy":[],"violationErrorMessage":"The app uses the following connectors: ."}}},"appType":"ClassicCanvasApp","appComponents":[]}}