{"__Version":"0.1","App":"3e380cd4-72c5-4766-8b98-029373d78489","Test_7F478737223C4B69":"57b4174b-756c-412f-aceb-42c4f8f86828","Host":"73047853-2d9f-4f88-b2f1-dd8bc8fb2052","PACo_Panel_A":"3055c359-857d-4b3f-b3d1-f53e5cf920a5","html_Panel_A":"f5d2850a-5b78-411b-a263-718e70c40500","shp_Panel_A_Area":"036b6d33-7399-42ff-9a92-63dda372057b","html_Panel_A_CommandBar_Visualization":"622e7129-9108-47aa-baff-8301defed2f8","shp_Panel_A":"113c991c-89b3-41b6-b88b-491f0c35f06d","shp_Panel_A_CommandBar_Visualization":"d618a050-2d60-41fe-a659-57a7edf2fcb5","cntr_Panel_A_CommandBar":"4383b46a-818e-4524-9192-92a48aa39d4c","img_Panel_A_CommandBar_1":"2f72b6fa-b1be-4159-8701-44bceceb9d92","icn_Panel_A_CommandBar_1":"aa4a9c8d-517c-4180-8bb7-ed6a9b6ab758","lbl_Panel_A_CommandBar_1":"7fdaaa5d-0683-44b8-be08-f714a24a833f","img_Panel_A_CommandBar_2":"43b2c8fe-b1cb-4625-afa3-2f09fa32741e","icn_Panel_A_CommandBar_2":"22d13b0c-cbf0-4edd-a5ea-d9dd7bc344c6","lbl_Panel_A_CommandBar_2":"341f92ae-26bc-4281-bbd3-899be5c81c34","gall_Panel_A":"0f71b833-d18e-4409-ba3e-0d54d9dcb7ad","galleryTemplate2":"9cc475da-3935-4966-a263-0de03cca2ff7","lbl_Panel_A_Gall_Label":"b7fbcfa9-e31b-46ca-ad11-462c09f7e3ef","lbl_Panel_A_Gall_Text":"27a7d003-89fa-4524-a3d2-b4148e6d498a","cntr_Panel_A_Button":"6fc93592-bf43-4184-899c-2d9f95488c9c","btn_Panel_A_Button":"35b6210c-a84d-49f3-a2dd-2ecc0ab7eebf","icn_Panel_A_Button":"120dcea9-9ac0-4338-bec7-feb5233b3887","img_Panel_A_Button":"a59372ea-cbff-4d27-8541-dc213cf15c4e","lbl_Panel_A_Button":"17744c99-e265-49d5-9b57-d30209927a02","html_Panel_A_Button":"cdffd43e-c6e3-48d2-b29f-819d428f2abd","html_Panel_A_CommandBar_1":"34c273ff-49a7-471f-a760-8c48ab8795ee","html_Panel_A_CommandBar_2":"6be087b8-3a07-45ed-8dba-37c91b143af3","PACo_CommandBarMenu_A":"74a41cfe-514b-4182-bf41-768a1ac7e8ca","html_CommandBarMenu_A_Visualization":"261b9253-c5da-4f0a-bc93-704d9ab329c4","shp_CommandBarMenu_A_Visualization":"3b180974-d5bb-48e5-804c-1e306f335efd","gall_CommandBarMenu_A":"2ac3ed0f-c683-4e7f-a163-4ea7a7b5c66c","galleryTemplate1":"6a200469-0a33-46b4-9dea-9c3938998bf3","img_CommandBarMenu_A_Gall":"7c180fca-b270-4262-93e9-6903d428b8d1","icn_CommandBarMenu_A_Gall":"3190ef63-ba7e-4809-a62b-fb97cfa7063f","lbl_CommandBarMenu_A_Gall":"c67d0247-d4d0-46c6-b5d8-055303b900c8","shp_CommandBarMenu_A_Gall_Divider":"3d5cd7f8-3482-4da5-b731-75550df843cd","PACo_DetailsList_C":"08bae3ab-2cca-4314-b795-1ad09f3be7ac","html_DetailsList_C_Visualization":"f9577fa5-e2a0-4cc3-862f-cdde83290c27","shp_DetailsList_C_Visualization":"0508f4a6-c3a5-4c25-b645-553c4a56e260","gall_DetailsList_C":"aeb297b4-ff7b-4ad1-b65c-4a37d99bc7ba","galleryTemplate4":"94e989f1-ec50-45c3-afa2-8de930b6f527","shp_DetailsList_C_Gall":"fd289e05-2ca9-403d-8772-5343ac785bc2","cb_DetailsList_C_Gall":"e1124bde-4383-4766-8655-692563b399e6","lbl_DetailsList_C_Gall_Title":"c9180aff-0487-4329-bc5f-b3992d51c3d8","lbl_DetailsList_C_Gall_Subtitle":"fbdf270e-ba48-49fa-8696-709468c0a24d","lbl_DetailsList_C_Gall_Body":"150c2429-2d59-46f3-9e95-bc7f4e98b4c0","shp_DetailList_C_Gall_Divider":"8b35396a-9319-4e19-a517-ead8fadee495","PACo_Nav_B":"1aee3c35-11ae-4823-b708-ac10b8b1ff90","html_Nav_B_Visualization":"16661a26-c432-47f1-bb8b-902d54294135","shp_Nav_B_Visualization":"ad5c7c41-a14a-4e2f-9181-1b5f92d4c727","gall_Nav_B":"1d7e7671-9c09-4af4-9bbe-237655b94984","galleryTemplate1_3":"0532d239-1e58-4b45-9c27-806bb01df64a","shp_Nav_B_Gall":"3b51ac52-7285-4f6f-9bb8-92e3329b033f","img_Nav_B_Gall":"649d5031-58ae-4428-9045-ba239badbd33","lbl_Nav_B_Gall":"cf882300-dca8-4ccc-8ce4-d7cc7155a7fc","icn_Nav_B_Gall":"08a30c97-9b19-40b4-a416-f51718cd5e7a","shp_Nav_B_Gall_Divider":"1cd9d8dd-6a8c-45e6-b4bb-dfc523f1fd16","PACo_CommandBar_B":"78528657-3820-4ce7-91b8-fff096ce6435","html_CommandBar_B_Visualization":"322b395b-ace7-404e-8b1f-36c9c4a43008","shp_CommandBar_B_Visualization":"9629ddfd-7d72-42d3-a52b-65a2ad495ff7","cntr_CommandBar_B":"bd053275-611c-42cb-95bc-eb02879b2ccd","img_CommandBar_B_1":"e1c55962-c677-43b7-abb2-6f1de784c5b9","icn_CommandBar_B_1":"4c404df0-241a-4a1c-a553-02db457d139b","lbl_CommandBar_B_1":"ba7ad941-3795-4371-bf76-b863475b7e79","img_CommandBar_B_2":"b49134bd-6d87-4403-b841-1df12f4fb417","lbl_CommandBar_B_2":"7ea330e9-c866-482c-8e74-8c990435d06e","icn_CommandBar_B_2":"4a8ac64a-510a-4e7a-829a-4897351448ef","img_CommandBar_B_3":"d19cc3cc-17d9-4b61-867b-cdfa6d4c043b","lbl_CommandBar_B_3":"90d0ebea-9bd0-4dd2-be8a-153fc65ae391","icn_CommandBar_B_3":"73247247-0706-4b47-bcc9-0db621f922c3","img_CommandBar_B_4":"1ac8795e-875f-4a7d-b24a-8aac7758acce","icn_CommandBar_B_4":"e2ce5a0e-fb80-4743-b362-ffd2153e87a9","lbl_CommandBar_B_4":"eaa759b6-a08d-484b-a2b4-6ad6602569cf","img_CommandBar_B_5":"f84dbe8f-53f7-45fb-a457-84303d461cd2","lbl_CommandBar_B_5":"7609f557-e65d-4453-88da-222632d9c2d0","icn_CommandBar_B_5":"b37fa3d8-17a0-4ba6-9f5a-f60c32ed5643","img_CommandBar_B_6":"0eb530c6-1487-4a3f-a467-29c55c269bd4","lbl_CommandBar_B_6":"c09a09d9-1be8-4b44-81e9-7c852979230b","icn_CommandBar_B_6":"509effb9-5677-44e4-afb6-ba1d0edc9ede","img_CommandBar_B_7":"fb785446-4481-4aa3-990a-300ee83cef9c","lbl_CommandBar_B_7":"205d6fa9-191f-4597-8921-bd5c59fa0b71","icn_CommandBar_B_7":"9de37b14-1277-4e00-94fc-7883932ad06c","img_CommandBar_B_8":"d5459084-4360-40ba-8cf1-a13fcfdffa0b","lbl_CommandBar_B_8":"211012b7-a0e0-474b-a05b-e96ac3439c55","icn_CommandBar_B_8":"d619ed18-52b6-4e9c-babb-627374325e2e","lbl_CommandBar_B_Menu":"f78a9799-52c9-48c7-bb02-0df0b9b4a67d","icn_CommandBar_B_Menu":"d6c9e58d-4591-415e-80be-adf3cf91627b","html_CommandBar_B_1":"92a92b13-1c1c-4d6d-aed9-0c728f14e555","html_CommandBar_B_2":"cca6bbaf-549e-4af3-aaf4-430c6affdebc","html_CommandBar_B_3":"9c350e8d-1b83-46f3-84ff-416f6a58c947","html_CommandBar_B_4":"cf6434c1-5763-4576-aba9-dd8cdac61272","html_CommandBar_B_5":"300a4b99-3562-4ebc-992c-89c53d6894da","html_CommandBar_B_6":"0e0ac0e1-7d55-49f2-9515-4deb2ffe2683","html_CommandBar_B_7":"36b6e7aa-3a1f-4ef1-abdb-dce7a1e9bfb0","html_CommandBar_B_8":"03505098-cd17-4987-80fd-fd1835102d48","PACo_HeaderSettingsMenu_A":"40b609ce-f770-4970-afed-8a01b4317599","html_HeaderSettingsMenu_A_Visualization":"6f5f762c-183f-4e89-b47e-001caafb53a5","shp_HeaderSettingsMenu_A_Area_Visualization":"c1363429-196b-40b9-abed-eddbf60077bf","gall_HeaderSettingsMenu_A":"5bade95e-5056-491b-9041-e47b3964b293","galleryTemplate1_2":"1964514d-f201-400d-9831-90ce818c75aa","shp_HeaderSettingsMenu_A_Gall":"cb782ded-5a2f-4995-89a6-82bbf21c1142","lbl_HeaderSettingsMenu_A_Gall":"66bf103e-987c-400a-aa63-a3ababec96fb","icn_HeaderSettingsMenu_A_Gall":"67981a4a-4c86-444a-8887-ca49f26184a2","shp_HeaderSettingsMenu_A_Gall_Divider":"4ce4f215-98f8-47d2-b46a-6c6ccef4d2ba","shp_HeaderSettingsMenu_A":"9f131afe-332e-43f7-88e3-fcaa1eec9773","PACo_Dialog_A":"9bd99129-ec41-4a86-8b14-5df94bd51084","cntr_Dialog_A":"8ef4921d-f743-488a-8452-9cf81e89cef1","html_Dialog_A_Visualization":"eb4e87d0-c08a-4d3c-9af9-30870743e718","shp_Dialog_A_Visualization":"97af9c74-2762-4bda-b7f5-1bfbbde37fb5","shp_Dialog_A_Area":"58670e9c-bda4-4615-972d-6e8dae3356b5","lbl_Dialog_A_Title":"a46ec0e9-d715-4ebd-bc51-c39249eecad9","lbl_Dialog_A_Message":"229ac2bf-d951-4de0-897f-2d313efb9824","html_Dialog_A_Message":"351a4026-fb40-43c8-8421-796aee07112c","cntr_Dialog_A_Button_Last":"a426a885-d4d6-4b48-80ac-2dcafa2814a6","icn_Dialog_A_Button_Last":"d0e4de5c-1851-43b9-98a6-d4e8c39ce86f","img_Dialog_A_Button_Last":"a788d2fd-e97a-40c1-80a7-018d5d1a174a","lbl_Dialog_A_Button_Last":"45a0fb1b-84d4-4553-a452-07a8ddfd033d","btn_Dialog_A_Button_Last":"918a6e11-3af3-45c9-aca5-225947554870","cntr_Dialog_A_Button_First":"849f32b4-e85a-461d-804d-f21952a81080","icn_Dialog_A_Button_First":"ad3b8526-5d06-42b5-9a1a-6a33d95c5dbc","img_Dialog_A_Button_First":"1d9c4da2-604c-4a65-a1c9-d9b80253e6c9","lbl_Dialog_A_Button_First":"eb27abc7-d094-45c1-b755-e2d4ce374c71","btn_Dialog_A_Button_First":"87a360a8-bc23-4004-b639-63a41bf0efe8","html_Dialog_A_Button_First":"a0286ab0-0f10-40d9-a9ed-fa19218785a7","html_Dialog_A_Button_Last":"12b4315d-9d49-4411-b27e-229bffe8e83c","PACo_Tabs_A":"1e6095bb-0a6b-47ce-9c87-002d427d020d","html_Tabs_A_Visualization":"fa386ae5-2672-4aad-a74e-8b07b8badb7d","shp_Tabs_A_Visualization":"b6623d57-423c-4060-bc1c-934b85d907c0","cntr_Tabs_A":"27ced96e-a353-46ca-b5c4-a324592330f8","lbl_Tabs_A_1":"0a196184-e302-49f0-bf8b-4fa17a538de3","icn_Tabs_A_1":"e4f22ac9-2528-4bd6-b0ea-333dce9c2b8f","lbl_Tabs_A_2":"1ce29a8a-f7b8-455a-b83f-8a57ba3b559c","icn_Tabs_A_2":"961c7273-67cc-4879-b59c-da79a74bfc3e","lbl_Tabs_A_3":"a8e21341-4c07-47f0-a7b4-016ba4a23eae","icn_Tabs_A_3":"047c1c72-b33e-44f4-bdbd-09663b67fa21","lbl_Tabs_A_4":"c5fe4024-ebab-489e-9b08-3891939c1f46","icn_Tabs_A_4":"7ac7614f-2f3f-4b33-8416-0b2547f5a54e","lbl_Tabs_A_5":"7ea52a02-4e33-4407-946c-5da90f4e173f","icn_Tabs_A_5":"480d091d-6f0b-4589-ac91-8b669903f9a7","lbl_Tabs_A_6":"2d22a9fc-dc5c-49f0-84b8-a96ab5da3029","icn_Tabs_A_6":"6c38fab5-d213-42c5-bcbc-e627f8fc3021","lbl_Tabs_A_7":"0759caf0-ca3e-4beb-a290-a6fb7ece6382","icn_Tabs_A_7":"8fbf1983-9f28-4d20-9abc-6f2636430492","lbl_Tabs_A_8":"9d3890a9-39a6-491f-a433-df49c4bea424","icn_Tabs_A_8":"553bca92-589d-4902-8bc2-3c7cc4ba87ba","lbl_Tabs_A_Menu":"e1d8ef3a-3e14-4178-81d1-063d0c7acf58","icn_Tabs_A_Menu":"b33f5117-5d32-4551-ae76-ba16a41ace47","shp_Tabs_A_1":"f87d7289-00a4-47eb-9dad-2a1eeaa45f13","shp_Tabs_A_2":"3f7410af-49ae-4504-9d30-f790381bb7af","shp_Tabs_A_3":"54000883-ebba-4848-ac5a-903cf21b80b3","shp_Tabs_A_4":"a3eccb8d-4a14-43ee-ae4a-582655f4a38d","shp_Tabs_A_5":"e7291bea-d433-4768-83af-fe4d5c1555ec","shp_Tabs_A_6":"6aaa49dd-73c0-4920-b844-2800128faf2a","shp_Tabs_A_7":"81377172-6b94-4a84-94a1-735d28c54177","shp_Tabs_A_8":"a49c9595-8387-4bcf-b78b-4d1874567326","html_Tabs_A_1":"c6343925-3754-4288-9067-5c8c000a6158","html_Tabs_A_2":"0707c36f-7c44-46f4-8b66-dbc28fdeb755","html_Tabs_A_3":"73f504b6-51e9-4052-b1c0-3320d252eb54","html_Tabs_A_4":"26bb0c40-c54b-481c-89c2-b948c202d8dd","html_Tabs_A_5":"7a4adbac-565d-45dc-900c-e5ed75c02427","html_Tabs_A_6":"5b33315f-1bc6-4054-a236-20870c71cf2e","html_Tabs_A_7":"c3315a51-7e85-4b18-a5ba-7574210dd9ec","html_Tabs_A_8":"cc55bc1e-af53-43d0-9833-27a4caf3824a","PACo_HeaderLanguagesMenu_A":"bf74969f-ac13-42cc-befc-552d3b6ea76b","html_HeaderLanguagesMenu_A_Visualization":"0253e061-3010-43ac-8aa2-f247bf6da903","shp_HeaderLanguagesMenu_A_Visualization":"198559e3-6609-4a3d-a8cb-929cf1307b84","gall_HeaderLanguagesMenu_A":"47e5265e-1feb-464c-88c2-baa163d9c54a","galleryTemplate1_6":"b2a6ba6f-48b4-4d6e-b476-a05f9c59c13b","img_HeaderLanguagesMenu_A_Gall":"446b93bc-8222-4253-b05a-bc796f643fea","icn_HeaderLanguagesMenu_A_Gall":"b704e08c-8e38-4d75-a2fc-b8ee18176be4","shp_HeaderLanguagesMenu_A_Gall_Divider":"f4bc2285-513a-4881-bf6b-d92ef00b56b2","PACo_Spinner_A":"a43368e3-5dcd-4a4c-a09c-47dbef59c5f0","img_Spinner_A":"52957dbc-1f29-43e6-9565-f24c8efbe9f8","lbl_Spinner_A":"76e52fe3-d03c-433e-b88b-266102fa25ac","PACo_ProgressIndicator_B":"0dcb5cff-94ea-4607-8639-9a69d0218abd","html_ProgressIndicator_B_Visualization":"b0f04eda-3283-48dc-8872-68f504203af3","shp_ProgressIndicator_B_Visualization":"edfef4e5-3102-4495-925d-b0484b502209","gall_ProgressIndicator_B":"c06cbe12-abf9-494a-9681-6698dcd8d5b6","galleryTemplate1_4":"326f6e81-d13b-4a85-ae3a-2daee484d9a7","shp_ProgressIndicator_B_Gall_Circle1":"8ba28202-9551-488a-9830-9675099c01d2","shp_ProgressIndicator_B_Gall_Circle2":"d5ad6971-addd-46cb-80be-f71ab3a10de6","shp_ProgressIndicator_B_Gall_Circle3":"3276d944-35d4-4d51-95ef-5bb562ac0ca1","shp_ProgressIndicator_B_Gall_Left":"80091737-5f09-4b53-8ad0-5afa0bc1eadc","shp_ProgressIndicator_B_Gall_Right":"a491b56b-674e-4d0a-9a5c-1ecf18ddabaa","lbl_ProgressIndicator_B_Gall":"95e2b72d-3ac2-473c-86c3-31344b7e26b3","PACo_Button_A":"068bb1cd-c794-4465-80e0-d5d601fb2b75","cntr_Button_A":"25a9c5b2-5f03-4f75-9591-94174aa01975","btn_Button_A":"4590a90d-7cc1-4b76-8127-4f216629033e","icn_Button_A":"ef4e7a25-091e-4fc0-89e5-ce1c6f11dfc3","img_Button_A":"ad2f1a60-6418-4690-9a10-0cc21976286e","lbl_Button_A":"5e17bdd2-10f9-4bb0-8e68-0f867c514eb9","html_Button_A":"e35a5e15-bba9-4251-8a51-bffc67948758","PACo_Tile_B":"345dc222-1673-42ed-aa1b-cd38bfd2c259","html_Tile_B_Visualization":"c9d5aaf0-3e57-4dce-9822-f2abfb1a00a4","shp_Tile_B_Visualization":"bcb900d3-0f7b-41a6-bb23-5e65f757c0ed","lbl_Tile_B":"be0c3aa6-f0ca-4356-b511-268c35c59542","icn_Tile_B":"d09245f4-06f2-4bed-8c89-8c814343c5d1","PACo_Icon_A":"da91ad4b-3903-446a-baac-8ed7e169f6ca","html_Icon_A_Visualization":"bd0fcfc8-d3ed-4607-af1d-6816ca8d0a15","shp_Icon_A_Visualization":"bbc1c677-22db-4ee2-8857-8c6235aa3410","img_Icon_A":"0fbe9dd4-f65d-4c5a-ad61-8444714c042c","icn_Icon_A":"f4108fc1-a8db-462c-abf0-2cd1a4d2266a","PACo_Visualization_A":"2f3c3d51-011f-4d82-a2ee-fc5c3500ea63","html_Elevation_A":"ca6eddff-95e8-4c31-903d-dc2ba7918318","shp_Elevation_A":"e1df4709-8a7c-4c7c-ac9c-8debbc1079e4","PACo_TabsMenu_A":"a27130d3-7fd3-4f4f-b116-c6ab9c9e9b2d","html_TabsMenu_A_Visualization":"11a0e9c9-c42f-4cd6-9f3f-2bc6d9f7f0b8","shp_TabsMenu_A_Visualization":"ff89c641-e073-4081-9282-0f3abf7ec5df","gall_TabsMenu_A":"06faa5e3-44bb-40b3-bf12-877441bd162a","galleryTemplate1_7":"0d3963fd-e9d4-45c8-8067-cb983b4c63b8","shp_TabsMenu_A":"4fb93298-b544-4d92-9e29-3bcd1efb18c6","icn_Tabs_A_Gall":"1d54ef35-0138-44fa-ac3a-08bbfab09380","lbl_TabsMenu_A_Gall":"70bff071-89da-4c13-acf7-d8b89e367009","shp_TabsMenu_A_Gall_Divider":"c41bb682-ed67-43d6-a9b6-d08f021d5cf1","PACo_Header_A":"f6d748d1-926f-43e1-95f7-06529a1abf37","html_Header_A_Visualization":"e31fa9f5-bb43-48a0-a138-c20433d8274d","lbl_Header_A":"7fcae754-0316-4f1e-855b-23f0dd3ba357","img_Header_A_Back":"44267a47-6b83-47e8-905a-d44a97e191b9","icn_Header_A_Back":"c65defbb-b02f-4f44-b107-e09156936e7f","img_Header_A_Nav":"455a9894-642a-4673-9e9b-5a7c64b822ba","icn_Header_A_Nav":"32ebd5cc-782f-4d2e-84fa-e7e7b031b2d2","img_Header_A_Logo":"dd79e3f6-a29a-4a84-ad3f-11eb06f02c8d","icn_Header_A_Logo":"01fe8bfe-b37a-4435-8a20-95e127399614","img_Header_A_LanguagesMenu":"ce772eba-28db-4aed-8850-3cd77ba9c15b","icn_Header_A_LanguagesMenu":"bd5b0503-0f81-4432-9b74-db5547ff386b","img_Header_A_Help":"5e189ced-a790-4409-a088-0152d900edc9","icn_Header_A_Help":"5a91ccbd-d4fc-4d4e-9656-df516241b2eb","img_Header_A_SettingsMenu":"482f3606-b521-4c7d-811e-a0a1d211b8af","icn_Header_A_SettingsMenu":"efa61cfd-7131-4fc4-97c5-b4d7b1557db6","shp_Header_A_Visualization":"49000295-66c8-4dcf-88b6-338152928c94","PACo_DetailsList_A":"19af80ec-2220-4122-9c6b-c33496fa29a8","html_DetailsList_A_Visualization":"017c7731-d124-4ba7-8889-5a7e7a73e389","shp_DetailsList_A_Visualization":"291835c0-f0d7-4789-a5ee-2afc0b2baaa4","cntr_DetailsList_A_Main":"7bdbf5a5-82fa-4acd-8611-91f971e42090","cntr_DetailsList_A":"eb9d293c-b25d-43ab-9474-faa843036908","lbl_DetailsList_A_Header_1":"a32cdd0d-7e27-427e-9f3b-575775a35d3a","icn_DetailsList_A_Header_1":"0918ee03-385c-4f3f-8e07-616a9c180a23","cb_DetailsList_A_Header":"e30fc4e5-f632-47e9-b1dd-66be7a44b559","icn_DetailsList_A_Header_Sorting":"fba8042d-de8b-445c-8cef-a30679cf2553","lbl_DetailsList_A_Header_2":"9b6ed466-e6a9-43c6-9baf-379249bf4611","icn_DetailsList_A_Header_2":"f6ba75ff-b2ed-432b-9d9d-8999868469f9","lbl_DetailsList_A_Header_3":"33df69fd-53a1-43b1-a759-49d706d65205","icn_DetailsList_A_Header_3":"6b57a953-7b41-45c1-9e8d-fc11982cee75","lbl_DetailsList_A_Header_4":"3bee2a87-6f40-4ab9-bada-64e53ab3738a","icn_DetailsList_A_Header_4":"1ef17455-2909-4a7b-8c36-03a3d91419cd","lbl_DetailsList_A_Header_5":"b76a7d63-b1e4-4d28-9e99-fc92e8f21ca1","icn_DetailsList_A_Header_5":"68fe3eae-0ed9-4260-98fd-48905e236c42","lbl_DetailsList_A_Header_6":"7d43c72a-dcd5-40b6-a2dd-79f79c96c222","icn_DetailsList_A_Header_6":"3a6b1c4b-a1b7-4ddc-9803-9cedf7accb10","lbl_DetailsList_A_Header_7":"6c6e43ab-a981-446d-88e3-1791451e8c89","icn_DetailsList_A_Header_7":"ba541649-2557-4d1d-b6e6-b258ad437562","lbl_DetailsList_A_Header_8":"5230e557-dda8-4428-a14e-1127018cd9c9","icn_DetailsList_A_Header_8":"5d274aa3-53d0-4aa6-98ba-df3c64b8701a","lbl_DetailsList_A_Header_9":"c2d3fb90-d3bd-4bed-b73a-c56aff805fd0","icn_DetailsList_A_Header_9":"935677a7-7d90-409c-9dc3-835fed3151cb","lbl_DetailsList_A_Header_10":"f1cd3437-026d-43af-a8cc-499c7d04e33b","icn_DetailsList_A_Header_10":"25c629bb-6cc9-499a-b43c-7e949d7ea80a","lbl_DetailsList_A_Header_11":"86b9c2a2-931f-45c5-a5a9-90bd53283610","icn_DetailsList_A_Header_11":"309b2666-174d-4047-801f-c30e0f6abae8","lbl_DetailsList_A_Header_12":"7b030da0-a0b5-40de-9e56-b76fcab639bf","icn_DetailsList_A_Header_12":"43d2a083-fa1c-471d-88ea-d5c19ca59f01","lbl_DetailsList_A_Header_13":"a57453b8-b8e7-4042-974f-7b7787a5e2ed","icn_DetailsList_A_Header_13":"16d240d0-bf95-4a9d-b8d0-23b613bc2846","lbl_DetailsList_A_Header_14":"9eeed083-75a8-4879-b1fc-aa1894b09525","icn_DetailsList_A_Header_14":"181cc522-daac-45d5-ab38-1d4e2c9a17c6","lbl_DetailsList_A_Header_15":"4513ef8a-08fa-4913-a8f9-48535ea80994","icn_DetailsList_A_Header_15":"17a6251d-f618-4b67-84b5-c28b819fb513","lbl_DetailsList_A_Header_16":"3891d52d-34fa-4712-a360-14db2a284c00","icn_DetailsList_A_Header_16":"f3fe937f-b3eb-421f-b31f-200e374a7685","lbl_DetailsList_A_Header_17":"f6006510-a167-480d-a73e-fb16dd5e310d","icn_DetailsList_A_Header_17":"8ea1ff65-71ad-4faf-981d-23d496c7220c","lbl_DetailsList_A_Header_18":"a5c83220-a603-4bfb-a4d1-34be26e59d82","icn_DetailsList_A_Header_18":"f4fbc639-d540-4d59-963a-f33a426f42de","lbl_DetailsList_A_Header_19":"acebcfa7-91c8-4dbc-809f-6bb0e8d332d5","icn_DetailsList_A_Header_19":"b428e31f-4b0d-4c39-8245-331e27060d46","lbl_DetailsList_A_Header_20":"3408972d-9c71-4640-8547-70c9dc56e178","icn_DetailsList_A_Header_20":"f7137fd0-da8a-442b-991f-2f8e3532236e","gall_DetailsList_A":"fd583b33-7004-4857-ad75-ea3e6168330e","galleryTemplate2_3":"eef41cc8-0a7e-4e1b-91b4-20673b335537","lbl_DetailsList_A_Gall_1":"f0680605-2c0c-4170-91f1-0777dbe70316","cb_DetailsList_A_Gall":"95eef26e-9479-4299-8c54-0efc913acf97","lbl_DetailsList_A_Gall_2":"dfdf94e9-8e22-4afa-879a-008c6784ed2a","lbl_DetailsList_A_Gall_3":"99a11219-6536-47ef-aa07-ffcf51a7c67f","lbl_DetailsList_A_Gall_4":"b324499b-eae7-44af-a4d2-9d88cca7f3e3","lbl_DetailsList_A_Gall_5":"c0304c7e-57b0-4f11-be3e-17a19514fa67","lbl_DetailsList_A_Gall_6":"a8e2d037-a1c8-4481-b1db-1e455026118c","lbl_DetailsList_A_Gall_7":"cfe7c4be-ebd6-4f5f-a7e3-81d85ba90f6d","lbl_DetailsList_A_Gall_8":"519496fc-3476-4780-ae7b-62dccdc8549c","lbl_DetailsList_A_Gall_9":"c2a2d260-6a76-4ad3-8839-cd16f46e9f2c","lbl_DetailsList_A_Gall_10":"e7924a72-3a00-4c34-9377-a74125fb497f","lbl_DetailsList_A_Gall_11":"b7653bdf-f653-4b22-8c32-f7eb2d26d54e","lbl_DetailsList_A_Gall_12":"bff7af32-a6fd-4155-9334-2a11deb206f5","lbl_DetailsList_A_Gall_13":"86fd12c3-d9ef-4f0e-8e56-af1ddb31b13e","lbl_DetailsList_A_Gall_14":"690b9129-ff48-4720-a523-9fd5b826b7b9","lbl_DetailsList_A_Gall_15":"62884f41-ad9a-4a78-be77-60111c6d18e8","lbl_DetailsList_A_Gall_16":"a6e42b8a-a9c2-48dc-9d37-2304933d1345","lbl_DetailsList_A_Gall_17":"011e2a2c-9239-4f1e-9d5b-f99ff07ebe7b","lbl_DetailsList_A_Gall_18":"0237f767-b417-4cb0-b60c-a4fff10823f4","lbl_DetailsList_A_Gall_19":"4f37fe1a-29a7-4b49-84bd-14f6e00b3612","lbl_DetailsList_A_Gall_20":"16f98623-1904-4a01-949b-690e7f1bbf50","shp_DetailsList_A_Gall_Divider":"63f7fd0a-8b2a-4e12-a3b9-1574eb69337d","PACo_SearchBox_A":"321eba17-292b-457b-81d2-4cfaf13364db","html_SearchBox_A_Visualization":"23b40533-b23e-418d-ab08-4b18a85d506f","shp_SearchBox_A_Visualization":"a84bdaf3-0fd0-467f-a59b-874473df0da2","ti_SearchBox_A":"e32956ab-2db1-40f0-80d3-f5bad71f62a4","img_SearchBox_A_Search":"f4023ba6-0def-4732-9975-bb738e34dfd9","Restart Screen":"5ab334ea-cc80-4fe1-9bc4-25578e462d8a","cmp_Restart_Button":"708b8822-29f6-4313-9c2b-70bb51ae36d0","Home Screen":"515f79de-c3e1-4847-99ce-9d12e1fa7834","cntr_Home_Main":"ca567068-8781-4bfc-963a-0f9d0794a7f3","cmp_Home_Header":"0a0ad075-ed2e-4735-b381-07fcd49fe03f","cmp_Home_Dialog":"0f0328ce-065f-4c5e-a133-067dc8e5315b","cmp_Home_Spinner":"70edcb66-f52c-4ed7-a027-4be6937a3277","cmp_Home_HeaderLanguagesMenu":"75e35854-3b1f-4799-82db-16e82c2b4029","cmp_Home_Panel":"e80adf5f-b211-4332-9fe8-ac1ae66c8dd9","cmp_Home_Nav":"d4cc5343-34af-41b7-bd7c-46b80e3c9684","cmp_Home_HeaderSettingsMenu":"0e13be83-0976-4e96-94a3-e55ed5b052a8","cmp_Home_CommandBar":"4aadee6b-1704-425d-b8d3-11d07d997e00","cmp_Home_Form_Main":"6c388f97-4487-47dc-9fe9-e6e0243e3ac0","cmp_Home_Form":"7dd843a3-fa81-4176-97eb-d491f05f38e2","cmp_Home_Form_ProgressIndicator":"081466c5-5d5b-4772-9ec3-8fa1632a7049","cmp_Home_Form_Tabs":"4ab4a992-5cfd-439f-a42e-b5eca0372684","cmp_Home_Form_TabsMenu":"3adeef77-17cd-40d8-ab78-927fb3328d11","cmp_Home_Form_Form":"718be643-f0a6-47cc-9c15-3612acc86166","cmp_Home_Form_Files":"82289794-d916-4351-8a15-bbff9037f6aa","cmp_Home_Form_Actions":"5127a781-cf11-44ac-8fa5-e7c941cab2b4","cmp_Home_Form_Other":"a97af843-4e1f-4478-8a4f-942eb315728e","cntr_Home_Form_Form":"552f3b6b-8e58-4af3-b588-19824eea5fe2","lbl_Home_Form_Form":"bc521d11-eff2-4740-8a47-0f8c70688fe9","cmp_Home_Form_Form_Back":"f21cabcd-43d6-49d4-acfa-a3622548913a","lbl_Home_Form_Form_Mode":"aedea5a3-63ac-4ba3-859e-91e89054d4bf","cntr_Home_Form_Files":"c5b111a2-24d0-4d2b-ac08-79e54a94be8b","lbl_Home_Form_Files":"16d9d2ff-cf35-46ce-bd36-8bee9d5304ba","cmp_Home_Form_Form_Files":"4cc45285-cc6e-4f43-b25f-5e4204b30445","cntr_Home_Form_Actions":"5d364cc8-cd92-4535-8a5b-53bcbbdad6aa","lbl_Home_Form_Actions":"34c0c32c-0300-432e-b296-c64017079368","cmp_Home_Form_Form_Actions":"9688a416-462c-4d41-80a1-2ce1e4298908","cntr_Home_Form_Other":"8da88578-e861-45d8-a8d4-12ac1a079517","lbl_Home_Form_Other":"7c027a93-a44f-4954-bce6-bc253e15fc22","cmp_Home_Form_Form_Other":"3ef970bf-74be-48d5-94e8-5667aa1d8350","cmp_Home_CommandBarMenu":"378a88e8-7019-438a-ba4a-f3f636bfe160","cmp_Home_SearchBox_Icon":"6a3f0cbc-3350-4edb-9e1e-3c181909a612","cmp_Home_SearchBox":"3193b281-515d-4e6d-8f0b-9ed81c902ead","cntr_Home_Filter_ItemType":"045b42ff-9434-43f1-ae07-64feb903a7d5","cmp_Home_Filter_ItemType_Visualization":"4f475a21-8ed2-4b76-a26e-c8f193d711c3","dd_Home_Filter_ItemType":"c4b60d39-e64c-421d-8306-a211844f5efb","cmp_Home_RecordsSelected":"b44d8b1c-11a9-4d8e-b768-8c1b82b38659","cmp_Home_DetailsList_Small":"95d0c62c-2d84-4462-bbf6-c4c3f296e9e8","cmp_Home_DetailsList":"13306b90-293f-48c5-af72-2078437dcfab","lbl_Second_NoRecords":"c462e233-185d-442a-b4fa-74171c99f73e","btn_Home":"cedeffd7-35a4-46ae-af66-03d95d71ff36","btn_Start":"b8b2e67f-77f8-4924-8c0a-83b7fc279875","Redirect Screen":"af2fd87c-bb81-4f71-ab31-0723364ce99a","cntr_Redirect_Main":"11960708-67ef-4809-bab9-6238db1e5d90","cmp_Redirect_Spinner":"6ffa3ca0-1ef8-4b6d-bfea-b9297153f483","btn_Redirect":"14e3329b-6031-4fe9-83d1-7caf4b4e6daa","Color Screen":"c9407e9b-69b5-49e5-b7fd-89cb9b148f2a","cntr_Color":"66af3789-9c4f-4465-a431-ea84082ebff2","shp_Color_themePrimary":"6d02475e-1ca9-4826-b6d5-67bfe259dac9","lbl_Color_themePrimary_1":"db69c9df-b393-4686-ba81-de895b9c3bcb","shp_Color_themeLighterAlt":"35c09b25-187f-4b65-828c-6a4be91ccf9c","lbl_Color_themeLighterAlt_1":"dcf9ac89-b53f-401e-9a1f-bc94bda10f0b","shp_Color_themeLighter":"135481ca-162c-465a-98bd-6e2a225fbb56","lbl_Color_themeLighter_1":"107f32c5-e7e8-4e78-962d-9e4faa978e99","shp_Color_themeLight":"dc5e2939-cd1d-4bee-9111-84c861860e88","lbl_Color_themeLight_1":"89e079c7-aa86-49c7-8632-b7cb521ba65e","shp_Color_themeTertiary":"14c1c31b-125d-4fa0-b9b1-10462140e3c8","lbl_Color_themeTertiary_1":"1a735271-c48a-4a87-9b6f-b9689aaa415e","shp_Color_themeSecondary":"f12f2f9c-4a38-4c71-a613-9c7ff29c5b46","lbl_Color_themeSecondary_1":"ba092192-acd9-48bd-85d3-42a3655c1fb3","shp_Color_themeDarkAlt":"50cd2701-a75a-4cc6-8397-dd0ba9bdc5e9","lbl_Color_themeDarkAlt_1":"b5538bcb-8578-4253-b037-8733dbfd0ea4","lbl_Color_themePrimary_2":"34499de3-01e4-41f0-a157-c6babc8e2b71","lbl_Color_themeLighterAlt_2":"235f6757-202d-47ee-aefa-df95683480cd","lbl_Color_themeLighter_2":"6036213b-e6c8-4cca-a31e-5ac745dc3e42","lbl_Color_themeLight_2":"88a2528b-2cb1-4b46-8fc6-d68907142efb","lbl_Color_themeTertiary_2":"0c74eb6c-903a-4fbd-81c0-763b769880eb","lbl_Color_themeSecondary_2":"307bc12e-ee34-4359-81e6-03ff7d80e971","lbl_Color_themeDarkAlt_2":"a53f777c-4c28-44e7-bb9f-9cf82e7a185d","shp_Color_themeDark":"ae5ac01b-b8a5-4e79-ac5b-cd298faf6a01","lbl_Color_themeDark_1":"5d3431c4-5509-47f1-9cf3-92d10a973a13","shp_Color_themeDarker":"57b88ebf-4c3e-44aa-99fa-0ea8d7c64518","lbl_Color_themeDarker_1":"5d5f3819-11c0-4123-b423-b1e66688aad0","shp_Color_neutralLighterAlt":"d32cb487-1761-4911-9dc4-702a8182c549","lbl_Color_neutralLighterAlt_1":"b9729dd5-fa28-4742-af9d-92fdd909368d","shp_Color_neutralLighter":"b27f7da2-dcbb-4b3e-b094-52cc09931a14","lbl_Color_neutralLighter_1":"731bb67f-00cc-4339-9907-d64953754c5d","shp_Color_neutralLight":"244964a6-34db-4e91-ae58-42da06b37e22","lbl_Color_neutralLight_1":"da4b4d8d-a7c2-41c4-a0f2-3efe96d30197","shp_Color_neutralQuaternaryAlt":"24b02092-fe82-4fb4-bce1-3bf4b43b22fd","lbl_Color_neutralQuaternaryAlt_1":"512e9eea-12f0-476c-b7ef-299edebc12fd","shp_Color_neutralQuaternary":"432037ff-d28b-4d55-bcfc-15c8f4814f42","lbl_Color_neutralQuaternary_1":"c6df17a6-d591-450b-b573-49eb6a8adca1","lbl_Color_themeDark_2":"c39e4f66-a5be-4e68-99f3-3de419e909e1","lbl_Color_themeDarker_2":"7ad74a61-6b34-4431-8f49-4b82854fde7d","lbl_Color_neutralLighterAlt_2":"356f3758-dbda-46ec-bb8a-bc5d3bf8e364","lbl_Color_neutralLighter_2":"d217ff08-5f1f-4856-b0a8-b625fc85b0c9","lbl_Color_neutralLight_2":"dd88a391-119e-41df-a8c9-1c827348eb2f","lbl_Color_neutralQuaternaryAlt_2":"fa600c21-ef1d-4904-9c33-5f668dc2f820","lbl_Color_neutralQuaternary_2":"71ee40cb-027b-4623-a68d-efb58c7d81c8","shp_Color_neutralTertiaryAlt":"f4789954-9059-4401-ab21-4328bb74d3aa","lbl_Color_neutralTertiaryAlt_1":"36e81833-859f-4d6e-96c6-55eebfe71121","shp_Color_neutralTertiary":"8dc40914-fff9-48fe-8839-fb336c5d3640","lbl_Color_neutralTertiary_1":"636336ea-efb7-4c5a-9053-6f90f4ec458f","shp_Color_neutralSecondary":"aaeda2c7-cfe0-4c2c-be91-0fdc7453cb1d","lbl_Color_neutralSecondary_1":"43a092b0-9a20-46ce-b80e-59f3edc1e8e8","shp_Color_neutralSecondaryAlt":"c9cf7cf9-bbc0-4465-be8c-1e4c47d2cd28","lbl_Color_neutralSecondaryAlt_1":"d33d9f5b-31ee-4440-90a7-a550ac6443e3","shp_Color_neutralPrimaryAlt":"9649bd53-8a72-46cb-b9c3-0fc90f1e9e03","lbl_Color_neutralPrimaryAlt_1":"b56d4130-5a0d-415c-9218-e81ffb873c0b","shp_Color_neutralPrimary":"b72091c6-74f3-4e45-a457-aa1c6033e4dc","lbl_Color_neutralPrimary_1":"9d80c312-cfe8-4d68-8ec6-6cccf32e1153","shp_Color_neutralDark":"88c5721b-5495-4296-81cf-f54a757e1b56","lbl_Color_neutralDark_1":"7c6559a9-e6cc-46a0-8eeb-936dac75f42b","lbl_Color_neutralTertiaryAlt_2":"39c78f97-ade6-4fa0-b950-47ac92c957a0","lbl_Color_neutralTertiary_2":"cbeb0af3-af63-4408-a05b-c20880411661","lbl_Color_neutralSecondary_2":"38a27327-4316-4722-a755-0e6663f7a1e2","lbl_Color_neutralSecondaryAlt_2":"7ddd0240-baee-43e1-bd20-64fe858acf31","lbl_Color_neutralPrimaryAlt_2":"c50ed182-ed23-47a5-b1a9-cd27f843c066","lbl_Color_neutralPrimary_2":"1f557cda-7515-41f5-979c-208077a5a3b1","lbl_Color_neutralDark_2":"bf4e7d1d-58c3-4010-8773-391fca98a8de","shp_Color_Black":"aafc693a-ece3-4bab-9b02-38a71a7a40a5","lbl_Color_Black_1":"b8954d7a-5b84-4d17-982f-50d0ab8be84b","shp_Color_White":"be627723-526f-4a4c-8199-70dc0e075b12","lbl_Color_White_1":"d0599ac3-a6ee-414a-af11-4ba930b50feb","lbl_Color_Black_2":"80508dc9-1248-4133-a1f8-45e65b3aac6f","lbl_Color_White_2":"eba513d7-56e8-4d90-90ef-bbdaa2e3bfc3","Third Screen":"956972d0-6b55-4896-8b8b-22c34598aab5","cntr_Third_Main":"0a5ba18b-1255-4fc3-8f52-4ee50ac34105","cmp_Third_Header":"8d4a3d13-348a-4906-b33e-4e37109c37ec","cmp_Third_Spinner":"e9063954-f64c-47ec-9eb0-634d0a00bf7d","cmp_Third_Nav":"77253add-2f10-4708-b64e-499301e55890","cmp_Third_Visualization":"41c0e4d4-058c-4c97-b85f-1eca3ce5f410","cmp_Third_Button_MessageCenter_Maintenance":"7c2b8f27-9105-4867-aafe-f01342dbdb89","cmp_Third_Button_MessageCenter_TimeOut":"e9ab4f74-eb16-44e4-979e-5d55111295fd","cmp_Third_Button_MessageCenter_Error":"53caf96a-638e-4e0d-9c54-f3da3cdefcd0","btn_Third":"d7b5d7fc-0513-4719-961f-c67809fb75c6","Second Screen":"8c6a563b-a4a8-4953-a66b-89ecc83d3cca","cntr_Second_Main":"df5e0b87-7528-4100-bc05-e684c2c45b9c","cmp_Second_Header":"b1ff56a7-f1ae-4201-a7e7-7cfa0c04078a","cmp_Second_Spinner":"034f1812-46f4-4c17-ae44-2027c7fc68d2","cmp_Second_Nav":"651478dd-ad6a-440f-b0a7-09bbd77ec3a0","cmp_Second_Visualization":"7c7bfbfa-2615-4f96-ba82-efb0b8fdf648","btn_Second":"b679f790-6b79-4ff5-97d4-9a9f7994058d","Fourth Screen":"5574df7a-9d2c-4894-b1d3-87e14047827c","cntr_Fourth_Main":"f2a2c4c2-6539-4db0-807f-53f213f72ee5","cmp_Fourth_Header":"b7cc8615-342f-4b2b-8dd5-4a2bf3f4ac73","cmp_Fourth_Spinner":"42f18125-2c3a-4bf1-80c8-c7bdfdbd5a15","cmp_Fourth_Nav":"2be1be8b-adb9-4e4b-953c-923c8ebb1182","cmp_Fourth_Visualization":"65e535bc-5ee8-4f09-878f-b2500602b2ee","btn_Fourth":"23f3fe10-041f-49e2-9cff-7b0fe1743c8f","Fifth Screen":"981f5f0c-776e-464b-b22e-558955edd0f6","cntr_Fifth_Main":"93b59fcc-4e0d-46fe-9c15-b2881d80f2bb","cmp_Fifth_Header":"50536357-f414-4071-9dbe-f0b20a8ac89d","cmp_Fifth_Spinner":"e49b7d7f-ac19-4cb9-852c-437b94b570fc","cmp_Fifth_Nav":"6be3fa25-3ec2-4767-9387-9d3d94c5ce61","cmp_Fifth_Visualization":"837d7864-30c4-4808-8f74-d427c8e4b12c","btn_Fifth":"4cb6a821-98e5-4776-ae14-a4ad585d83a9","Themes Screen":"a476b432-5c81-4d84-869e-a8626e83a0a7","cntr_Themes_Main":"0a4f0be8-064c-4eab-a9d4-86b600a03de0","cmp_Themes_Header":"a912fa5d-7660-49d6-9c46-2147aee1a7cd","cmp_Themes_Spinner":"7ce21a77-7db5-45bb-adbf-01f7474bd7b0","cmp_Themes_Visualization":"b0a465e0-27ab-4689-bff8-0131fc5941d1","cmp_Themes_Button_Default":"4bfa2970-9769-4704-8f96-ac0803549e0d","cmp_Themes_Button_Dark":"98ef3f77-c0cb-4a1e-abba-11ef0919b5c0","cmp_Themes_Button_HighContrast":"e0a8e953-a8c9-4ef8-86d0-9ce960861abd","btn_Themes":"959ba846-90e8-4828-859d-d87fb3f523ad","btn_Themes_All":"852a9108-eea4-4dbf-8f50-5a6bb8bd4008","Message Center Screen":"eeed55a1-92a3-435b-9b14-eaae805a2c09","cntr_MessageCenter_Main":"d01df911-644a-4313-8582-073a87466ba1","cmp_MessageCenter_Header":"0cf24531-23cf-4834-b3c4-cd7fd56de4d6","cmp_MessageCenter_Dialog":"2e4d687c-8056-4d3f-b70f-75cd823ee343","cmp_MessageCenter_Spinner":"75864831-e1fa-424a-bd20-432abea6cdd5","btn_MessageCenter":"d84d77a0-74ea-40c6-abe0-2bc1e8fc9e63","Controls Screen":"75a719a3-ddd4-4b57-9eb7-6903091efd7e","lbl_Controls_ti":"deba93bc-a058-4b4f-9aff-b148c401770c","ti_Controls":"9ac9084e-65d6-478a-9f4b-37729b8ae806","ti_Controls_Diabled":"de01eb05-23e8-4e2b-81f4-61ec3b98ad02","lbl_Controls_dd":"53d94c1e-a042-41f0-9621-44b0ac8610b4","dd_Controls":"d12f5909-b3da-443a-b00e-b19d4a7482df","dd_Controls_Diabled":"9a0877a8-4123-4f3d-839a-6e00bfa955b1","lbl_Controls_dp":"54e58340-9dd9-4173-b4e9-3a61ba4d6d9b","dp_Controls":"345292a7-ec77-431e-a798-1e6ac86cd7f3","dp_Controls_Diabled":"1f72cf04-dcad-4aad-b959-af5cae4eb19d","lbl_Controls_cb":"64d50066-5aaf-4aff-8a3f-75d99f142551","cb_Contols":"399e8418-728b-474f-8617-75fb41e90273","cb_Contols_Diabled":"a251fd33-92d9-4ac2-8e49-c8a04e803900","lbl_Controls_btn":"5ff0f29e-e8a6-467f-9c7a-79d0fd6020cd","btn_Control_Primary":"107e89da-5131-46eb-9e28-2005d03f7d93","btn_Control_Secondary":"3db00599-4fe0-4307-a675-7c4f56c41bdf","btn_Control_Primary_Diabled":"0dcfe7da-0c19-43ce-be53-71374b85b9a4","btn_Control_Secondary_Diabled":"916eb60c-bfaa-47d6-8d04-523123a46719","lbl_Controls_icn":"6a464fcb-176b-4f04-9cd1-5a6a49f0de39","icn_Control":"3efc16ab-ebb3-4df6-9675-5b8e9821746e","icn_Control_Diabled":"3be0faa2-615c-4ec7-8b09-ba20b7b5dd4e","lbl_Controls_Disabled":"57a862a3-bcdd-4752-97d5-5326e903dfa2"}