{"__Version":"0.1","App":"69c81fb7-1711-467c-9d60-85b8a346eb15","Test_7F478737223C4B69":"fd241787-4f30-4af6-a853-8cd25a4898c6","Host":"b6c9af76-dfec-451e-8c81-e504ea2d139d","PACo_CommandBar_B":"017eb9cf-15a8-4a53-ab19-20c625f5bc0e","html_CommandBar_B_Visualization":"10b24ad4-a8f0-43cd-9bff-889b24f9a740","shp_CommandBar_B_Visualization":"e5cca76f-3943-4949-9ccc-603e2e205049","cntr_CommandBar_B":"55e70174-ad7f-4c34-8a98-fcb0e2c6d64d","img_CommandBar_B_1":"f0b27061-ba4d-49ce-9664-a93fdcc0a8ef","icn_CommandBar_B_1":"83529080-ff94-4af6-bfbc-f1805bbdca6d","lbl_CommandBar_B_1":"3a345398-9553-4729-9844-e530fde18cfc","img_CommandBar_B_2":"6825d384-4cd2-4624-9f19-8e662e65cad2","lbl_CommandBar_B_2":"6446652c-d995-42a4-8192-5089af140852","icn_CommandBar_B_2":"a11a23a1-f5e3-49b5-9ede-930df9efcc38","img_CommandBar_B_3":"9b645564-01b8-4201-90d3-e844987057e3","icn_CommandBar_B_3":"1cb8affe-6c51-48dd-93c4-3679aeab28d5","img_CommandBar_B_4":"722579c5-0807-4f33-800b-1fdab1e5b574","icn_CommandBar_B_4":"1b7dcd3c-0909-4fed-ae8b-21a4182014eb","lbl_CommandBar_B_3":"5ca2c464-0c58-4e8e-b59d-40850cbbb8da","lbl_CommandBar_B_4":"18848a11-3880-4e3e-9210-28a9769a2c3b","img_CommandBar_B_5":"b7c579bb-41e9-4902-a251-2eae55b38207","icn_CommandBar_B_5":"4698d1e1-1519-47be-abb0-99b883841db1","lbl_CommandBar_B_5":"52c916dd-d7c9-401d-87fe-c9e3726b6cc9","img_CommandBar_B_6":"1602f5a4-c220-46b4-a572-d292d5129a2a","icn_CommandBar_B_6":"094e7cfe-4e10-492e-b07f-84877e65cc15","lbl_CommandBar_B_6":"ff524cb2-cd39-4e13-bff5-4c6b83e1754b","img_CommandBar_B_7":"0d48e881-f181-4177-a64c-ec414ad07845","lbl_CommandBar_B_7":"ab2dd595-789a-436c-a9c8-1ffb1bdb6f2f","icn_CommandBar_B_7":"adbf7bd0-a2ba-4aa7-af64-4c2b3afc0e75","img_CommandBar_B_8":"c575d349-8306-425a-983d-d28b906b7729","icn_CommandBar_B_8":"8bbdeaf7-1822-46af-bf33-7219fb33e63a","lbl_CommandBar_B_Menu":"f0533058-f200-4990-992a-36f9962a05b5","icn_CommandBar_B_Menu":"454e0942-4c9b-402c-9785-b2d0adae0989","lbl_CommandBar_B_8":"70c7e45b-e04d-4b54-acb6-cdcdcdc40161","html_CommandBar_B_1":"cca9891b-fa1a-43cd-9bc4-2ac8c1227dc4","html_CommandBar_B_2":"e664457b-2599-4778-80ac-54d2289ec3c5","html_CommandBar_B_3":"912b144c-5849-4284-adb8-c04d0b1f9e0f","html_CommandBar_B_4":"a34eeeb7-20ea-4b28-b00d-f7a524958a3b","html_CommandBar_B_5":"4b3eacb7-6f6f-4b2f-b313-6cece2688e06","html_CommandBar_B_6":"baf64b3b-d2a3-4069-a4ad-10137c3b8140","html_CommandBar_B_7":"80af7014-8eee-46c7-b404-96ece1d1cdc4","html_CommandBar_B_8":"41a0bddd-0f5c-4a51-8989-91394b211281","PACo_CommandBarMenu_A":"249e42ad-8abe-4aee-80ec-bd19c2855ff8","html_CommandBarMenu_A_Visualization":"04ff49ba-81d5-40fa-9397-04bd645fe0ef","shp_CommandBarMenu_A_Visualization":"a3bd0745-14c5-4459-b4c2-04fb2a43561e","gall_CommandBarMenu_A":"5eb4c079-65a4-4271-b354-938e996aa4da","galleryTemplate1":"7c2c9df8-69af-4b35-8320-4533aede87d0","img_CommandBarMenu_A_Gall":"bfa2ae97-66d9-4e97-ae56-5b840bbbd2a0","icn_CommandBarMenu_A_Gall":"d519b07f-fe2d-496c-b1b8-6b7a3cd89003","lbl_CommandBarMenu_A_Gall":"48afc341-0705-47b1-9fc9-06d16e217694","shp_CommandBarMenu_A_Gall_Divider":"35995b62-9b46-413b-abab-04b4ca08b735","PACo_ProgressIndicator_B":"03395ccb-4788-498a-848a-c20570da528f","html_ProgressIndicator_B_Visualization":"392c3925-8ee1-42f1-8991-ff1a02519636","shp_ProgressIndicator_B_Visualization":"936da8af-e891-42fb-90d1-66d7c03cc5f0","gall_ProgressIndicator_B":"b8eac973-133d-4c16-a33d-f8f1090611a7","galleryTemplate1_4":"a20e8a15-1076-4a15-9743-add87fb40687","shp_ProgressIndicator_B_Gall_Circle1":"fcfcaa6f-b337-4c53-8a62-6aee567e4f54","shp_ProgressIndicator_B_Gall_Circle2":"dc3fdddd-d43b-4e45-a876-35d4113b56ef","shp_ProgressIndicator_B_Gall_Circle3":"b8d82273-4fc8-4fda-9ea1-42730f71684f","shp_ProgressIndicator_B_Gall_Left":"09f87db6-b231-4a04-b305-baa712eed11e","shp_ProgressIndicator_B_Gall_Right":"ac3c39a7-14b4-43d2-919c-23587dd32eb4","lbl_ProgressIndicator_B_Gall":"b7e55406-4a3d-4f50-bcdb-69e81abf9db3","PACo_ProgressIndicator_A":"a53354f6-a400-43bc-bf95-fda19faebe5a","html_ProgressIndicator_A_Visualization":"5d41ad8a-66c4-450b-a66f-8ad7cdb80ce1","shp_ProgressIndicator_A_Visualization":"5ae636fc-d4ae-434d-9169-6b5550a3c543","gall_ProgressIndicator_A":"91a90539-61ab-49f8-a24c-9127087248fe","galleryTemplate1_1":"02d652f4-c507-46b1-b60b-16b39921f912","shp_ProgressIndicator_A_Gall_Circle1":"de6f9424-a8fe-43db-9d57-eb6a01a45ce5","shp_ProgressIndicator_A_Gall_Circle2":"f4f2abd5-026e-44a2-b443-2df02e5aea7c","shp_ProgressIndicator_A_Gall_Circle3":"b83d2304-32b7-4ded-a904-57b2eb75e551","shp_ProgressIndicator_A_Gall_Left":"380baa83-170a-4653-b2e6-5f0f876bde08","shp_ProgressIndicator_A_Gall_Right":"d942ad9a-3695-4504-902b-ccebbb2a2f5f","lbl_ProgressIndicator_A_Gall":"2292589c-136c-4347-969d-821ba3e887b5","PACo_CommandBar_Item_A":"0b388181-0eba-4a83-8eb1-c20eb48d6a19","img_CommandBar_Item_A":"9ca03145-b4bf-4a3a-9310-6eaa06c74ed3","icn_CommandBar_Item_A":"d005aae1-d1c4-491b-826b-c09fe5e7a003","lbl_CommandBar_Item_A":"e07840ee-ff89-4b7a-b437-cbfae55702ff","shp_CommandBar_Item_A_Spacing":"fd9ed0bb-6b24-426e-95ed-2943414a34b4","html_CommandBar_Item_A":"dce61b16-364f-4b46-a00b-1c36e9f48feb","PACo_Button_A":"817a251f-1b1b-46f1-91e8-f8201b1cfe33","cntr_Button_A":"df7493e2-a5e5-49ad-8efc-68076c1b41e3","img_Button_A":"218a17df-bfe5-47f2-b397-04e89ee8841a","icn_Button_A":"abd89a47-023f-4def-8e30-a5cdf63f7aab","lbl_Button_A":"7664ba6d-5130-4015-bef1-fa6b34d6a926","btn_Button_A":"a0b4eae9-b543-48db-9e61-28dc348230d1","html_Button_A":"2c963215-9695-40ea-8686-ad4566a6dfff","PACo_Tile_B":"d6cac2d0-7f78-4c22-9568-25d21dba05b0","html_Tile_B_Visualization":"4fc633ae-1254-4973-951a-5f9badb166f6","shp_Tile_B_Visualization":"637ca650-e44d-470f-a817-ee9ee4eb465f","lbl_Tile_B":"40d650f9-f57e-4891-9461-b2f25da72ac8","icn_Tile_B":"2306582b-c56b-4f60-a85a-ea7d6574ea82","PACo_Icon_A":"020bf00d-2d43-487b-be9e-486f1bb889f3","html_Icon_A_Visualization":"41bdc718-f7a0-4483-8e27-0a40f763da7e","shp_Icon_A_Visualization":"c82dd097-7b5b-4378-9af9-2d70805f1126","img_Icon_A":"1dca6381-b48f-4e76-a1ff-10fcab9da406","icn_Icon_A":"1918c61a-d1cb-44ef-9820-aadddbdc7b38","PACo_Visualization_A":"fa7815c0-185b-49cc-8bc6-1a48b27caa44","html_Elevation_A":"d4a061d1-8dee-4dd5-b8a6-d52efa1bd0c8","shp_Elevation_A":"4792c4e0-25b3-4a8b-9573-cf916e35fd75","PACo_Tile_A":"dca86aa4-e770-42a5-8c49-1989742bd80b","html_Tile_A_Visualization":"0c52a984-db5b-4b8f-ab6d-19a8a093e345","shp_Tile_A_Visualization":"7344c12e-543f-4530-9216-fb35a1508166","lbl_Tile_A_Text":"96a29bdc-065b-41ab-9831-f75ada82b68b","lbl_Tile_A_Value":"9c24b798-eda5-446a-bd0e-4eb9a3f7e5b7","PACo_Spinner_A":"7baa610c-ec51-47d8-be64-0fc2a947e7ff","img_Spinner_A":"af96ae27-2728-4cec-b286-e483c25599b7","lbl_Spinner_A":"80ea3bdb-f5bb-4454-ba62-06b7207d53be","PACo_DetailsList_C":"2c3bc130-b9cc-4c74-bfa9-125221b221cf","html_DetailsList_C_Visualization":"035a54e1-6b85-4e46-8681-1370d48ffda2","shp_DetailsList_C_Visualization":"0be82b0c-4f61-4356-b82d-116d2fcb804e","gall_DetailsList_C":"68881034-b3af-48a2-a3a6-75396d9a0d4d","galleryTemplate4":"13240b2a-5311-4826-a9df-6f4ac5f2971a","shp_DetailsList_C_Gall":"9eb06536-cd14-46c3-899d-3bdec454115f","cb_DetailsList_C_Gall":"8fd83e35-2acc-44df-8986-2f36e1a7be3e","lbl_DetailsList_C_Gall_Title":"958c4cce-6f14-44b4-aca7-ff253b162940","lbl_DetailsList_C_Gall_Subtitle":"b0e86e3b-f6f3-4556-ac2d-fcc532eebf69","lbl_DetailsList_C_Gall_Body":"004c6d82-814e-4396-adb9-d38c7e6e895a","shp_DetailList_C_Gall_Divider":"724cf97c-e34b-4c2b-b068-6a91bd330326","PACo_Nav_C":"7f84227c-b1f3-4acb-a20d-20dd15a9e47c","gall_Nav_C":"8063872f-4247-413d-9eed-c3cc9a40d9cc","galleryTemplate2_1":"638f833f-1816-4400-9747-ed71215d2789","shp_Nav_C_Gall":"558f7e44-35fd-4ce1-9e1f-8f42a95f3397","img_Nav_C_Gall":"036e2a1b-e7d0-4571-8987-c5261710bac7","icn_Nav_C_Gall":"c83afcf8-8828-4355-90b4-e178e1468aa8","shp_Nav_C_Gall_Divider_Left":"bb9054ea-f3f2-48b8-9314-1aea52ad7e86","shp_Nav_C_Gall_Divider_Right":"ef349f61-9457-4829-b019-0d2db2b147b5","lbl_Nav_C_Gall":"cffc4b38-0ecf-4e4d-a73e-21cc4885acbf","PACo_Panel_A":"77c87ff7-9ba4-47d7-bf07-21c52f618b50","html_Panel_A":"21361c84-9749-4079-bad8-de611bcfd25c","shp_Panel_A_Area":"d3eaa42c-121f-42cf-8cf0-986fe76d843e","html_Panel_A_CommandBar_Visualization":"363e0da4-4dd8-4fc2-bf64-ae726f072a68","shp_Panel_A":"c24b3b92-6765-4de5-848d-8ff38b3add2c","shp_Panel_A_CommandBar_Visualization":"5ef20110-3650-4bb5-bda7-906f0e50d7f2","cntr_Panel_A_CommandBar":"0d5a21bf-d2ff-4d35-8ba3-edf2ddb7eb4c","img_Panel_A_CommandBar_1":"253c9fd0-49d6-4d64-a3ea-1ffab3ba8780","icn_Panel_A_CommandBar_1":"c2a30203-8627-4b75-a4f9-e97bd00f5aec","lbl_Panel_A_CommandBar_1":"7aae97db-6f96-4943-9cfe-f42425a438a5","img_Panel_A_CommandBar_2":"6a69072c-2c71-4487-b678-86d443d3cfb1","icn_Panel_A_CommandBar_2":"afca65e7-513c-485c-82af-0f11c078ed7e","lbl_Panel_A_CommandBar_2":"e353902f-6079-4f6f-908c-7cac8d721af6","gall_Panel_A":"bd311383-b284-4226-b400-07a0149255c6","galleryTemplate2":"88bdeb6d-0fd4-487a-8d6c-8363d47bf3b3","lbl_Panel_A_Gall_Label":"44b6aaeb-a064-498f-b778-2a4723ee4958","lbl_Panel_A_Gall_Text":"205a3374-8b45-4e08-a6ad-c1b7bfe970dd","cntr_Panel_A_Button":"104afac7-5a50-458e-93bf-41092fd2d916","btn_Panel_A_Button":"c53b74ee-132b-4f14-80d4-a2cbc554b973","icn_Panel_A_Button":"f10e9e00-0df8-4d12-be39-18acc18532bb","img_Panel_A_Button":"668e1838-9760-490c-812c-d6b86d4a3875","lbl_Panel_A_Button":"f76b06fb-65c5-44df-a0b2-0d25d4c82d95","html_Panel_A_Button":"388abe21-7e45-4c0f-bc99-cc9ad2976314","html_Panel_A_CommandBar_1":"df692ef1-777c-4cfe-af49-ce59a050891f","html_Panel_A_CommandBar_2":"1ffd669f-1348-4b44-9bb2-a564cf35622b","PACo_HeaderSettingsMenu_A":"5cac2c34-aa89-41e7-9811-4154374fa351","html_HeaderSettingsMenu_A_Visualization":"a1a40bf8-fbfe-408f-9cd9-3b0fd8189641","shp_HeaderSettingsMenu_A_Area_Visualization":"ecd1bc56-30ba-4b67-a0ff-1fcde812df84","gall_HeaderSettingsMenu_A":"efaffcbf-9c3a-4565-96ff-996c3155e3b7","galleryTemplate1_2":"0207ff62-fe16-438b-8c88-5d331d7e79ee","shp_HeaderSettingsMenu_A_Gall":"c4cddb0c-9e15-4ef6-8303-175090038129","lbl_HeaderSettingsMenu_A_Gall":"c3e0393f-8612-4dfd-9e07-9e6ad1976a03","icn_HeaderSettingsMenu_A_Gall":"d365a49d-35c6-4c86-b6e7-9926c89be5b0","shp_HeaderSettingsMenu_A_Gall_Divider":"df2bbcc5-2687-471d-8001-aaf90ec82086","shp_HeaderSettingsMenu_A":"2e65a87d-a7c4-477e-be41-4d1f27086cdf","PACo_Nav_B":"6e560ea0-61fa-479a-80a1-2343f77da740","html_Nav_B_Visualization":"f9be6bf1-799d-4d3a-b1bc-b46c5bbecf03","shp_Nav_B_Visualization":"63484fa9-2aa1-4c0a-89d9-26b3b622a55b","gall_Nav_B":"dac3e668-492f-49c4-b28b-db2244687643","galleryTemplate1_3":"10747716-9c04-458e-8ac9-f7c5d46987b5","shp_Nav_B_Gall":"e3cf3f4d-ee91-4d9d-9b83-48f53dc5235d","img_Nav_B_Gall":"91bb739d-c07a-4854-ada6-8afc655c1b3c","lbl_Nav_B_Gall":"0e2beab1-2ee6-4df2-af46-b7b1ce635ffb","icn_Nav_B_Gall":"b755f71c-ee01-4c7e-9119-65cc37c6c5fc","shp_Nav_B_Gall_Divider":"bb21cd03-82de-4dca-bab1-d36bd4e648b1","PACo_DetailsList_B":"996f3884-c47f-4d55-b399-21459343bf4d","html_DetailsList_B_Visualization":"0cbdb0bd-d6a3-45c0-9c0c-da71095c2db1","shp_DetailsList_B_Visualization":"50d88c33-5313-4d3b-9f06-31fc857a5599","cntr_DetailsList_B_Main":"0fb7f95e-5998-4149-ba52-744286326e1e","cntr_DetailsList_B":"954c4d57-737c-43d8-87a8-308193b09498","lbl_DetailsList_B_Header_1":"4f41744b-d9c5-4591-b799-a9d2131baab6","icn_DetailsList_B_Header_1":"d4771f69-a67e-403d-ac6b-3a0ace3dde85","cb_DetailsList_B_Header":"f33dee7e-33ee-4852-bcef-8a785feb0ec5","icn_DetailsList_B_Header_Sorting":"20855a99-6adb-4948-b009-3438147f0d48","lbl_DetailsList_B_Header_2":"60dd2e3f-baa8-495d-96da-be5819bcb928","icn_DetailsList_B_Header_2":"95bd84fa-70e6-4aa0-8663-9aee607342d7","lbl_DetailsList_B_Header_3":"bc9557d8-a853-4f48-9dbd-e29ac57c2e06","icn_DetailsList_B_Header_3":"32cc8c99-5b6c-495d-8990-3a9c3c2d176d","lbl_DetailsList_B_Header_4":"f31cc88d-5b1e-47c2-a7ea-e15f07684d2f","icn_DetailsList_B_Header_4":"783c7977-38e1-4cc5-9313-1efe0561f049","lbl_DetailsList_B_Header_5":"3252cbda-3a8b-41ec-bcd6-683184798058","icn_DetailsList_B_Header_5":"eb42383f-f908-44ff-8134-297a58297391","lbl_DetailsList_B_Header_6":"f34cf7d1-24af-4400-b051-1c3c256a1ad4","icn_DetailsList_B_Header_6":"3c7cde05-46ae-44af-88c2-c4c6a77c16ec","lbl_DetailsList_B_Header_7":"145efc9f-5614-480e-aaf1-bb750abb723e","icn_DetailsList_B_Header_7":"edf4dd60-b8cd-4bdc-8561-99c362f34306","lbl_DetailsList_B_Header_8":"99e8ceea-44f0-4bd5-b35e-30bca591da32","icn_DetailsList_B_Header_8":"6050f73f-f7e5-4cdf-8ace-880b0dddedb8","lbl_DetailsList_B_Header_9":"ffec0d14-9bef-4d7b-9026-d866192e288f","icn_DetailsList_B_Header_9":"41f4d7f7-6aa1-46b4-937d-4809058ead04","lbl_DetailsList_B_Header_10":"c7d70cfa-5dfc-4bde-9a33-4e0076d9423e","icn_DetailsList_B_Header_10":"897e7c02-2876-4f4a-9721-933067e40685","gall_DetailsList_B":"6248ed52-fa3e-4512-8918-dadb610328cf","galleryTemplate2_4":"7dbf9f5e-7ebd-44ae-85a2-13a02e363ff1","lbl_DetailsList_B_Gall_1":"a45377d8-f0bb-44ec-8a18-b390f7411622","cb_DetailsList_B_Gall":"2c057a07-5205-4348-9af9-2a2430fa9a2d","lbl_DetailsList_B_Gall_2":"d0d29a57-772c-416f-a1e0-a0603a873372","lbl_DetailsList_B_Gall_3":"38d72baa-d92c-4412-83e0-035f43056dbd","lbl_DetailsList_B_Gall_4":"85876d79-f443-41b0-957a-c8f72c78596c","lbl_DetailsList_B_Gall_5":"1437e7ae-f95c-46b3-8c30-e41a78ae49a5","lbl_DetailsList_B_Gall_6":"661be13d-51b1-4792-9323-f39e65a5a9c0","lbl_DetailsList_B_Gall_7":"16ca0f23-3c3d-47ee-985f-2e951315f9b2","lbl_DetailsList_B_Gall_8":"fcdf5da8-93eb-458b-8aef-d5b3d1ee2ecc","lbl_DetailsList_B_Gall_9":"3849e2e9-26af-4fee-8acc-723024c81c45","lbl_DetailsList_B_Gall_10":"e37bcf92-7315-4d48-9598-968de6eb95e4","shp_DetailsList_B_Gall_Divider":"9860fafc-80ef-4786-a8c5-055eae734aa6","PACo_Dialog_A":"f44232eb-0f8b-496e-88c3-c6573ed31b17","cntr_Dialog_A":"467325ea-b504-42ad-b791-e728f13dc1d7","html_Dialog_A_Visualization":"930ece37-fc3f-4b27-b43b-5a9b952d89d9","shp_Dialog_A_Visualization":"bd5df30d-52f9-492c-bff9-95b5de5b19c1","shp_Dialog_A_Area":"a9b4bc03-8ce2-42d2-bffa-e5e3444714ef","lbl_Dialog_A_Title":"a62d603f-55fc-4f48-b580-eaa563c7e44a","lbl_Dialog_A_Message":"ffd303e8-b980-471c-bffb-c4d5e0ab200b","html_Dialog_A_Message":"41f544c5-6515-426c-a2ab-ef03731f5da1","cntr_Dialog_A_Button_Last":"1754f163-2b42-4487-84d8-31ae7d9f07bd","icn_Dialog_A_Button_Last":"4ad28361-1927-4a0e-9113-e4506a88f9e5","img_Dialog_A_Button_Last":"572396ab-dab6-4ec5-ae31-e160fe70d048","lbl_Dialog_A_Button_Last":"8ea7e36f-c874-41b4-9e4c-a6e724511984","btn_Dialog_A_Button_Last":"31c92a80-ef0a-4d7d-8a4d-f995249f4f78","cntr_Dialog_A_Button_First":"1651f975-597b-4d18-a4a6-5ed5df3c7917","icn_Dialog_A_Button_First":"44e818fa-5b79-40ad-a57b-e7b8a9dd8419","img_Dialog_A_Button_First":"fd0f29b6-e7a6-4164-b51f-e891e7825914","lbl_Dialog_A_Button_First":"66d3fb31-c270-424d-bce9-fe37e434249c","btn_Dialog_A_Button_First":"61e335ca-8e96-422e-8146-ceb0b3eb6499","html_Dialog_A_Button_First":"2f03400d-b316-4e07-b32f-ebfc52dd3d4c","html_Dialog_A_Button_Last":"51545441-b4f2-43f2-a88b-1026020aa16f","PACo_Header_A":"6d8a4722-6d49-45cf-a64f-124225c76171","html_Header_A_Visualization":"bb2a290a-0d7b-406d-9d0a-e66a9f8704c4","lbl_Header_A":"9d1d001b-49d2-42a8-9b87-e6f1a25f24ab","img_Header_A_Back":"4f38e40b-749b-42af-8da2-6ba2f0a090f2","icn_Header_A_Back":"9b2c2b9a-98fe-47b9-96f2-9f54ff47f0ff","img_Header_A_Nav":"2b577975-8339-4b3f-83ca-13d78c772531","icn_Header_A_Nav":"5a1b01d0-35df-4162-9872-e11582775b57","img_Header_A_Logo":"d4e8e772-e1ae-42bc-8b61-c8e488d2c889","icn_Header_A_Logo":"5112a9b4-3eb6-4689-94f8-25df7b4aed3f","img_Header_A_LanguagesMenu":"ee22f990-6753-498b-87d5-d71f15b65e4d","icn_Header_A_LanguagesMenu":"1e6d28da-d74b-475f-be93-f6651eea6e2c","img_Header_A_Help":"d01f0e8d-4d19-4967-99ba-590face8c427","icn_Header_A_Help":"c1c73732-f779-4cf8-9c74-8d09e53b6df4","img_Header_A_SettingsMenu":"31144996-3ac4-4f8c-b321-5b5e86159606","icn_Header_A_SettingsMenu":"c696634c-64fc-453f-9561-f3f194d90b53","shp_Header_A_Visualization":"69ca7895-df13-4cfa-9bde-273ae05a5f9f","PACo_DetailsList_A":"35284ca9-c00f-4eb7-bfbd-4a5d4596a292","html_DetailsList_A_Visualization":"833aabf2-fa73-4339-95f8-ab4035d4034e","shp_DetailsList_A_Visualization":"6c338462-fd93-4f8e-932e-d7c95377004a","cntr_DetailsList_A_Main":"c8cf0999-d4b0-4ab7-8e7b-16e0b9c7425b","cntr_DetailsList_A":"4d3e3cbb-cfdb-45e5-a946-24fefd034427","lbl_DetailsList_A_Header_1":"68cfc213-37f8-4ee7-a521-a6dff7d105b8","icn_DetailsList_A_Header_1":"92325a2c-9333-40ef-b72f-7588e78e8607","cb_DetailsList_A_Header":"e5f55928-97e0-4f53-b735-7392a3a668e5","icn_DetailsList_A_Header_Sorting":"73bc6166-b354-4b16-a0e8-c10a82192dc8","lbl_DetailsList_A_Header_2":"78dabc01-cbd1-47c5-bd8d-752730803ce0","icn_DetailsList_A_Header_2":"8ef357d5-b3fc-41c7-84e7-d4925cbb84b2","lbl_DetailsList_A_Header_3":"2c207006-f5ed-40dd-bccb-6c17cd7f34b2","icn_DetailsList_A_Header_3":"dd09cb3c-d1f6-47f0-83d1-38c6268b43f5","lbl_DetailsList_A_Header_4":"69c5a2e0-743c-4bd6-8715-29c77fe9335a","icn_DetailsList_A_Header_4":"da125ae7-2504-4c80-9bb8-87c62ff36492","lbl_DetailsList_A_Header_5":"1805473c-c8a9-4a66-ab2f-9c72f09b3e6b","icn_DetailsList_A_Header_5":"553e9021-1aa9-4854-ac64-31c6c0b68510","lbl_DetailsList_A_Header_6":"85958a22-63ac-494e-b076-7785919a4376","icn_DetailsList_A_Header_6":"88864ff5-1102-4176-b236-a26a33a1658e","lbl_DetailsList_A_Header_7":"e5cafc47-c9fa-4d1e-882c-f64407427ad5","icn_DetailsList_A_Header_7":"3765c276-1067-4577-a7e7-f618fae8acf7","lbl_DetailsList_A_Header_8":"3b46db4a-60ca-4746-a84b-c13286095d42","icn_DetailsList_A_Header_8":"dea4fda0-5509-45bc-9216-9a4b432196e0","lbl_DetailsList_A_Header_9":"ea061044-2cfa-485b-935a-9c5d23a81917","icn_DetailsList_A_Header_9":"32f0ee14-c696-4ecc-aeba-493b43ce8dd6","lbl_DetailsList_A_Header_10":"d02bcbb8-b4b7-4c88-b45a-e547c450899f","icn_DetailsList_A_Header_10":"a3465fbb-fe39-4db6-a863-ba435efb3625","lbl_DetailsList_A_Header_11":"ce1c1a2f-9dbe-467d-8969-21b5ae9213fe","icn_DetailsList_A_Header_11":"5a634fe8-2cc2-40a0-8b42-cf33dcfc7d09","lbl_DetailsList_A_Header_12":"3eeac255-70c3-4440-90a4-e3c004552b33","icn_DetailsList_A_Header_12":"d7cb3a6c-6e7e-4b59-bc90-c76d037a1d16","lbl_DetailsList_A_Header_13":"741b4369-160b-41b0-adff-f7c4f5fcfee3","icn_DetailsList_A_Header_13":"9f578c97-1ee7-4ef0-90fb-99cb9fad3034","lbl_DetailsList_A_Header_14":"1ae7ca73-cd98-4bb1-856b-1cbc5bfccd80","icn_DetailsList_A_Header_14":"ed741c44-f1f0-4b67-822b-295ee4602fde","lbl_DetailsList_A_Header_15":"b147e4c8-5e2e-471e-b6b5-7c1631f4ac2d","icn_DetailsList_A_Header_15":"ddee040c-e999-47a5-ae19-afb2eec307f5","lbl_DetailsList_A_Header_16":"1fc2f918-b994-4ff7-a7c7-b9ee78263b5a","icn_DetailsList_A_Header_16":"8da2a2b9-29f8-4a7b-959a-f64fd77ef25a","lbl_DetailsList_A_Header_17":"3a6dba22-daba-463c-8166-2410a5c83882","icn_DetailsList_A_Header_17":"92b1c6a1-923d-4f32-bbba-7808765702dd","lbl_DetailsList_A_Header_18":"87d8661d-0f17-4d8a-8b38-795e75111429","icn_DetailsList_A_Header_18":"b3cd3633-de13-4957-86ae-109f5104daa2","lbl_DetailsList_A_Header_19":"c3c93598-e101-4976-844c-ec5acbafc085","icn_DetailsList_A_Header_19":"89581cfa-76b9-4690-aa68-e34a311e9c39","lbl_DetailsList_A_Header_20":"a6e8dfee-51c3-4e59-80c6-3da78f78a3db","icn_DetailsList_A_Header_20":"0adaf4b9-6065-4035-8706-473ab33dd0d0","gall_DetailsList_A":"a4dfb669-6ff4-4c79-8ab6-6dc40fedc2e0","galleryTemplate2_3":"ad3fdc98-2997-4fb2-b5b8-9d9032b8434e","lbl_DetailsList_A_Gall_1":"e2ce6465-0cbb-4bfc-9056-5c2b8a82d78d","cb_DetailsList_A_Gall":"0ac7d810-7c69-4be0-a915-8fe5334cc616","lbl_DetailsList_A_Gall_2":"780150a3-8a88-4f5d-a938-18d6ffba3c78","lbl_DetailsList_A_Gall_3":"6e8d8f10-bb71-400e-b391-8b089e3529ed","lbl_DetailsList_A_Gall_4":"5e68ebf8-1344-4b45-a71e-481b8f33fae3","lbl_DetailsList_A_Gall_5":"ce720884-9c3e-4fc5-bd12-35e30ff1067f","lbl_DetailsList_A_Gall_6":"b1674461-4518-4a99-ad19-c695b08ea12a","lbl_DetailsList_A_Gall_7":"7ad744c5-57f1-4eb3-8fcf-5dd12dbf61ab","lbl_DetailsList_A_Gall_8":"42b7d90a-8792-4af6-8821-85a2fb99ecbd","lbl_DetailsList_A_Gall_9":"090076d5-2fac-4936-84fa-61697de9fa34","lbl_DetailsList_A_Gall_10":"a511a45d-5c94-41d4-9f72-50164211e810","lbl_DetailsList_A_Gall_11":"af15d53a-86ab-457e-9e9f-6ba7ea052e01","lbl_DetailsList_A_Gall_12":"cbb928ea-c082-456c-95cf-6148d0186627","lbl_DetailsList_A_Gall_13":"2cc29d8f-643b-47eb-9723-9e586d646d83","lbl_DetailsList_A_Gall_14":"adda4910-4745-4c9b-9bc0-1b2694551f88","lbl_DetailsList_A_Gall_15":"0c633ddc-d92f-4061-942c-d74269b75e6d","lbl_DetailsList_A_Gall_16":"05e22ea8-0008-44ac-b10e-d677ea4d69e6","lbl_DetailsList_A_Gall_17":"51307403-e397-41c9-90d2-49d5f028989c","lbl_DetailsList_A_Gall_18":"5352cbca-9ce9-4116-9a53-d9c14569e38e","lbl_DetailsList_A_Gall_19":"998ce2f7-978c-4696-8dd0-525e0082b008","lbl_DetailsList_A_Gall_20":"e7ffdccc-59c6-49bf-92b3-f196b87c57ed","shp_DetailsList_A_Gall_Divider":"7e97c01a-b76c-4156-a26d-d3307a74ee8d","PACo_SearchBox_A":"9761f499-5d14-4f66-a19c-16a9e8bfd039","html_SearchBox_A_Visualization":"b54fff33-1a8f-4431-9ce4-97be83e8ba74","shp_SearchBox_A_Visualization":"49f613f7-4ab4-4b7e-abc4-1436e91a8ca1","ti_SearchBox_A":"a87a7673-6406-4d6d-97e1-1e0271920fb3","img_SearchBox_A_Search":"c11aa1de-eaa3-43b7-b231-05c105fce2d7","PACo_Tabs_A":"b15bbbbc-2c9e-4730-8ed6-90cbf43dc295","html_Tabs_A_Visualization":"764f4186-d162-4ce9-ba0b-a31c45e17ac0","shp_Tabs_A_Visualization":"f7b9d7cf-af33-4147-8921-e6da47d97470","cntr_Tabs_A":"9158b49e-2e62-4c5e-9a57-0586cd493154","lbl_Tabs_A_1":"7ada1163-0397-4a8e-9678-2786710e4ffc","icn_Tabs_A_1":"76be3863-f4c5-45fe-ad96-66975d31481d","lbl_Tabs_A_2":"1eedca03-0d0a-4a55-aa51-79a00edc10b5","icn_Tabs_A_2":"74b310b8-75a0-4de4-a90b-7062e49660ee","lbl_Tabs_A_3":"407a2d20-ff2c-42e5-83fc-599eb0ff1930","icn_Tabs_A_3":"46c212e3-ccff-4f0f-9f44-880a9a11c9cc","lbl_Tabs_A_4":"b4928413-9eeb-4197-a8fc-3547e6a8a814","icn_Tabs_A_4":"660e3289-fefb-43f6-a32b-6d4b0326a042","lbl_Tabs_A_5":"58a46c0b-207c-426b-8068-cfa3d34aed04","icn_Tabs_A_5":"2a383a55-6875-41bd-8452-f4e2ef8ee2d5","lbl_Tabs_A_6":"a002bd2c-ea84-4aa7-b7c9-e7c65057b83a","icn_Tabs_A_6":"9173bc3a-58af-4fbe-b39d-42921c828570","lbl_Tabs_A_7":"af6e98db-f053-47e0-8fd1-9134dff4f5d6","icn_Tabs_A_7":"e549e4cb-7f3e-46a7-88f7-49f8350c29d3","lbl_Tabs_A_8":"2ac860cc-0bfb-4585-aae2-7bbcf0752d59","icn_Tabs_A_8":"264f62a3-1f24-4286-8146-1babb85bb415","lbl_Tabs_A_Menu":"4601488f-3fb7-4acf-a4d1-da5035c799e0","icn_Tabs_A_Menu":"98e64576-187d-42d7-b2db-3c9fd5446e68","shp_Tabs_A_1":"e91e27d4-b9ae-4bae-879b-800a2c85236d","shp_Tabs_A_2":"5b2b5efa-69a6-40da-8f02-95d120b51f08","shp_Tabs_A_3":"517d59ca-3dea-40b7-a8d4-6af473b3c713","shp_Tabs_A_4":"d6d09954-4740-4b24-a047-239b61e2e7d2","shp_Tabs_A_5":"35f8263f-dd86-4223-afc8-376310f5b043","shp_Tabs_A_6":"cbe76016-ed21-487b-891c-9eb1c189ff51","shp_Tabs_A_7":"e65536a5-760b-48f1-96ff-af1ec2593284","shp_Tabs_A_8":"279e0428-e2cc-4c6c-9afa-f3069926fdf7","html_Tabs_A_1":"a33106dc-b32c-4397-b9a8-2e2d124af4ca","html_Tabs_A_2":"6dadeb29-3ffb-415c-80f5-3954b71c29ee","html_Tabs_A_3":"2d72d761-7fbd-4c26-a385-2a0967b99b89","html_Tabs_A_4":"c1fb276b-1878-494a-87ab-6c363a7b7232","html_Tabs_A_5":"2cff66c4-7aa5-4cb5-8c72-7ccce6142d6c","html_Tabs_A_6":"3f604c61-5f1d-4f22-92e4-9500d7780c4f","html_Tabs_A_7":"0d001856-131d-4747-b5ae-b2441dc6c8d5","html_Tabs_A_8":"1b79dbde-2658-46d8-ae3c-03ea6a41ec61","PACo_HeaderLanguagesMenu_A":"6b857f6d-ee3d-4fa9-a072-fb128f95abb0","html_HeaderLanguagesMenu_A_Visualization":"c44fd197-17cb-47c8-8590-c261f692540d","shp_HeaderLanguagesMenu_A_Visualization":"ee98fed6-ed6f-4b9a-beab-604591811f15","gall_HeaderLanguagesMenu_A":"a1b40fca-1aeb-47d2-94c1-1c5fdfb8c7bc","galleryTemplate1_6":"7ed12ceb-dab6-44ed-a619-564dfbd2c6ac","img_HeaderLanguagesMenu_A_Gall":"64f39e66-551f-4158-8951-cae402fa3aec","icn_HeaderLanguagesMenu_A_Gall":"d275fe01-2304-48af-87e4-bbd8224deb2f","shp_HeaderLanguagesMenu_A_Gall_Divider":"051f7182-5557-4f07-acf5-12f2c1c0b8f2","PACo_Log_A":"ceec6c60-7f90-4b38-a69e-0cb2a5a474bf","html_Log_A_Visualization":"bc15ec89-39e0-4216-b863-02db38d6fdc7","shp_Log_A_Visualization":"f6718bf5-5501-4ebc-9489-e262abc67f74","gall_Log_A":"720955a7-395d-4353-8d27-079eb9d0f323","galleryTemplate1_5":"d47aa40c-9199-4042-b50c-f78441b21fc5","shp_Log_A":"50abec82-41d1-4da9-b188-e3425b9690bf","icn_Log_A_Gall":"32eda722-c696-499d-8b2d-49531eea212c","img_Log_A_Gall":"59cba980-0d4d-452d-84f2-b9e9f0e17d99","lbl_Log_A_Gall":"ca70491f-7a92-44f8-b3f5-ac84f43b1d56","shp_Log_A_Gall_Divider":"544f8b30-40a1-45c7-aaae-905aa7a4c15e","PACo_SelectList_A":"556796f7-5d93-4a75-8e80-60b48cd02541","cntr_SelectList_A":"84961960-639e-4214-a749-d429fd4e3b69","html_SelectList_A_Visualization":"ef4e4db6-11fd-43e6-a575-bc27a5cb5ed1","shp_SelectList_A_Visualization":"2bdbbfa1-d7c8-40c3-a3b0-e62f4d48cdc8","shp_SelectList_A_Area":"c8f108bc-471c-43fa-af0b-67e2949bec36","cntr_SelectList_A_Search":"0f777960-8b33-4bda-907b-d30cf49f120f","html_SelectList_A_Search_Visualization":"87b454bf-6954-40de-9352-8b8cf78aefee","shp_SelectList_A_Search_Visualization":"d442aa58-079f-4a6f-bd59-922127961e49","ti_SelectList_A_Search":"bed0e068-818d-4f52-8422-e24c4db42626","img_SelectList_A_Search":"9e622e54-1e32-4d6b-bcc5-f6b8627d46d6","html_SelectList_A_Gallery_Visualization":"72769cf8-50d3-495f-b3d4-0158a07e84e6","shp_SelectList_A_Gallery_Visualization":"0de3fd07-bdc6-41e0-bbf2-d36a5ef7b7c3","gall_SelectList_A":"6204de2f-3e2a-4e52-82e6-82b0e4fb7969","galleryTemplate5_1":"0032541d-6e11-4580-b4e7-af3de0fd6bff","lbl_SelectList_A_Gall":"9fc846cb-7605-4a68-9d2b-cb8f99c467bd","icn_SelectList_A_Gall":"53850fa4-198f-497c-aba9-4329d667abe2","shp_SelectList_A_Gall_Divider":"41ff0b3b-3ecc-49ca-99b7-e2b2cd0ace29","cntr_SelectList_A_Button":"f0de466d-a987-4a2d-93ce-8f0c79f2d6cc","btn_SelectList_A_Button":"a4aa0e14-cd68-4f6e-b359-dbcfb1fadd77","icn_SelectList_A_Button":"c09a8898-d2e1-45f7-8f9a-c857f8fb8ba7","img_SelectList_A_Button":"71f70a57-e7df-4b4e-8afa-314937f2d43d","lbl_SelectList_A_Button":"507d2ac9-5148-4cc1-8133-82295b928196","html_SelectList_A_Button":"839fb2f9-4141-41ee-aa53-f048a9614483","PACo_TabsMenu_A":"b77816b2-bcf1-4b79-a51f-7431009f90f3","html_TabsMenu_A_Visualization":"4aec9120-f4fe-48d8-957c-7dded0108f2c","shp_TabsMenu_A_Visualization":"3fad30e5-fe63-442d-a08e-66f0476ad97f","gall_TabsMenu_A":"ccbcb8fa-5488-45ee-a266-3955c00c78f7","galleryTemplate1_7":"b9cc0287-c7a6-4b7d-aa13-3fd0307d592b","shp_TabsMenu_A":"d3d0212f-f252-4eb2-ae34-a2486ede6fed","icn_Tabs_A_Gall":"c3044b89-2937-4c77-9769-919371d5f102","lbl_TabsMenu_A_Gall":"2f403aed-6fea-4eab-b45d-216687730a7e","shp_TabsMenu_A_Gall_Divider":"dad125b3-5dd0-4337-a667-4c6f0a033c27","PACo_Log_A Screen":"d031df28-1216-47d5-9276-10d32a40aae7","cmp_Log_Back":"3ccfa5a9-e9d1-4271-bc57-b178cc7a6b0c","tmr_Log":"6d576875-7890-42c0-9da7-857d28fe1fe3","cmp_Log_A":"56e998e0-864f-405e-9c4f-c0a3cc96d7c5","cmp_Log_Button_LoadData":"be965022-2339-4e00-80b1-2415a05361c9","lbl_Log_A_VAR":"7b571760-e720-4ed3-996e-92b51fc85a17","PACo_SelectList_A Screen":"38f8ecc9-3ee3-4fb2-98f8-94e7b5e92636","cmp_SelectList_A":"aee3c8f6-95da-4c0b-b8d8-dbec97ffc173","cmp_SelectList_Back":"fd62c73e-20eb-4742-887a-937023e98eff","cmp_SelectList_Button_LoadData":"5d454ed1-7a6a-4922-9b8e-ef57b218fd28","lbl_SelectList_A_VAR":"e02ee09b-e02f-4439-9fae-7c621971c473","PACo_Header Screen":"b51bda0e-148c-405f-b210-d45b86e446c7","cmp_Header_A_1":"97b05ca9-2860-4dec-88a3-73249944ea9a","cmp_HeaderSettingsMenu_A":"a71ff017-88eb-4a7a-bde0-f9bfc2f65beb","cmp_Header_Back":"a85047fb-16df-492a-ab35-54070072f720","cmp_Header_A_2":"de3eb4ea-5ef7-443d-9a61-d0f527ba27a2","cmp_Header_A_3":"d557d8b9-f966-47a0-ada2-fb788481860a","cmp_HeaderLanguagesMenu_A":"1f38f073-fdbe-4013-973c-504ce0f5bbe0","lbl_Header_A_VAR":"31d0265c-bda4-4d8c-87f2-cb239b4ad8e1","PACo_DetailsList_C Screen":"fe27447e-2201-424d-beea-a55b568c7f0e","cmp_DetailsList_C_Back":"a5674e88-5b42-4038-a5d8-a9e80af7f59e","cmp_DetailsList_C_Button_LoadData":"e493dc84-b781-45bb-90c4-e0994ce388c4","lbl_DetailsList_C_VAR":"8773665d-6d38-4670-b3d6-17425bd504ac","cmp_DetailsList_C":"7108906e-a5b0-4e0c-9421-09d0c97e9df7","PACo_SearchBox_A Screen":"1cc43c6a-b2d9-45b2-bcd1-fb07bba0f8cf","cmp_SearchBox_A":"27ceb5f3-6f76-4c1a-9643-1d0f995d2c5d","cmp_SearchBox_Back":"ad855773-4286-48f4-93f4-88178f729707","lbl_SearchBox_A_VAR":"71bd2e4f-89fb-4fc2-b851-d3ac8ed62962","PACo_DetailsList_A Screen":"ef82f38d-55c6-4a03-a3aa-0fac1f9ceceb","cmp_DetailsList_A_Back":"61f3bf6e-ab60-46db-98ba-574c1c6f6391","cmp_DetailsList_A_Button_LoadData":"ae4af06c-6347-4fcd-8963-257ffbc3e61a","lbl_DetailsList_A_VAR":"19b5e9c4-1c03-4874-9b47-4510ec893dc4","cmp_DetailsList_A":"c30d7491-ba20-4130-8f66-18cd1693baae","PACo_ProgressIndicator_A Screen":"bb4e0a7b-324a-482a-8900-97d57f2eb383","cmp_ProgressIndicator_A_Back":"b0bba98d-0f34-422b-8f83-507746aa3011","cmp_ProgressIndicator_A_Button_LoadData":"c11e268b-9de6-426a-893f-6e5f9de2950a","cmp_ProgressIndicator_A":"bd57ca3e-82db-452f-9a60-bef4442fae0b","Home Screen":"2de53cd9-8f11-44e4-9e35-7f4ccd39042e","cntr_Home":"5d6fd9b7-b72b-430e-88fe-05c394fe8581","cmp_Button_PACo_Button_A":"fb67fe4c-a166-4494-ac67-55acd94d2c4f","cmp_Button_PACo_CommandBar":"5a582b10-ee68-476d-9c79-87d2241a36e0","cmp_Button_PACo_CommandBar_Item_A":"e462229c-266c-48e8-a05e-df237bd55ac0","cmp_Button_PACo_DetailsList_A":"7d1cedeb-19af-45cb-89b7-6478e1c29691","cmp_Button_PACo_DetailsList_B":"c856bab4-220a-486e-bc73-b8e464f7550c","cmp_Button_PACo_DetailsList_C":"fe94a540-2a82-4f2c-ae3d-4dd76a6c02d6","cmp_Button_PACo_Dialog_A":"13126e36-2a53-4286-a935-ee5586d6fc18","cmp_Button_PACo_Header_A":"01efd929-5d88-4f79-954c-3f8e703d41de","cmp_Button_PACo_Icon_A":"93695e29-dafe-418d-925a-fee1fe1b620f","cmp_Button_PACo_Log_A":"0ad4f25f-5b11-46fe-94b0-50b1bf28710c","cmp_Button_PACo_Nav_B":"f8669e43-47cd-4452-9b32-0c7eceb0f56e","cmp_Button_PACo_Nav_C":"51730f23-9667-4387-be3e-0d2e02b18632","cmp_Button_PACo_Panel_A":"d293bd16-4191-4222-a6c9-fdceed7f43d7","cmp_Button_PACo_ProgressIndicator_A":"0634b095-cf36-4a20-80ed-1b464d93240a","cmp_Button_PACo_ProgressIndicator_B":"fcd36a04-3234-4c7a-833d-8b3a2b842e64","cmp_Button_PACo_SearchBox_A":"c0991ec8-159b-407f-b6dd-b63cef920ae5","cmp_Button_PACo_SelectList_A":"7fe730d7-0c48-4280-b1a2-e71c794d2dd8","cmp_Button_PACo_Spinner_A":"ad918a57-331b-4a5d-8dd5-6fd81779e426","cmp_Button_PACo_Tabs":"a2693165-6d8d-4f11-a71d-6dba05642714","cmp_Button_PACo_Tiles":"b39e15d9-cf97-4f93-9e00-f72a3fb6af80","cmp_Button_PACo_Visualization_A":"f46d156e-b2e5-4881-b21f-275e14dd16d6","PACo_ProgressIndicator_B Screen":"8a586a47-55ce-40aa-bf21-bc654511b978","cmp_ProgressIndicator_B_Back":"c9899ead-c154-4fff-a98b-a6249a6830c8","cmp_ProgressIndicator_B_Button_LoadData":"ab4dcd77-af45-4452-90cb-5ca6bdeddca3","cmp_ProgressIndicator_B":"f9c4558a-35e5-43db-98b0-2989cb6e9a04","PACo_Button_A Screen":"d2c68483-5770-4dd0-b63a-c6b7e74206c5","cmp_Button_Back":"da2ecf3e-efce-4a55-862f-ef414d2a9d01","cmp_Button_A_Primary":"93c1b4b1-827c-461a-8bab-92105ab2529c","cmp_Button_A_Secondary":"85fba862-0dea-47c0-ae98-13f8a14e408c","cmp_Button_A_Primary_Disabled":"ef92777f-7b49-4b72-a87c-026be95e3125","cmp_Button_A_Secondary_Disabled":"41804fee-524d-459b-830b-0faee111937f","cmp_Button_A_Primary_NoImage":"af1ef2d3-f4eb-487c-8391-e0171d710815","cmp_Button_A_Secondary_NoImage":"5cd1b345-c150-4847-9127-bfd2f02e7a93","cmp_Button_A_Primary_NoText":"d29d62ad-66e0-4b63-bafc-8584e396fa4d","cmp_Button_A_Secondary_NoText":"1d969022-d7f8-4d23-b942-9e838d89321f","cmp_Button_A_Primary_BorderRadius":"8f102ee4-9044-4445-bbf5-04ad80131a13","cmp_Button_A_Secondary_BorderRadius":"c6dfd39e-c6af-4372-a847-9c135d4bcab6","cmp_Button_A_Primary_Disabled_BorderRadius":"31b8b22e-ab73-4e27-b287-b0cbad88c0e6","cmp_Button_A_Secondary_Disabled_BorderRadius":"8da0fb88-8ed9-40cc-83db-27a6af36cc33","cmp_Button_A_Primary_2":"f538fda3-cdf3-4990-a08c-6fda32efea5b","cmp_Button_A_Secondary_2":"888cbcec-d114-424a-a258-46cf79b501ed","cmp_Button_A_Primary_Disabled_2":"b41f3fc9-283c-4047-a49f-b7318c183df2","cmp_Button_A_Secondary_Disabled_2":"692ebfc4-4891-442d-aaed-7eb1ecc32eef","cmp_Button_A_Primary_NoImage_2":"447b0f48-06be-424e-b01e-58921b59a1fe","cmp_Button_A_Secondary_NoImage_2":"2d314956-6162-40f0-99bb-a6016b1f38c2","cmp_Button_A_Primary_NoText_2":"d54e088f-dc5d-4020-8b7f-cedaad63fa03","cmp_Button_A_Secondary_NoText_2":"4ccab99b-bd46-4dab-8624-11e1638a9649","cmp_Button_A_Primary_BorderRadius_2":"daf1fa69-a783-4ffd-a447-c22c4c9e5588","cmp_Button_A_Secondary_BorderRadius_2":"a09d0c60-7ac5-4dd2-8ed4-374b8a15881c","cmp_Button_A_Primary_Disabled_BorderRadius_2":"536dc549-d799-4793-80b6-5bf7171ecbae","cmp_Button_A_Secondary_Disabled_BorderRadius_2":"49d7ec2d-f6e8-430d-9fd4-7c3608e9b09a","lbl_Button_A_Primary_VAR":"9ad44054-8f24-401d-ac40-8179054c45ed","lbl_Button_A_Secondary_VAR":"a42102ab-709e-4010-b090-59aef0932f26","PACo_CommandBar_Item_A Screen":"8cab4163-24dd-4717-9dbf-99c040e9db04","cmp_CommandBar_Item_Back":"177cb5cc-064f-40b9-91cd-9929577a49e8","cmp_CommandBar_Item_A":"3b587aa9-8162-4de3-b40d-4ba9c18aac06","lbl_CommandBar_Item_A_VAR":"50fe9dc0-4a1a-4d9e-a7da-cce96163e725","PACo_Spinner_A Screen":"5eb9dfbc-bae3-4788-bf23-5bad6ed46e02","cmp_Spinner_A":"4fe2b504-1959-44f7-acdb-94ec05074c41","cmp_Spinner_Back":"a5f8a9c7-abb8-4129-9918-ca2710af2e3a","PACo_Icon_A Screen":"849abd3c-8dd9-43b6-8ca9-1176130051d9","cmp_Icon_A":"c08b05ff-f084-43e9-8373-828d545533d4","cmp_Icon_Back":"356cb6d6-9015-48fe-aba8-16646a932209","lbl_Icon_A_VAR":"9f1c91b7-f160-4c98-8955-660b8a2a9752","PACo_Visualization_A Screen":"0445e2ad-6008-4f7f-a92b-8495c435313d","cmp_Visualization_A_Elevation":"37c35ecd-0788-4669-9980-247e1cdd98d4","cmp_Visualization_Back":"a0537c14-9d42-43ad-a29f-4706578874f2","cmp_Visualization_A_Line":"fbf7741f-f734-48c1-bddb-ea4dfcead990","PACo_Tiles Screen":"eae0d78f-9b62-4c9c-9767-f590a619de31","cmp_Tiles_Back":"92a677b6-c628-4785-ba31-51d5b6604f7f","cmp_Tiles_Button_LoadData":"03dcfe8a-2a77-4178-bfbc-8cacec91244b","cmp_Tiles_Tile_A":"c927f6f3-c423-46d9-9eb4-8606934cae24","cmp_Tiles_Tile_B":"5440ca8e-1031-42d9-b7a8-bc3271669566","lbl_Tiles_VAR":"1a108f45-e010-405f-8ce0-a02f445086da","PACo_CommandBar Screen":"7d40bd5c-c052-4da3-bb59-21a0f7a96213","cmp_CommandBar_Back":"371f9d1e-1ac8-41f9-8281-e2c8412c1758","cmp_CommandBar_Button_LoadData":"f1560a45-eb4b-4fe0-90d3-060427c82962","lbl_CommandBar_VAR":"5dc10733-21b1-4b9c-8f5b-cee2b231bcb6","sldr_CommandBar":"0796f7c1-3871-41e1-b97f-3e9af3b60bc3","cmp_CommandBar_B":"e39791eb-5aea-43f1-9b23-5c5d38c5eabb","cmp_CommandBarMenu_A":"c3f9ff66-73ce-4570-afd1-954df7d6a911","PACo_DetailsList_B Screen":"e99a7191-f0df-4141-957d-6046482fd534","cmp_DetailsList_B_Back":"8e62a4f5-b673-411a-95ea-4ce4aa6e4e50","cmp_DetailsList_B_Button_LoadData":"253d6ea6-0f28-45bc-93a8-74156cc6e6fb","lbl_DetailsList_B_VAR":"cec50f8b-a238-4d49-8ad7-db90d2cbd6e0","cmp_DetailsList_B":"39262d09-0d57-4ef6-b3be-bbacfdb92af8","PACo_Dialog_A Screen":"2044281d-4e11-42f3-b708-a227c8ae08fc","cmp_Dialog_A":"1afac886-2b70-4b3b-bd7b-c64f86e04096","cmp_Dialog_Back":"741b5c30-bd7e-4445-82b6-2d2e0416fcf1","cmp_Dialog_A_Button_LoadData_1":"c277b42f-e334-452e-a01b-38b473d6d8de","cmp_Dialog_A_Button_LoadData_2":"f7cbec3d-067a-4a10-8ab1-b5ba944fdd02","PACo_Nav_B Screen":"99dfeba5-7ad2-421b-958d-47e84d978f0f","cmp_Nav_B_Back":"857d853b-5527-451a-8a99-364dc8309d27","cmp_Nav_B":"7943e6f8-583c-4c30-a54d-d520f433fe8a","cmp_Nav_B_Button_LoadData":"d135b419-838d-4eab-854d-86a4bfb36f6f","lbl_Nav_B_VAR":"0724da19-9c10-4a6c-9657-eff310defa3c","PACo_Nav_C Screen":"5e4303d1-7c4f-4fe3-9d3a-d4e045e9a926","cmp_Nav_C":"c61216e1-bb30-4b24-aa94-17eecf2d3bd4","cmp_Nav_C_Back":"4011f748-835a-4d4c-be8f-f97c5035005c","cmp_Nav_C_Button_LoadData":"12483cf5-19e7-49be-896f-854e2c595895","lbl_Nav_C_VAR":"caca6608-e5eb-4cbb-9c49-420f5714e9d4","PACo_Panel_A Screen":"86cd12ec-5f07-4bb7-b007-ac07d55518c2","cmp_Panel_A":"fd3d3093-0a3c-4533-a202-3457dfbe05a2","cmp_Panel_Back":"fe8a0b29-5ead-426f-935f-06655efe9fa9","cmp_Panel_Button_LoadData":"52460957-1b66-4717-b301-0872f253b191","lbl_Panel_A_VAR":"6a69dab4-5a81-4995-bce2-63554769d299","PACo_Tabs Screen":"28b47d9c-62ec-439b-be38-4f7088b46e29","cmp_Tabs_Back":"8c44f843-c0fa-4c7d-ad5b-02cc63e5e2c8","cmp_Tabs_Button_LoadData":"63e3431d-ee33-4b1c-a53f-857b06c07a49","lbl_Tabs_VAR":"db865fd7-86e0-4a54-baf7-bda239e0e2e9","sldr_Tabs":"3f6b97dd-e63b-44b7-ba53-ecf74b4d0c1e","cmp_Tabs_A":"57ec5968-7c6b-4846-992f-76844ebca335","cmp_TabsMenu_A":"5c09cfe9-5f88-4b5f-b22a-93a227805ec0"}