{"__Version":"0.1","App":"3e380cd4-72c5-4766-8b98-029373d78489","Test_7F478737223C4B69":"57b4174b-756c-412f-aceb-42c4f8f86828","Host":"73047853-2d9f-4f88-b2f1-dd8bc8fb2052","PACo_CommandBarMenu_A":"cb7dc6e5-353f-427f-a64f-32365b9abb0e","html_CommandBarMenu_A_Visualization":"6e8ed212-2307-4cc9-adf5-6d6004b83f75","shp_CommandBarMenu_A_Visualization":"3c674306-c367-4c0a-808e-356b387b77d9","gall_CommandBarMenu_A":"c4341501-e318-463b-a4d1-b0e27a7f5e16","galleryTemplate1":"e3a7a359-040d-4271-8699-929d45af6a92","img_CommandBarMenu_A_Gall":"85121538-1e17-42eb-8c44-59714742ad10","icn_CommandBarMenu_A_Gall":"7c32bc97-f9b9-4374-b39a-61ebcd03005c","lbl_CommandBarMenu_A_Gall":"04b9a3f9-4495-40d4-9242-9ca0e40ed3a5","shp_CommandBarMenu_A_Gall_Divider":"6f910745-3a94-4292-9f2f-88b5ebf96bf7","PACo_DetailsList_C":"3761f6c6-1fef-4616-8bf7-26418f871c66","html_DetailsList_C_Visualization":"386189ff-d438-4a4e-bacc-ad127402b4bc","shp_DetailsList_C_Visualization":"1993ecd2-a047-45ec-a60c-cf4a9e9a4f0e","gall_DetailsList_C":"a991dd05-6e57-4da1-bfa5-ff95a1b21101","galleryTemplate4":"4036184b-07d6-4379-9489-c72da20a69bd","shp_DetailsList_C_Gall":"354068bf-6809-4c11-b748-2a490fca7ebb","cb_DetailsList_C_Gall":"efb59312-573a-433e-848c-844ba3919e83","lbl_DetailsList_C_Gall_Title":"c7fe10c5-d995-4ca6-8c4b-6fbd1220906c","lbl_DetailsList_C_Gall_Subtitle":"0734f8a4-f744-40a3-9819-1226358bc5a7","lbl_DetailsList_C_Gall_Body":"2355b211-cd2b-46ca-a419-762713eb0f2a","shp_DetailList_C_Gall_Divider":"3853fa7d-370e-4fd5-bdd8-201987c90bbb","PACo_Panel_A":"b57abb4f-ad1f-4152-a7f0-b63fe2bdad9e","html_Panel_A":"fee328a2-a848-49bf-82e2-84a00514538d","shp_Panel_A_Area":"4cf1dc01-e5ea-42a3-8036-f93768c3c77a","html_Panel_A_CommandBar_Visualization":"920c9382-a88f-413f-98bb-ad02b7ade6cc","shp_Panel_A":"c10c296f-7209-49c3-8245-1d6c1841bbaa","shp_Panel_A_CommandBar_Visualization":"aba487ef-d27c-46fb-bbfd-2a6f773a8b9d","cntr_Panel_A_CommandBar":"935db35f-621d-453f-bda8-39d204082a3d","img_Panel_A_CommandBar_1":"a6250f02-1a1d-4182-8680-78c99f084eeb","icn_Panel_A_CommandBar_1":"4b4ff2fb-6086-4cb1-af79-2305dbbf6a36","lbl_Panel_A_CommandBar_1":"01fb817d-9578-409b-affd-b71666492d2c","img_Panel_A_CommandBar_2":"38cb2d3a-68f4-4bb8-876b-f5ec67c84e12","icn_Panel_A_CommandBar_2":"ff8de4d6-4285-4d57-a206-e014a5537a3f","lbl_Panel_A_CommandBar_2":"960df9d4-e199-49d2-acb5-9aeedec2a4df","gall_Panel_A":"f2ea701e-37a0-42ee-8428-ef43755e14ed","galleryTemplate2":"4d747a35-fe9f-41a1-9ba9-72c9c57cc297","lbl_Panel_A_Gall_Label":"668ce92f-3b16-4c6e-8df1-e5d04ee2dba4","lbl_Panel_A_Gall_Text":"2d11d603-b204-49d3-9783-04c5f6136a44","cntr_Panel_A_Button":"8dae7880-ecdc-4aba-a5c5-95bbe3f44d49","shp_Panel_A_Button":"3cd71e8b-0e77-4c06-88a5-6c9d29b9a92c","icn_Panel_A_Button":"251d6065-5c66-45b8-9acd-cb5ba7fd431c","img_Panel_A_Button":"5681f2ed-4af6-4779-8e0a-e2c177a214c1","lbl_Panel_A_Button":"45b8cf4e-1358-4303-8685-5120a8903214","html_Panel_A_Button":"9fa64aab-8596-44be-a477-17e76254c662","html_Panel_A_CommandBar_1":"59e2a209-8d54-47d9-8049-969a0ccede01","html_Panel_A_CommandBar_2":"65d5b56a-88fe-4131-ab1c-c4bcd9b3c5ae","PACo_Nav_B":"c0e7292a-ddb7-41f6-94b1-758c1a2ff828","html_Nav_B_Visualization":"e0d15c1d-22dd-46f9-b390-544a85d57bb6","shp_Nav_B_Visualization":"8717c7ad-e77d-444c-97fe-cf3253ecdbd9","gall_Nav_B":"b33dbd5d-28a8-4334-aa09-7e43ff01e498","galleryTemplate1_3":"8f0367ef-9f38-4a7c-a9d1-18bacb8d18e1","shp_Nav_B_Gall":"65299da9-d28a-44b9-8dbe-09139ccf14ae","img_Nav_B_Gall":"f6409ac1-2262-48a1-ba2a-c999c1520b39","lbl_Nav_B_Gall":"a67aa07d-3856-4ec0-baf5-9e99a31a07e3","icn_Nav_B_Gall":"dcb85556-d7d0-403d-92cf-27f97bad765d","shp_Nav_B_Gall_Divider":"7c5632c8-4565-49db-b2b2-6d91d3f4f476","PACo_HeaderSettingsMenu_A":"1058b3fc-bf6c-40b7-b4b6-59ef491faa49","html_HeaderSettingsMenu_A_Visualization":"daa31082-e1cb-4dcd-a1cd-dd50760d90b3","shp_HeaderSettingsMenu_A_Area_Visualization":"321e1379-2d58-4f0b-aa13-b03f335ce5ba","gall_HeaderSettingsMenu_A":"60f2a9eb-826a-4212-a4de-34438967500b","galleryTemplate1_2":"e176616e-e820-4300-8f8b-bfe8bfb3af69","shp_HeaderSettingsMenu_A_Gall":"035aeff2-bf11-4470-b60d-840cd40b1a7d","lbl_HeaderSettingsMenu_A_Gall":"83a95d6b-3477-4ea8-9b8d-bfaf3b032924","icn_HeaderSettingsMenu_A_Gall":"f967dbb9-d984-46f6-8d15-7ff37c65bced","shp_HeaderSettingsMenu_A_Gall_Divider":"f655259f-08f7-48ef-bae5-75443d60c10f","shp_HeaderSettingsMenu_A":"68e1e988-a2a2-4b56-8656-298764d47ee0","PACo_Dialog_A":"7f894948-85a6-4326-99aa-347422cf4622","cntr_Dialog_A":"85edbb90-412c-42ee-aa43-5b6d67de2d1d","html_Dialog_A_Visualization":"141ef72c-725c-4197-aec5-fbbbd2a720eb","shp_Dialog_A_Visualization":"fa609ea6-1bdf-41a9-b2f6-cb56228680f5","shp_Dialog_A_Area":"ddcb3730-bb1a-46b4-a4c5-898a78103d72","lbl_Dialog_A_Title":"cdf7dedf-6626-4e74-bbde-78268929905c","lbl_Dialog_A_Message":"74d1061f-c718-497d-a389-959f51f7a2fb","html_Dialog_A_Message":"d8880179-c141-4351-a698-d5a8e7b77e96","cntr_Dialog_A_Button_Last":"c4e068c3-5712-4d0c-a1cf-8d07e0bd7466","shp_Dialog_A_Button_Last":"f534cd05-c611-46eb-ad27-39ddbc5652f6","icn_Dialog_A_Button_Last":"a8967884-9ad6-4d8d-b260-10b97c249df7","img_Dialog_A_Button_Last":"2c3874c8-39e0-4b9d-bd3c-54f1fe146bf1","lbl_Dialog_A_Button_Last":"74171f19-34af-4409-9927-dcd2d267d7b6","cntr_Dialog_A_Button_First":"b5eb692a-4629-4eda-a900-49390e5f57d9","shp_Dialog_A_Button_First":"ab338782-c1d3-49ea-a502-d2524683527c","icn_Dialog_A_Button_First":"d9225dc0-70f7-4ad8-9f17-1267bee1470a","img_Dialog_A_Button_First":"1ab21c04-715e-47ff-9947-b622250d493a","lbl_Dialog_A_Button_First":"8f099448-3dee-4d74-a842-f39d22221b02","html_Dialog_A_Button_First":"f97ab623-3837-4024-a807-f03ed10b8f07","html_Dialog_A_Button_Last":"a7c47dc6-1b77-469c-845a-19ecfe044895","PACo_CommandBar_B":"07c3c26d-a99a-4450-8166-40bcd8547d3a","html_CommandBar_B_Visualization":"2d915099-5131-4d19-9c9e-2a30f7924eab","shp_CommandBar_B_Visualization":"2c856cd6-3133-4a83-86ac-e3ee53333847","cntr_CommandBar_B":"c6d65c64-85ab-4fcd-b8ea-dc91528da09d","img_CommandBar_B_1":"5a5ac4c2-e8ea-45ae-a6ed-aa54262ad8c4","icn_CommandBar_B_1":"90b665db-7830-4599-90e6-044605ebc1ec","lbl_CommandBar_B_1":"ad5a3811-b790-4e1b-8024-91ca2e8a6e67","img_CommandBar_B_2":"3a83c6cc-6946-44d7-922c-d3c52fbcdcce","lbl_CommandBar_B_2":"a104aca1-c00d-49a6-a6ff-b75fc7e8e57e","icn_CommandBar_B_2":"ef478ab2-da9a-4e94-b859-9ebaa6d0c01a","img_CommandBar_B_3":"ac734b80-86b3-45c1-a366-ee64e6374af0","lbl_CommandBar_B_3":"fc611e6f-2476-466e-8af1-a2a30f188e67","icn_CommandBar_B_3":"8271727f-5c61-4829-9fb5-59812ae47adb","img_CommandBar_B_4":"325d3300-4cff-4f6b-bb61-762c4e65357f","icn_CommandBar_B_4":"656a32b0-1cad-4688-a0c3-e80db0092980","lbl_CommandBar_B_4":"acb38ff6-fa0e-4165-be28-e861fdc19e43","img_CommandBar_B_5":"263d27fa-8cd5-4d07-854e-400d9f183ec8","lbl_CommandBar_B_5":"466a4f87-073e-43fd-8b7f-67e43308ab82","icn_CommandBar_B_5":"567fdf94-12ed-48fb-a568-b36c351b7833","img_CommandBar_B_6":"18f6ff42-cbbd-473c-b673-c9b73a26152d","lbl_CommandBar_B_6":"acb27e83-bd4e-4a77-9038-2df8a7bea822","icn_CommandBar_B_6":"265a7191-75a8-4542-aac5-e701b7edb095","img_CommandBar_B_7":"897038e4-67ac-4a22-a4a5-51dd9d672224","lbl_CommandBar_B_7":"0f41b51c-a7bf-439e-8996-2fe6483342c5","icn_CommandBar_B_7":"59aeb795-49b0-4d58-8a9b-a3e520b2c5bf","img_CommandBar_B_8":"f971be27-911f-410a-bc7b-fbaef74ad82c","lbl_CommandBar_B_8":"5ff85d89-f60e-4d65-a6ea-a599e7e56970","icn_CommandBar_B_8":"380d8889-d6b1-4010-a85f-2ddc27c94512","lbl_CommandBar_B_Menu":"e736975a-e929-4bb1-9b7e-0dfe1458e425","icn_CommandBar_B_Menu":"e76e0224-f636-4d93-a380-c93035d085f8","html_CommandBar_B_1":"2261fa10-8687-4ae8-88d0-d174ab93cb90","html_CommandBar_B_2":"0d7033ea-2e23-4d36-b8eb-58d8b00aedee","html_CommandBar_B_3":"5cf33087-ab08-4bac-bb98-fce45f8d7eeb","html_CommandBar_B_4":"a3369e3b-def6-4f21-8e6f-44c5dd02f67c","html_CommandBar_B_5":"e3dbee4e-73b6-4268-a6bc-a7b4999c778c","html_CommandBar_B_6":"db0ef3d8-c811-4b28-bb56-595eb4bec857","html_CommandBar_B_7":"b59cc7c5-ca0a-4e5f-999c-4814e7798daf","html_CommandBar_B_8":"36d11690-ee7a-46ad-b5d2-2ffeb6e4b25c","PACo_DetailsList_A":"8023d47f-e079-4446-887a-fa4bcb305d03","html_DetailsList_A_Visualization":"71a25860-72bd-4318-861a-bbc492424b6a","shp_DetailsList_A_Visualization":"a6a3b4ad-4309-4b36-a398-130426174d4a","cntr_DetailsList_A_Main":"625e86c7-137c-42a3-81da-c8b22e64befc","cntr_DetailsList_A":"b6cce40a-522b-4806-a204-5bfd27cdbf28","lbl_DetailsList_A_Header_1":"60dba9b5-e8bd-4174-977c-c7c22cfb75cf","icn_DetailsList_A_Header_1":"d6f03551-dc38-4aab-a71d-69346dd9e301","cb_DetailsList_A_Header":"ac6b9514-de22-43e7-904a-d102e1ae3708","icn_DetailsList_A_Header_Sorting":"fc4ce2e0-07f9-4909-9be8-456dd002463f","lbl_DetailsList_A_Header_2":"4183369a-d386-43e0-b84b-6422a4153172","icn_DetailsList_A_Header_2":"5af77e7c-39cf-45ee-bcec-814c5b74cf66","lbl_DetailsList_A_Header_3":"d1c6ff97-94d5-4819-8160-e87db0c6ba8d","icn_DetailsList_A_Header_3":"d6a844e2-8929-43ed-9486-ed5cc36e1c55","lbl_DetailsList_A_Header_4":"d97e9323-2855-4dd4-a8c6-64b9a0f5edbe","icn_DetailsList_A_Header_4":"62cda7d7-24c2-42e6-90dd-15790d23369c","lbl_DetailsList_A_Header_5":"a8fa942d-0f76-4abe-a5ea-c3823c3e1201","icn_DetailsList_A_Header_5":"0dc63430-308b-4cc5-bd97-5f1fc45b4ed0","lbl_DetailsList_A_Header_6":"62f350d7-3a8c-4a87-ae35-94982a1df4ad","icn_DetailsList_A_Header_6":"9e490742-3eef-468d-93f3-87bb81c5c351","lbl_DetailsList_A_Header_7":"0fbcefb8-b8bd-4d2e-9408-3e0d896dd778","icn_DetailsList_A_Header_7":"9bf33992-66ce-4b04-bb51-aa3c4539bfea","lbl_DetailsList_A_Header_8":"ed703c65-0e8b-46d2-b99d-c401a6b1cdcb","icn_DetailsList_A_Header_8":"1a1718f2-dfad-4faa-81ce-a7647fdef38f","lbl_DetailsList_A_Header_9":"1e9b1b2e-77ea-4874-9d67-521af71c0e83","icn_DetailsList_A_Header_9":"6ba045bc-23f0-44f3-b428-4c783543b382","lbl_DetailsList_A_Header_10":"e91bd96b-b8e6-4866-a06e-e48fef2bc6a8","icn_DetailsList_A_Header_10":"db826b91-ea44-42aa-a457-419622a729a1","lbl_DetailsList_A_Header_11":"78d9d9d4-fd88-4539-b2aa-1a489c615f91","icn_DetailsList_A_Header_11":"136ea086-01ab-4491-9db7-e99b415a4b34","lbl_DetailsList_A_Header_12":"93f814da-652b-466f-87f8-80050cf66d7d","icn_DetailsList_A_Header_12":"5114983b-6529-43b4-9b70-8ebde479aac1","lbl_DetailsList_A_Header_13":"a8436174-2721-420d-9d73-2161d05cc256","icn_DetailsList_A_Header_13":"3c28864b-4002-421b-b14e-c3e5f4301cd8","lbl_DetailsList_A_Header_14":"22ea1251-76f4-4971-8830-f504683252fe","icn_DetailsList_A_Header_14":"dbccb284-a4bb-4dab-a648-a853fca8edff","lbl_DetailsList_A_Header_15":"c66dc708-5a1e-46d4-9d87-f79e83c59c54","icn_DetailsList_A_Header_15":"725d0d05-313f-466b-b73c-fd209af4472b","lbl_DetailsList_A_Header_16":"9d15c43e-20e8-4d4f-8bef-fc0797ef3832","icn_DetailsList_A_Header_16":"40bcae63-cb50-42db-b0ff-0ad3a3e99690","lbl_DetailsList_A_Header_17":"cd0a0f02-956e-49ae-a3aa-e56d8037a7cf","icn_DetailsList_A_Header_17":"7a4e5de4-f897-49ce-b98b-211da03d2d34","lbl_DetailsList_A_Header_18":"cf249aba-03ac-4b5b-8966-06ed01f2334f","icn_DetailsList_A_Header_18":"57393d02-d81c-4402-90f7-51b79fefd899","lbl_DetailsList_A_Header_19":"3370a713-b0d2-4226-90d1-06f599b61f29","icn_DetailsList_A_Header_19":"05b8f390-1b30-477e-b919-fa2a21264dae","lbl_DetailsList_A_Header_20":"e4e6133e-f0f2-497d-950b-f7947be72d62","icn_DetailsList_A_Header_20":"e68a95e9-f834-41c6-aa16-3d9869a6a827","gall_DetailsList_A":"7c01f6a1-f64e-4dd8-a67e-d5c1677b6f7d","galleryTemplate2_3":"ce763413-23d7-45ce-8d39-b101cb56d5f9","lbl_DetailsList_A_Gall_1":"dcece437-be94-44d9-aca9-53d142d10cf0","cb_DetailsList_A_Gall":"803a533b-60a1-4bfd-a49f-4d652bdfedc2","lbl_DetailsList_A_Gall_2":"f2ba1d4d-c13c-4597-97aa-731d14e744aa","lbl_DetailsList_A_Gall_3":"7424380b-5de3-440a-a959-ab54891318c5","lbl_DetailsList_A_Gall_4":"1d3737fd-1ddf-4ddd-8fd9-df9c4f8d2c6b","lbl_DetailsList_A_Gall_5":"52fca2dc-7b0a-4e76-b3bb-60964b5808cc","lbl_DetailsList_A_Gall_6":"9a9779dd-257e-4245-babc-ff8ee53fcd00","lbl_DetailsList_A_Gall_7":"241e5b44-7fee-47c9-a45d-7238033d0c02","lbl_DetailsList_A_Gall_8":"1ceb7269-eef6-461c-b346-9491e178bbb9","lbl_DetailsList_A_Gall_9":"984e4fbd-36e6-430a-b20b-7572a1c76e5b","lbl_DetailsList_A_Gall_10":"d605bb36-d00c-4243-89a6-a96e7ac12e58","lbl_DetailsList_A_Gall_11":"c59c0c27-a943-4b92-9754-16d7652d8463","lbl_DetailsList_A_Gall_12":"d07d7f1e-89ca-4154-8cae-d07bed50306a","lbl_DetailsList_A_Gall_13":"e70db4b0-0053-4de2-ad13-2453181a90c4","lbl_DetailsList_A_Gall_14":"913d4ecf-96e9-4b45-8394-d6e75f7fa28e","lbl_DetailsList_A_Gall_15":"93c919ea-9047-4685-8061-173252450ddc","lbl_DetailsList_A_Gall_16":"b6f774e5-0888-4369-ac5d-0eaa74c809c3","lbl_DetailsList_A_Gall_17":"6ed66dee-9513-42cc-9856-79adcc38a4a4","lbl_DetailsList_A_Gall_18":"75abc415-2ca8-45e9-b990-96d25ef00d01","lbl_DetailsList_A_Gall_19":"df247798-71e0-440f-bfec-906a348df33c","lbl_DetailsList_A_Gall_20":"c94259b9-cb5a-4c0a-90e2-cf8245ff9969","shp_DetailsList_A_Gall_Divider":"71725d77-4bb8-48ad-a78a-5b66ee0c9331","PACo_SearchBox_A":"8ed9156c-e134-473f-96f9-916de9fe5f9b","html_SearchBox_A_Visualization":"7dff83bc-b218-40b6-ada6-63285cce281d","shp_SearchBox_A_Visualization":"89a4c6cc-9516-45be-9a2d-63e3dd8b2f2d","ti_SearchBox_A":"927d1c82-54a8-4941-a429-097be15e1e17","img_SearchBox_A_Search":"30ee1392-3818-4f36-b066-f2032ce0d71c","PACo_Header_A":"1d272866-b2d2-44ec-b4d9-8de72fa8e5a1","html_Header_A_Visualization":"f87f10c2-89ce-47c8-91e7-5b383c3d4a94","lbl_Header_A":"b3170f6b-a31b-456e-9c62-88bd92c90e2b","img_Header_A_Back":"25ab7bae-3b09-4b85-b026-bc250613ebce","icn_Header_A_Back":"c4c1151e-d753-4473-84dc-73f3fbfbdb97","img_Header_A_Nav":"85baad3e-cf7e-4c08-a9d8-c45ca40929cc","icn_Header_A_Nav":"2e404620-7424-46a9-b2d9-77d64dbf0a3f","img_Header_A_Logo":"dec831f3-89c6-4e81-b36e-89a9258fd40f","icn_Header_A_Logo":"9be5d20e-62f9-48a0-b7d0-0edfd07a2fef","img_Header_A_LanguagesMenu":"669df928-c581-4ecf-a8fa-dc28b74d4a2f","icn_Header_A_LanguagesMenu":"cc23aafc-8a0e-419c-ae14-9a91258cb77e","img_Header_A_Help":"6352c635-1c98-45c9-a477-601abc134e6f","icn_Header_A_Help":"6d71ced7-762d-4f41-9ce7-7072ef2c482a","img_Header_A_SettingsMenu":"b032fdff-8ed0-453f-b36a-375b37473e03","icn_Header_A_SettingsMenu":"8e0fbe89-3e03-434f-8fb3-a649b476ded3","shp_Header_A_Visualization":"809486a6-c0e4-4f21-b59c-0839680ad356","PACo_TabsMenu_A":"c1ebba54-794a-4533-9c53-0bac72270788","html_TabsMenu_A_Visualization":"05de6a3d-b14f-4bb5-bde8-ebba53bfbaad","shp_TabsMenu_A_Visualization":"2c5d8e60-cf28-4eb8-ad9d-26029932027a","gall_TabsMenu_A":"de02bee2-1ff3-494f-8e0c-6d58b0505a8a","galleryTemplate1_7":"2aaf76dd-5c9c-425e-9951-4bba025a3ec5","shp_TabsMenu_A":"28452d07-dec1-4bbf-b063-1ed3a76de765","icn_Tabs_A_Gall":"1ce49c6b-09c4-445b-813f-17635f87e886","lbl_TabsMenu_A_Gall":"692ff09e-a2a0-4039-b427-cebb8b935cb3","shp_TabsMenu_A_Gall_Divider":"edcd8149-3433-4834-ac5d-b207b4fd77a2","PACo_Tabs_A":"1f47ad6e-49f0-4c8f-9ea6-ae2a966d59ee","html_Tabs_A_Visualization":"f78dd5e7-f2ac-4b31-90f9-6ff4f9ae1222","shp_Tabs_A_Visualization":"2a12f1c9-8ded-4751-9797-c37475b76538","cntr_Tabs_A":"2252ab3f-547c-4f8b-8878-7bd017a46617","lbl_Tabs_A_1":"af87ca08-ed43-4ccd-9ab9-47a6285b7a38","icn_Tabs_A_1":"53b6ba9d-cc51-4505-9772-8da16b1388af","lbl_Tabs_A_2":"f4d6503b-45e8-417c-8e64-eb55f8438063","icn_Tabs_A_2":"29a1fe9f-232e-4f3f-96f5-69e9029151a6","lbl_Tabs_A_3":"3690504d-f57e-4d97-9c12-0992768dfa80","icn_Tabs_A_3":"60c84f60-0cc0-4244-bf5e-ef660310935d","lbl_Tabs_A_4":"3017081e-b953-4b0e-b54e-aab3f778fdd8","icn_Tabs_A_4":"b54c1eea-66ef-4573-bd68-ab57ad18db1d","lbl_Tabs_A_5":"cd0258fc-9cf9-4dbd-89d1-ed900ed4de9f","icn_Tabs_A_5":"2d95a439-e4c0-4a55-9cb3-3c7075a73faa","lbl_Tabs_A_6":"d7412ec7-2bc6-4b0f-83c5-7846e4eba2e0","icn_Tabs_A_6":"ee621ee2-f931-446e-a3b2-878b96c6f927","lbl_Tabs_A_7":"a128c654-51d9-424f-aa88-f92de95d69b9","icn_Tabs_A_7":"98b0c1ca-5d7a-4790-9766-aac4dbb675e1","lbl_Tabs_A_8":"d215a5cc-5a95-4de4-9a25-0860c7eb3ebe","icn_Tabs_A_8":"9349e47a-5258-4082-a4d7-f05379f56701","lbl_Tabs_A_Menu":"fae77c73-9514-4060-9781-6eec12c0e344","icn_Tabs_A_Menu":"b090a498-06be-4c44-9344-aa0dbe22eaac","shp_Tabs_A_1":"2de2781e-418e-4387-937e-18a9eab2094a","shp_Tabs_A_2":"da396e86-a059-47d3-b897-3d399c7c6448","shp_Tabs_A_3":"49183bc4-055a-40fa-9caa-d9d7ca9399bf","shp_Tabs_A_4":"e0dbfb39-cd81-4da6-8b3d-f5c060088178","shp_Tabs_A_5":"2ba9332b-0dc5-49f9-8ed8-7859ffa391a2","shp_Tabs_A_6":"7cd2a8d6-7c15-40b9-beaf-bd5536bc1e2e","shp_Tabs_A_7":"a56226b1-3efd-431c-a0e5-f6873eff3511","shp_Tabs_A_8":"bc83df11-0f22-4032-b23f-1c4e6d9966d0","html_Tabs_A_1":"734a6ef4-c0d7-4067-9bfa-9c1e2af420a7","html_Tabs_A_2":"fad906ed-0084-49f8-b7b0-aee8576a2576","html_Tabs_A_3":"afa31427-14ac-4fb9-8f18-c7be2034edca","html_Tabs_A_4":"c74226e9-3898-48c9-8292-9247666d7d73","html_Tabs_A_5":"ed37fbb7-6d5f-4821-b277-1b3d53ef9e60","html_Tabs_A_6":"4244d7fe-151a-4265-bcfe-25851dbe21cc","html_Tabs_A_7":"4b0ca0f6-bacd-4a8a-bf47-7d7a9e2d3e98","html_Tabs_A_8":"6a9457f9-4e21-4c64-a28d-6e3c63f3815f","PACo_HeaderLanguagesMenu_A":"dc36eac5-fc0a-4ad6-8b63-7e8ab64b0b03","html_HeaderLanguagesMenu_A_Visualization":"5753c30d-5827-489c-8404-013b573eb386","shp_HeaderLanguagesMenu_A_Visualization":"ecd0bd5d-c57c-44a9-8d3a-e3b4c4d79879","gall_HeaderLanguagesMenu_A":"fa844d46-9cd8-4202-8cdc-af429d964f11","galleryTemplate1_6":"bac15a9e-bebb-4f3a-82b9-3a067d34bff6","img_HeaderLanguagesMenu_A_Gall":"e84ab424-0a94-4c0f-a15f-64a70ec602c8","icn_HeaderLanguagesMenu_A_Gall":"8a7acc9b-d854-4d41-9d26-17535f5862ea","shp_HeaderLanguagesMenu_A_Gall_Divider":"dae01da2-1cba-4b7c-97a4-e4d8d9c83358","PACo_Spinner_A":"21743045-662d-46c0-812c-25072ad6ace9","img_Spinner_A":"b08fdaed-9330-491f-b582-1a34524440f1","lbl_Spinner_A":"f178e23d-3c74-4363-a8c0-8078741f7b93","PACo_ProgressIndicator_B":"4f8c9fa1-2dd7-435d-a7eb-59b276e9b885","html_ProgressIndicator_B_Visualization":"fd0632ff-cd77-4920-8cdb-c45914b1112c","shp_ProgressIndicator_B_Visualization":"aa8c447d-86f2-49ab-a91d-23e04068609b","gall_ProgressIndicator_B":"9273c443-51ee-4561-b08d-c0914abc9a00","galleryTemplate1_4":"28a23c43-d417-4f75-afaf-7af82edd928c","shp_ProgressIndicator_B_Gall_Circle1":"26c4d0ea-b294-47c3-af27-0c4d337cd794","shp_ProgressIndicator_B_Gall_Circle2":"5697ff76-0d03-43ba-9c85-8b1326d455f0","shp_ProgressIndicator_B_Gall_Circle3":"9031c3de-897f-4b76-8aec-7f8ba1381c96","shp_ProgressIndicator_B_Gall_Left":"c241688c-34ec-48b5-aa66-1bc022b282f4","shp_ProgressIndicator_B_Gall_Right":"11fac08a-14d6-427d-b97b-b29b742ff698","lbl_ProgressIndicator_B_Gall":"d34c6a7c-283c-4c2c-ade0-57b2cbfcfbca","PACo_Button_A":"eb9c92fa-cbfa-47fc-8790-b2313606f69c","cntr_Button_A":"ffcb4bca-9ef3-41e2-ac68-4cab5c9ff924","shp_Button_A":"ddcbe65d-8ea2-460e-911e-f3d5908438a9","icn_Button_A":"0dee15a2-1e1a-438a-8872-613a2a9c8dd9","img_Button_A":"2cf306e6-69ed-48dc-a5cd-6bc7ffd83253","lbl_Button_A":"e9824ad7-3016-467a-8852-89a5e917f5bf","html_Button_A":"3bc66c1c-a652-4164-a133-935a558320d8","PACo_Tile_B":"d963a16a-870c-49c2-9ac6-dc8d088edb19","html_Tile_B_Visualization":"ccb0e9d3-1daf-45a7-8732-6dc072be97b4","shp_Tile_B_Visualization":"a07ca13c-5196-4ba5-a27a-c45d688d8adb","lbl_Tile_B":"3f69808a-ae3a-4029-b573-61f15fb4d266","icn_Tile_B":"66e72d88-31d8-406f-8543-0e863fd6956a","PACo_Icon_A":"00a85a1e-8369-463e-ae5c-7404bde01dab","html_Icon_A_Visualization":"53da9042-5dce-4df9-be61-b7e4026f58a6","shp_Icon_A_Visualization":"ebb2a2a3-a9cf-465d-8fd5-a30df0db152f","img_Icon_A":"3579a989-771f-4e77-bad0-264853f9aa4e","icn_Icon_A":"6d3da05a-d5d0-4e59-9796-29beffc77f2b","PACo_Visualization_A":"d7797c33-898d-4cec-a784-4d7fee3e8e5c","html_Elevation_A":"529add06-2ce8-469d-9e0a-3f965c09cd76","shp_Elevation_A":"6da62fbe-dbed-4a10-8cff-3bd4bc9078b2","Restart Screen":"5ab334ea-cc80-4fe1-9bc4-25578e462d8a","cmp_Restart_Button":"708b8822-29f6-4313-9c2b-70bb51ae36d0","Home Screen":"515f79de-c3e1-4847-99ce-9d12e1fa7834","cntr_Home_Main":"ca567068-8781-4bfc-963a-0f9d0794a7f3","cmp_Home_Header":"0a0ad075-ed2e-4735-b381-07fcd49fe03f","cmp_Home_Panel":"e80adf5f-b211-4332-9fe8-ac1ae66c8dd9","cmp_Home_Dialog":"0f0328ce-065f-4c5e-a133-067dc8e5315b","cmp_Home_Spinner":"70edcb66-f52c-4ed7-a027-4be6937a3277","cmp_Home_HeaderLanguagesMenu":"75e35854-3b1f-4799-82db-16e82c2b4029","cmp_Home_Nav":"d4cc5343-34af-41b7-bd7c-46b80e3c9684","cmp_Home_HeaderSettingsMenu":"0e13be83-0976-4e96-94a3-e55ed5b052a8","cmp_Home_CommandBar":"4aadee6b-1704-425d-b8d3-11d07d997e00","cmp_Home_Form_Main":"6c388f97-4487-47dc-9fe9-e6e0243e3ac0","cmp_Home_Form":"7dd843a3-fa81-4176-97eb-d491f05f38e2","cmp_Home_Form_ProgressIndicator":"081466c5-5d5b-4772-9ec3-8fa1632a7049","cmp_Home_Form_Tabs":"4ab4a992-5cfd-439f-a42e-b5eca0372684","cmp_Home_Form_TabsMenu":"3adeef77-17cd-40d8-ab78-927fb3328d11","cmp_Home_Form_Form":"718be643-f0a6-47cc-9c15-3612acc86166","cmp_Home_Form_Files":"82289794-d916-4351-8a15-bbff9037f6aa","cmp_Home_Form_Actions":"5127a781-cf11-44ac-8fa5-e7c941cab2b4","cmp_Home_Form_Other":"a97af843-4e1f-4478-8a4f-942eb315728e","cntr_Home_Form_Form":"552f3b6b-8e58-4af3-b588-19824eea5fe2","lbl_Home_Form_Form":"bc521d11-eff2-4740-8a47-0f8c70688fe9","cmp_Home_Form_Form_Back":"f21cabcd-43d6-49d4-acfa-a3622548913a","lbl_Home_Form_Form_Mode":"aedea5a3-63ac-4ba3-859e-91e89054d4bf","cntr_Home_Form_Files":"c5b111a2-24d0-4d2b-ac08-79e54a94be8b","lbl_Home_Form_Files":"16d9d2ff-cf35-46ce-bd36-8bee9d5304ba","cmp_Home_Form_Form_Files":"4cc45285-cc6e-4f43-b25f-5e4204b30445","cntr_Home_Form_Actions":"5d364cc8-cd92-4535-8a5b-53bcbbdad6aa","lbl_Home_Form_Actions":"34c0c32c-0300-432e-b296-c64017079368","cmp_Home_Form_Form_Actions":"9688a416-462c-4d41-80a1-2ce1e4298908","cntr_Home_Form_Other":"8da88578-e861-45d8-a8d4-12ac1a079517","lbl_Home_Form_Other":"7c027a93-a44f-4954-bce6-bc253e15fc22","cmp_Home_Form_Form_Other":"3ef970bf-74be-48d5-94e8-5667aa1d8350","cmp_Home_CommandBarMenu":"378a88e8-7019-438a-ba4a-f3f636bfe160","cmp_Home_SearchBox_Icon":"6a3f0cbc-3350-4edb-9e1e-3c181909a612","cmp_Home_SearchBox":"3193b281-515d-4e6d-8f0b-9ed81c902ead","cntr_Home_Filter_ItemType":"045b42ff-9434-43f1-ae07-64feb903a7d5","cmp_Home_Filter_ItemType_Visualization":"4f475a21-8ed2-4b76-a26e-c8f193d711c3","dd_Home_Filter_ItemType":"c4b60d39-e64c-421d-8306-a211844f5efb","cmp_Home_RecordsSelected":"b44d8b1c-11a9-4d8e-b768-8c1b82b38659","cmp_Home_DetailsList_Small":"95d0c62c-2d84-4462-bbf6-c4c3f296e9e8","cmp_Home_DetailsList":"13306b90-293f-48c5-af72-2078437dcfab","lbl_Second_NoRecords":"c462e233-185d-442a-b4fa-74171c99f73e","btn_Home":"cedeffd7-35a4-46ae-af66-03d95d71ff36","btn_Start":"b8b2e67f-77f8-4924-8c0a-83b7fc279875","Redirect Screen":"af2fd87c-bb81-4f71-ab31-0723364ce99a","cntr_Redirect_Main":"11960708-67ef-4809-bab9-6238db1e5d90","cmp_Redirect_Spinner":"6ffa3ca0-1ef8-4b6d-bfea-b9297153f483","btn_Redirect":"14e3329b-6031-4fe9-83d1-7caf4b4e6daa","Color Screen":"c9407e9b-69b5-49e5-b7fd-89cb9b148f2a","cntr_Color":"66af3789-9c4f-4465-a431-ea84082ebff2","shp_Color_themePrimary":"6d02475e-1ca9-4826-b6d5-67bfe259dac9","lbl_Color_themePrimary_1":"db69c9df-b393-4686-ba81-de895b9c3bcb","shp_Color_themeLighterAlt":"35c09b25-187f-4b65-828c-6a4be91ccf9c","lbl_Color_themeLighterAlt_1":"dcf9ac89-b53f-401e-9a1f-bc94bda10f0b","shp_Color_themeLighter":"135481ca-162c-465a-98bd-6e2a225fbb56","lbl_Color_themeLighter_1":"107f32c5-e7e8-4e78-962d-9e4faa978e99","shp_Color_themeLight":"dc5e2939-cd1d-4bee-9111-84c861860e88","lbl_Color_themeLight_1":"89e079c7-aa86-49c7-8632-b7cb521ba65e","shp_Color_themeTertiary":"14c1c31b-125d-4fa0-b9b1-10462140e3c8","lbl_Color_themeTertiary_1":"1a735271-c48a-4a87-9b6f-b9689aaa415e","shp_Color_themeSecondary":"f12f2f9c-4a38-4c71-a613-9c7ff29c5b46","lbl_Color_themeSecondary_1":"ba092192-acd9-48bd-85d3-42a3655c1fb3","shp_Color_themeDarkAlt":"50cd2701-a75a-4cc6-8397-dd0ba9bdc5e9","lbl_Color_themeDarkAlt_1":"b5538bcb-8578-4253-b037-8733dbfd0ea4","lbl_Color_themePrimary_2":"34499de3-01e4-41f0-a157-c6babc8e2b71","lbl_Color_themeLighterAlt_2":"235f6757-202d-47ee-aefa-df95683480cd","lbl_Color_themeLighter_2":"6036213b-e6c8-4cca-a31e-5ac745dc3e42","lbl_Color_themeLight_2":"88a2528b-2cb1-4b46-8fc6-d68907142efb","lbl_Color_themeTertiary_2":"0c74eb6c-903a-4fbd-81c0-763b769880eb","lbl_Color_themeSecondary_2":"307bc12e-ee34-4359-81e6-03ff7d80e971","lbl_Color_themeDarkAlt_2":"a53f777c-4c28-44e7-bb9f-9cf82e7a185d","shp_Color_themeDark":"ae5ac01b-b8a5-4e79-ac5b-cd298faf6a01","lbl_Color_themeDark_1":"5d3431c4-5509-47f1-9cf3-92d10a973a13","shp_Color_themeDarker":"57b88ebf-4c3e-44aa-99fa-0ea8d7c64518","lbl_Color_themeDarker_1":"5d5f3819-11c0-4123-b423-b1e66688aad0","shp_Color_neutralLighterAlt":"d32cb487-1761-4911-9dc4-702a8182c549","lbl_Color_neutralLighterAlt_1":"b9729dd5-fa28-4742-af9d-92fdd909368d","shp_Color_neutralLighter":"b27f7da2-dcbb-4b3e-b094-52cc09931a14","lbl_Color_neutralLighter_1":"731bb67f-00cc-4339-9907-d64953754c5d","shp_Color_neutralLight":"244964a6-34db-4e91-ae58-42da06b37e22","lbl_Color_neutralLight_1":"da4b4d8d-a7c2-41c4-a0f2-3efe96d30197","shp_Color_neutralQuaternaryAlt":"24b02092-fe82-4fb4-bce1-3bf4b43b22fd","lbl_Color_neutralQuaternaryAlt_1":"512e9eea-12f0-476c-b7ef-299edebc12fd","shp_Color_neutralQuaternary":"432037ff-d28b-4d55-bcfc-15c8f4814f42","lbl_Color_neutralQuaternary_1":"c6df17a6-d591-450b-b573-49eb6a8adca1","lbl_Color_themeDark_2":"c39e4f66-a5be-4e68-99f3-3de419e909e1","lbl_Color_themeDarker_2":"7ad74a61-6b34-4431-8f49-4b82854fde7d","lbl_Color_neutralLighterAlt_2":"356f3758-dbda-46ec-bb8a-bc5d3bf8e364","lbl_Color_neutralLighter_2":"d217ff08-5f1f-4856-b0a8-b625fc85b0c9","lbl_Color_neutralLight_2":"dd88a391-119e-41df-a8c9-1c827348eb2f","lbl_Color_neutralQuaternaryAlt_2":"fa600c21-ef1d-4904-9c33-5f668dc2f820","lbl_Color_neutralQuaternary_2":"71ee40cb-027b-4623-a68d-efb58c7d81c8","shp_Color_neutralTertiaryAlt":"f4789954-9059-4401-ab21-4328bb74d3aa","lbl_Color_neutralTertiaryAlt_1":"36e81833-859f-4d6e-96c6-55eebfe71121","shp_Color_neutralTertiary":"8dc40914-fff9-48fe-8839-fb336c5d3640","lbl_Color_neutralTertiary_1":"636336ea-efb7-4c5a-9053-6f90f4ec458f","shp_Color_neutralSecondary":"aaeda2c7-cfe0-4c2c-be91-0fdc7453cb1d","lbl_Color_neutralSecondary_1":"43a092b0-9a20-46ce-b80e-59f3edc1e8e8","shp_Color_neutralSecondaryAlt":"c9cf7cf9-bbc0-4465-be8c-1e4c47d2cd28","lbl_Color_neutralSecondaryAlt_1":"d33d9f5b-31ee-4440-90a7-a550ac6443e3","shp_Color_neutralPrimaryAlt":"9649bd53-8a72-46cb-b9c3-0fc90f1e9e03","lbl_Color_neutralPrimaryAlt_1":"b56d4130-5a0d-415c-9218-e81ffb873c0b","shp_Color_neutralPrimary":"b72091c6-74f3-4e45-a457-aa1c6033e4dc","lbl_Color_neutralPrimary_1":"9d80c312-cfe8-4d68-8ec6-6cccf32e1153","shp_Color_neutralDark":"88c5721b-5495-4296-81cf-f54a757e1b56","lbl_Color_neutralDark_1":"7c6559a9-e6cc-46a0-8eeb-936dac75f42b","lbl_Color_neutralTertiaryAlt_2":"39c78f97-ade6-4fa0-b950-47ac92c957a0","lbl_Color_neutralTertiary_2":"cbeb0af3-af63-4408-a05b-c20880411661","lbl_Color_neutralSecondary_2":"38a27327-4316-4722-a755-0e6663f7a1e2","lbl_Color_neutralSecondaryAlt_2":"7ddd0240-baee-43e1-bd20-64fe858acf31","lbl_Color_neutralPrimaryAlt_2":"c50ed182-ed23-47a5-b1a9-cd27f843c066","lbl_Color_neutralPrimary_2":"1f557cda-7515-41f5-979c-208077a5a3b1","lbl_Color_neutralDark_2":"bf4e7d1d-58c3-4010-8773-391fca98a8de","shp_Color_Black":"aafc693a-ece3-4bab-9b02-38a71a7a40a5","lbl_Color_Black_1":"b8954d7a-5b84-4d17-982f-50d0ab8be84b","shp_Color_White":"be627723-526f-4a4c-8199-70dc0e075b12","lbl_Color_White_1":"d0599ac3-a6ee-414a-af11-4ba930b50feb","lbl_Color_Black_2":"80508dc9-1248-4133-a1f8-45e65b3aac6f","lbl_Color_White_2":"eba513d7-56e8-4d90-90ef-bbdaa2e3bfc3","Third Screen":"956972d0-6b55-4896-8b8b-22c34598aab5","cntr_Third_Main":"0a5ba18b-1255-4fc3-8f52-4ee50ac34105","cmp_Third_Header":"8d4a3d13-348a-4906-b33e-4e37109c37ec","cmp_Third_Spinner":"e9063954-f64c-47ec-9eb0-634d0a00bf7d","cmp_Third_Nav":"77253add-2f10-4708-b64e-499301e55890","cmp_Third_Visualization":"41c0e4d4-058c-4c97-b85f-1eca3ce5f410","cmp_Third_Button_MessageCenter_Maintenance":"7c2b8f27-9105-4867-aafe-f01342dbdb89","cmp_Third_Button_MessageCenter_TimeOut":"e9ab4f74-eb16-44e4-979e-5d55111295fd","cmp_Third_Button_MessageCenter_Error":"53caf96a-638e-4e0d-9c54-f3da3cdefcd0","btn_Third":"d7b5d7fc-0513-4719-961f-c67809fb75c6","Second Screen":"8c6a563b-a4a8-4953-a66b-89ecc83d3cca","cntr_Second_Main":"df5e0b87-7528-4100-bc05-e684c2c45b9c","cmp_Second_Header":"b1ff56a7-f1ae-4201-a7e7-7cfa0c04078a","cmp_Second_Spinner":"034f1812-46f4-4c17-ae44-2027c7fc68d2","cmp_Second_Nav":"651478dd-ad6a-440f-b0a7-09bbd77ec3a0","cmp_Second_Visualization":"7c7bfbfa-2615-4f96-ba82-efb0b8fdf648","btn_Second":"b679f790-6b79-4ff5-97d4-9a9f7994058d","Fourth Screen":"5574df7a-9d2c-4894-b1d3-87e14047827c","cntr_Fourth_Main":"f2a2c4c2-6539-4db0-807f-53f213f72ee5","cmp_Fourth_Header":"b7cc8615-342f-4b2b-8dd5-4a2bf3f4ac73","cmp_Fourth_Spinner":"42f18125-2c3a-4bf1-80c8-c7bdfdbd5a15","cmp_Fourth_Nav":"2be1be8b-adb9-4e4b-953c-923c8ebb1182","cmp_Fourth_Visualization":"65e535bc-5ee8-4f09-878f-b2500602b2ee","btn_Fourth":"23f3fe10-041f-49e2-9cff-7b0fe1743c8f","Fifth Screen":"981f5f0c-776e-464b-b22e-558955edd0f6","cntr_Fifth_Main":"93b59fcc-4e0d-46fe-9c15-b2881d80f2bb","cmp_Fifth_Header":"50536357-f414-4071-9dbe-f0b20a8ac89d","cmp_Fifth_Spinner":"e49b7d7f-ac19-4cb9-852c-437b94b570fc","cmp_Fifth_Nav":"6be3fa25-3ec2-4767-9387-9d3d94c5ce61","cmp_Fifth_Visualization":"837d7864-30c4-4808-8f74-d427c8e4b12c","btn_Fifth":"4cb6a821-98e5-4776-ae14-a4ad585d83a9","Themes Screen":"a476b432-5c81-4d84-869e-a8626e83a0a7","cntr_Themes_Main":"0a4f0be8-064c-4eab-a9d4-86b600a03de0","cmp_Themes_Header":"a912fa5d-7660-49d6-9c46-2147aee1a7cd","cmp_Themes_Spinner":"7ce21a77-7db5-45bb-adbf-01f7474bd7b0","cmp_Themes_Visualization":"b0a465e0-27ab-4689-bff8-0131fc5941d1","cmp_Themes_Button_Default":"4bfa2970-9769-4704-8f96-ac0803549e0d","cmp_Themes_Button_Dark":"98ef3f77-c0cb-4a1e-abba-11ef0919b5c0","cmp_Themes_Button_HighContrast":"e0a8e953-a8c9-4ef8-86d0-9ce960861abd","btn_Themes":"959ba846-90e8-4828-859d-d87fb3f523ad","btn_Themes_All":"852a9108-eea4-4dbf-8f50-5a6bb8bd4008","Message Center Screen":"eeed55a1-92a3-435b-9b14-eaae805a2c09","cntr_MessageCenter_Main":"d01df911-644a-4313-8582-073a87466ba1","cmp_MessageCenter_Header":"0cf24531-23cf-4834-b3c4-cd7fd56de4d6","cmp_MessageCenter_Dialog":"2e4d687c-8056-4d3f-b70f-75cd823ee343","cmp_MessageCenter_Spinner":"75864831-e1fa-424a-bd20-432abea6cdd5","btn_MessageCenter":"d84d77a0-74ea-40c6-abe0-2bc1e8fc9e63","Controls Screen":"75a719a3-ddd4-4b57-9eb7-6903091efd7e","lbl_Controls_ti":"deba93bc-a058-4b4f-9aff-b148c401770c","ti_Controls":"9ac9084e-65d6-478a-9f4b-37729b8ae806","ti_Controls_Diabled":"de01eb05-23e8-4e2b-81f4-61ec3b98ad02","lbl_Controls_dd":"53d94c1e-a042-41f0-9621-44b0ac8610b4","dd_Controls":"d12f5909-b3da-443a-b00e-b19d4a7482df","dd_Controls_Diabled":"9a0877a8-4123-4f3d-839a-6e00bfa955b1","lbl_Controls_dp":"54e58340-9dd9-4173-b4e9-3a61ba4d6d9b","dp_Controls":"345292a7-ec77-431e-a798-1e6ac86cd7f3","dp_Controls_Diabled":"1f72cf04-dcad-4aad-b959-af5cae4eb19d","lbl_Controls_cb":"64d50066-5aaf-4aff-8a3f-75d99f142551","cb_Contols":"399e8418-728b-474f-8617-75fb41e90273","cb_Contols_Diabled":"a251fd33-92d9-4ac2-8e49-c8a04e803900","lbl_Controls_btn":"5ff0f29e-e8a6-467f-9c7a-79d0fd6020cd","btn_Control_Primary":"107e89da-5131-46eb-9e28-2005d03f7d93","btn_Control_Secondary":"3db00599-4fe0-4307-a675-7c4f56c41bdf","btn_Control_Primary_Diabled":"0dcfe7da-0c19-43ce-be53-71374b85b9a4","btn_Control_Secondary_Diabled":"916eb60c-bfaa-47d6-8d04-523123a46719","lbl_Controls_icn":"6a464fcb-176b-4f04-9cd1-5a6a49f0de39","icn_Control":"3efc16ab-ebb3-4df6-9675-5b8e9821746e","icn_Control_Diabled":"3be0faa2-615c-4ec7-8b09-ba20b7b5dd4e","lbl_Controls_Disabled":"57a862a3-bcdd-4752-97d5-5326e903dfa2"}