{"__Version":"0.1","App":"69c81fb7-1711-467c-9d60-85b8a346eb15","Test_7F478737223C4B69":"fd241787-4f30-4af6-a853-8cd25a4898c6","Host":"b6c9af76-dfec-451e-8c81-e504ea2d139d","PACo_CommandBar_B":"508ec514-c9bc-40ef-964c-f7c0892b8ea1","html_CommandBar_B_Visualization":"e61fdb8a-16d9-4c10-a773-52b8424c91fb","shp_CommandBar_B_Visualization":"1b301fc2-1683-43ab-9043-466387d5b936","cntr_CommandBar_B":"d020b157-f8e6-4536-a212-103b5bb87f57","img_CommandBar_B_1":"51f81c50-3381-4a83-87fb-10022ae1eb92","icn_CommandBar_B_1":"fc967017-3e83-49ae-b717-ee4a5b4b1bb0","lbl_CommandBar_B_1":"89b80910-e9d7-4a5d-bca1-dc547d596812","img_CommandBar_B_2":"6b7f1ede-0497-4456-8abb-ca8bfce2ca93","lbl_CommandBar_B_2":"a9299ee3-8c0a-4266-8a27-5913956dd47f","icn_CommandBar_B_2":"49ebeab3-a1ff-4a96-a9d8-697f3632fb47","img_CommandBar_B_3":"35b7e8dd-8db2-45b9-aab1-2a0d227a0a51","icn_CommandBar_B_3":"35c1f824-8ebb-4bd9-8963-c1f08554229b","img_CommandBar_B_4":"013b1a9c-6857-4a4a-9b72-dec70c954735","icn_CommandBar_B_4":"b9a8f3fe-0806-41af-9646-efe6a5af21bc","lbl_CommandBar_B_3":"7888bbc8-1b11-4865-989c-169200109bf9","lbl_CommandBar_B_4":"8d671422-7066-4e65-9dfd-7aa95ece1e3e","img_CommandBar_B_5":"4a0a226c-453e-41ed-b039-0bce6887f060","icn_CommandBar_B_5":"58b97498-6d75-44c2-8fef-3b478e15a415","lbl_CommandBar_B_5":"7ba32de5-1bd4-47de-a7c6-6913a0023bdf","img_CommandBar_B_6":"787a7593-facf-4ccd-84b2-d0c9e1f9d3fd","icn_CommandBar_B_6":"0783247c-a854-4f54-bd2a-ee7ced56d3d0","lbl_CommandBar_B_6":"8c0107e1-0b46-4058-abb6-aa107e87be7d","img_CommandBar_B_7":"ba13e529-15d7-461f-a8c3-f4d19c3081b1","lbl_CommandBar_B_7":"8011097d-d817-4ae1-b956-1da1edb0cba8","icn_CommandBar_B_7":"ecb71422-3c75-4835-a9fa-65b0dac66d5e","img_CommandBar_B_8":"212d6005-283f-4476-8aaa-fe76be31c04b","icn_CommandBar_B_8":"1d9dd686-a384-4253-aaa1-4d715dc78ec0","lbl_CommandBar_B_Menu":"fcf95935-7737-4306-8c5f-217c2d232da9","icn_CommandBar_B_Menu":"421c0d84-e591-4c29-b545-d9b7911006dc","lbl_CommandBar_B_8":"96b19568-426e-4833-9e8b-9fe503272ea9","html_CommandBar_B_1":"a2b2b830-d1c8-4ba5-9b23-2a08c55d7e35","html_CommandBar_B_2":"8c4094f7-544f-4070-bd40-a64108716522","html_CommandBar_B_3":"71ffc9dd-e3d6-4428-a770-2614e9d42e73","html_CommandBar_B_4":"be364cee-1144-40be-8465-c67d1d4a44ed","html_CommandBar_B_5":"75f4b0ae-8f01-4f64-afd4-05e48097b9cb","html_CommandBar_B_6":"6dd0c3b0-9070-45b2-a92c-6741e72ce988","html_CommandBar_B_7":"347cdd8d-420e-495f-bd48-d549ae80d143","html_CommandBar_B_8":"3945f39c-4be9-4867-b342-bfab23dbc158","PACo_CommandBarMenu_A":"5aebc4af-9dbe-4184-8be9-f50020873a50","html_CommandBarMenu_A_Visualization":"35d13914-a332-4e43-be65-96c29b954862","shp_CommandBarMenu_A_Visualization":"12f30557-0a79-4e6c-8942-e86313200bef","gall_CommandBarMenu_A":"90265e03-42e7-4b1c-9971-9e378723c174","galleryTemplate1":"2b7ba83c-2a77-46f2-a6e7-5f0d8a3b381b","img_CommandBarMenu_A_Gall":"f05f2c6c-384d-4f9c-a985-4560ef97a9ac","icn_CommandBarMenu_A_Gall":"d3581cd2-fa57-4330-9e05-a619f8f3eaed","lbl_CommandBarMenu_A_Gall":"a47864a2-ea5c-4b8c-866e-9f25cfb8d299","shp_CommandBarMenu_A_Gall_Divider":"0d089394-96c3-41a9-828d-75743ba456f1","PACo_ProgressIndicator_B":"d113b252-4a0e-470e-85e7-a301d6c64429","html_ProgressIndicator_B_Visualization":"942d22cf-591f-418e-a096-03ab45cf4d67","shp_ProgressIndicator_B_Visualization":"f3035904-f1ad-40a0-bd05-95424844084d","gall_ProgressIndicator_B":"f4f419e2-85a2-4c2b-9d5e-5523020aa8f4","galleryTemplate1_4":"fc451738-1b40-4fdb-8c2b-05d560f33fe5","shp_ProgressIndicator_B_Gall_Circle1":"3875c7a9-c8d0-4a83-947e-53b1ab6a13f5","shp_ProgressIndicator_B_Gall_Circle2":"baa41866-c476-4194-80b3-6af0a5a6aa4e","shp_ProgressIndicator_B_Gall_Circle3":"6748100c-f4a7-45fa-9e9a-2e62d1078a5b","shp_ProgressIndicator_B_Gall_Left":"d840a892-c284-4d66-88f9-5362efd717db","shp_ProgressIndicator_B_Gall_Right":"022fd66c-d25d-4b89-832f-2474035d54cb","lbl_ProgressIndicator_B_Gall":"232a8026-607d-4b9a-9b50-ca5501c490eb","PACo_ProgressIndicator_A":"f2c5e915-0dd5-4a9b-8fd5-2ffca9cc2b3e","html_ProgressIndicator_A_Visualization":"b5bc8882-123f-4303-ac68-59a7d60529ea","shp_ProgressIndicator_A_Visualization":"170ecf93-cafa-483b-b29e-d78fef832e90","gall_ProgressIndicator_A":"0ba5c987-a07c-459f-8c1e-18483eee87cb","galleryTemplate1_1":"4310c563-d414-4c2c-b7ce-ef45174560bb","shp_ProgressIndicator_A_Gall_Circle1":"2d3bea89-470d-4fe9-aff2-ac56e2851929","shp_ProgressIndicator_A_Gall_Circle2":"199fb74d-8bfe-4ae9-95ab-65fd7ecbd3b0","shp_ProgressIndicator_A_Gall_Circle3":"b6cda6e3-7bf6-45be-ac36-2556d21691fd","shp_ProgressIndicator_A_Gall_Left":"130b6210-272a-4115-a9fa-6f1ff3e02080","shp_ProgressIndicator_A_Gall_Right":"a31c4c65-b433-49c0-8b80-1abd9e654a6e","lbl_ProgressIndicator_A_Gall":"0b2f97fc-4bc8-4fb4-9834-24e51fe0e65c","PACo_CommandBar_Item_A":"f9d1fd14-b0b6-45fb-a270-c5ead75e8574","img_CommandBar_Item_A":"c8aa2b73-c79d-4540-9ed3-100ae0ca4ba9","icn_CommandBar_Item_A":"07f9af14-a3d2-4c99-8845-a8694d4c0cc7","lbl_CommandBar_Item_A":"beb15b45-834d-4fe4-b6d8-afb2b8721a5a","shp_CommandBar_Item_A_Spacing":"4d7359ba-8d79-428a-8302-a40768e86c08","html_CommandBar_Item_A":"2191123f-48ff-43e7-b444-374909069f99","PACo_Button_A":"2cd32e38-0740-4a22-a81e-daf456ded0ee","cntr_Button_A":"b1ea2675-3705-4d53-8ae1-fa6e72661dd2","img_Button_A":"da13ebe0-79eb-4724-95ed-5dbdbb34206b","icn_Button_A":"fadc28a6-3f9e-4bc7-b8dc-055d315b2be6","lbl_Button_A":"5db1e629-1081-48cf-9125-e3692454194d","btn_Button_A":"ad38a1a7-d081-4962-ba34-45d699ea214f","html_Button_A":"9a37c720-1fb3-4274-bd46-7ef39695a5ba","PACo_Tile_B":"c6199a93-516e-4a9c-8f76-9afa43ce74e0","html_Tile_B_Visualization":"a2ae727d-0984-46f1-9f7e-85a3feb6900f","shp_Tile_B_Visualization":"009deb84-a5f0-45d4-beb0-ed9287d45338","lbl_Tile_B":"1a5371fc-b854-40d3-8b23-ff9f351e51fa","icn_Tile_B":"5f6be114-cd35-4043-9203-fafceeb12d48","PACo_Icon_A":"cf2069bd-5982-43e5-99aa-241409743b20","html_Icon_A_Visualization":"180c97d2-8514-4b60-880f-b77aee36dbf2","shp_Icon_A_Visualization":"3ada0623-2236-43a5-9cac-56790819167a","img_Icon_A":"902e9719-91e9-4914-b54c-5f3546703173","icn_Icon_A":"f8978b6a-a527-4dfb-84d7-58033ceb2839","PACo_Visualization_A":"a8a46704-b848-4689-a0b2-f0c50382bd9f","html_Elevation_A":"2f024ff9-e64d-4c0c-b39c-0ff495e7a7d2","shp_Elevation_A":"98e7d756-373c-44bc-a099-9bbbe7623a92","PACo_Tile_A":"d928359c-6ce5-4d35-9c41-d3f5a144868f","html_Tile_A_Visualization":"82ffc446-0c13-4972-8925-8cc85af9572c","shp_Tile_A_Visualization":"4290b4f2-29dc-4c1b-ae6e-5534266bd260","lbl_Tile_A_Text":"6a7dfd63-7019-4c32-a60c-ff883120bdb8","lbl_Tile_A_Value":"0e7d3606-fad4-47e7-96a9-8e5ead869794","PACo_Spinner_A":"c724e232-8627-4a4e-9aec-32b12dff383e","img_Spinner_A":"7016d257-4074-45bf-baf4-6e406406c778","lbl_Spinner_A":"19036b7c-e428-4b11-a45e-f1b9bc0709a4","PACo_DetailsList_C":"95fb5510-920f-479a-98d0-48e6426ca27a","html_DetailsList_C_Visualization":"b48ce8cd-5c91-407f-9c51-cc945b5f9e3f","shp_DetailsList_C_Visualization":"80ebae7d-d2a6-47fe-975e-600f088c692b","gall_DetailsList_C":"8ef496cc-ebaf-4cbb-a859-ca6b91e30736","galleryTemplate4":"9b413813-e6a4-4f92-a8fe-8cd704803bc6","shp_DetailsList_C_Gall":"0bdf4df9-2bf0-4120-b1ac-6d76c03eb025","cb_DetailsList_C_Gall":"f77ed75b-f064-48ff-86b2-0bbe3c90f06e","lbl_DetailsList_C_Gall_Title":"3745d575-1442-4788-b924-7f5e2cd229fc","lbl_DetailsList_C_Gall_Subtitle":"0d6257f3-93cb-4653-b7e7-e9f3e2c9b628","lbl_DetailsList_C_Gall_Body":"7f78c4db-cf6f-439a-830d-1b53313f659b","shp_DetailList_C_Gall_Divider":"0d2ac827-c789-4649-aabe-4416ea0cd771","PACo_Nav_C":"3c2fe3e6-47d5-4899-a374-a38364b89f47","gall_Nav_C":"5519d14c-fb5b-451e-a368-a406ce7509f5","galleryTemplate2_1":"f26268e3-33c1-46ef-a72b-a5a673591056","shp_Nav_C_Gall":"450badaf-f923-446b-8915-dd3b10b299c5","img_Nav_C_Gall":"55aec6a3-7645-4393-b45c-7a325ddb5eb7","icn_Nav_C_Gall":"3f02eb38-5cb6-45a8-83b3-e78195cc30ae","shp_Nav_C_Gall_Divider_Left":"24e08273-bbeb-4857-afa0-25fcdc45d60e","shp_Nav_C_Gall_Divider_Right":"9691b0bb-5487-4549-b2c4-3078deb33771","lbl_Nav_C_Gall":"25e0e176-1c06-496c-92c8-318bac39161c","PACo_Panel_A":"3135b0ce-3f21-4214-86a0-1fb883a02304","html_Panel_A":"73bdc916-9b3d-42a7-be81-f4c1e06ccc4d","shp_Panel_A_Area":"6da25833-33bd-4a1f-96da-4dd67610e0c5","html_Panel_A_CommandBar_Visualization":"e6d75802-5a8d-404f-a703-6c4456a9dc41","shp_Panel_A":"2ad4342e-7646-4f61-93fc-9eceaf394f1f","shp_Panel_A_CommandBar_Visualization":"c357b048-4362-4cc7-9e6b-1674993fb23d","cntr_Panel_A_CommandBar":"0de715cf-159d-40a3-b94c-aeb800327462","img_Panel_A_CommandBar_1":"a2a39512-46b6-4d6c-8162-b51a5342df7b","icn_Panel_A_CommandBar_1":"51687885-2bbb-448f-9ffd-fcac2987d91a","lbl_Panel_A_CommandBar_1":"ac1ab716-28a4-4887-b269-d824898880e1","img_Panel_A_CommandBar_2":"a33b9d16-244b-4f9d-98a4-8eea924a9815","icn_Panel_A_CommandBar_2":"c51cad0b-868c-4fcf-b74e-60314001c73e","lbl_Panel_A_CommandBar_2":"c815e22d-b2d5-4a4b-a98d-e7c43829ef56","gall_Panel_A":"608fb9d8-43af-480c-9973-fa6a80529ace","galleryTemplate2":"cfb42cfe-66da-412b-9ba1-c186ee5fcf2e","lbl_Panel_A_Gall_Label":"d1b809d8-ae23-4c14-9f4f-eda69742bafc","lbl_Panel_A_Gall_Text":"26f01a24-ae4d-40c0-ad00-1b13414fa6a5","cntr_Panel_A_Button":"807d49ea-4947-44aa-b161-86cea43676fe","btn_Panel_A_Button":"cff243e3-ff57-48db-8dae-7949c2024226","icn_Panel_A_Button":"079e81dd-b946-405b-8f9d-c04d8fae925d","img_Panel_A_Button":"a0ec39cf-7544-41a8-aea0-4eba280511c2","lbl_Panel_A_Button":"eb6ec9a6-01dc-419e-a768-b32610b1a6b7","html_Panel_A_Button":"1c29155c-f67a-4fe9-a060-ecf414c1e02c","html_Panel_A_CommandBar_1":"06b986b7-0f21-42c9-9b16-d1f404f5206b","html_Panel_A_CommandBar_2":"42c04971-f6a4-4847-9d36-43df7fb727f0","PACo_HeaderSettingsMenu_A":"233478da-c97f-4b48-8b20-6cdc4fb8da84","html_HeaderSettingsMenu_A_Visualization":"6634437e-04ef-4b63-8f67-217ceb3633ad","shp_HeaderSettingsMenu_A_Area_Visualization":"a2c683f3-8a76-4192-a1b4-34c3c548f726","gall_HeaderSettingsMenu_A":"b8713bac-3838-47f5-b072-5d60df10c69a","galleryTemplate1_2":"37058a08-0fc3-40fe-9118-47e4ff6cd26c","shp_HeaderSettingsMenu_A_Gall":"0a6855b7-56fb-4073-b235-1c5254657383","lbl_HeaderSettingsMenu_A_Gall":"66e6f59a-40bb-4a0a-9f4e-c7d042187d78","icn_HeaderSettingsMenu_A_Gall":"17547920-d4ad-4278-a80c-483b98ecc948","shp_HeaderSettingsMenu_A_Gall_Divider":"c3f388f9-b964-450d-ab35-5d872390e9b6","shp_HeaderSettingsMenu_A":"d970b156-7755-4cc8-8c68-4580579edf83","PACo_Nav_B":"af51df05-a004-4e4d-9d73-51a8c93dc7d7","html_Nav_B_Visualization":"886dfb3d-9a0c-453c-9f36-cb4bcdfc931b","shp_Nav_B_Visualization":"51085a6a-330f-4f67-9fb6-adb93a6152a4","gall_Nav_B":"3a676846-2bd7-4a08-827f-27b8d4fdfe2e","galleryTemplate1_3":"4f4bb924-879e-4e6e-a0cc-6ab26cd30ec1","shp_Nav_B_Gall":"5fc8c848-4f5a-4ebe-9d96-ea50f5fabefd","img_Nav_B_Gall":"70975a34-c72b-47f4-bac6-6d5eb273ffba","lbl_Nav_B_Gall":"58281f08-4321-429e-a916-7f01aa184c38","icn_Nav_B_Gall":"2e5b1f26-6c9c-4ac5-8927-2707e18b7291","shp_Nav_B_Gall_Divider":"dae77b38-c19c-4c86-b961-01bf492a0d64","PACo_DetailsList_B":"de0c895d-e2b5-416f-928e-ca4c36efbdfa","html_DetailsList_B_Visualization":"43938fd9-80dd-45c4-9d9e-b6eed1ca5ee9","shp_DetailsList_B_Visualization":"78c9e4f9-50a2-4181-a9d9-c865c6be8ee9","cntr_DetailsList_B_Main":"15bcefb2-1a3a-425e-874a-24d95552f7fb","cntr_DetailsList_B":"307701c8-b14f-48ef-a6e7-8a3bcbcfe453","lbl_DetailsList_B_Header_1":"c3b9387f-4530-4a8e-b7f8-a0da24248809","icn_DetailsList_B_Header_1":"9b542393-cb51-4adc-a0ca-d801b1b63621","cb_DetailsList_B_Header":"75777269-0ddf-46c1-bac0-835fe3a994dc","icn_DetailsList_B_Header_Sorting":"38fb8f9f-13e0-4910-b66a-d45c65e1d1dc","lbl_DetailsList_B_Header_2":"dcf7ac1c-e160-4486-a255-620b6e2faa74","icn_DetailsList_B_Header_2":"6cb91b2f-2fef-4ea1-8dc1-b925275db3e0","lbl_DetailsList_B_Header_3":"31f6398b-a0fe-451e-980b-aa460d6b6a69","icn_DetailsList_B_Header_3":"a01c2154-c497-4509-9bfb-4732200d9cae","lbl_DetailsList_B_Header_4":"452012e5-c2af-4087-973f-ccc428c41367","icn_DetailsList_B_Header_4":"835e9114-f275-4b89-beff-4e1fa2f7c0a1","lbl_DetailsList_B_Header_5":"a8c1e481-c53e-4f05-950a-79bf220bdcff","icn_DetailsList_B_Header_5":"28077ebe-8fdc-4757-a670-bb627aa416b9","lbl_DetailsList_B_Header_6":"4ece6e0d-6472-48ff-8f83-76aaaa383834","icn_DetailsList_B_Header_6":"288b6119-d823-4ab9-9a4a-92e09aeb858a","lbl_DetailsList_B_Header_7":"0834c52c-546d-412d-b6f1-68807b9281ce","icn_DetailsList_B_Header_7":"e4c2470d-61ee-4196-bb16-6a2183b3d96c","lbl_DetailsList_B_Header_8":"0cd6de0d-8dc6-4b03-8d89-7d3225404429","icn_DetailsList_B_Header_8":"872460d0-996e-4a28-b9da-d79075a749c1","lbl_DetailsList_B_Header_9":"03b52298-4bc5-47cf-8f34-6a3c1428c1a7","icn_DetailsList_B_Header_9":"a74b543b-e6fc-4806-865a-d4c135d5b7f8","lbl_DetailsList_B_Header_10":"9b8c433c-8830-436e-ade8-94bd55e1cbd6","icn_DetailsList_B_Header_10":"0a512956-f7fd-42d2-a2c8-1670e166d283","gall_DetailsList_B":"f2ebb780-6b12-4fdc-b3de-e8991ff1e08f","galleryTemplate2_4":"0dd7f890-d677-4c4c-9553-1e83e204253e","lbl_DetailsList_B_Gall_1":"b55691a2-d792-4be1-92af-68b690364902","cb_DetailsList_B_Gall":"9d5ebc19-7977-4d5a-a634-17ffe0a167bd","lbl_DetailsList_B_Gall_2":"411e312c-773a-4691-9815-5edb800b5649","lbl_DetailsList_B_Gall_3":"c3687fea-7248-452b-9ff2-fcd54d1c8c8f","lbl_DetailsList_B_Gall_4":"478d58a9-0843-4885-8fa5-8556b0ff704a","lbl_DetailsList_B_Gall_5":"1a1d5178-be12-4d81-aa7e-89d5cf01f6ae","lbl_DetailsList_B_Gall_6":"e809aba3-5a2e-4e5b-b8ec-3c2e9ee74ea3","lbl_DetailsList_B_Gall_7":"459d4edf-0435-4270-9ccd-d473bb904d81","lbl_DetailsList_B_Gall_8":"883861f5-fafd-4c9e-9a36-99c600b5fcd1","lbl_DetailsList_B_Gall_9":"3f956df7-993b-4b67-9706-51e729f4b940","lbl_DetailsList_B_Gall_10":"3692e919-fd0e-4380-938e-43ddd94a1774","shp_DetailsList_B_Gall_Divider":"d0c54238-4cce-458f-b618-f0043869eb6c","PACo_Dialog_A":"64644513-a8aa-42b1-bbb6-97ec631eb61a","cntr_Dialog_A":"88ee1be0-7ed1-4e8c-b665-54e2725b0afb","html_Dialog_A_Visualization":"b4c00c48-7fe1-40cd-981c-ffb621a94e3c","shp_Dialog_A_Visualization":"fd8f6def-f54b-42c8-bbfb-3c583869ec2c","shp_Dialog_A_Area":"c47c9488-0a57-449d-b579-af9c58e72fa3","lbl_Dialog_A_Title":"5be9c7fc-c907-48ba-94ec-ff5ed7aa5d95","lbl_Dialog_A_Message":"812bba7a-a2b8-441f-95ec-76aca4fdaccb","html_Dialog_A_Message":"e9d91097-d5ad-48e0-9443-5c1d1f471643","cntr_Dialog_A_Button_Last":"2dfd943f-88d4-47ed-ba3c-0842e898a1ac","icn_Dialog_A_Button_Last":"b9bffd41-d1f9-4ad1-8330-ab872c3b9b73","img_Dialog_A_Button_Last":"5cabaecc-9733-4e24-adae-bf7954c3aa2f","lbl_Dialog_A_Button_Last":"54e24c1c-35c5-4f53-af9a-50110759f2b3","btn_Dialog_A_Button_Last":"54c68467-bb39-468b-8029-8e93880dd5b0","cntr_Dialog_A_Button_First":"46588aee-a2be-422b-ab53-b17e04e6f11e","icn_Dialog_A_Button_First":"b34370c0-0cba-4495-9340-8fea7aacdd32","img_Dialog_A_Button_First":"0ae8e8fd-709f-4838-bee5-f58a2ed537fc","lbl_Dialog_A_Button_First":"d2e36f41-7824-46d4-b310-7b87b3dfd4fb","btn_Dialog_A_Button_First":"4e66b24c-4675-4822-b6df-7d20c2396629","html_Dialog_A_Button_First":"43c5edb4-f586-46f9-8e17-fdab34061487","html_Dialog_A_Button_Last":"6a9f318c-68bc-4de1-b00b-0f4cca39c0fc","PACo_Header_A":"a2e7371d-0952-4d08-af4c-b966bbfb9c96","html_Header_A_Visualization":"84342cdd-8253-4b12-a892-83a898549fd3","lbl_Header_A":"bc4769cd-81bb-4121-ac2b-07d95c110c76","img_Header_A_Back":"a4bd1280-d6f1-43ff-ac00-2c01e54d47f6","icn_Header_A_Back":"c3ff130c-2896-4ee1-9054-e2eb6eae8d4a","img_Header_A_Nav":"c95145ca-01bc-4cac-8dd5-d89d04437e03","icn_Header_A_Nav":"92e16baf-eee1-4906-81ae-f9fcf5767974","img_Header_A_Logo":"f7b93065-7a73-4502-852e-cfd6d9514c73","icn_Header_A_Logo":"3e0b5b9b-febe-4f49-b2a0-8928edfcadff","img_Header_A_LanguagesMenu":"a367676a-1650-4752-b865-6bb4d7fc3b61","icn_Header_A_LanguagesMenu":"7c6b022d-e8fa-4ee3-9efc-5e6002ab332f","img_Header_A_Help":"6976ddc4-b008-4694-b788-f2acc1f4200d","icn_Header_A_Help":"2fbb7bef-3f3c-416d-8399-801ef4a7ecde","img_Header_A_SettingsMenu":"13abe185-0c92-4055-9f3b-b247d5263483","icn_Header_A_SettingsMenu":"eeff5f57-73bf-40fb-a818-3d10d7504854","shp_Header_A_Visualization":"9496e06e-52c0-4e3f-8765-46c8976aba95","PACo_DetailsList_A":"f97ea2e9-8dd9-47f2-b9b9-fd03b5f0d206","html_DetailsList_A_Visualization":"e52a78e7-a2a8-4d23-b494-27c9cdba5330","shp_DetailsList_A_Visualization":"b8091893-8929-468a-9325-6f0e610ee8e6","cntr_DetailsList_A_Main":"1de6b56e-1dab-4e0c-95e4-89b6528772f5","cntr_DetailsList_A":"bcd32460-d2f1-4a4f-a02a-ffae58ba7e00","lbl_DetailsList_A_Header_1":"a8bb138e-fccb-4bad-9bcc-01a28d0624fb","icn_DetailsList_A_Header_1":"2ed4a7e4-dad2-4779-86d2-e5dd02dfb31c","cb_DetailsList_A_Header":"e7ae3e15-a8f7-43cd-a310-6c970a1b7cd9","icn_DetailsList_A_Header_Sorting":"28f0d770-6299-4831-a84c-2e553fbc2a20","lbl_DetailsList_A_Header_2":"4e9b6a49-a580-4ef4-8899-d6b4e264097c","icn_DetailsList_A_Header_2":"f070a5fd-1ac3-4c86-b1b6-ded43dbf1b22","lbl_DetailsList_A_Header_3":"eb84448b-8678-4a5f-8433-79ddb7ff08fc","icn_DetailsList_A_Header_3":"ae50590b-d879-4966-a473-ce6cab45d11f","lbl_DetailsList_A_Header_4":"a2de3f88-a43e-4466-85e1-ccc0be10f3a8","icn_DetailsList_A_Header_4":"141b4c36-3476-4517-ab4d-cb1ef51fc78a","lbl_DetailsList_A_Header_5":"a8d9dada-fd2d-4a33-9f22-0d3513b0b582","icn_DetailsList_A_Header_5":"015a6a07-adcf-446d-8be2-692132aefa0b","lbl_DetailsList_A_Header_6":"db445c63-4f2c-4b87-864a-9b790ef8d637","icn_DetailsList_A_Header_6":"c2ff3f00-980e-48e3-bf1b-6f3d41c8faa9","lbl_DetailsList_A_Header_7":"8ed26dd6-6982-44ee-ba54-c91b95973602","icn_DetailsList_A_Header_7":"3b3db4aa-e252-4f45-afa8-96474eec8856","lbl_DetailsList_A_Header_8":"26abdb9a-9b53-4b26-9680-2c54bc2a357f","icn_DetailsList_A_Header_8":"87e17962-7c02-46cb-9c2a-19976a6ad592","lbl_DetailsList_A_Header_9":"dc94c9f7-4522-48fe-9f44-dc1974522827","icn_DetailsList_A_Header_9":"1dab4f01-b7f5-45e8-b660-bfe1d45df918","lbl_DetailsList_A_Header_10":"d7287de6-c776-4e36-9c59-e976623d9d45","icn_DetailsList_A_Header_10":"252626a7-8b5e-4da2-92d2-93b607eede4f","lbl_DetailsList_A_Header_11":"cd5622e7-2c2e-4e9e-93d5-4f458d0be487","icn_DetailsList_A_Header_11":"1922146e-72de-40bb-bdc0-77de1914cc6e","lbl_DetailsList_A_Header_12":"f96c59d3-647f-4ab3-ab08-4060109bf99d","icn_DetailsList_A_Header_12":"c5acd16a-7e74-49c5-8baa-77c4f7d45757","lbl_DetailsList_A_Header_13":"4ab8a73d-7174-4893-b29f-cc78a7f62c65","icn_DetailsList_A_Header_13":"5225bbd1-03dc-47c6-bf51-0629d1a04693","lbl_DetailsList_A_Header_14":"96e59a59-41a1-4fd1-911e-2edb031725c1","icn_DetailsList_A_Header_14":"a113b09b-38e0-40f0-8a1c-60a6c85fd9e7","lbl_DetailsList_A_Header_15":"dfe40ec3-e7dd-494a-9c71-5069514ff8e5","icn_DetailsList_A_Header_15":"000ba3c9-ad30-4226-bcd1-09197f61b962","lbl_DetailsList_A_Header_16":"1aebf557-3ab6-49fe-9be9-cee10c589143","icn_DetailsList_A_Header_16":"fa03fa70-990a-4334-bb67-3aeabe601129","lbl_DetailsList_A_Header_17":"10fed8a3-306f-4221-ab09-45cf7751c91e","icn_DetailsList_A_Header_17":"279c6cbc-6075-4fe2-a178-e6117e3d690a","lbl_DetailsList_A_Header_18":"ef4991b6-ff54-473b-98a2-6315de08f17b","icn_DetailsList_A_Header_18":"f1df2d6f-a5f4-48ef-ba23-67cbcfcd61a6","lbl_DetailsList_A_Header_19":"2d34d522-9c68-4e4d-9b2d-fee29d2ba801","icn_DetailsList_A_Header_19":"87a28b40-dcfd-45fe-9cc2-46dbfa6075c2","lbl_DetailsList_A_Header_20":"1582672a-c236-4623-b074-3fccabf219d4","icn_DetailsList_A_Header_20":"47586597-e8c8-4eb6-984a-3253258a01d4","gall_DetailsList_A":"27bd4a47-3040-416f-805d-457eba104fe8","galleryTemplate2_3":"b6e0a5dc-62f9-41b8-9f43-a24d10db37ee","lbl_DetailsList_A_Gall_1":"183d6109-3599-4a49-82bb-a96996499d58","cb_DetailsList_A_Gall":"29989a28-6d21-44c5-9027-c399bd222b2b","lbl_DetailsList_A_Gall_2":"d2d82008-8cfe-49b9-a45d-ad25bd7a7016","lbl_DetailsList_A_Gall_3":"24d35ce8-c304-4dc6-aafb-946ec25d5aea","lbl_DetailsList_A_Gall_4":"51552494-7f5e-44fb-b550-530382a4a44c","lbl_DetailsList_A_Gall_5":"59350584-c215-41a6-8d13-4222ec8e3304","lbl_DetailsList_A_Gall_6":"a15b395a-94e6-4fcb-93f1-13768e6bdb4b","lbl_DetailsList_A_Gall_7":"6bc27184-c5e7-4328-b5cf-be8b9efa1047","lbl_DetailsList_A_Gall_8":"d33ab109-8bf4-4add-9584-0e4a1ef723af","lbl_DetailsList_A_Gall_9":"0c4d00c1-3161-43c0-a3e6-4e7c13453ffe","lbl_DetailsList_A_Gall_10":"f9f33075-4fa4-4482-80f6-8787766de4c0","lbl_DetailsList_A_Gall_11":"0aa52a11-9180-4e0a-a17b-247ccaf33210","lbl_DetailsList_A_Gall_12":"93f1f044-ef22-4689-89c1-ad65ec6450f1","lbl_DetailsList_A_Gall_13":"e7dc361a-4876-46d1-9f30-44325c15fe43","lbl_DetailsList_A_Gall_14":"d729689d-6b42-46fc-a4f8-4c35b2a3f975","lbl_DetailsList_A_Gall_15":"4782baa0-6f6f-46e5-aba4-b2fe50059d86","lbl_DetailsList_A_Gall_16":"f4854c21-e5bc-496b-ab57-5805e4deab91","lbl_DetailsList_A_Gall_17":"d733be6c-c774-40fc-be1f-89996b8c9dad","lbl_DetailsList_A_Gall_18":"632d8a0b-62e6-4f22-8ce9-7218682f4426","lbl_DetailsList_A_Gall_19":"607dc9cb-c1b8-46a7-a1bb-23efaa182aff","lbl_DetailsList_A_Gall_20":"dbe067de-dfe6-442e-9ce1-44cb1e8af07c","shp_DetailsList_A_Gall_Divider":"32d5306f-b8ce-4e19-b6ac-627689fb7ec0","PACo_SearchBox_A":"37df3215-2a3c-40d0-93d7-bc56ee169935","html_SearchBox_A_Visualization":"1e7636c5-9396-4bc4-9563-2fbbcc2c014b","shp_SearchBox_A_Visualization":"1bedf9cc-8ca6-480b-baff-16b03684601c","ti_SearchBox_A":"82ce642b-daee-4ae3-ac52-1af9d3f5a623","img_SearchBox_A_Search":"c5a31e71-3092-45bb-aebe-65c64dd91e1b","PACo_Tabs_A":"53f4221c-93f1-49d4-8d2b-1c850090a72a","html_Tabs_A_Visualization":"b6349355-14a3-4787-b501-aa4a4495349e","shp_Tabs_A_Visualization":"59216a29-6534-4520-8025-6545f1126e37","cntr_Tabs_A":"f4ca733a-e7e8-4b56-ae34-7479411305fb","lbl_Tabs_A_1":"71e6afa7-b295-410a-820f-a063816d1d05","icn_Tabs_A_1":"55c57a91-e3d1-451e-aaf0-f555731367f6","lbl_Tabs_A_2":"6c7e340b-7881-4dab-8136-fe00d02ed4bb","icn_Tabs_A_2":"5e72fc07-e6a3-4f66-90d2-cd238dfa274a","lbl_Tabs_A_3":"cb3d46d0-cc0c-464f-9cae-81594bf5bdf2","icn_Tabs_A_3":"d58ce7d8-06ea-4bfc-8a0e-ec0fb691c78d","lbl_Tabs_A_4":"0a24957d-2dd8-4b03-9cb7-219f8b1ae6a3","icn_Tabs_A_4":"0018c3cc-8b53-4146-a424-ca1da3e486ac","lbl_Tabs_A_5":"61ee5c29-037c-42d9-9a47-984843f83686","icn_Tabs_A_5":"f9649716-4296-4f65-b6e4-204c7d5c0298","lbl_Tabs_A_6":"f8d37a0c-249a-4613-bb12-24e53ed4f379","icn_Tabs_A_6":"6dd9353f-a691-44a0-b56d-3e88ba7b0bf8","lbl_Tabs_A_7":"373715be-3d62-4f49-ad95-fb14ab3708b3","icn_Tabs_A_7":"c4919ca6-0e18-4b74-b7af-ba9343514d38","lbl_Tabs_A_8":"5fb67c7e-f50f-4a21-bceb-0bddb33f658c","icn_Tabs_A_8":"afdda1f3-2835-42f3-84e5-2a67e5a1788c","lbl_Tabs_A_Menu":"bc74e39d-a19b-4fed-a229-8a52d8ac367b","icn_Tabs_A_Menu":"8dd66633-74b5-485c-9c45-dcce98263932","shp_Tabs_A_1":"340360ad-ad18-4ce5-b86a-1d3fc8e491a1","shp_Tabs_A_2":"5ae74e9e-5852-42f4-9e48-6d6203834104","shp_Tabs_A_3":"94c97dde-6532-423d-8b2e-6a797614d687","shp_Tabs_A_4":"96f5ad47-daff-4db5-b3cd-cba6b50eda5e","shp_Tabs_A_5":"df4522df-a7c4-4e1d-8fff-9e3a033db4f0","shp_Tabs_A_6":"67979185-4e26-477d-b435-e54d34c86f88","shp_Tabs_A_7":"0432f4e2-a38a-4ffd-82fb-3f39ccce84ec","shp_Tabs_A_8":"419bf5c2-6e1c-4e0a-a8d3-ea4e625dbb19","html_Tabs_A_1":"ffa01ddb-50f2-4058-bd97-56525283beca","html_Tabs_A_2":"93f34316-2833-481c-a1de-23eb08a4d32b","html_Tabs_A_3":"cae57c24-b8e7-4eca-b73f-492fb92508dc","html_Tabs_A_4":"9bd481a7-7f3e-49c7-afc4-34f377d6c8bd","html_Tabs_A_5":"0b8b5931-7d63-4219-8b27-6cf6422d2e87","html_Tabs_A_6":"fb8f873d-1a51-4778-8240-a5eec410e25c","html_Tabs_A_7":"0a6d6ea8-c6bd-4bd4-8355-a20fa663a4e7","html_Tabs_A_8":"307eee4b-90b6-4678-b04a-93df8e617130","PACo_HeaderLanguagesMenu_A":"00164528-605c-4a75-b450-0b12c31ac188","html_HeaderLanguagesMenu_A_Visualization":"ebe7b8ca-6c52-4f2a-a75b-cc10c6a0df84","shp_HeaderLanguagesMenu_A_Visualization":"cfff8a49-e300-4d10-808c-323e1b474688","gall_HeaderLanguagesMenu_A":"458a3cd5-c996-47e3-ac24-f4b56e3f5b24","galleryTemplate1_6":"88777ac5-51c2-4b8a-89c5-7fbd1cef688c","img_HeaderLanguagesMenu_A_Gall":"b9ea14bb-1347-4646-bc06-b7ba6bebc83a","icn_HeaderLanguagesMenu_A_Gall":"871c6e48-9426-4850-8e6f-d346e709d1c1","shp_HeaderLanguagesMenu_A_Gall_Divider":"d13e8247-c6a2-4c93-8492-87bdae24ac77","PACo_Log_A":"bb89423a-979a-46d5-8871-8d489a0fc38c","html_Log_A_Visualization":"0408664c-889c-4556-8e02-71198c03cace","shp_Log_A_Visualization":"882382ca-09c0-4e40-9aa6-086e37374029","gall_Log_A":"5a4f8cec-c0f1-4406-ba72-59ca40fa0b5b","galleryTemplate1_5":"a9ac1028-ad67-4a87-8b93-318e384bb603","shp_Log_A":"eeb42d95-6c57-4889-9dd4-db2ef61eb022","icn_Log_A_Gall":"2733a075-3f17-4a77-bc2b-09cac865ed5a","img_Log_A_Gall":"99fa93c9-88b9-4d6e-8e6f-da39543c734e","lbl_Log_A_Gall":"04a95f6b-439d-4351-876b-c97ea55a7b75","shp_Log_A_Gall_Divider":"f2775460-4fc4-41b6-bcc1-e853764e4e7a","PACo_SelectList_A":"eeeb0f0f-f16a-4724-bbe5-09d5835967e2","cntr_SelectList_A":"e90fb233-896a-4f1e-a0e0-d59f47952228","html_SelectList_A_Visualization":"eeb5d099-3522-4263-a55f-7cd09e4b52b3","shp_SelectList_A_Visualization":"e5d5d6b2-ffe3-40b7-bf1b-046b3559608f","shp_SelectList_A_Area":"2a38ee15-7f3c-40c3-96a9-d9f3e095dc67","cntr_SelectList_A_Search":"c63f7dce-c09b-4179-bc83-9e1e6c1bd85c","html_SelectList_A_Search_Visualization":"1dd33942-5f34-41d3-a816-567b4c65b997","shp_SelectList_A_Search_Visualization":"2510ebfd-14db-4bcf-a595-f558e4c0fb31","ti_SelectList_A_Search":"9b00086a-96a2-49d6-a5b1-e3f5544fc0b8","img_SelectList_A_Search":"ea70f46b-1a1d-4efa-bd53-f0c69ee30f20","html_SelectList_A_Gallery_Visualization":"eb9cac6d-c15c-42f5-9eea-30abe15f3407","shp_SelectList_A_Gallery_Visualization":"6aad1c29-5c88-489a-8404-d1a012f4eac2","gall_SelectList_A":"62010fe4-c978-44d2-8029-7bdcbddaaa3d","galleryTemplate5_1":"d4eda55a-735c-4e6d-94b7-8368eec0a939","lbl_SelectList_A_Gall":"b351f817-724b-4d98-b493-b6b89d0e039c","icn_SelectList_A_Gall":"bbf41bdc-a3a6-46d3-a99a-a29cf2b33c95","shp_SelectList_A_Gall_Divider":"d39576ee-4cc9-4d7d-8909-0ca163310671","cntr_SelectList_A_Button":"52b42530-bcbb-4197-b9ae-8ee1a01a6751","btn_SelectList_A_Button":"fa2103bc-63cb-4261-be84-618ceeadb4f8","icn_SelectList_A_Button":"4e940b42-b9f0-4e25-a993-1c428f8f5988","img_SelectList_A_Button":"90eb8152-5463-498b-b79c-5350fc2e2e0e","lbl_SelectList_A_Button":"5c4c7bdb-32e1-4814-a088-f6895bcf103e","html_SelectList_A_Button":"edf7564b-bfda-4e69-966c-b67d56e9061e","PACo_TabsMenu_A":"7e4cc5b9-34e1-4586-9a7c-33f3f11e5aba","html_TabsMenu_A_Visualization":"e71ffa3d-cdf4-4f20-a86e-1eb32e529701","shp_TabsMenu_A_Visualization":"7eba7e02-982e-43e5-873a-b72c376e050b","gall_TabsMenu_A":"3a591573-945a-4c06-bc64-38d661ad2f2b","galleryTemplate1_7":"a556298d-8602-4b01-979e-a99e29cf1add","shp_TabsMenu_A":"0f292387-586d-4c6d-bf1d-fc5617fcd19d","icn_Tabs_A_Gall":"0a06676e-baeb-40f7-a370-062b7b3d3e64","lbl_TabsMenu_A_Gall":"072fd00d-b327-489d-b41b-c3ed5325bbc3","shp_TabsMenu_A_Gall_Divider":"144a5334-b4fb-47d6-bc31-3c39eb6237b8","PACo_Log_A Screen":"d031df28-1216-47d5-9276-10d32a40aae7","cmp_Log_Back":"3ccfa5a9-e9d1-4271-bc57-b178cc7a6b0c","tmr_Log":"6d576875-7890-42c0-9da7-857d28fe1fe3","cmp_Log_A":"56e998e0-864f-405e-9c4f-c0a3cc96d7c5","cmp_Log_Button_LoadData":"be965022-2339-4e00-80b1-2415a05361c9","lbl_Log_A_VAR":"7b571760-e720-4ed3-996e-92b51fc85a17","PACo_SelectList_A Screen":"38f8ecc9-3ee3-4fb2-98f8-94e7b5e92636","cmp_SelectList_A":"aee3c8f6-95da-4c0b-b8d8-dbec97ffc173","cmp_SelectList_Back":"fd62c73e-20eb-4742-887a-937023e98eff","cmp_SelectList_Button_LoadData":"5d454ed1-7a6a-4922-9b8e-ef57b218fd28","lbl_SelectList_A_VAR":"e02ee09b-e02f-4439-9fae-7c621971c473","PACo_Header Screen":"b51bda0e-148c-405f-b210-d45b86e446c7","cmp_Header_A_1":"97b05ca9-2860-4dec-88a3-73249944ea9a","cmp_HeaderSettingsMenu_A":"a71ff017-88eb-4a7a-bde0-f9bfc2f65beb","cmp_Header_Back":"a85047fb-16df-492a-ab35-54070072f720","cmp_Header_A_2":"de3eb4ea-5ef7-443d-9a61-d0f527ba27a2","cmp_Header_A_3":"d557d8b9-f966-47a0-ada2-fb788481860a","cmp_HeaderLanguagesMenu_A":"1f38f073-fdbe-4013-973c-504ce0f5bbe0","lbl_Header_A_VAR":"31d0265c-bda4-4d8c-87f2-cb239b4ad8e1","PACo_DetailsList_C Screen":"fe27447e-2201-424d-beea-a55b568c7f0e","cmp_DetailsList_C_Back":"a5674e88-5b42-4038-a5d8-a9e80af7f59e","cmp_DetailsList_C_Button_LoadData":"e493dc84-b781-45bb-90c4-e0994ce388c4","lbl_DetailsList_C_VAR":"8773665d-6d38-4670-b3d6-17425bd504ac","cmp_DetailsList_C":"7108906e-a5b0-4e0c-9421-09d0c97e9df7","PACo_SearchBox_A Screen":"1cc43c6a-b2d9-45b2-bcd1-fb07bba0f8cf","cmp_SearchBox_A":"27ceb5f3-6f76-4c1a-9643-1d0f995d2c5d","cmp_SearchBox_Back":"ad855773-4286-48f4-93f4-88178f729707","lbl_SearchBox_A_VAR":"71bd2e4f-89fb-4fc2-b851-d3ac8ed62962","PACo_DetailsList_A Screen":"ef82f38d-55c6-4a03-a3aa-0fac1f9ceceb","cmp_DetailsList_A_Back":"61f3bf6e-ab60-46db-98ba-574c1c6f6391","cmp_DetailsList_A_Button_LoadData":"ae4af06c-6347-4fcd-8963-257ffbc3e61a","lbl_DetailsList_A_VAR":"19b5e9c4-1c03-4874-9b47-4510ec893dc4","cmp_DetailsList_A":"c30d7491-ba20-4130-8f66-18cd1693baae","PACo_ProgressIndicator_A Screen":"bb4e0a7b-324a-482a-8900-97d57f2eb383","cmp_ProgressIndicator_A_Back":"b0bba98d-0f34-422b-8f83-507746aa3011","cmp_ProgressIndicator_A_Button_LoadData":"c11e268b-9de6-426a-893f-6e5f9de2950a","cmp_ProgressIndicator_A":"bd57ca3e-82db-452f-9a60-bef4442fae0b","Home Screen":"2de53cd9-8f11-44e4-9e35-7f4ccd39042e","cntr_Home":"5d6fd9b7-b72b-430e-88fe-05c394fe8581","cmp_Button_PACo_Button_A":"fb67fe4c-a166-4494-ac67-55acd94d2c4f","cmp_Button_PACo_CommandBar":"5a582b10-ee68-476d-9c79-87d2241a36e0","cmp_Button_PACo_CommandBar_Item_A":"e462229c-266c-48e8-a05e-df237bd55ac0","cmp_Button_PACo_DetailsList_A":"7d1cedeb-19af-45cb-89b7-6478e1c29691","cmp_Button_PACo_DetailsList_B":"c856bab4-220a-486e-bc73-b8e464f7550c","cmp_Button_PACo_DetailsList_C":"fe94a540-2a82-4f2c-ae3d-4dd76a6c02d6","cmp_Button_PACo_Dialog_A":"13126e36-2a53-4286-a935-ee5586d6fc18","cmp_Button_PACo_Header_A":"01efd929-5d88-4f79-954c-3f8e703d41de","cmp_Button_PACo_Icon_A":"93695e29-dafe-418d-925a-fee1fe1b620f","cmp_Button_PACo_Log_A":"0ad4f25f-5b11-46fe-94b0-50b1bf28710c","cmp_Button_PACo_Nav_B":"f8669e43-47cd-4452-9b32-0c7eceb0f56e","cmp_Button_PACo_Nav_C":"51730f23-9667-4387-be3e-0d2e02b18632","cmp_Button_PACo_Panel_A":"d293bd16-4191-4222-a6c9-fdceed7f43d7","cmp_Button_PACo_ProgressIndicator_A":"0634b095-cf36-4a20-80ed-1b464d93240a","cmp_Button_PACo_ProgressIndicator_B":"fcd36a04-3234-4c7a-833d-8b3a2b842e64","cmp_Button_PACo_SearchBox_A":"c0991ec8-159b-407f-b6dd-b63cef920ae5","cmp_Button_PACo_SelectList_A":"7fe730d7-0c48-4280-b1a2-e71c794d2dd8","cmp_Button_PACo_Spinner_A":"ad918a57-331b-4a5d-8dd5-6fd81779e426","cmp_Button_PACo_Tabs":"a2693165-6d8d-4f11-a71d-6dba05642714","cmp_Button_PACo_Tiles":"b39e15d9-cf97-4f93-9e00-f72a3fb6af80","cmp_Button_PACo_Visualization_A":"f46d156e-b2e5-4881-b21f-275e14dd16d6","PACo_ProgressIndicator_B Screen":"8a586a47-55ce-40aa-bf21-bc654511b978","cmp_ProgressIndicator_B_Back":"c9899ead-c154-4fff-a98b-a6249a6830c8","cmp_ProgressIndicator_B_Button_LoadData":"ab4dcd77-af45-4452-90cb-5ca6bdeddca3","cmp_ProgressIndicator_B":"f9c4558a-35e5-43db-98b0-2989cb6e9a04","PACo_Button_A Screen":"d2c68483-5770-4dd0-b63a-c6b7e74206c5","cmp_Button_Back":"da2ecf3e-efce-4a55-862f-ef414d2a9d01","cmp_Button_A_Primary":"93c1b4b1-827c-461a-8bab-92105ab2529c","cmp_Button_A_Secondary":"85fba862-0dea-47c0-ae98-13f8a14e408c","cmp_Button_A_Primary_Disabled":"ef92777f-7b49-4b72-a87c-026be95e3125","cmp_Button_A_Secondary_Disabled":"41804fee-524d-459b-830b-0faee111937f","cmp_Button_A_Primary_NoImage":"af1ef2d3-f4eb-487c-8391-e0171d710815","cmp_Button_A_Secondary_NoImage":"5cd1b345-c150-4847-9127-bfd2f02e7a93","cmp_Button_A_Primary_NoText":"d29d62ad-66e0-4b63-bafc-8584e396fa4d","cmp_Button_A_Secondary_NoText":"1d969022-d7f8-4d23-b942-9e838d89321f","cmp_Button_A_Primary_BorderRadius":"8f102ee4-9044-4445-bbf5-04ad80131a13","cmp_Button_A_Secondary_BorderRadius":"c6dfd39e-c6af-4372-a847-9c135d4bcab6","cmp_Button_A_Primary_Disabled_BorderRadius":"31b8b22e-ab73-4e27-b287-b0cbad88c0e6","cmp_Button_A_Secondary_Disabled_BorderRadius":"8da0fb88-8ed9-40cc-83db-27a6af36cc33","cmp_Button_A_Primary_2":"f538fda3-cdf3-4990-a08c-6fda32efea5b","cmp_Button_A_Secondary_2":"888cbcec-d114-424a-a258-46cf79b501ed","cmp_Button_A_Primary_Disabled_2":"b41f3fc9-283c-4047-a49f-b7318c183df2","cmp_Button_A_Secondary_Disabled_2":"692ebfc4-4891-442d-aaed-7eb1ecc32eef","cmp_Button_A_Primary_NoImage_2":"447b0f48-06be-424e-b01e-58921b59a1fe","cmp_Button_A_Secondary_NoImage_2":"2d314956-6162-40f0-99bb-a6016b1f38c2","cmp_Button_A_Primary_NoText_2":"d54e088f-dc5d-4020-8b7f-cedaad63fa03","cmp_Button_A_Secondary_NoText_2":"4ccab99b-bd46-4dab-8624-11e1638a9649","cmp_Button_A_Primary_BorderRadius_2":"daf1fa69-a783-4ffd-a447-c22c4c9e5588","cmp_Button_A_Secondary_BorderRadius_2":"a09d0c60-7ac5-4dd2-8ed4-374b8a15881c","cmp_Button_A_Primary_Disabled_BorderRadius_2":"536dc549-d799-4793-80b6-5bf7171ecbae","cmp_Button_A_Secondary_Disabled_BorderRadius_2":"49d7ec2d-f6e8-430d-9fd4-7c3608e9b09a","lbl_Button_A_Primary_VAR":"9ad44054-8f24-401d-ac40-8179054c45ed","lbl_Button_A_Secondary_VAR":"a42102ab-709e-4010-b090-59aef0932f26","PACo_CommandBar_Item_A Screen":"8cab4163-24dd-4717-9dbf-99c040e9db04","cmp_CommandBar_Item_Back":"177cb5cc-064f-40b9-91cd-9929577a49e8","cmp_CommandBar_Item_A":"3b587aa9-8162-4de3-b40d-4ba9c18aac06","lbl_CommandBar_Item_A_VAR":"50fe9dc0-4a1a-4d9e-a7da-cce96163e725","PACo_Spinner_A Screen":"5eb9dfbc-bae3-4788-bf23-5bad6ed46e02","cmp_Spinner_A":"4fe2b504-1959-44f7-acdb-94ec05074c41","cmp_Spinner_Back":"a5f8a9c7-abb8-4129-9918-ca2710af2e3a","PACo_Icon_A Screen":"849abd3c-8dd9-43b6-8ca9-1176130051d9","cmp_Icon_A":"c08b05ff-f084-43e9-8373-828d545533d4","cmp_Icon_Back":"356cb6d6-9015-48fe-aba8-16646a932209","lbl_Icon_A_VAR":"9f1c91b7-f160-4c98-8955-660b8a2a9752","PACo_Visualization_A Screen":"0445e2ad-6008-4f7f-a92b-8495c435313d","cmp_Visualization_A_Elevation":"37c35ecd-0788-4669-9980-247e1cdd98d4","cmp_Visualization_Back":"a0537c14-9d42-43ad-a29f-4706578874f2","cmp_Visualization_A_Line":"fbf7741f-f734-48c1-bddb-ea4dfcead990","PACo_Tiles Screen":"eae0d78f-9b62-4c9c-9767-f590a619de31","cmp_Tiles_Back":"92a677b6-c628-4785-ba31-51d5b6604f7f","cmp_Tiles_Button_LoadData":"03dcfe8a-2a77-4178-bfbc-8cacec91244b","cmp_Tiles_Tile_A":"c927f6f3-c423-46d9-9eb4-8606934cae24","cmp_Tiles_Tile_B":"5440ca8e-1031-42d9-b7a8-bc3271669566","lbl_Tiles_VAR":"1a108f45-e010-405f-8ce0-a02f445086da","PACo_CommandBar Screen":"7d40bd5c-c052-4da3-bb59-21a0f7a96213","cmp_CommandBar_Back":"371f9d1e-1ac8-41f9-8281-e2c8412c1758","cmp_CommandBar_Button_LoadData":"f1560a45-eb4b-4fe0-90d3-060427c82962","lbl_CommandBar_VAR":"5dc10733-21b1-4b9c-8f5b-cee2b231bcb6","sldr_CommandBar":"0796f7c1-3871-41e1-b97f-3e9af3b60bc3","cmp_CommandBar_B":"e39791eb-5aea-43f1-9b23-5c5d38c5eabb","cmp_CommandBarMenu_A":"c3f9ff66-73ce-4570-afd1-954df7d6a911","PACo_DetailsList_B Screen":"e99a7191-f0df-4141-957d-6046482fd534","cmp_DetailsList_B_Back":"8e62a4f5-b673-411a-95ea-4ce4aa6e4e50","cmp_DetailsList_B_Button_LoadData":"253d6ea6-0f28-45bc-93a8-74156cc6e6fb","lbl_DetailsList_B_VAR":"cec50f8b-a238-4d49-8ad7-db90d2cbd6e0","cmp_DetailsList_B":"39262d09-0d57-4ef6-b3be-bbacfdb92af8","PACo_Dialog_A Screen":"2044281d-4e11-42f3-b708-a227c8ae08fc","cmp_Dialog_A":"1afac886-2b70-4b3b-bd7b-c64f86e04096","cmp_Dialog_Back":"741b5c30-bd7e-4445-82b6-2d2e0416fcf1","cmp_Dialog_A_Button_LoadData_1":"c277b42f-e334-452e-a01b-38b473d6d8de","cmp_Dialog_A_Button_LoadData_2":"f7cbec3d-067a-4a10-8ab1-b5ba944fdd02","PACo_Nav_B Screen":"99dfeba5-7ad2-421b-958d-47e84d978f0f","cmp_Nav_B_Back":"857d853b-5527-451a-8a99-364dc8309d27","cmp_Nav_B":"7943e6f8-583c-4c30-a54d-d520f433fe8a","cmp_Nav_B_Button_LoadData":"d135b419-838d-4eab-854d-86a4bfb36f6f","lbl_Nav_B_VAR":"0724da19-9c10-4a6c-9657-eff310defa3c","PACo_Nav_C Screen":"5e4303d1-7c4f-4fe3-9d3a-d4e045e9a926","cmp_Nav_C":"c61216e1-bb30-4b24-aa94-17eecf2d3bd4","cmp_Nav_C_Back":"4011f748-835a-4d4c-be8f-f97c5035005c","cmp_Nav_C_Button_LoadData":"12483cf5-19e7-49be-896f-854e2c595895","lbl_Nav_C_VAR":"caca6608-e5eb-4cbb-9c49-420f5714e9d4","PACo_Panel_A Screen":"86cd12ec-5f07-4bb7-b007-ac07d55518c2","cmp_Panel_A":"fd3d3093-0a3c-4533-a202-3457dfbe05a2","cmp_Panel_Back":"fe8a0b29-5ead-426f-935f-06655efe9fa9","cmp_Panel_Button_LoadData":"52460957-1b66-4717-b301-0872f253b191","lbl_Panel_A_VAR":"6a69dab4-5a81-4995-bce2-63554769d299","PACo_Tabs Screen":"28b47d9c-62ec-439b-be38-4f7088b46e29","cmp_Tabs_Back":"8c44f843-c0fa-4c7d-ad5b-02cc63e5e2c8","cmp_Tabs_Button_LoadData":"63e3431d-ee33-4b1c-a53f-857b06c07a49","lbl_Tabs_VAR":"db865fd7-86e0-4a54-baf7-bda239e0e2e9","sldr_Tabs":"3f6b97dd-e63b-44b7-ba53-ecf74b4d0c1e","cmp_Tabs_A":"57ec5968-7c6b-4846-992f-76844ebca335","cmp_TabsMenu_A":"5c09cfe9-5f88-4b5f-b22a-93a227805ec0"}