{"__Version":"0.1","App":"3e380cd4-72c5-4766-8b98-029373d78489","Test_7F478737223C4B69":"57b4174b-756c-412f-aceb-42c4f8f86828","Host":"73047853-2d9f-4f88-b2f1-dd8bc8fb2052","PACo_Panel_A":"e3de96d0-45e3-46e6-904c-960bf185ca0a","html_Panel_A":"ce8c9e1d-df34-4d58-b8ad-7e6cea6c085c","shp_Panel_A_Area":"85315b71-b4c5-426e-8b46-fd1a6dbfda34","html_Panel_A_CommandBar_Visualization":"ae80bc1d-9d49-4352-9c68-715fa715a63e","shp_Panel_A":"b0ebce1a-a6b6-48a5-9731-d7e27d0cdb96","shp_Panel_A_CommandBar_Visualization":"30367ca4-c877-448e-bbd6-797cf3cc20dd","cntr_Panel_A_CommandBar":"a5a6a1ed-1013-4629-98bb-bc1f5e13188a","img_Panel_A_CommandBar_1":"6c5b07d6-cc25-4fec-a000-9b952ec02322","icn_Panel_A_CommandBar_1":"98236066-07a0-400c-8f06-ef143e160d16","lbl_Panel_A_CommandBar_1":"51e16d0f-f6f0-459d-9c99-d821a7f1a55a","img_Panel_A_CommandBar_2":"d7d68176-707f-4cee-9763-f1313301280e","icn_Panel_A_CommandBar_2":"dbf28bea-3dbe-4d8c-9057-fc41e04de99b","lbl_Panel_A_CommandBar_2":"0c372f9d-705c-460e-b83a-58ecfdaf821a","gall_Panel_A":"f614f96e-8288-4880-9fac-44a1231b96a4","galleryTemplate2":"3467b345-6233-4f8f-840a-32cf9df98e61","lbl_Panel_A_Gall_Label":"c5fd60c9-8e2c-4fda-a220-19606964a014","lbl_Panel_A_Gall_Text":"21ecab08-93a0-4df8-ad5d-899c089704d4","cntr_Panel_A_Button":"1327379d-2859-4320-933e-093af89a0133","btn_Panel_A_Button":"e3f85020-844a-4a48-9fd4-68b24469119a","icn_Panel_A_Button":"642ae0ea-b564-4103-adb1-8360127a66fb","img_Panel_A_Button":"308a96ea-3828-40af-ac56-0f552b7350c7","lbl_Panel_A_Button":"e15ba5a9-07aa-4051-819b-de963ea32751","html_Panel_A_Button":"b73a381e-23a5-48c9-ac37-ee4180f76691","html_Panel_A_CommandBar_1":"ba52438b-760b-4946-a34d-21d706d71892","html_Panel_A_CommandBar_2":"d189c325-2024-4e2d-8385-226b19424434","PACo_CommandBarMenu_A":"bf546183-d908-4a6e-97b6-9b116bfcd794","html_CommandBarMenu_A_Visualization":"f565d69f-3d93-4f18-bc5c-a8bf2f59d2d4","shp_CommandBarMenu_A_Visualization":"c14c3e9b-6157-4733-a323-e4a468a49402","gall_CommandBarMenu_A":"3983dd32-4745-43a3-88cc-ad3a9d2262ec","galleryTemplate1":"1f656ab5-653e-4ba6-ac87-28caed31a77e","img_CommandBarMenu_A_Gall":"dc1e0ce1-acee-4eec-906d-ba95e583d377","icn_CommandBarMenu_A_Gall":"6dba2091-5ca0-427d-afec-770f2d5b1eaf","lbl_CommandBarMenu_A_Gall":"8469f2d1-e88c-4d20-95bb-5bc314aa99de","shp_CommandBarMenu_A_Gall_Divider":"cc6b1748-18f7-4ac7-aba3-eb6c3af21bba","PACo_DetailsList_C":"6b38f7b9-487a-4f4f-adb4-9c5ac4db9d60","html_DetailsList_C_Visualization":"5e9768d3-2c86-440b-9457-9c5cb3ca1831","shp_DetailsList_C_Visualization":"3050838b-17d6-4096-9f11-1cf78b321bc7","gall_DetailsList_C":"6d851026-ad9f-47fc-9617-9c9dd8b4a2de","galleryTemplate4":"5b3c6cb1-55a1-40de-bef1-4ef129884714","shp_DetailsList_C_Gall":"520ba91b-0860-4ca0-ac3d-c250961e3fe9","cb_DetailsList_C_Gall":"25c8dac1-9c16-4a00-87d3-4e0468dd5172","lbl_DetailsList_C_Gall_Title":"b73f88bd-4ce7-44c7-b5f0-9297f5b4e8bd","lbl_DetailsList_C_Gall_Subtitle":"ce26b1de-30aa-477a-8c4a-075e85bd90b8","lbl_DetailsList_C_Gall_Body":"73015d7c-311f-4adc-94a2-c00c8b71d5d6","shp_DetailList_C_Gall_Divider":"701a14e0-cfb3-4218-b806-2c7fc10f9997","PACo_Nav_B":"db828ac1-fdfe-404f-ac5f-d647bf30a2b0","html_Nav_B_Visualization":"89b20d23-0457-4c0b-a8ea-2f7befb51271","shp_Nav_B_Visualization":"57280fa7-40c9-4608-984a-e5a576553bbf","gall_Nav_B":"c7caebd8-1b5a-48df-8471-2b08d8d1eb9f","galleryTemplate1_3":"7e14766d-ce27-466c-b6e7-ba942d7f10b4","shp_Nav_B_Gall":"1a3e14b8-d609-4d83-a4b0-7b05a0fd2d4f","img_Nav_B_Gall":"d159f83d-34ad-4525-95fe-376c0e91176b","lbl_Nav_B_Gall":"c7350952-04b2-4266-aaea-81bc5d4db1cf","icn_Nav_B_Gall":"ad2c7454-b4f2-45ef-acc5-839559901c5c","shp_Nav_B_Gall_Divider":"6d71369b-7746-484a-a91f-489e2286a337","PACo_CommandBar_B":"1dc71efe-2b37-426c-8c47-bc16b3786fd6","html_CommandBar_B_Visualization":"d76c6dad-fe59-47d4-bffd-692f15076c45","shp_CommandBar_B_Visualization":"4d462c87-eb34-4adc-9ca0-f8d512a1605d","cntr_CommandBar_B":"68a0696f-931d-44a0-a28b-5243c5eef025","img_CommandBar_B_1":"c59d968f-e4a7-4d29-b663-cd9270911e21","icn_CommandBar_B_1":"78e696a6-a210-449e-8129-078650f2bc34","lbl_CommandBar_B_1":"88fa4814-98a5-4ec2-b93e-0368ff7f40d5","img_CommandBar_B_2":"225cb0e2-3990-4e01-adf0-f1e4c3d329ee","lbl_CommandBar_B_2":"cb16c055-4ebc-401b-a502-36e0d5dc65e8","icn_CommandBar_B_2":"70cad85c-b381-452a-a184-ef796c532876","img_CommandBar_B_3":"01955d1e-6239-42b3-abab-496a9fb185bd","lbl_CommandBar_B_3":"702245f9-6e7f-4d21-a453-c056da156af4","icn_CommandBar_B_3":"d7e79dda-da83-4caf-9d7e-716a62e7b504","img_CommandBar_B_4":"3cffff80-203c-481f-bbe7-afe172d4f672","icn_CommandBar_B_4":"daf86563-173f-4771-92e7-14084d1af184","lbl_CommandBar_B_4":"3420cb65-1960-466c-be80-a7ea513841de","img_CommandBar_B_5":"4e25ac06-31df-43d4-96de-5977166d113e","lbl_CommandBar_B_5":"2fe3b8f9-b6ce-4be5-9197-a0a98601f50a","icn_CommandBar_B_5":"57bf0cc3-b1df-49d0-aac6-18b8c031b5eb","img_CommandBar_B_6":"3015e1c1-3e14-4e69-9391-003470ecbfc0","lbl_CommandBar_B_6":"c1aa56f1-ba2d-40c8-a778-136d34ca5157","icn_CommandBar_B_6":"8f089842-52c0-4067-b130-87c0d8b352a4","img_CommandBar_B_7":"afdadce0-4f28-45d7-90ff-afb95ec34ffe","lbl_CommandBar_B_7":"9253b260-3ca7-4d8f-aa90-b0380b9a9092","icn_CommandBar_B_7":"a1507349-a90b-4c2b-b105-5d1f2fe56857","img_CommandBar_B_8":"3a10b523-de53-4f4c-b76b-abf3951f4c8e","lbl_CommandBar_B_8":"3ec3ec46-77f0-42bc-a49e-6cb9a392d763","icn_CommandBar_B_8":"80d793f9-c780-428f-9dc9-4f4bbda37288","lbl_CommandBar_B_Menu":"28a6e520-f48c-4f13-ac7d-0ebf5c2f25fb","icn_CommandBar_B_Menu":"0b8fb0eb-4752-4cdd-a48f-060d60ae6b60","html_CommandBar_B_1":"7ded46b0-55f9-45f7-baaa-2119fd21f2b5","html_CommandBar_B_2":"306103dd-d047-451f-bef7-2f3610384d29","html_CommandBar_B_3":"b48a2724-7e01-4536-9f65-76d2538d4d14","html_CommandBar_B_4":"818db9a6-582d-4e00-aef1-352cc44c3126","html_CommandBar_B_5":"5b98ff4f-27ee-436e-8851-6fc8c0333fff","html_CommandBar_B_6":"3ee12794-513a-4e75-978d-b6e843929044","html_CommandBar_B_7":"4e36f90e-647a-44ea-93dd-8b31011785a3","html_CommandBar_B_8":"bfa0459f-0946-4909-8ec5-3b5524f917a9","PACo_HeaderSettingsMenu_A":"e59ad4fd-927a-4a19-99a6-a3319be7fc66","html_HeaderSettingsMenu_A_Visualization":"eb71311b-5eb8-4681-b31d-245d3add43f5","shp_HeaderSettingsMenu_A_Area_Visualization":"ff18660d-3b3c-46f4-ba3b-f379bd01503e","gall_HeaderSettingsMenu_A":"559d8d23-0df7-4976-a090-97a34c26d2c7","galleryTemplate1_2":"c9a786bb-f0e4-4811-84f6-c2a9ab709ed0","shp_HeaderSettingsMenu_A_Gall":"9334b36c-2abb-4cfe-b0ab-e8363035143f","lbl_HeaderSettingsMenu_A_Gall":"e454cc68-6f6b-4252-a33c-ba677f086244","icn_HeaderSettingsMenu_A_Gall":"c78706dc-3d0a-412a-a603-6eef3dc80fde","shp_HeaderSettingsMenu_A_Gall_Divider":"a813a658-0713-45cc-afb7-252a3331b126","shp_HeaderSettingsMenu_A":"0091d3e1-277e-4aaa-bca5-ddaf6f085f20","PACo_Dialog_A":"784cc249-5b0e-426e-81d4-2d2ac2018594","cntr_Dialog_A":"ccd3b6cc-5240-49aa-ab15-dfdf88bb3cd4","html_Dialog_A_Visualization":"355b31f0-2025-48c2-b3e6-08b57204decc","shp_Dialog_A_Visualization":"2ec518f5-1cb4-4e3e-a7f9-4573a714f852","shp_Dialog_A_Area":"c8ca4efc-00ab-4179-8da3-433ded794a14","lbl_Dialog_A_Title":"1593245a-07c2-41cb-88d8-da95ee4c6e0e","lbl_Dialog_A_Message":"2059bd93-0050-4744-a039-570f776da5bf","html_Dialog_A_Message":"59a58f8f-57e2-4dd2-a7c6-55c8542cc519","cntr_Dialog_A_Button_Last":"0fdecf5b-b515-4571-a30c-8cae8623f5ed","img_Dialog_A_Button_Last":"83fd814b-681d-4ba0-ba20-78858464275c","icn_Dialog_A_Button_Last":"1d7b9a05-2e5c-488f-be3d-5faf8649d1cf","lbl_Dialog_A_Button_Last":"2a808c8a-677e-4f69-bda6-3247d775652d","btn_Dialog_A_Button_Last":"25fc9031-9289-4354-b46a-a0d02062621b","cntr_Dialog_A_Button_First":"bdc28d68-29fe-44cc-83d2-09d55deee9c6","img_Dialog_A_Button_First":"e5fcc1f6-63f6-42dc-9863-573d06894039","btn_Dialog_A_Button_First":"6238b097-208c-42bb-86e8-2fa1e54eeda9","icn_Dialog_A_Button_First":"f1bef27b-bcb9-425d-b2ce-d146e20bef4e","lbl_Dialog_A_Button_First":"4471f19c-619d-4c1e-ab0b-07cfd07be7c7","html_Dialog_A_Button_First":"ad1b0fd6-23c6-4793-a7c7-89a1c9bb1835","html_Dialog_A_Button_Last":"5cade83b-e65c-4896-9eab-e16299150393","PACo_Tabs_A":"da539b16-8c06-48ee-b9db-03b9679d6d40","html_Tabs_A_Visualization":"c4f67ea6-5022-49a2-a8a7-b344666da472","shp_Tabs_A_Visualization":"632c62dd-1506-405c-af01-9a6fb70a02e3","cntr_Tabs_A":"b4b86031-54c0-408b-bc81-15af979d778c","lbl_Tabs_A_1":"0cf18ca0-068a-4e07-a15c-8b4e9ce6da7f","icn_Tabs_A_1":"77923a80-1d41-47c6-ba72-797bacf84b15","lbl_Tabs_A_2":"eae740ee-d9b3-42cb-9ab3-e8c8adb02172","icn_Tabs_A_2":"2c4b8f99-ea85-488b-8da3-449128f5d0a6","lbl_Tabs_A_3":"8399e8ce-3a5e-4371-9a87-1dd0389ceb25","icn_Tabs_A_3":"4aa03c3f-83eb-49c5-8e63-68d2b1b5c34a","lbl_Tabs_A_4":"8de1f2bb-8118-4bbb-9af3-7ba6512df783","icn_Tabs_A_4":"cc6fd9ac-fc9b-4ff9-b483-1c9a03c03d8a","lbl_Tabs_A_5":"cd6baf52-a201-4a53-ac65-9092d18f3710","icn_Tabs_A_5":"58c8776b-f8ac-4b46-b976-c367a7c955f9","lbl_Tabs_A_6":"44a8bb59-e19d-4df9-b9e4-386771f2a7bb","icn_Tabs_A_6":"5c14cf7f-e995-4a88-a362-1c10371e3eca","lbl_Tabs_A_7":"1734fe8e-3400-40a4-a274-8b46285312cd","icn_Tabs_A_7":"171ae195-1818-484c-9bc3-3f8c66726e72","lbl_Tabs_A_8":"9a69a0f9-67cc-4ebd-bd14-c7a4d69825da","icn_Tabs_A_8":"233a1d46-3767-488f-9c67-d47b486a597e","lbl_Tabs_A_Menu":"89f47478-6076-40dd-bbde-9c2de0288bc0","icn_Tabs_A_Menu":"40afe18f-4797-49f9-ab92-355110ce8dc3","shp_Tabs_A_1":"b794ccfb-05b0-4481-ac63-ba07e7ca8d64","shp_Tabs_A_2":"0f2bb79b-253e-4284-986f-eab7d7b57cfc","shp_Tabs_A_3":"a40a38b9-a5e4-4173-9378-25c65af72eba","shp_Tabs_A_4":"846bff7d-cd5c-4060-b053-7669bb7f251a","shp_Tabs_A_5":"4eb69327-b48c-4cd5-9da8-8dbe7cdb75a6","shp_Tabs_A_6":"1e0ef483-4954-4882-8b0d-47ec22bfb8ec","shp_Tabs_A_7":"b17fc367-322e-4dfa-b0af-e922bdb0a090","shp_Tabs_A_8":"0c5811ad-d3db-4428-9bd2-53a0e4c09d45","html_Tabs_A_1":"ccf410e4-059a-44f5-a1aa-75dee84b712c","html_Tabs_A_2":"dcb9e88a-74da-4256-a5ac-55e3e6729f2d","html_Tabs_A_3":"d60867d5-4647-4433-9952-f08bfa786d31","html_Tabs_A_4":"784a2fa2-d19a-4b82-b665-1ef58ce94d9e","html_Tabs_A_5":"5a703496-73f8-40c4-bdda-970302593021","html_Tabs_A_6":"5b760a9c-f73c-4073-b38a-cf2740083e9a","html_Tabs_A_7":"80d34f56-a7a6-40b8-89a5-e9e03d3cbfac","html_Tabs_A_8":"48b7aba0-23ed-4c21-82be-0c2b65e89a77","PACo_HeaderLanguagesMenu_A":"11b881f7-a57f-4467-9ae1-e3b8e52eb1f3","html_HeaderLanguagesMenu_A_Visualization":"77096eeb-4610-4aed-8e17-79c41ee4951a","shp_HeaderLanguagesMenu_A_Visualization":"cba5008b-4b7b-4dcb-8ca7-c8d5c78f835a","gall_HeaderLanguagesMenu_A":"221ffab7-902e-4366-8665-0d4bab73a1bd","galleryTemplate1_6":"ba003eb8-f5fa-4bfd-a26f-ecf60b8e4ec6","img_HeaderLanguagesMenu_A_Gall":"615b0095-4262-4206-a894-6ba64d51af08","icn_HeaderLanguagesMenu_A_Gall":"7e82cafb-7b4d-43fe-b92c-0aa5a48ce6de","shp_HeaderLanguagesMenu_A_Gall_Divider":"dc1af3b5-a410-492f-b817-3c4abb354b57","PACo_Spinner_A":"d12c5107-1a06-47e4-b9e4-9baf6ae98d9b","img_Spinner_A":"50e3b11c-569d-4964-934e-71f7fce2e433","lbl_Spinner_A":"25dc83c3-a433-4d09-b9ad-9cc1c2a6746b","PACo_ProgressIndicator_B":"61b95afd-ca58-4ab9-9872-b77ffd166348","html_ProgressIndicator_B_Visualization":"ca75da7a-c776-4755-a67a-899d3349f5fc","shp_ProgressIndicator_B_Visualization":"0858942a-c0ab-470b-91b6-85430e30edf0","gall_ProgressIndicator_B":"65385d09-680d-42bf-a3b7-0b789525b6a1","galleryTemplate1_4":"51ac71c9-f3f4-42a6-a8d7-6327ca4c9acb","shp_ProgressIndicator_B_Gall_Circle1":"d4d1e7aa-7e4a-4883-b4f7-8fa3cfbd1620","shp_ProgressIndicator_B_Gall_Circle2":"af3edbdd-8ee0-42c1-84b5-be4fc984f7bb","shp_ProgressIndicator_B_Gall_Circle3":"ccbff124-6507-42d6-87fe-80459c9fb1ee","shp_ProgressIndicator_B_Gall_Left":"929b5df6-9019-423c-b529-e27502431a32","shp_ProgressIndicator_B_Gall_Right":"1e2fa7c1-15bf-409c-9d64-c5b846318b85","lbl_ProgressIndicator_B_Gall":"2c26b478-fd7e-4892-b89f-9308ffbcb0b5","PACo_Button_A":"16c0ba4f-e2b6-4ca5-9fea-db1ba524a74f","cntr_Button_A":"615a9ab8-cfee-478f-bd2e-8f1687aacb4a","btn_Button_A":"9b7a23bf-684e-4823-a5f1-979cedf270fa","icn_Button_A":"5bdf7bd9-5f12-4ec1-a105-f01c180e7076","img_Button_A":"65cd8ae4-358d-4ea6-8b04-d978e2412c20","lbl_Button_A":"e21def39-256d-4dc7-aed1-196107c706e0","html_Button_A":"c1ae645a-f07d-4084-8aa7-7125d54b39cb","PACo_Tile_B":"26fdcf3f-9108-44c7-9625-8415a05a6643","html_Tile_B_Visualization":"26685e97-41b2-430b-ab7b-e4464452d624","shp_Tile_B_Visualization":"a0613804-4bf0-4300-97e7-5b0ebb529dc3","lbl_Tile_B":"ee75fc88-2dd9-4f34-9b46-b6f9b55a7b05","icn_Tile_B":"13d66825-6588-464a-bdb5-6386b49ff275","PACo_Icon_A":"83eb8d1e-b6b4-4ebe-9ce4-6c175d703737","html_Icon_A_Visualization":"a2b4f08a-9b65-4795-bff2-47491a49f77d","shp_Icon_A_Visualization":"494cc203-3543-4d6f-99e2-90b59fe02641","img_Icon_A":"c56b88dc-0fae-4a27-93dd-a8b52a0b437c","icn_Icon_A":"5c5af631-d4e7-483b-92eb-165afb0a4421","PACo_Visualization_A":"fe936c3a-6d0c-4968-b43f-303ebaec4749","html_Elevation_A":"2032de05-f68e-401d-99a5-1cf7ad09b819","shp_Elevation_A":"1a09f127-2623-4636-8878-5eb0a2a53e7b","PACo_TabsMenu_A":"fc4e1544-7a53-413c-8572-9a9c2c5bb457","html_TabsMenu_A_Visualization":"f5904860-f777-4f64-ab22-7b9cbda299ac","shp_TabsMenu_A_Visualization":"da72fb5e-41b5-4be8-90af-ddc7113bc4aa","gall_TabsMenu_A":"3541a0c8-4863-43e5-a0b1-f93b5f19e968","galleryTemplate1_7":"2ca6730e-41db-4f18-9c81-e1525d7d2175","shp_TabsMenu_A":"b7467dd1-39b4-42b3-9b1d-ec7a5789dafc","icn_Tabs_A_Gall":"688f8330-acea-4b05-a7d1-4c2029419d96","lbl_TabsMenu_A_Gall":"c75b1fbd-f7ae-42c5-87f9-59df025f7d16","shp_TabsMenu_A_Gall_Divider":"ddf7b7df-1292-4ad1-83dc-5d5404649ca9","PACo_Header_A":"4e80d612-c8a3-44eb-9b21-e7113a6c6c81","html_Header_A_Visualization":"f529ea8e-b598-45d6-90b9-1dc06c67f291","lbl_Header_A":"af45c9ec-8fcb-4998-ab7d-a3247e988f96","img_Header_A_Back":"4f8915f5-cdf5-4ae1-8aab-5341537ffc75","icn_Header_A_Back":"21bacb4c-995c-4f80-91a7-d08603bac645","img_Header_A_Nav":"c7a6d355-3875-4c26-9571-eb126ed940c1","icn_Header_A_Nav":"65660bab-fc7d-4417-a7cc-f015cfffe0f4","img_Header_A_Logo":"44198fdb-8a3e-458f-b71e-1e23b6af2365","icn_Header_A_Logo":"a37469b7-db91-4f8f-adb5-36508772f9ff","img_Header_A_LanguagesMenu":"23c0df30-597a-4118-89f9-c90e2c371f44","icn_Header_A_LanguagesMenu":"7eec5790-33cd-4b5d-83e7-4c1d49f6bc21","img_Header_A_Help":"07262027-4600-45d3-853d-6459fc38c643","icn_Header_A_Help":"07360239-c54c-4eb7-9eb0-65a6a568d0f1","img_Header_A_SettingsMenu":"824dc1d4-2a69-4633-a354-bfeec2c6c5f7","icn_Header_A_SettingsMenu":"cec89f3c-093b-499a-bf13-9064cf306377","shp_Header_A_Visualization":"a5e1c4e4-d6eb-4f2b-b302-aeac65ae19d7","PACo_DetailsList_A":"a51b58b2-9451-4497-b624-1f950d1ab161","html_DetailsList_A_Visualization":"3c71490d-ddf9-480f-beb4-4a75b4458243","shp_DetailsList_A_Visualization":"9c475d46-958a-4689-9516-f601b883d189","cntr_DetailsList_A_Main":"4351782c-f6e0-4981-9e30-6485a0b5038b","cntr_DetailsList_A":"48921ec7-3d39-4e7c-8b5d-23190e3ad94a","lbl_DetailsList_A_Header_1":"aaaaa581-b026-4ca9-9c79-730cfba4eb86","icn_DetailsList_A_Header_1":"8d5bbe13-dffc-4a7a-aa59-97ae38d06fa9","cb_DetailsList_A_Header":"5d88fb89-cfd3-4879-b124-4b9237f1b2e8","lbl_DetailsList_A_Header_2":"b18fda54-d68d-49f5-ac35-4200d767b730","icn_DetailsList_A_Header_2":"dd501164-4bb6-4631-96e3-f4e4763ad538","lbl_DetailsList_A_Header_3":"ad749991-7086-4e9b-a47f-0ae3ee9f2bb9","icn_DetailsList_A_Header_3":"a050c671-8347-4baa-886f-e51a43d24d65","icn_DetailsList_A_Header_Sorting":"f7b36894-2c79-4fbc-84f0-5fc5bf75c2c5","lbl_DetailsList_A_Header_4":"c506aa4b-a775-4bf2-b30c-79962f2a8a09","icn_DetailsList_A_Header_4":"e25c4729-fd62-4c7a-91c5-ab8bd1120b81","lbl_DetailsList_A_Header_5":"2c824310-ced7-4450-b89c-4de3a89d3fce","icn_DetailsList_A_Header_5":"9d599901-f3ef-4041-b969-34e94737335e","lbl_DetailsList_A_Header_6":"cb18080a-6d9e-48a6-8884-5980eb89a624","icn_DetailsList_A_Header_6":"80b3b443-a0aa-4039-a4d6-fcbee715353b","lbl_DetailsList_A_Header_7":"3fac0574-8b28-4daa-a714-07ff5f5a1466","icn_DetailsList_A_Header_7":"06b0002a-1785-4100-8ce3-9cdfdf08d0b1","lbl_DetailsList_A_Header_8":"6bda1bb5-e27a-447e-b830-73cebf7d1ca0","icn_DetailsList_A_Header_8":"394b6006-0d51-432c-80ea-33fa36b36bcc","lbl_DetailsList_A_Header_9":"76156f04-4b52-41f8-b5b9-9c4c6fd2a733","icn_DetailsList_A_Header_9":"884e0513-2cbd-4542-81d5-4b10df637fd1","lbl_DetailsList_A_Header_10":"9fdece44-acf1-493c-b1d1-d7be9987028d","icn_DetailsList_A_Header_10":"e4d9cb04-279a-4cdf-87c7-17056056699b","lbl_DetailsList_A_Header_11":"cc806f66-6f62-4e93-9b7a-9b2b9ce8557f","icn_DetailsList_A_Header_11":"e18e7e4f-7b61-4876-8f88-f4915f4157ae","lbl_DetailsList_A_Header_12":"b094882e-4b1e-4aba-8e5f-49ddeb217655","icn_DetailsList_A_Header_12":"41dfa2ed-6751-4916-9b50-fe11a595eaeb","lbl_DetailsList_A_Header_13":"376c496b-02c7-44fa-a800-e614469d22ae","icn_DetailsList_A_Header_13":"e476b1a3-42f1-4b84-a3c5-0688c44d97aa","lbl_DetailsList_A_Header_14":"52c75144-140a-4445-8ffc-670edbd05883","icn_DetailsList_A_Header_14":"49fad554-e457-4214-a868-0abda2f11287","lbl_DetailsList_A_Header_15":"0f885ad0-3ad3-4a10-8a45-b29f34f3da72","icn_DetailsList_A_Header_15":"4aa985e6-36a3-4b9a-bbb4-fdba337f0dc4","lbl_DetailsList_A_Header_16":"0d199fa4-6091-44c3-9d23-800034982d70","icn_DetailsList_A_Header_16":"abe9a289-d10a-4a24-9d43-9d4fd3a7a3af","lbl_DetailsList_A_Header_17":"160eb96c-1097-4708-9f66-8717c43cafe3","icn_DetailsList_A_Header_17":"3764c362-865f-4b59-abc6-66fcbb722e24","lbl_DetailsList_A_Header_18":"929f06b7-166d-4daf-91f9-f01167b2cd68","icn_DetailsList_A_Header_18":"1b65e484-0f69-48c2-9e45-13913b3b793f","lbl_DetailsList_A_Header_19":"b0ab39f6-f543-4d2e-b653-d263ed9ecf32","icn_DetailsList_A_Header_19":"4594d8f3-7123-4d8a-8f43-6af6bf1a16c1","lbl_DetailsList_A_Header_20":"d0a1c00e-314b-4421-b937-fc2fd698abf6","icn_DetailsList_A_Header_20":"94ef1dfc-a832-4fe3-af9d-a25391deccea","gall_DetailsList_A":"46837de2-339d-4c20-a6d5-9022f0cda1f2","galleryTemplate2_3":"e3fb782a-83b8-4002-8ad8-faedad45af7b","lbl_DetailsList_A_Gall_1":"69a3617a-2a0a-4514-a62a-db5e95c00510","cb_DetailsList_A_Gall":"44b77b72-c823-4910-a332-fca9424a1239","lbl_DetailsList_A_Gall_2":"ed025956-16bf-46cd-b524-00085116cfb4","lbl_DetailsList_A_Gall_3":"02807b62-6c3d-4075-b55f-89c13673dec8","lbl_DetailsList_A_Gall_4":"813cc813-9f8b-4d04-81fd-ef1f75852e9f","lbl_DetailsList_A_Gall_5":"5e03da9e-ddf8-444d-ab48-45d1b4f75b02","lbl_DetailsList_A_Gall_6":"9fd462e2-f1c8-4c33-a262-6ad1e743c10e","lbl_DetailsList_A_Gall_7":"5797970b-5a8e-4bf7-8850-7f6ec662872d","lbl_DetailsList_A_Gall_8":"f06dde44-813f-4136-b54e-10a76d9c3259","lbl_DetailsList_A_Gall_9":"4b2030d4-37af-4331-b8be-8ae2cc54d272","lbl_DetailsList_A_Gall_10":"a4b3e1e9-7903-4ad0-befd-a21a7e43cae2","lbl_DetailsList_A_Gall_11":"ab40d9d4-67af-466a-a517-946d76e07676","lbl_DetailsList_A_Gall_12":"824114fb-11d0-40b9-8a7d-d6a1b6ea6ada","lbl_DetailsList_A_Gall_13":"f7b53797-9aaf-4162-a68c-5e9c295b8fbd","lbl_DetailsList_A_Gall_14":"cadb182b-8c0a-400a-83a1-507f8c5174fd","lbl_DetailsList_A_Gall_15":"b1ae1fe8-32c4-41b5-8155-0f96a57cb2c4","lbl_DetailsList_A_Gall_16":"c7446a44-df08-470e-a50b-5f224e9cccc7","lbl_DetailsList_A_Gall_17":"c71c7cd0-62fe-4522-8342-bc926f9c30d2","lbl_DetailsList_A_Gall_18":"d31bda89-a935-4156-b569-ac1c25cd2a9c","lbl_DetailsList_A_Gall_19":"deb921b9-58af-450f-af36-b7fc2813ccbc","lbl_DetailsList_A_Gall_20":"6f1e94a6-b9c9-424c-a757-41550d28742e","shp_DetailsList_A_Gall_Divider":"91e6a97b-7416-4b27-bbfc-8c1eb327d550","PACo_SearchBox_A":"7e4db0be-f662-431b-989b-9c440d5399f1","html_SearchBox_A_Visualization":"4b517f1a-450a-49fe-ad0e-0eaf2ed8549d","shp_SearchBox_A_Visualization":"987a908a-e8ca-4038-aa68-4c7b49ee3754","ti_SearchBox_A":"48b0ff02-4fcd-4867-976c-7f2c912580f0","img_SearchBox_A_Search":"b93701cc-6513-4be4-86ed-c69e43fb4d63","Restart Screen":"5ab334ea-cc80-4fe1-9bc4-25578e462d8a","cmp_Restart_Button":"708b8822-29f6-4313-9c2b-70bb51ae36d0","Home Screen":"515f79de-c3e1-4847-99ce-9d12e1fa7834","cntr_Home_Main":"ca567068-8781-4bfc-963a-0f9d0794a7f3","cmp_Home_Header":"0a0ad075-ed2e-4735-b381-07fcd49fe03f","cmp_Home_Panel":"e80adf5f-b211-4332-9fe8-ac1ae66c8dd9","cmp_Home_Dialog":"0f0328ce-065f-4c5e-a133-067dc8e5315b","cmp_Home_Spinner":"70edcb66-f52c-4ed7-a027-4be6937a3277","cmp_Home_HeaderLanguagesMenu":"75e35854-3b1f-4799-82db-16e82c2b4029","cmp_Home_Nav":"d4cc5343-34af-41b7-bd7c-46b80e3c9684","cmp_Home_HeaderSettingsMenu":"0e13be83-0976-4e96-94a3-e55ed5b052a8","cmp_Home_CommandBar":"4aadee6b-1704-425d-b8d3-11d07d997e00","cmp_Home_Form_Main":"6c388f97-4487-47dc-9fe9-e6e0243e3ac0","cmp_Home_Form":"7dd843a3-fa81-4176-97eb-d491f05f38e2","cmp_Home_Form_ProgressIndicator":"081466c5-5d5b-4772-9ec3-8fa1632a7049","cmp_Home_Form_Tabs":"4ab4a992-5cfd-439f-a42e-b5eca0372684","cmp_Home_Form_TabsMenu":"3adeef77-17cd-40d8-ab78-927fb3328d11","cmp_Home_Form_Form":"718be643-f0a6-47cc-9c15-3612acc86166","cmp_Home_Form_Files":"82289794-d916-4351-8a15-bbff9037f6aa","cmp_Home_Form_Actions":"5127a781-cf11-44ac-8fa5-e7c941cab2b4","cmp_Home_Form_Other":"a97af843-4e1f-4478-8a4f-942eb315728e","cntr_Home_Form_Form":"552f3b6b-8e58-4af3-b588-19824eea5fe2","lbl_Home_Form_Form":"bc521d11-eff2-4740-8a47-0f8c70688fe9","cmp_Home_Form_Form_Back":"f21cabcd-43d6-49d4-acfa-a3622548913a","lbl_Home_Form_Form_Mode":"aedea5a3-63ac-4ba3-859e-91e89054d4bf","cntr_Home_Form_Files":"c5b111a2-24d0-4d2b-ac08-79e54a94be8b","lbl_Home_Form_Files":"16d9d2ff-cf35-46ce-bd36-8bee9d5304ba","cmp_Home_Form_Form_Files":"4cc45285-cc6e-4f43-b25f-5e4204b30445","cntr_Home_Form_Actions":"5d364cc8-cd92-4535-8a5b-53bcbbdad6aa","lbl_Home_Form_Actions":"34c0c32c-0300-432e-b296-c64017079368","cmp_Home_Form_Form_Actions":"9688a416-462c-4d41-80a1-2ce1e4298908","cntr_Home_Form_Other":"8da88578-e861-45d8-a8d4-12ac1a079517","lbl_Home_Form_Other":"7c027a93-a44f-4954-bce6-bc253e15fc22","cmp_Home_Form_Form_Other":"3ef970bf-74be-48d5-94e8-5667aa1d8350","cmp_Home_CommandBarMenu":"378a88e8-7019-438a-ba4a-f3f636bfe160","cmp_Home_SearchBox_Icon":"6a3f0cbc-3350-4edb-9e1e-3c181909a612","cmp_Home_SearchBox":"3193b281-515d-4e6d-8f0b-9ed81c902ead","cntr_Home_Filter_ItemType":"045b42ff-9434-43f1-ae07-64feb903a7d5","cmp_Home_Filter_ItemType_Visualization":"4f475a21-8ed2-4b76-a26e-c8f193d711c3","dd_Home_Filter_ItemType":"c4b60d39-e64c-421d-8306-a211844f5efb","cmp_Home_RecordsSelected":"b44d8b1c-11a9-4d8e-b768-8c1b82b38659","cmp_Home_DetailsList_Small":"95d0c62c-2d84-4462-bbf6-c4c3f296e9e8","cmp_Home_DetailsList":"13306b90-293f-48c5-af72-2078437dcfab","lbl_Second_NoRecords":"c462e233-185d-442a-b4fa-74171c99f73e","btn_Home":"cedeffd7-35a4-46ae-af66-03d95d71ff36","btn_Start":"b8b2e67f-77f8-4924-8c0a-83b7fc279875","Redirect Screen":"af2fd87c-bb81-4f71-ab31-0723364ce99a","btn_Redirect":"14e3329b-6031-4fe9-83d1-7caf4b4e6daa","cntr_Redirect_Main":"11960708-67ef-4809-bab9-6238db1e5d90","cmp_Redirect_Spinner":"6ffa3ca0-1ef8-4b6d-bfea-b9297153f483","Color Screen":"c9407e9b-69b5-49e5-b7fd-89cb9b148f2a","cntr_Color":"66af3789-9c4f-4465-a431-ea84082ebff2","shp_Color_themePrimary":"6d02475e-1ca9-4826-b6d5-67bfe259dac9","lbl_Color_themePrimary_1":"db69c9df-b393-4686-ba81-de895b9c3bcb","shp_Color_themeLighterAlt":"35c09b25-187f-4b65-828c-6a4be91ccf9c","lbl_Color_themeLighterAlt_1":"dcf9ac89-b53f-401e-9a1f-bc94bda10f0b","shp_Color_themeLighter":"135481ca-162c-465a-98bd-6e2a225fbb56","lbl_Color_themeLighter_1":"107f32c5-e7e8-4e78-962d-9e4faa978e99","shp_Color_themeLight":"dc5e2939-cd1d-4bee-9111-84c861860e88","lbl_Color_themeLight_1":"89e079c7-aa86-49c7-8632-b7cb521ba65e","shp_Color_themeTertiary":"14c1c31b-125d-4fa0-b9b1-10462140e3c8","lbl_Color_themeTertiary_1":"1a735271-c48a-4a87-9b6f-b9689aaa415e","shp_Color_themeSecondary":"f12f2f9c-4a38-4c71-a613-9c7ff29c5b46","lbl_Color_themeSecondary_1":"ba092192-acd9-48bd-85d3-42a3655c1fb3","shp_Color_themeDarkAlt":"50cd2701-a75a-4cc6-8397-dd0ba9bdc5e9","lbl_Color_themeDarkAlt_1":"b5538bcb-8578-4253-b037-8733dbfd0ea4","lbl_Color_themePrimary_2":"34499de3-01e4-41f0-a157-c6babc8e2b71","lbl_Color_themeLighterAlt_2":"235f6757-202d-47ee-aefa-df95683480cd","lbl_Color_themeLighter_2":"6036213b-e6c8-4cca-a31e-5ac745dc3e42","lbl_Color_themeLight_2":"88a2528b-2cb1-4b46-8fc6-d68907142efb","lbl_Color_themeTertiary_2":"0c74eb6c-903a-4fbd-81c0-763b769880eb","lbl_Color_themeSecondary_2":"307bc12e-ee34-4359-81e6-03ff7d80e971","lbl_Color_themeDarkAlt_2":"a53f777c-4c28-44e7-bb9f-9cf82e7a185d","shp_Color_themeDark":"ae5ac01b-b8a5-4e79-ac5b-cd298faf6a01","lbl_Color_themeDark_1":"5d3431c4-5509-47f1-9cf3-92d10a973a13","shp_Color_themeDarker":"57b88ebf-4c3e-44aa-99fa-0ea8d7c64518","lbl_Color_themeDarker_1":"5d5f3819-11c0-4123-b423-b1e66688aad0","shp_Color_neutralLighterAlt":"d32cb487-1761-4911-9dc4-702a8182c549","lbl_Color_neutralLighterAlt_1":"b9729dd5-fa28-4742-af9d-92fdd909368d","shp_Color_neutralLighter":"b27f7da2-dcbb-4b3e-b094-52cc09931a14","lbl_Color_neutralLighter_1":"731bb67f-00cc-4339-9907-d64953754c5d","shp_Color_neutralLight":"244964a6-34db-4e91-ae58-42da06b37e22","lbl_Color_neutralLight_1":"da4b4d8d-a7c2-41c4-a0f2-3efe96d30197","shp_Color_neutralQuaternaryAlt":"24b02092-fe82-4fb4-bce1-3bf4b43b22fd","lbl_Color_neutralQuaternaryAlt_1":"512e9eea-12f0-476c-b7ef-299edebc12fd","shp_Color_neutralQuaternary":"432037ff-d28b-4d55-bcfc-15c8f4814f42","lbl_Color_neutralQuaternary_1":"c6df17a6-d591-450b-b573-49eb6a8adca1","lbl_Color_themeDark_2":"c39e4f66-a5be-4e68-99f3-3de419e909e1","lbl_Color_themeDarker_2":"7ad74a61-6b34-4431-8f49-4b82854fde7d","lbl_Color_neutralLighterAlt_2":"356f3758-dbda-46ec-bb8a-bc5d3bf8e364","lbl_Color_neutralLighter_2":"d217ff08-5f1f-4856-b0a8-b625fc85b0c9","lbl_Color_neutralLight_2":"dd88a391-119e-41df-a8c9-1c827348eb2f","lbl_Color_neutralQuaternaryAlt_2":"fa600c21-ef1d-4904-9c33-5f668dc2f820","lbl_Color_neutralQuaternary_2":"71ee40cb-027b-4623-a68d-efb58c7d81c8","shp_Color_neutralTertiaryAlt":"f4789954-9059-4401-ab21-4328bb74d3aa","lbl_Color_neutralTertiaryAlt_1":"36e81833-859f-4d6e-96c6-55eebfe71121","shp_Color_neutralTertiary":"8dc40914-fff9-48fe-8839-fb336c5d3640","lbl_Color_neutralTertiary_1":"636336ea-efb7-4c5a-9053-6f90f4ec458f","shp_Color_neutralSecondary":"aaeda2c7-cfe0-4c2c-be91-0fdc7453cb1d","lbl_Color_neutralSecondary_1":"43a092b0-9a20-46ce-b80e-59f3edc1e8e8","shp_Color_neutralSecondaryAlt":"c9cf7cf9-bbc0-4465-be8c-1e4c47d2cd28","lbl_Color_neutralSecondaryAlt_1":"d33d9f5b-31ee-4440-90a7-a550ac6443e3","shp_Color_neutralPrimaryAlt":"9649bd53-8a72-46cb-b9c3-0fc90f1e9e03","lbl_Color_neutralPrimaryAlt_1":"b56d4130-5a0d-415c-9218-e81ffb873c0b","shp_Color_neutralPrimary":"b72091c6-74f3-4e45-a457-aa1c6033e4dc","lbl_Color_neutralPrimary_1":"9d80c312-cfe8-4d68-8ec6-6cccf32e1153","shp_Color_neutralDark":"88c5721b-5495-4296-81cf-f54a757e1b56","lbl_Color_neutralDark_1":"7c6559a9-e6cc-46a0-8eeb-936dac75f42b","lbl_Color_neutralTertiaryAlt_2":"39c78f97-ade6-4fa0-b950-47ac92c957a0","lbl_Color_neutralTertiary_2":"cbeb0af3-af63-4408-a05b-c20880411661","lbl_Color_neutralSecondary_2":"38a27327-4316-4722-a755-0e6663f7a1e2","lbl_Color_neutralSecondaryAlt_2":"7ddd0240-baee-43e1-bd20-64fe858acf31","lbl_Color_neutralPrimaryAlt_2":"c50ed182-ed23-47a5-b1a9-cd27f843c066","lbl_Color_neutralPrimary_2":"1f557cda-7515-41f5-979c-208077a5a3b1","lbl_Color_neutralDark_2":"bf4e7d1d-58c3-4010-8773-391fca98a8de","shp_Color_Black":"aafc693a-ece3-4bab-9b02-38a71a7a40a5","lbl_Color_Black_1":"b8954d7a-5b84-4d17-982f-50d0ab8be84b","shp_Color_White":"be627723-526f-4a4c-8199-70dc0e075b12","lbl_Color_White_1":"d0599ac3-a6ee-414a-af11-4ba930b50feb","lbl_Color_Black_2":"80508dc9-1248-4133-a1f8-45e65b3aac6f","lbl_Color_White_2":"eba513d7-56e8-4d90-90ef-bbdaa2e3bfc3","Third Screen":"956972d0-6b55-4896-8b8b-22c34598aab5","btn_Third":"d7b5d7fc-0513-4719-961f-c67809fb75c6","cntr_Third_Main":"0a5ba18b-1255-4fc3-8f52-4ee50ac34105","cmp_Third_Header":"8d4a3d13-348a-4906-b33e-4e37109c37ec","cmp_Third_Spinner":"e9063954-f64c-47ec-9eb0-634d0a00bf7d","cmp_Third_Nav":"77253add-2f10-4708-b64e-499301e55890","cmp_Third_Visualization":"41c0e4d4-058c-4c97-b85f-1eca3ce5f410","cmp_Third_Button_MessageCenter_Maintenance":"7c2b8f27-9105-4867-aafe-f01342dbdb89","cmp_Third_Button_MessageCenter_TimeOut":"e9ab4f74-eb16-44e4-979e-5d55111295fd","cmp_Third_Button_MessageCenter_Error":"53caf96a-638e-4e0d-9c54-f3da3cdefcd0","Second Screen":"8c6a563b-a4a8-4953-a66b-89ecc83d3cca","btn_Second":"b679f790-6b79-4ff5-97d4-9a9f7994058d","cntr_Second_Main":"df5e0b87-7528-4100-bc05-e684c2c45b9c","cmp_Second_Header":"b1ff56a7-f1ae-4201-a7e7-7cfa0c04078a","cmp_Second_Spinner":"034f1812-46f4-4c17-ae44-2027c7fc68d2","cmp_Second_Nav":"651478dd-ad6a-440f-b0a7-09bbd77ec3a0","cmp_Second_Visualization":"7c7bfbfa-2615-4f96-ba82-efb0b8fdf648","Fourth Screen":"5574df7a-9d2c-4894-b1d3-87e14047827c","btn_Fourth":"23f3fe10-041f-49e2-9cff-7b0fe1743c8f","cntr_Fourth_Main":"f2a2c4c2-6539-4db0-807f-53f213f72ee5","cmp_Fourth_Header":"b7cc8615-342f-4b2b-8dd5-4a2bf3f4ac73","cmp_Fourth_Spinner":"42f18125-2c3a-4bf1-80c8-c7bdfdbd5a15","cmp_Fourth_Nav":"2be1be8b-adb9-4e4b-953c-923c8ebb1182","cmp_Fourth_Visualization":"65e535bc-5ee8-4f09-878f-b2500602b2ee","Fifth Screen":"981f5f0c-776e-464b-b22e-558955edd0f6","cntr_Fifth_Main":"93b59fcc-4e0d-46fe-9c15-b2881d80f2bb","cmp_Fifth_Header":"50536357-f414-4071-9dbe-f0b20a8ac89d","cmp_Fifth_Spinner":"e49b7d7f-ac19-4cb9-852c-437b94b570fc","cmp_Fifth_Nav":"6be3fa25-3ec2-4767-9387-9d3d94c5ce61","cmp_Fifth_Visualization":"837d7864-30c4-4808-8f74-d427c8e4b12c","btn_Fifth":"4cb6a821-98e5-4776-ae14-a4ad585d83a9","Themes Screen":"a476b432-5c81-4d84-869e-a8626e83a0a7","btn_Themes":"959ba846-90e8-4828-859d-d87fb3f523ad","cntr_Themes_Main":"0a4f0be8-064c-4eab-a9d4-86b600a03de0","cmp_Themes_Header":"a912fa5d-7660-49d6-9c46-2147aee1a7cd","cmp_Themes_Spinner":"7ce21a77-7db5-45bb-adbf-01f7474bd7b0","cmp_Themes_Visualization":"b0a465e0-27ab-4689-bff8-0131fc5941d1","cmp_Themes_Button_Default":"4bfa2970-9769-4704-8f96-ac0803549e0d","cmp_Themes_Button_Dark":"98ef3f77-c0cb-4a1e-abba-11ef0919b5c0","cmp_Themes_Button_HighContrast":"e0a8e953-a8c9-4ef8-86d0-9ce960861abd","btn_Themes_All":"852a9108-eea4-4dbf-8f50-5a6bb8bd4008","Message Center Screen":"eeed55a1-92a3-435b-9b14-eaae805a2c09","btn_MessageCenter":"d84d77a0-74ea-40c6-abe0-2bc1e8fc9e63","cntr_MessageCenter_Main":"d01df911-644a-4313-8582-073a87466ba1","cmp_MessageCenter_Header":"0cf24531-23cf-4834-b3c4-cd7fd56de4d6","cmp_MessageCenter_Dialog":"2e4d687c-8056-4d3f-b70f-75cd823ee343","cmp_MessageCenter_Spinner":"75864831-e1fa-424a-bd20-432abea6cdd5","Controls Screen":"75a719a3-ddd4-4b57-9eb7-6903091efd7e","lbl_Controls_ti":"deba93bc-a058-4b4f-9aff-b148c401770c","ti_Controls":"9ac9084e-65d6-478a-9f4b-37729b8ae806","ti_Controls_Diabled":"de01eb05-23e8-4e2b-81f4-61ec3b98ad02","lbl_Controls_dd":"53d94c1e-a042-41f0-9621-44b0ac8610b4","dd_Controls":"d12f5909-b3da-443a-b00e-b19d4a7482df","dd_Controls_Diabled":"9a0877a8-4123-4f3d-839a-6e00bfa955b1","lbl_Controls_dp":"54e58340-9dd9-4173-b4e9-3a61ba4d6d9b","dp_Controls":"345292a7-ec77-431e-a798-1e6ac86cd7f3","dp_Controls_Diabled":"1f72cf04-dcad-4aad-b959-af5cae4eb19d","lbl_Controls_cb":"64d50066-5aaf-4aff-8a3f-75d99f142551","cb_Contols":"399e8418-728b-474f-8617-75fb41e90273","cb_Contols_Diabled":"a251fd33-92d9-4ac2-8e49-c8a04e803900","lbl_Controls_btn":"5ff0f29e-e8a6-467f-9c7a-79d0fd6020cd","btn_Control_Primary":"107e89da-5131-46eb-9e28-2005d03f7d93","btn_Control_Secondary":"3db00599-4fe0-4307-a675-7c4f56c41bdf","btn_Control_Primary_Diabled":"0dcfe7da-0c19-43ce-be53-71374b85b9a4","btn_Control_Secondary_Diabled":"916eb60c-bfaa-47d6-8d04-523123a46719","lbl_Controls_icn":"6a464fcb-176b-4f04-9cd1-5a6a49f0de39","icn_Control":"3efc16ab-ebb3-4df6-9675-5b8e9821746e","icn_Control_Diabled":"3be0faa2-615c-4ec7-8b09-ba20b7b5dd4e","lbl_Controls_Disabled":"57a862a3-bcdd-4752-97d5-5326e903dfa2"}