{"__Version":"0.1","App":"88e9cb14-29d3-4f98-b946-db0dd36b1cff","Test_7F478737223C4B69":"1c297253-b180-4421-a7fa-1ff70939e0ab","Host":"3ff61b70-422d-4a1a-84ba-84436641aaf3","PACo_DetailsList_C":"4c626995-ccc0-4a03-b5ab-a577a0198158","html_DetailsList_C_CSS":"80d17e88-2079-48dc-9815-220574fb9a0a","cntr_DetailsList_C_DropShadow":"ef5fb3dd-6366-492d-ab96-376ab5841a48","shp_DetailsList_C_Background":"b0012b65-e2a6-4ca4-98b0-0f2da301791f","gall_DetailsList_C":"0bf58170-42a9-42c3-b6f5-911845e2b02b","galleryTemplate4":"4c916156-9497-4a39-b89f-d21521df12cb","shp_DetailsList_C_Gall":"f4f31cbe-49f8-47a7-981b-dd5bada597a6","cb_DetailsList_C_Gall":"8616dadd-d780-4e05-85f8-8009e317aab5","lbl_DetailsList_C_Gall_Title":"495f5bca-e62d-442e-9144-3898311c825b","shp_DetailsList_C_Gall_Select":"cba21749-966d-4cb5-878b-0429981f8f81","lbl_DetailsList_C_Gall_Subtitle":"3f9be97b-8675-4f50-a875-7f69041f0d33","lbl_DetailsList_C_Gall_Body":"c692ccad-5593-4289-9a54-ffa0700e1eca","shp_DetailList_C_Gall_Divider":"b3ce224c-a038-440d-84f2-23d3e823e985","PACo_Dialog_A":"7baefc8d-b1d3-415f-aa18-7511b03fd158","cntr_Dialog_A":"1ebb249f-94c0-4dce-a14b-c006c34d3b1e","html_Dialog_A_CSS":"54373ab0-c296-4a14-a624-3fd804fb052f","cntr_Dialog_A_DropShadow":"12e4172e-395b-4a00-b8d9-1c2b43a0ef7f","shp_Dialog_A_Background":"6b2a6fb0-f463-493c-bfe5-16a77ea6c23f","lbl_Dialog_A_Title":"ac49556f-bffb-4cfd-ad13-81224df460ed","lbl_Dialog_A_Message":"a5faf0d4-75eb-46dc-af10-8ce8b870746d","html_Dialog_A_Message":"618e1568-e0b1-4ffe-a579-5bd97d8b400d","cntr_Dialog_A_Button_Last":"15efa28b-0465-4731-aeb8-4c340fe1c634","icn_Dialog_A_Button_Last":"d2d5f223-cd8a-40fe-8987-bdbf7265a086","img_Dialog_A_Button_Last":"e8b18bd9-13a8-4cd1-939b-d24d8fade30a","lbl_Dialog_A_Button_Last":"1dc61462-6151-4285-850c-193b2c14f038","btn_Dialog_A_Button_Last":"c3d5a8eb-0600-4136-9c43-4b482364f76a","cntr_Dialog_A_Button_First":"ff0f2739-d5a2-43ea-9daa-c415e4e11462","btn_Dialog_A_Button_First":"86da53c7-afcd-4dee-a72d-826733c899e5","icn_Dialog_A_Button_First":"42154116-1600-4b5f-9249-bca2796a1091","img_Dialog_A_Button_First":"52854dff-ecce-44f7-ac12-9a12b093542d","lbl_Dialog_A_Button_First":"f5baeca8-70a3-4463-870a-5c00dc6a6e7f","html_Dialog_A_Button_First":"a73c5a5b-5f19-4335-a9bf-bd8bcb1501c2","html_Dialog_A_Button_Last":"afeaaa0c-7498-42e0-a1be-41331d38915a","PACo_ProgressIndicator_Shimmer_A":"646cbb57-d06a-44ec-88ca-8f6490a43087","html_ProgressIndicator_Shimmer_A_CSS":"c579b3b7-71f6-49da-8e83-fa5f52a620a1","cntr_ProgressIndicator_Shimmer_A_DropShadow":"4bd15496-c066-4bf2-b39e-00fe22b9102b","shp_ProgressIndicator_Shimmer_A_Background":"debb17bc-fa6c-4a5f-85b5-17fdc1463c72","gall_ProgressIndicator_Shimmer_A":"b6474c09-36c5-4c2f-b65f-2244d6a772ca","galleryTemplate1_8":"991847d1-270e-4ebc-93dd-a5626f8eeb31","shp_ProgressIndicator_Shimmer_A_Gall_Circle1":"81b015cd-18df-41d1-8ad1-3c8160a7e53f","shp_ProgressIndicator_Shimmer_A_Gall_Left":"2e559568-a07c-4ae1-bbdf-27d08bd22f22","shp_ProgressIndicator_Shimmer_A_Gall_Right":"7f376cb1-972d-4038-94fb-6ad4b72d9052","shp_ProgressIndicator_Shimmer_A_Gall":"95c50c2b-94fc-43b2-a151-6f0c6361c8f1","PACo_CommandBar_Shimmer_A":"ac70a17d-8f6c-4a8f-ade3-47638ddc8007","html_CommandBar_Shimmer_A_CSS":"bd2eb60d-9cd6-4126-8cde-28efcc09047f","cntr_CommandBar_Shimmer_A_DropShadow":"8108b211-f288-47e3-9d43-c47d2e4a422d","shp_CommandBar_Shimmer_A_Background":"49fd5684-f67d-4745-ad76-be558602f1f5","cntr_CommandBar_Shimmer_A":"e9f15ee6-d1df-49f8-8d8b-0834f2632532","shp_CommandBar_Shimmer_A_1":"2c88c62c-5829-40e8-ac7c-cdfb21d2eb77","shp_CommandBar_Shimmer_A_2":"66642df0-cc43-4734-a013-4230140a835f","shp_CommandBar_Shimmer_A_3":"ff8b3212-656c-4607-8c8f-b2d33b3676dd","PACo_Info_A":"b933c595-787b-42e5-80be-6e7d38dc0742","cntr_Info_A":"4ef806b8-540b-463f-bfc7-eb433bea4375","html_Info_A_CSS":"4a220895-583a-4ede-8f6c-6085d0ca5ef7","cntr_Info_A_DropShadow":"ba49d9d2-0808-4872-9de4-11b40e068230","shp_Info_A_Background":"711afbe6-5ba2-4308-a440-4cf3550745c1","lbl_Info_A_Title":"f262c9e7-723f-44ad-aba8-6bf2156d0617","html_Info_A_Message":"497468d5-558e-4d72-aaf7-275b3c2ad4d6","lbl_Info_A_Message":"54914eb7-e493-46ff-81e8-412508037230","cntr_Info_A_Button":"dc531d0b-c0a8-4244-924a-b6bb0892634c","btn_Info_A_Button":"5e2af19a-e340-4d98-9422-0dfb4a922ea2","icn_Info_A_Button":"b27ac246-8be0-4d66-bd68-b2237ba197c2","img_Info_A_Button":"50431fa5-27e8-46cc-a470-e7d05d3fda71","lbl_Info_A_Button":"b2c9e2e0-ad86-4613-b829-a3d6fe43689b","img_Info_A":"bca5128e-9597-4ce2-b193-022064b53960","html_Info_A":"eec1e283-19d2-4fa9-b186-fad19ac807ea","PACo_TabsMenu_A":"9872bc5a-1186-4ddc-8004-2ad17fc97caf","html_TabsMenu_A_CSS":"cfc98a11-ec6e-4510-aacd-477b6a986df3","cntr_TabsMenu_A_DropShadow":"7d304046-bc6c-4fd0-b60d-cf804e6e68c1","shp_TabsMenu_A_Background":"a7d22b34-6916-4cd7-abee-5ff6ffa9bc6c","gall_TabsMenu_A":"a9e01b91-f5e8-4bce-893b-e5284e8b9cfc","galleryTemplate1_7":"fa7a7cf6-6f96-433c-a5df-dcc1f2de1cb6","shp_TabsMenu_A_Disabled":"c08f45d1-f574-4490-a6c6-e6c9109da903","shp_TabsMenu_A_Selected":"facecd70-e5c1-4aab-a95d-33da21be0326","icn_TabsMenu_A_Gall":"ef2154ad-fc7e-4035-ac3b-17cfd0c990a7","lbl_TabsMenu_A_Gall":"bf2a18be-838a-42f2-b14d-fd7c63a6171b","shp_TabsMenu_A_Gall_Divider":"c92b5767-0f10-4b4e-b810-3346b82bc6ad","PACo_Visualization_B":"5f6e52de-1bf4-43e4-92a9-6d35bcdf0688","html_Visualization_B_CSS":"10c39f02-40b2-4b65-be2b-20a34e3dc926","cntr_Visualization_B_DropShadow":"5bfb073e-67c1-4ff6-95bb-28c31a2143dc","shp_Visualization_B_Background":"74178895-b5a4-439f-a7fa-d92597f369b4","cntr_Visualization_B_Button_Last":"d7011819-4451-4c90-8211-4a921e00a3a3","icn_Visualization_B_Button_Last":"2e4dd591-4bb2-4159-b716-c991c68adda3","img_Visualization_B_Button_Last":"f560a5c3-79a2-40ac-b00d-658a0baf43fa","lbl_Visualization_B_Button_Last":"54214959-1e82-450d-b2bc-402079b50381","btn_Visualization_B_Button_Last":"fce101d4-c982-4c0a-b6c7-48f84ec7e538","cntr_Visualization_B_Button_First":"f61b0c1e-ee16-4c49-9cd6-5f62cf8244b4","btn_Visualization_B_Button_First":"cdcfc99f-0c36-43e3-a8ea-453bd03b01b0","icn_Visualization_B_Button_First":"7c0d1d3f-96ad-4c2a-80c3-a315ccd56308","img_Visualization_B_Button_First":"420cd114-b7ae-4d55-86f2-8f12eb67b5c0","lbl_Visualization_B_Button_First":"61899669-b098-476d-ae9c-d84a46d67118","html_Visualization_B_Button_First":"380526ba-7ecf-4522-b3ee-ceb306108a55","html_Visualization_B_Button_Last":"fb7ce76d-9651-4c88-99b4-171cec576e56","PACo_Dialog_B":"61b09315-edd3-4377-92b8-ebcbca15db56","cntr_Dialog_B":"beb66b89-624d-4746-ad43-b223ed84e05c","html_Dialog_B_CSS":"952ecc04-afac-4842-9a37-63338ed5e8b5","cntr_Dialog_B_DropShadow":"eb639eaf-fcec-4416-9525-cbcfc522f059","shp_Dialog_B_Background":"185443ef-3c39-405b-a054-3975b765f83b","cntr_Dialog_B_Button_Last":"a95ae3d1-fa43-489a-aa0e-2cf8018c018b","icn_Dialog_B_Button_Last":"d478828a-6374-40c6-8718-221e6a6a56bd","img_Dialog_B_Button_Last":"013641d2-7bfc-45e5-86b9-e3cc0a632369","lbl_Dialog_B_Button_Last":"c7dca312-ebd6-4130-a44d-d066265aec8d","btn_Dialog_B_Button_Last":"80218520-1bb4-4b78-a625-807b8f229329","cntr_Dialog_B_Button_First":"9fbe2873-1792-4d66-9ced-cd7c07bf5422","btn_Dialog_B_Button_First":"04d973a0-4b5e-41ad-9433-2784b718dcd1","icn_Dialog_B_Button_First":"3d2ffac0-0d55-49db-a8b3-ab2c905b9a6c","img_Dialog_B_Button_First":"28fae13a-a2a8-4900-a1c3-bf395186147d","lbl_Dialog_B_Button_First":"60ea2ca6-c0d4-4113-a381-de1a156b7ea4","html_Dialog_B_Button_First":"d52f222b-d2ba-4545-87d8-6402ab69569f","html_Dialog_B_Button_Last":"a7773d20-fcc6-4ec1-a6c5-10035c241b76","PACo_Breadcrumb_A":"6d23763d-0536-40c2-bd8c-b608b9b081fb","html_Breadcrumb_A_Visualization":"7d6173ce-f67a-42b6-a623-1050be408f30","html_Breadcrumb_A_CSS":"fe72996b-dcb6-42b1-ab37-44fa62fa811f","cntr_Breadcrumb_A_DropShadow":"6c72361b-f782-4719-83d3-8623a86732d9","shp_Breadcrumb_A_Background":"fc71395b-7813-432d-803d-5338e639cccf","cntr_Breadcrumb_A":"e9364112-3bdc-4d62-a3d2-81a406e9d0e2","icn_Breadcrumb_A_1":"1fa3be69-287b-4274-a3c1-88f69bd3c51f","lbl_Breadcrumb_A_1":"89cb89d0-b6e9-4fa6-8413-bdf0d648ba21","icn_Breadcrumb_A_2":"e86a7b1f-c505-4032-ad05-a1ebc97a805d","lbl_Breadcrumb_A_2":"02df1991-fc95-403c-845d-6443dacfda12","icn_Breadcrumb_A_3":"d358aec0-ed68-411b-87bd-fce2263eb966","lbl_Breadcrumb_A_3":"f3cacf07-1f59-4b54-85f7-93ea9954176f","icn_Breadcrumb_A_4":"6f913fda-5494-4ba5-97fb-313188acd5f6","lbl_Breadcrumb_A_4":"b73f78d7-72c3-468a-a050-fd7e5cdfb2fd","icn_Breadcrumb_A_5":"a7223074-eab7-491c-ab10-4551a2796952","lbl_Breadcrumb_A_5":"48f6c50d-7a36-4c3d-8d43-94a61e9462fd","img_Breadcrumb_A_1_2":"74ed9318-458c-4936-8fdd-5e31474153f2","img_Breadcrumb_A_2_3":"847b4874-cc3e-41d6-98ef-81fddff420ab","img_Breadcrumb_A_3_4":"5b11c6e5-fe48-4c7f-928a-1033b3cf7fdc","img_Breadcrumb_A_4_5":"63f8e827-d835-4514-8b69-feea5d058aa0","html_Breadcrumb_A_1":"32394572-8d35-421b-9655-689d7d8bbc9b","html_Breadcrumb_A_2":"2e300751-a5db-4137-9861-5879edb8dfdc","html_Breadcrumb_A_3":"53b38e0d-73e2-4cc8-b8d2-6b4b6b66fd82","html_Breadcrumb_A_4":"6664880a-5863-44bc-87c6-54b4799a77c4","html_Breadcrumb_A_5":"c4737dc3-2327-43d6-ab94-15f065f14c25","PACo_Nav_B":"8c9f1684-0de5-4b5c-ae70-71eccc7e431c","html_Nav_B_CSS":"b40edf41-d4c1-4ee5-8bb1-717932184469","cntr_Nav_B_DropShadow":"6a1192e7-385f-473f-ad2b-d84025993544","shp_Nav_B_Background":"8be6aa2e-6dce-4b1a-8826-519bd972e96a","gall_Nav_B":"f08abdd8-382e-4a2d-83d7-26c7a88462b0","galleryTemplate1_3":"9fdc9a52-2d7c-4c54-83be-8476df7c43a4","shp_Nav_B_Gall_Bottom":"b8426225-f46b-456a-bf34-1f2ae248f3b3","img_Nav_B_Gall":"d9a2e673-ed32-4c8c-a009-9470fa76d219","lbl_Nav_B_Gall":"1121162e-8fbd-4fd0-a902-77258d501f9a","icn_Nav_B_Gall":"ff3da6d7-355d-46ec-934b-be4ff3d5e0a6","shp_Nav_B_Gall_Top":"10dd7c82-5ea3-4f87-9bf3-63f70cb32ede","shp_Nav_B_Gall_Divider":"0174ffcf-d479-46c5-af67-7a2f09114c3d","PACo_Icon_A":"db2d0f57-d2bb-4ed1-9320-b7587ed6c7aa","html_Icon_A_CSS":"5a970553-6269-400e-a928-3b99a5042e2a","cntr_Icon_A_DropShadow":"580f24c6-82a1-47a5-8fa5-cdb21326364b","shp_Icon_A_Background":"2813c4d8-bb26-4b60-83ee-568c2d16560f","img_Icon_A":"e616d365-587a-4ddf-b19d-069f69c8f848","icn_Icon_A":"ac99c7e8-83c9-4506-b776-f7100d6b3349","PACo_HeaderLanguagesMenu_A":"81971a20-b072-4f82-8d6b-6e52b1ca7527","html_HeaderLanguagesMenu_A_CSS":"1a6e8247-55ab-433a-81df-a36813139f0e","cntr_HeaderLanguagesMenu_A_DropShadow":"a81c8f7e-d59f-4731-9097-eb157aa5a96c","shp_HeaderLanguagesMenu_A_Background":"09e05f7b-d6e3-47f3-93f6-39b71942f00a","gall_HeaderLanguagesMenu_A":"69316a5a-52b4-463b-b4c7-21acd415ff35","galleryTemplate1_6":"09f1978e-dfe2-4f4d-bf9b-608740935faa","img_HeaderLanguagesMenu_A_Gall":"2b6f9738-5288-4852-a3ad-faf24b3fd4e8","icn_HeaderLanguagesMenu_A_Gall":"683f46c2-fffb-4481-919a-b163e2350dfc","shp_HeaderLanguagesMenu_A_Gall_Divider":"9f6260fb-0440-4503-bc71-e456b72cfd3a","PACo_Tabs_A":"46b06798-a2e5-4d48-a9dd-d4a60ed95351","html_Tabs_A_CSS":"bd2044a2-3c29-454c-acf7-b613949866bb","cntr_Tabs_A_DropShadow":"aa443c87-6dfb-4445-87df-a7743ac745fa","shp_Tabs_A_Background":"d2791344-e87c-422e-911d-8f4ddff15d9c","cntr_Tabs_A":"3bba5850-5166-423b-a85e-2c00c34f1027","shp_Tabs_A_1_Disabled":"bc96a2a5-a267-4b0c-8584-dec9d5a268d2","lbl_Tabs_A_1":"2055694c-01ec-49a0-8140-92aef35934fc","icn_Tabs_A_1":"c6f42b56-1e51-406c-992e-eccb1080892f","shp_Tabs_A_2_Disabled":"e91f88ef-68d1-423d-b182-9cf7d8b3814c","lbl_Tabs_A_2":"1ecfa453-2bd1-477d-b9e0-f063637b4e3f","icn_Tabs_A_2":"42ca7f21-cd2b-464a-92a5-ab0ff4a8ff6d","shp_Tabs_A_3_Disabled":"ee240b63-b266-4e2c-9202-b02cbad00406","lbl_Tabs_A_3":"0e5915e2-bb36-4931-bec1-0e21b6074c70","icn_Tabs_A_3":"f6ebc373-b12c-44dc-85fa-53ded5e3ac82","shp_Tabs_A_4_Disabled":"3fa5a504-28f1-46d1-a43a-34a983a3e713","lbl_Tabs_A_4":"a6196531-15a5-4f95-9629-997ccfc5cb78","icn_Tabs_A_4":"9a353272-763c-44fb-a543-e573cb8b1b71","shp_Tabs_A_5_Disabled":"1e866522-d186-4610-bbe2-66aebe21827b","lbl_Tabs_A_5":"3413119b-d990-40bb-846a-40b4fd1bf4ea","icn_Tabs_A_5":"eafa99e4-9f35-43ee-9cf5-93d8f4f78fed","shp_Tabs_A_6_Disabled":"7256636b-c4f6-4a67-980f-cb8e9befe4ba","lbl_Tabs_A_6":"1fada0ea-7a24-4189-aa0d-d5aab328fb67","icn_Tabs_A_6":"fe907c80-e83c-4c55-a2dd-80ca0087ed65","shp_Tabs_A_7_Disabled":"e4f4e717-c328-4ae5-80b2-515db522d0ac","lbl_Tabs_A_7":"12272f79-c2b8-46f2-9c29-7fb089114c86","icn_Tabs_A_7":"2c72adee-ecb1-4867-9b45-42f76875dc51","shp_Tabs_A_8_Disabled":"8a434705-c70f-43c2-84f1-457242a56951","lbl_Tabs_A_8":"607d452f-92da-4a31-8d5f-e8cd0ce8aed7","icn_Tabs_A_8":"7217d72b-b77e-45a6-9444-f90296345dba","lbl_Tabs_A_Menu":"84f6dbd3-82d4-4630-b05d-7c116203488a","icn_Tabs_A_Menu":"c85bbbe4-a027-444f-9454-a3806056cfc9","shp_Tabs_A_1_Selected":"d36331ef-9adf-4331-9718-681809833c2d","shp_Tabs_A_2_Selected":"6ae8307d-df42-405b-a7a6-c64fccc74572","shp_Tabs_A_3_Selected":"278d58a7-762d-40dd-b83f-e1dbdbaa9f65","shp_Tabs_A_4_Selected":"0f8fa133-8f8d-444c-8d5e-188f70fc6260","shp_Tabs_A_5_Selected":"8ddf46ea-e85f-4aa3-8c3b-77a61f9456b6","shp_Tabs_A_6_Selected":"3b13a9db-08f9-4c0c-9d8e-71a8697df184","shp_Tabs_A_7_Selected":"9ea4bc2c-c9b9-4327-ab3e-1ccf2c25da82","shp_Tabs_A_8_Selected":"fa6f6b6f-c6b8-4e4d-b026-1c3a87c8640d","html_Tabs_A_1":"5a854d44-5e4c-4443-a068-79105a7179b0","html_Tabs_A_2":"37325939-afc6-4a1d-a1aa-efde72746720","html_Tabs_A_3":"8caa33a7-b1a6-4bad-9960-1d60f05e82a6","html_Tabs_A_4":"861f6a2a-ceb0-40b9-9e71-5d358806f520","html_Tabs_A_5":"b6fcd850-bbf9-40f4-b677-85ea3361e5dc","html_Tabs_A_6":"21e19db4-3c50-4d9a-b69b-f9272a8e8f7d","html_Tabs_A_7":"c4f609db-38fd-40eb-94a8-66db1d173efe","html_Tabs_A_8":"e68b1577-993f-4c82-ba73-1e4ee0b6db79","PACo_ProgressIndicator_Shimmer_B":"3e3dbee5-2754-461c-a201-b787f61fb620","html_ProgressIndicator_Shimmer_B_CSS":"7b0196a3-6ee8-44d4-b3a9-a0f1cb4cc5e5","cntr_ProgressIndicator_Shimmer_B_DropShadow":"d1d65ea5-5c6d-4165-9da9-b82fd2fd49da","shp_ProgressIndicator_Shimmer_B_Background":"f1bb69ee-ca97-45ef-941c-5344721444e1","gall_ProgressIndicator_Shimmer_B":"561c6778-ee60-40c4-8e78-9aaec2ba1c73","galleryTemplate3_1":"a9843e9e-617a-4ea1-bad9-22c34290058e","shp_ProgressIndicator_Shimmer_B_Gall_Top":"f8ee5a09-a7e6-44f7-8be7-f70b3600d4ed","shp_ProgressIndicator_Shimmer_B_Gall_Circle1":"8dbdfb05-afee-4a34-b1f5-a34b508266ef","shp_ProgressIndicator_Shimmer_B_Gall":"1ced8558-b5e7-4a61-a188-65018b4901d8","shp_ProgressIndicator_Shimmer_B_Gall_Bottom":"c97f3785-8862-40e1-aea0-0ea3490632d2","PACo_Tile_B":"1a51d011-befa-49f7-9e3f-9606d9e9007e","html_Tile_B_CSS":"3f8a7e9c-760b-4905-8e08-4da6f84ce9e9","cntr_Tile_B_DropShadow":"840c9bf9-513a-4fe1-a8b7-b53704ac4f75","shp_Tile_B_Background":"d11c945e-5150-4843-ab25-3e21aa66c1e4","lbl_Tile_B":"9a8861dc-eae7-4cf9-aa8f-68a93893cb6a","icn_Tile_B":"2953df4c-a8f4-471e-b496-5b2bf4c3bb9a","PACo_SelectList_A":"eef47842-9d98-4daa-a9b7-47068580896d","cntr_SelectList_A":"a856c107-b1e6-491e-9427-31b64b69236a","html_SelectList_A_CSS":"368986c2-a994-4a33-b989-9a51a196ba42","cntr_SelectList_A_DropShadow":"8d842a42-baa8-4a09-be95-b31f04509193","shp_SelectList_A_Background":"7000a5f8-04e2-4ab7-9a99-6d8f4ccb3eb5","cntr_SelectList_A_SearchBox":"e290b526-8902-4b99-a706-8893f9cbbfa1","html_SelectList_A_Searchbox_CSS":"896437bd-6728-4919-8218-670a57b81ccc","cntr_SelectList_A_Searchbox_DropShadow":"61a35325-9486-4a39-b7bd-f0bdcfe34998","shp_SelectList_A_Searchbox_Background":"8ea5c2bb-8eb5-4989-b5c2-a2bd4abc604b","ti_SelectList_A_SearchBox":"888904fb-c87f-49b8-a113-edcc74c1d602","img_SelectList_A_SearchBox":"51288708-1cf8-4da0-ac42-ba0181d0760f","img_SelectList_A_SearchBox_Clear":"a16bdb3e-1b28-4585-a1e9-049c68c10868","icn_SelectList_A_SearchBox_Clear":"36f30c76-9d7f-421d-ab13-f1da8e2d342e","html_SelectList_A_Gall_CSS":"0d1e3e2f-5e03-4235-a2fb-4bd39eb47911","cntr_SelectList_A_Gall_DropShadow":"70fc49a0-2cec-4d68-a0a9-fd0ee5c544ad","shp_SelectList_A_Gall_Background":"c40d6b1f-914d-4496-8f63-0da7abd9aa4a","gall_SelectList_A":"bfcb2f50-00ef-4637-9a24-3c16152cfddb","galleryTemplate5_1":"ca9d87a2-055a-405b-8492-8b630e602272","lbl_SelectList_A_Gall":"e182c2cf-effe-40c5-af72-b07207763dfe","icn_SelectList_A_Gall":"bc565139-a8ed-47c2-867a-bb791505d9c9","shp_SelectList_A_Gall_Divider":"8e494ffb-fb87-4c30-b398-4aa1260a3f7f","cntr_SelectList_A_Button":"db30b861-81a3-41aa-be18-459dcf645bee","icn_SelectList_A_Button":"5ca37e73-fc39-4281-9e95-d2ffaa3dd96c","img_SelectList_A_Button":"5c0c9e70-e0e6-4260-b5cd-db3a2778f9f3","lbl_SelectList_A_Button":"ac92a0ec-2fc5-4ae5-b2ec-7cdc09712984","btn_SelectList_A_Button":"5832c500-08c8-4c52-87e5-74c751a93ce7","html_SelectList_A_Button":"ce56556f-08a8-4810-aa55-a7ccfce9fab0","PACo_CommandBar_Item_A":"57b8eccb-9fc1-4bc1-97a1-db392e65ac43","shp_CommandBar_Item_A_Background":"204bf1e3-d538-40a8-a947-3e37dd4c2668","img_CommandBar_Item_A":"7a1d09ac-7296-4185-af7c-ad0ea4f554de","icn_CommandBar_Item_A":"2a03d394-ccd8-43d7-908b-2ea9af71e467","lbl_CommandBar_Item_A":"8b020a50-f81e-40d6-aa79-c121e1f13443","html_CommandBar_Item_A":"822b0c95-c895-4795-a51f-c3d1107d7502","PACo_HeaderSettingsMenu_A":"cb8160d5-5557-4428-9545-586e24f9119e","html_HeaderSettingsMenu_A_Visualization":"4b82c638-3eaa-4fe5-b3a8-9a6b0ac8b7e4","gall_HeaderSettingsMenu_A":"df807d44-c7ba-4967-a9b4-cebe8099b079","galleryTemplate1_2":"a417566b-772a-457e-a25a-4e33b12dc242","shp_HeaderSettingsMenu_A_Gall_Bottom":"71e236af-80a5-4aaa-89d6-b4bd5bf14296","lbl_HeaderSettingsMenu_A_Gall":"9b32906c-3a0c-4ce5-a8a4-1b405309dd28","icn_HeaderSettingsMenu_A_Gall":"7d1ddc6d-c437-46fb-8635-116f84b5a581","shp_HeaderSettingsMenu_A_Gall_Top":"798a381b-899b-4443-890b-08f4b5471d71","shp_HeaderSettingsMenu_A_Gall_Divider":"b86a9f0c-a8e4-46f3-b062-8e78de15b45f","shp_HeaderSettingsMenu_A_Visualization":"2eecb914-5546-497d-a7e8-c7d51dfc91e9","PACo_Panel_A":"84a0ff9c-4357-4a35-96d3-bbe27677183b","icn_Panel_WholeArea":"9026db20-054a-4e84-956d-6a59b1f7b2c7","html_Panel_A":"eac20c00-17fd-47ea-8f19-732414871504","shp_Panel_A_Area":"2e44d941-7177-49bf-bae2-5d629dc8b9c9","html_Panel_A_Searchbox_CSS":"2b537911-ac9c-4a10-943a-687cb1d51247","shp_Panel_A":"028f4e4d-d406-4814-9197-3748026faeed","cntr_Panel_A_Searchbox_DropShadow":"35172f87-0593-480c-9079-4b8994985341","shp_Panel_A_Searchbox_Background":"89d821e2-0295-4d81-ae4f-ac35a2e8f86f","cntr_Panel_A_CommandBar":"d08578b7-e73a-4de8-88e7-2c47dea4db5f","img_Panel_A_CommandBar_1":"c379b252-67e3-4019-a33d-26bae0e4e6f6","icn_Panel_A_CommandBar_1":"746133f9-efed-47b4-8353-0d9377ecfa7f","lbl_Panel_A_CommandBar_1":"0ce82ffb-8ea5-4e7a-ade8-c57b9d2f5c5a","img_Panel_A_CommandBar_2":"23fab24d-fbc6-4862-a926-5206c06b320f","icn_Panel_A_CommandBar_2":"1bae93d0-4847-4989-aad4-c7e29324b9ff","lbl_Panel_A_CommandBar_2":"3896665e-292d-4d4b-959b-fee94a331567","gall_Panel_A":"80210dd3-4da7-4ae8-9e30-d2e52e28669f","galleryTemplate2":"37a9dd41-2f92-414d-88c4-41c4aec71b36","lbl_Panel_A_Gall_Label":"c447ed0f-f00c-408f-b803-52356078976d","lbl_Panel_A_Gall_Text":"e68f719a-7783-4f2d-956d-50928758f497","cntr_Panel_A_Button":"85aa9c78-0b0d-4ba7-b8da-ce29bf82c631","btn_Panel_A_Button":"53c1a872-961f-4c81-a6e7-179ad16cb24c","icn_Panel_A_Button":"4e68784e-661f-47d6-966e-ccb32549f12d","img_Panel_A_Button":"4270a3b1-149c-4665-8422-ebde760063c7","lbl_Panel_A_Button":"70fe675c-3732-464e-9eb8-b2175d316320","html_Panel_A_Button":"5bf935f3-09cc-4df3-bcc1-598bb377b5c0","html_Panel_A_CommandBar_1":"e715ae69-b6a9-41d9-8301-2c334e18f233","html_Panel_A_CommandBar_2":"56a68ea6-11fb-4827-853d-40186f8842cf","PACo_DetailsList_B":"25e09030-c353-4f5e-8e1f-062ac7b68bfe","html_DetailsList_B_CSS":"544dc048-cfaf-4cbc-9fb1-031595f81aee","cntr_DetailsList_B_DropShadow":"8f6f21de-9176-4b89-bba2-5704adf5af38","shp_DetailsList_B_Background":"7c0143c5-5c9d-409e-b569-24ff6e312a89","cntr_DetailsList_B_Main":"44b2dd37-41be-41ef-9dae-5e40ce831a51","cntr_DetailsList_B":"65693cd5-3494-4fa9-9aad-badb36a89155","lbl_DetailsList_B_Header_1":"f971997f-0eb7-4a5d-ba29-d8ac5e32d671","icn_DetailsList_B_Header_1":"5171adc7-3c9a-4036-a5e1-798f91aa9978","cb_DetailsList_B_Header":"b0640dc1-63d4-41e4-8a0f-fc68420ef907","img_DetailsList_B_Header_Sorting":"b791e909-ad4a-4823-baf9-5b45202ea1d3","lbl_DetailsList_B_Header_2":"ddfbaf1c-fd8f-4b2c-879b-da30590a4f1c","icn_DetailsList_B_Header_2":"c45bbf52-be87-423e-a9fa-66db90dad069","lbl_DetailsList_B_Header_3":"c6025f72-e507-4bc1-851f-8c7a7c1e5a66","icn_DetailsList_B_Header_3":"4b2d8bb0-54f8-4467-a227-4a55f13dc347","lbl_DetailsList_B_Header_4":"947fffb9-68e9-4016-93db-bd75566eeb20","icn_DetailsList_B_Header_4":"4f00c5f2-fcbb-4110-83d5-6afe5aebcb0f","lbl_DetailsList_B_Header_5":"1205ea3f-a3de-4b41-961d-4cab4843bd6b","icn_DetailsList_B_Header_5":"58fbb057-f6e3-4b21-b93e-465d68e34298","lbl_DetailsList_B_Header_6":"84449fc4-c8ae-49d0-837c-ee36e8daa9cf","icn_DetailsList_B_Header_6":"71467a03-d072-45f5-98c8-62d60fd05e90","lbl_DetailsList_B_Header_7":"a3da6f57-f049-4c3b-b44e-88fb71b9ab8a","icn_DetailsList_B_Header_7":"30667162-29d1-423b-a726-c92a663ea050","lbl_DetailsList_B_Header_8":"9e78dbaa-e009-4e40-ae56-d94cf606e06c","icn_DetailsList_B_Header_8":"ea3e6ae6-88c9-43dc-ae5e-abde54fdf7cd","lbl_DetailsList_B_Header_9":"a5254109-fe0e-4ad6-be7a-a897c3b0a330","icn_DetailsList_B_Header_9":"dab9697b-ef27-4ca5-b76e-4c421705ed77","lbl_DetailsList_B_Header_10":"f8ea2133-64e2-407a-b7e0-4f08d9e4f00d","icn_DetailsList_B_Header_10":"a70233de-d763-47e9-a89c-652bdcbf389c","shp_DetailsList_B_Divider":"24ba7a6b-e090-4857-9283-fe4491e80286","gall_DetailsList_B":"6d839f7f-f46c-4303-971e-056c6ecf3a66","galleryTemplate2_4":"1284e3ad-3ee4-4257-8c17-3d945ae08274","lbl_DetailsList_B_Gall_1":"8627f0fe-d123-443e-bc5d-b1454fdd4a4f","cb_DetailsList_B_Gall":"0dbc511a-fad2-4e09-a510-a5d83f211ad0","shp_DetailsList_B_Gall":"8b61ab63-0e4c-48ec-a5d0-79013997c70f","lbl_DetailsList_B_Gall_2":"492dbf8b-3121-402a-86ce-1384031d09c6","lbl_DetailsList_B_Gall_3":"f783b619-33b5-4c0e-8520-a92ed90123f6","lbl_DetailsList_B_Gall_4":"905e9a9d-b3f7-42f8-a778-6a962062b14f","lbl_DetailsList_B_Gall_5":"f3cd3314-c3ee-4056-bd3a-26d80803c581","lbl_DetailsList_B_Gall_6":"020d07a0-cc88-45e6-8de1-ea38b3b1bc2e","lbl_DetailsList_B_Gall_7":"ff165e87-2634-4bed-a0bb-6f790a3d9dea","lbl_DetailsList_B_Gall_8":"984c42d7-205c-45e9-b0fb-8c338e67fb62","lbl_DetailsList_B_Gall_9":"ece621f2-59b3-4fd6-936f-4dd62c9225d3","lbl_DetailsList_B_Gall_10":"b9b06567-fdb7-42d2-9c5a-96a190e4f0da","shp_DetailsList_B_Gall_Divider":"ab264687-bbbf-4bac-9059-641907241256","PACo_ProgressIndicator_E":"ece4610b-9896-40e8-8d1e-aee01fa2630e","html_ProgressIndicator_E_CSS":"833a9a40-942f-4a03-b106-4a8d584a1c02","cntr_ProgressIndicator_E_DropShadow":"5a58b384-f797-414d-a810-7c21f11f126b","shp_ProgressIndicator_E_Background":"73f14666-76ce-4b95-bbc3-5d0c92357db6","gall_ProgressIndicator_E":"2d747fad-ea45-4b33-bb6d-b2e7aaa96fda","galleryTemplate1_9":"7bb6a195-ddfb-4758-91a3-2d9cc75441a9","img_ProgressIndicator_E_Gall":"c3941eab-f915-4afb-b8eb-bd3280b8c5c3","icn_ProgressIndicator_E_Gall_Clickable":"c62a84cf-3cf4-4fd7-9ba8-21f9deb13a40","shp_ProgressIndicator_E_Gall_Left":"0217a0d1-1d53-4001-a13d-c14f275cb2e7","shp_ProgressIndicator_E_Gall_Right":"e53fe213-01f2-4a95-953e-4695c27d7850","lbl_ProgressIndicator_E_Gall":"a0d51f1e-4844-433c-b266-befefd20bfcd","PACo_InformationBlock_A":"a49a5693-96f2-42ef-a309-d646b00e6ca5","html_InformationBlock_A_A_CSS":"7dbd656f-1ad2-4cf7-8c4d-292402152247","cntr_InformationBlock_A_A_DropShadow":"adefe8db-2576-4cd8-ad6d-209ef900fb80","shp_InformationBlock_A_A_Background":"e804ac53-6c6d-4551-a783-df9200a08003","lbl_InformationBlock_A":"eb2085f9-a83a-4d0e-be3d-a1567ffb0de0","img_InformationBlock_A":"df9957cb-8c67-4875-b78f-c9720a5eb543","shp_InformationBlock_A_Divider":"ed6ada82-802b-48fb-8b9c-b7165208a66c","gall_InformationBlock_A":"1a561139-2548-4b1c-a08c-89cfcbec6d43","galleryTemplate6":"bd90a635-868b-4e00-813b-ae403ce95b25","lbl_InformationBlock_A_Gall_Label":"d81d3a02-563a-495b-9488-ffea04e413d2","lbl_InformationBlock_A_Gall":"9d0985fe-ad85-4bbb-a0ed-6161e629a3c2","icn_InformationBlock_A_Gall":"0ff8cbcc-5233-4928-ad73-40d0f6082789","PACo_PeoplePicker_A":"a2702b70-9eb8-432e-82f2-98ef388fb424","cntr_PeoplePicker_A":"1beb2d63-79cf-4ccd-8bb8-08725c5d1843","html_PeoplePicker_A_CSS":"41459772-32b1-43bb-b9a9-b49d69bd7dbb","cntr_PeoplePicker_A_DropShadow":"729821c9-958b-4b0f-8914-ed3d858ac349","shp_PeoplePicker_A_Background":"dc92962f-61da-42ce-9c49-8f3620da9364","cntr_PeoplePicker_A_SearchBox":"86bd7f72-26d6-4319-aeee-9ee6ba669381","html_PeoplePicker_A_Searchbox_CSS":"61700ff4-6b12-4bf5-8712-d2302f441292","cntr_PeoplePicker_A_Searchbox_DropShadow":"e73da1dc-5e7b-43db-aca6-001213cdabdc","shp_PeoplePicker_A_Searchbox_Background":"6b083820-1fba-4b7a-bbc9-44fa6149a4d5","ti_PeoplePicker_A_SearchBox":"6e16431c-0519-4355-a795-78dc3e4561ff","img_PeoplePicker_A_SearchBox":"62114113-0dc1-42e7-a980-da06128714af","img_PeoplePicker_A_SearchBox_Clear":"7d5d6aef-3162-456c-b095-93a50823b1e4","icn_PeoplePicker_A_SearchBox_Clear":"edf6ae0e-f623-47a3-a884-24cbd2348729","html_PeoplePicker_A_Gall_CSS":"1c72cab0-7a49-4558-9333-5c8716b9fa3d","cntr_PeoplePicker_A_Gall_DropShadow":"52ea7b7e-63f7-43ae-bc92-426a441d06df","shp_PeoplePicker_A_Gall_Background":"9715dc53-6ff3-4060-a81c-191981f6442b","gall_PeoplePicker_A":"f5b9179f-75ac-4759-84b9-7f56b8babb86","galleryTemplate7":"b5bad1bd-1bd1-40fd-98b1-c6b5f7c02a73","lbl_PeoplePicker_A_Gall_Label1":"3601dcdb-fe29-4f4c-97f2-cd93e7d247d8","icn_PeoplePicker_A_Gall_1":"0834f966-160d-46c5-9dcd-fb13518d1938","lbl_PeoplePicker_A_Gall_1":"e721c573-6226-4d90-b99b-12359671b83f","lbl_PeoplePicker_A_Gall_Label2":"2e768971-b4aa-4850-8dca-59e85cb81bb9","lbl_PeoplePicker_A_Gall_2":"76ac8672-ded7-489b-b9fa-55788ae29953","lbl_PeoplePicker_A_Gall_Label3":"28992b24-586f-428f-b33f-3c62e8ecc086","lbl_PeoplePicker_A_Gall_3":"9c572e18-1308-42a8-9f05-8d18e0732d13","shp_PeoplePicker_A_Gall_Divider":"dc2e678a-b160-4df4-8aa2-2d571e351953","cntr_PeoplePicker_A_Button":"58237ff6-ccfc-478f-bad2-e894ea9f059a","icn_PeoplePicker_A_Button":"67d8902f-1916-4795-9b35-a0348982e6a4","img_PeoplePicker_A_Button":"301cc186-9bb0-4d82-bec1-3d4f937167d0","lbl_PeoplePicker_A_Button":"1de4f6e4-f7a0-4542-8c02-ded2adcf31cc","btn_PeoplePicker_A_Button":"d834efce-6b2a-4652-bdaa-cfff99ea59de","html_PeoplePicker_A_Button":"dae09425-b3d1-444e-8018-69a4d861b602","PACo_ProgressIndicator_F":"8605df19-c72d-46fa-bbe3-d710617e56ba","html_ProgressIndicator_F_CSS":"c24dae6f-c8b6-49ac-a74e-144048e4b9b3","cntr_ProgressIndicator_F_DropShadow":"e8db1efe-fd69-405e-a23c-71afd266016f","shp_ProgressIndicator_F_Background":"24f06815-e180-40ae-808f-99c79c89ddc5","gall_ProgressIndicator_F":"1edd4e60-3b32-4fa1-800c-c41a738319a7","galleryTemplate3_2":"85737902-42d1-4bfc-86e8-ebece05653a5","shp_ProgressIndicator_F_Gall_Top":"3409002e-93e6-407e-9e34-d773c362a06f","lbl_ProgressIndicator_F_Gall":"a5148655-b4a0-466b-acac-13e1c41f3bb7","img_ProgressIndicator_F_Gall":"23404dc9-a442-4e00-8b64-b2ca7f670d69","icn_ProgressIndicator_F_Gall_Clickable":"08756e50-5cf5-42de-915d-1429f6f3781a","shp_ProgressIndicator_F_Gall_Bottom":"553024fb-4660-42a7-80aa-9fadb536c78f","PACo_DetailsList_A":"af0e0e2b-4103-42bb-91d7-8252f8cb2b61","html_DetailsList_A_CSS":"557c026b-ae78-42cf-b2dc-0267bed1b64c","cntr_DetailsList_A_DropShadow":"300954e0-6933-4d9d-ba25-4c4d3009266b","shp_DetailsList_A_Background":"928bb0e4-c7cb-4169-bfbb-c4b5b8857a2c","cntr_DetailsList_A_Main":"7ace13f4-0e0c-48f0-9207-f691f4503417","cntr_DetailsList_A":"884e5575-8acc-48ac-8309-4d4ad9ee3feb","lbl_DetailsList_A_Header_1":"084f5910-7a13-482d-bfa5-0cc5fb1852e8","icn_DetailsList_A_Header_1":"94feada0-0521-4b85-8297-fa26ee10f275","cb_DetailsList_A_Header":"1ad8b857-8aa9-492b-83db-2e4c8e922ebd","img_DetailsList_A_Header_Sorting":"e12b5df4-596d-4d58-8fe4-b475c3b68f8b","lbl_DetailsList_A_Header_2":"dab29b00-1233-41ca-bf1c-54e43b3452a8","icn_DetailsList_A_Header_2":"8c63e3f2-bc51-469b-811e-3d87f6695f3b","lbl_DetailsList_A_Header_3":"c6faf32b-3e8e-4878-85ad-57ee01af4868","icn_DetailsList_A_Header_3":"34a704f8-0252-44fa-98fb-cd723fb61cc9","lbl_DetailsList_A_Header_4":"3c3d126e-dee0-4983-b9ce-afbe6131827a","icn_DetailsList_A_Header_4":"b4bd5842-6108-4879-8687-3d43285e4ee6","lbl_DetailsList_A_Header_5":"57864195-551a-4825-9a93-5d0b3d61a643","icn_DetailsList_A_Header_5":"b0895904-d30b-427e-86b3-a6541471e86f","lbl_DetailsList_A_Header_6":"34b1a8a1-f53f-455d-83ac-262f6854eca7","icn_DetailsList_A_Header_6":"fad8f962-a544-4ae9-ba73-1041f2b3ff1d","lbl_DetailsList_A_Header_7":"c72f44b9-77f9-4a13-bbdb-fab28946838b","icn_DetailsList_A_Header_7":"2dd4fd93-ede1-4910-8144-b9251654b0be","lbl_DetailsList_A_Header_8":"cc27f248-56ee-4f53-815b-d3727979a0b6","icn_DetailsList_A_Header_8":"61218bb8-d701-4e8d-91a1-0d29e061702e","lbl_DetailsList_A_Header_9":"f89a7ec7-e39c-42e2-866e-918bcaf21a54","icn_DetailsList_A_Header_9":"5c926ae6-0e17-44c0-8a08-ad9a6d1f2b6c","lbl_DetailsList_A_Header_10":"765a7b3a-232b-4f95-8c4f-907a00e11e15","icn_DetailsList_A_Header_10":"bdc3aa95-78d2-482b-905f-7a6607d4ccf4","lbl_DetailsList_A_Header_11":"335a8fb6-e069-4251-a9df-e4df9d18f0a6","icn_DetailsList_A_Header_11":"f2b0875b-fe0e-4d1b-a5fc-bb2afabe7c53","lbl_DetailsList_A_Header_12":"d27bc62d-92fb-4905-9bb4-28299deb7b80","icn_DetailsList_A_Header_12":"3cd6ae45-14bd-4a41-b7f4-d0349f9d5ce2","lbl_DetailsList_A_Header_13":"fd99ff2d-1a31-484d-9381-1650512378e2","icn_DetailsList_A_Header_13":"12e97f18-fd50-4bb3-a475-9b3459351754","lbl_DetailsList_A_Header_14":"87d853d9-ade0-4706-9cdc-d9c38bc22a08","icn_DetailsList_A_Header_14":"0c959b18-746b-499a-a194-cb072e5d5505","lbl_DetailsList_A_Header_15":"350a8696-90c6-4eab-b221-60d1328961e0","icn_DetailsList_A_Header_15":"138ed5f2-ac39-4e64-b401-8998c054579c","lbl_DetailsList_A_Header_16":"60137602-b6ed-40cc-ba77-2bd0b46dd913","icn_DetailsList_A_Header_16":"d880c370-a19a-4984-a4eb-f52b9b7dfc05","lbl_DetailsList_A_Header_17":"9343da05-654f-4576-9bf9-771cdf66c13c","icn_DetailsList_A_Header_17":"eb97552f-ee03-4955-ba75-6bcdb8df6a7c","lbl_DetailsList_A_Header_18":"34e86ec9-4290-45cc-843a-af450071331f","icn_DetailsList_A_Header_18":"93912ca3-a7ef-4eb4-8aa3-40d73b274cfd","lbl_DetailsList_A_Header_19":"2f8b4b18-73d0-4c8e-ac13-c08ab7da0cb8","icn_DetailsList_A_Header_19":"72e3b2e5-84da-4028-86fe-2a2126ea3f50","lbl_DetailsList_A_Header_20":"980420a5-d102-48d5-9680-a1a7ec4d0d1e","icn_DetailsList_A_Header_20":"cff8b6bb-2380-4082-8062-5c18a9c3e7a3","shp_DetailsList_A_Divider":"ef1b37b9-ff50-41ee-aa1c-7a4eb06a7d3d","gall_DetailsList_A":"54f17af9-5924-446e-86bf-e59b93ccc2dd","galleryTemplate2_3":"9f20f1c7-95be-44cf-9182-c83ede4d8b01","lbl_DetailsList_A_Gall_1":"de7f4d89-5c0e-4e5e-8317-17df1957b3fb","cb_DetailsList_A_Gall":"1aeb226f-0421-4f4d-bd1e-132b9ac47254","shp_DetailsList_A_Gall":"d6fb3076-f2dc-4caf-942f-d241b68192fe","lbl_DetailsList_A_Gall_2":"ceb13e5d-ee3a-4a2f-89cb-8ed6cb4bc1c5","lbl_DetailsList_A_Gall_3":"3d7e4007-0565-4d1e-ab91-f20341caae7a","lbl_DetailsList_A_Gall_4":"873af388-a3bd-4aa4-982a-3337d1f2a083","lbl_DetailsList_A_Gall_5":"df6f18e1-95d6-42c5-ae54-4b71eb23beb3","lbl_DetailsList_A_Gall_6":"0ec451ab-b58d-4445-87b4-fb20fa3f1e5c","lbl_DetailsList_A_Gall_7":"1a0f766d-e997-4325-ab82-5cb8f3d4677b","lbl_DetailsList_A_Gall_8":"9deee887-3b58-4305-a88e-85e3e6ae391a","lbl_DetailsList_A_Gall_9":"f20481b2-7510-4b66-9142-da065dedc5c4","lbl_DetailsList_A_Gall_10":"12648417-519f-4180-a5be-e8fa19e30797","lbl_DetailsList_A_Gall_11":"f527f80d-b967-449e-abbd-a2248f9b823d","lbl_DetailsList_A_Gall_12":"5be5162e-b2fa-47c8-aa16-ebce9c92872c","lbl_DetailsList_A_Gall_13":"7839d9ee-5d36-44f7-847c-f42ddbee5dc6","lbl_DetailsList_A_Gall_14":"ab1e4975-b3ce-4ae9-9d84-baca67165c04","lbl_DetailsList_A_Gall_15":"a91717f0-e03f-41a3-a12c-f02604390c47","lbl_DetailsList_A_Gall_16":"1a5fafa1-3850-4779-8453-a5d3ee663f58","lbl_DetailsList_A_Gall_17":"6288ded3-110e-4527-82b6-f73fc3c30a4c","lbl_DetailsList_A_Gall_18":"2c600690-7cf9-4781-ae87-4215b8fcf0d5","lbl_DetailsList_A_Gall_19":"351268ca-54d7-4386-a6a2-e6e9baf31408","lbl_DetailsList_A_Gall_20":"4363b8d6-885a-4ae0-b05a-bd17dfea160f","shp_DetailsList_A_Gall_Divider":"26ed5a0e-25ab-4e95-9e82-ff593e6f5a1e","PACo_SearchBox_A":"5a923b08-f5f2-410d-bd3b-66eaa67b9f30","html_SearchBox_A_CSS":"943d66eb-3475-41ea-abb6-78c3e83b668d","cntr_SearchBox_A_DropShadow":"c44a0acc-eb23-4e8a-96d0-d015a1d0004f","shp_SearchBox_A_Background":"5ae14520-3e80-432b-9fcb-2a646cf08802","ti_SearchBox_A":"80cf25a7-fa19-4621-8ec3-5bd9cab69289","img_SearchBox_A_Search":"8d5438c6-a28d-4676-852f-9e436a5e127d","img_SearchBox_A_Clear":"ba71cbd7-8ae9-449d-a147-b9f54229c809","icn_SearchBox_A_Clear":"a171c807-ff60-47fc-a335-2d9543334e91","PACo_Nav_C":"25f73117-5618-4a63-81a8-804926adfe65","gall_Nav_C":"10125206-8b7e-4313-ae33-611dedcfcf96","galleryTemplate2_1":"ae4b14b6-f8e5-45b2-979a-3509919127f7","shp_Nav_C_Gall_Bottom":"65efd28a-e846-4ae2-8d92-704285e1965a","img_Nav_C_Gall":"3beb30f7-ecb4-4a1f-8fc7-c5a501165a34","icn_Nav_C_Gall":"23a9803a-0f7e-452a-8bd5-4d9953c0a304","shp_Nav_C_Gall_Top":"ba339094-cb84-46aa-9d39-46d5526dbd48","shp_Nav_C_Gall_Divider_Left":"6d3e8d52-51c3-43cd-955c-07c36daf5d21","shp_Nav_C_Gall_Divider_Right":"df1b86e9-8a23-452a-9bff-5c2e4960a423","lbl_Nav_C_Gall":"51d24a07-55ed-4af6-babe-7250174b257f","PACo_Visualization_A":"8b7883c6-30c4-423b-9a4b-e8a00f145976","html_Visualization_A_CSS":"947ef38f-b39f-465e-8148-56789c891c7b","cntr_Visualization_A_DropShadow":"ad4b137a-5057-4b7a-b686-94382c9537b9","shp_Visualization_A_Background":"f1858d9f-f5cc-4cdf-b491-2fb827f4218a","PACo_DetailsList_Shimmer_A":"da87f134-62a4-4ed7-9c45-1333d267b837","html_DetailsList_Shimmer_A_CSS":"54d15664-f98c-44b9-857e-6159b599b28a","cntr_DetailsList_Shimmer_A_DropShadow":"a6078590-ac0d-4a48-8628-53e16f9b1dd6","shp_DetailsList_Shimmer_A_Background":"ecf74b8e-ad9e-4265-a66c-0089978a3277","cntr_DetailsList_Shimmer_A":"448ea55a-d15c-44d8-aeed-5a9d5410deb0","shp_DetailsList_Shimmer_A":"226b5486-20a2-45f8-9d79-e49758fc800e","shp_DetailsList_Shimmer_A_1":"81a80122-6a65-43ed-8b57-b81f5961727d","shp_DetailsList_Shimmer_A_2":"4876c3c7-a242-4b64-a5b4-7ea045240895","shp_DetailsList_Shimmer_A_3":"1e8f8180-ae2f-45b5-bf09-26dfcaa11d9a","shp_DetailsList_Shimmer_A_4":"fcf1f8d1-1f87-4447-a04f-870765713652","shp_DetailsList_Shimmer_A_5":"29442e38-3645-499d-bdc9-5e453d6fe37e","PACo_Button_A":"5aae36ab-130c-4dab-a16c-f2cdd5f11c9a","cntr_Button_A":"8b055169-a3a2-4eec-acb5-9162a0793bea","btn_Button_A":"9b71db27-57ff-4c0d-a3c5-69e5aabc257c","icn_Button_A":"22ba5cda-4682-4d34-a543-e6c33854dd11","img_Button_A":"7d2e2494-8a2f-4a0c-8b54-5a1ca0839956","lbl_Button_A":"6cbe3827-ca11-4b1a-897b-3b0453aff941","html_Button_A":"35b8a3ab-62ff-4ca9-94a4-e7f0c33d776a","PACo_CommandBar_B":"cdf060d9-c926-47cc-b47a-bcd7c24cb3fa","html_CommandBar_B_CSS":"3e92bfbe-43be-48dd-ac4f-e251cec170e8","cntr_CommandBar_B_DropShadow":"f751866b-df69-4eff-82c2-688e6eece252","shp_CommandBar_B_Background":"a0a39ec9-0954-4637-b917-a20449c4f2c1","cntr_CommandBar_B":"d7f9d80d-ac87-48ba-a305-e9b70430328f","shp_CommandBar_B_1_Disabled":"31c91625-7a1f-46f0-bd84-f447b9d9dbd7","img_CommandBar_B_1":"2236a439-451a-4116-aaba-4d4a06a41bcf","icn_CommandBar_B_1":"4c985252-d195-4782-a871-fb848a9abbc6","lbl_CommandBar_B_1":"52917681-9e2a-4dc2-a656-8ee6b186ca5b","shp_CommandBar_B_2_Disabled":"862959e2-8f96-4654-9241-0e6edd8acdc2","img_CommandBar_B_2":"5afd15e1-dedd-4ac3-a1b2-934f7f0d8a32","icn_CommandBar_B_2":"0f35a25b-4b0f-4f06-82f1-093b34eae400","lbl_CommandBar_B_2":"69177ac0-4bb7-4108-bbc3-b525d2c6c349","shp_CommandBar_B_3_Disabled":"54d38416-9623-4c1d-b872-42276df0554a","img_CommandBar_B_3":"fdf7cb82-2248-412b-b809-15e4c415eab9","icn_CommandBar_B_3":"b9d9f3b6-0225-4830-97cc-aee340b20295","lbl_CommandBar_B_3":"398f5e5e-2ec3-4d15-bd6b-860c068dd0a3","shp_CommandBar_B_4_Disabled":"f726312a-3e2e-4b1c-baad-ee11a8cafdbe","img_CommandBar_B_4":"b59f5d50-127e-4247-a587-248802dd4419","icn_CommandBar_B_4":"fd50625d-4015-411d-bd51-4f32f944a5af","lbl_CommandBar_B_4":"c9abc4fc-b54a-4249-9d7d-fe1772198fcf","shp_CommandBar_B_5_Disabled":"1079b82b-8736-4972-a73b-f0a011f88765","img_CommandBar_B_5":"1d631729-8ddb-40a3-81b9-8955839b3215","icn_CommandBar_B_5":"52686480-2c07-48ea-ab5d-8747d8db8b3a","lbl_CommandBar_B_5":"67f90d1d-cfaf-48cc-acd0-2cd486796bb2","shp_CommandBar_B_6_Disabled":"62f6dce3-2dc3-4c1d-a3ce-a4b7a7e7d820","img_CommandBar_B_6":"5e44b596-2f61-46dd-99d9-8959585fc62d","icn_CommandBar_B_6":"602c02fa-b015-4729-987d-1bf7878e4d49","lbl_CommandBar_B_6":"e4b30792-1dd0-4e68-b3a3-c792a1c1826e","shp_CommandBar_B_7_Disabled":"784dafa6-0b7a-4ce8-8893-3181c15f31af","img_CommandBar_B_7":"490b54ac-45b5-4102-98d6-6c820af9d80c","icn_CommandBar_B_7":"925249fb-3ffa-4ee3-8fad-adbaf65e726f","lbl_CommandBar_B_7":"5be2d99b-c40b-4fee-b095-dbbc6baaed06","shp_CommandBar_B_8_Disabled":"022c8c16-aef3-48b6-a568-c1a955f9e4ab","img_CommandBar_B_8":"48d47616-62ee-4cf9-97db-880cd8ae398b","icn_CommandBar_B_8":"801d9aca-0563-4ca9-8974-687892a8dc91","lbl_CommandBar_B_8":"2ae7489f-96bc-4673-9765-3e2bf4ac8373","lbl_CommandBar_B_Menu":"0380b8fb-afa2-42a7-846f-b7055d0332bd","icn_CommandBar_B_Menu":"74d53d6b-242f-4ca4-8515-23c4fa91eec7","html_CommandBar_B_1":"96bfb5fc-d235-48d1-9c5b-7168c86b0b15","html_CommandBar_B_2":"05e0aadd-d89a-4a53-98ec-5b2f37a5d2cb","html_CommandBar_B_3":"3dbd5f2c-007a-4142-b6b9-76c7cdc3e277","html_CommandBar_B_4":"22e43dcc-1640-468e-89ab-805c74ff5ca1","html_CommandBar_B_5":"1ebf0708-7b61-4493-ae09-47d70cde3c47","html_CommandBar_B_6":"b7f93b11-bde3-474b-8981-c40f5fea3d83","html_CommandBar_B_7":"6d06d8db-8077-43da-bd6e-5364fe4d8a4e","html_CommandBar_B_8":"5f78f60d-55fc-4c32-8cd4-5f456c8ffa21","PACo_Header_A":"8aade223-9be3-41f4-b615-ea39a44080cb","cntr_Header_A_DropShadow":"322f5b3b-ee43-45fa-a40d-6402641fc2a3","html_Header_A_CSS":"ba8864b1-411a-438c-a949-a5a3d9aca232","shp_Header_A_Background":"4dcb6735-9104-4445-a391-872650777a9b","lbl_Header_A":"1f8a729a-f9cd-4508-887d-234ac781a07a","img_Header_A_Back":"4b2c8c87-6383-41a2-b0ad-a336b6ee861d","icn_Header_A_Back":"cbd4253d-4dbe-4e09-87f3-3e933bde3fe9","img_Header_A_Nav":"7b7faf80-03e5-4e4b-a641-11c128835949","icn_Header_A_Nav":"5968e219-3853-4750-ae8a-32c7bedd48fa","img_Header_A_LanguagesMenu":"cc2fa56b-5027-4d6f-ab55-a822b0f45b37","icn_Header_A_LanguagesMenu":"3fdf3e4a-5003-4537-b475-155f8642b630","img_Header_A_Help":"0224f820-c744-42d6-a517-7bcf5ee90826","icn_Header_A_Help":"9fbe55e2-acd0-4b70-b6e4-12cd46636681","img_Header_A_SettingsMenu":"741b9839-e932-4f25-8906-ac66999f0dff","icn_Header_A_SettingsMenu":"f97641dd-4c69-45d6-8bfa-bce37db65d06","img_Header_A_Logo":"8e10b0dc-c592-4720-a5bc-9b39f7f8605a","icn_Header_A_Logo":"6253e418-ba76-4c52-bbe2-16ce2b726d7e","PACo_Info_B":"78792551-b21a-44a3-b3b5-89c256ba6a17","cntr_Info_B":"d0499026-1cd3-4278-967f-dd95ca174bc2","html_Info_B_CSS":"ed7aaae0-ced5-438b-bf52-eb1f0e114ef3","cntr_Info_B_DropShadow":"2f64d50d-d618-47fd-952d-4e870ee069e6","shp_Info_B_Background":"620d3168-792b-413a-b205-9f7268a20a14","lbl_Info_B_Title":"456c82e3-b858-4340-b244-311d7cbbd706","shp_Info_B_Divider_Title":"902fdf95-3224-4b60-9ef9-d3a136a677ce","lbl_Info_B_Message":"c461c3d2-645f-4cab-b936-3aa5fd3dab5b","html_Info_B_Message":"bedda0d4-8ffc-47a8-a6b4-3c1aec399d9f","shp_Info_B_Divider":"da3c611b-c4b1-4f19-9d93-e28bfd1c5888","img_Info_B":"f6a643ab-ed63-4b3b-800c-bb1739f38596","img_Info_B_Left":"4fdee7da-7824-41e7-910c-4f45f369727c","icn_Info_B_Left":"1da29fae-06ff-427e-a4a9-178eafcbb2bd","img_Info_B_Right":"b6528db3-5ec9-4c4e-89d0-6e3d38ceac02","icn_Info_B_Right":"b46a14ee-775f-4681-8ecb-ed2b1c3c9356","PACo_Log_A":"20779a80-b149-416d-906c-8f066787dd77","html_Log_A_CSS":"c08adcf3-8481-406f-8179-5a74c32ee807","cntr_Log_A_DropShadow":"433085ae-9d49-40ed-aaad-f186bfb0e067","shp_Log_A_Background":"3e47eec7-d42c-4bd6-bc48-782922f8ee22","gall_Log_A":"99e0e2fa-2784-43e8-ac4e-db4f5494d5bb","galleryTemplate1_5":"c85f5024-3f62-4803-82dc-c8f2deebcbbf","shp_Log_A":"5b17830a-97a1-4e7c-b77a-c084fa4b4c9e","icn_Log_A_Gall":"d3a1fd85-d7df-4cfb-bfb8-aaf3a6778bef","img_Log_A_Gall":"491e06f3-00de-4303-b705-9251cb53bc80","lbl_Log_A_Gall":"4b73b9d4-31fc-45fc-a21d-6c5eacccac24","shp_Log_A_Gall_Divider":"c753166c-4a27-4a94-86c8-1f8fa2cd446d","PACo_Tile_A":"1aed2214-d9a3-486b-bb78-2f6bb09ac631","html_Tile_A_CSS":"57c3f471-4f2f-48b2-bd23-0a1c7751ceac","cntr_Tile_A_DropShadow":"931a5ebc-4afb-4175-8984-08c0b1c6f1cd","shp_Tile_A_Background":"30ca1877-5035-4bb1-82f7-f2ae96f7c77d","lbl_Tile_A_Text":"9e0d5ff1-6790-4893-b35e-f1e8364a0f01","icn_Tile_A":"c128945f-2c1c-496d-b6c2-25ea839aaef7","lbl_Tile_A_Value":"c6b30339-4599-47b9-8800-d9a152bda927","PACo_Spinner_A":"c0eb81d3-6e7d-4398-bbc1-a1fd95a6b4d4","img_Spinner_A":"82c7d5af-6cf6-4747-9c7f-0ef6257aa191","lbl_Spinner_A":"f7c4e33f-59c5-4eb0-a555-8bca30a300d8","PACo_CommandBarMenu_A":"ae5fb458-9cfd-4aeb-87ab-e6e560cd8e25","html_CommandBarMenu_A_CSS":"e805c2f4-b53e-4a83-bad0-a1151da4e5a0","cntr_CommandBarMenu_A_DropShadow":"9f513640-7cec-4b9c-8882-f281d9d780f7","shp_CommandBarMenu_A_Background":"9a96db49-69ee-4652-8447-ed429cdcf459","gall_CommandBarMenu_A":"51511155-691a-4c61-98ec-f39c9b48410a","galleryTemplate1":"5d7a092c-10bb-4fba-a98d-ccf81c9630c6","shp_CommandBarMenu_A_Gall_Disabled":"aa1a0ea0-83d0-4711-8c44-03fea9096860","img_CommandBarMenu_A_Gall":"68906668-6afd-47fa-9ce0-4cf6336dc0da","icn_CommandBarMenu_A_Gall":"177ab989-2b85-44a4-8a6f-f36316413e3a","lbl_CommandBarMenu_A_Gall":"cb8d17f0-f165-43cc-9705-63fc875d3922","shp_CommandBarMenu_A_Gall_Divider":"115d69b9-da9c-48b7-9d36-6c6bb36658be","Home Screen":"0561c41d-db52-413c-bfcd-9b275656ecd2","btn_Home_Start":"58fa71dc-9067-4310-9c1d-9e35c6090b21","btn_Home_Start_PACo_Breadcrumb_A":"ebb49779-350e-43a5-98f3-56ac686b6462","btn_Home_Start_PACo_Button_A":"121f493f-47fd-42f4-b2d6-aa2f0b612859","btn_Home_Start_PACo_CommandBar_B":"e6221704-c394-4b86-90f7-d406a42c648d","btn_Home_Start_PACo_CommandBar_Item_A":"6bb326ee-210c-40b2-ad45-065c4f76b281","btn_Home_Start_PACo_CommandBar_Shimmer_A":"62516faa-6a31-4379-92f3-8f75d1b347bd","btn_Home_Start_PACo_CommandBarMenu_A":"8697644b-c270-4e6d-a212-e09a756d3ce7","btn_Home_Start_PACo_DetailsList_A":"77e56361-7085-4489-bdd9-034ee4541d50","btn_Home_Start_PACo_DetailsList_B":"d9909d9b-5d6b-4c1e-8cf6-d89311c0ed90","btn_Home_Start_PACo_DetailsList_C":"9d3ec832-bbc7-47f2-9daa-830fb4b2c964","btn_Home_Start_PACo_DetailsList_Shimmer_A":"131a4f8b-541b-472b-b1c1-2949b4c2a5ce","btn_Home_Start_PACo_Dialog_A":"6461ce23-a03b-42b2-8596-a4208c8c19a8","btn_Home_Start_PACo_Dialog_B":"1845d91d-00cc-46dd-982c-7205095c3030","btn_Home_Start_PACo_HeaderLanguagesMenu_A":"c783f04e-22f9-4d31-938c-38c622347fa1","btn_Home_Start_PACo_HeaderSettingsMenu_A":"6671ca25-733b-446f-9c55-6df1f131fbc5","btn_Home_Start_PACo_Header_A":"3c6312eb-b6a0-4ca3-8276-1715c6b6a00b","btn_Home_Start_PACo_Icon_A":"22c7c623-7eef-411f-a4ec-4436bb1fbd7d","btn_Home_Start_PACo_Info_A":"06c98fc1-0797-48a9-b96b-33993e2b3a40","btn_Home_Start_PACo_Info_B":"4ac3324a-6f0f-4d81-8655-4e89b8e60e43","btn_Home_Start_PACo_InformationBlock_A":"f1045050-bd29-493a-ad13-6f0dd956802d","btn_Home_Start_PACo_Log_A":"f157a969-6ef3-423f-ba23-2c1965e9e524","btn_Home_Start_PACo_Nav_B":"14d8fd08-6a4c-470e-a9c3-4da6b657fdc8","btn_Home_Start_PACo_Nav_C":"12cf875f-9896-48da-b240-7b514611904e","btn_Home_Start_PACo_Panel_A":"04fbcb67-3b25-4087-ba92-e6a3afbd8bd4","btn_Home_Start_PACo_PeoplePicker_A":"d64fbf9f-cdb6-4da1-8e82-1d38eabba713","btn_Home_Start_PACo_ProgressIndicator_E":"01fc74ae-8803-4bbb-9e04-6ca64350a720","btn_Home_Start_PACo_ProgressIndicator_F":"e3318ea8-d9c3-4b18-9e4e-6c56b4e14921","btn_Home_Start_PACo_ProgressIndicator_Shimmer_A":"bb2db2f8-50cf-49b5-9901-3db3883b2994","btn_Home_Start_PACo_ProgressIndicator_Shimmer_B":"898a7d2d-e1ec-4cac-8461-6162099b250b","btn_Home_Start_PACo_SearchBox_A":"a2574cc7-c771-4b22-a4e8-56ae0a4b47b5","btn_Home_Start_PACo_SelectList_A":"a975c4d3-cb1e-4ffb-91d7-fb00c4ae7ea5","btn_Home_Start_PACo_Spinner_A":"76da0f97-db8b-40ca-ac60-6d2a9572f936","btn_Home_Start_PACo_Tabs_A":"97f791c2-d2eb-4032-9d89-da3bd7b8c2e8","btn_Home_Start_PACo_TabsMenu_A":"08692fc6-f35b-420a-a651-28c5293e4e16","btn_Home_Start_PACo_Tile_A":"61b8c1a9-6bb2-412a-9fc4-80d2eb4b609b","btn_Home_Start_PACo_Tile_B":"9c8a0001-2c31-4cbc-9970-0b8aefb28146","btn_Home_Start_PACo_Visualization_A":"47339ca7-550e-4d7b-ba9f-e9abafc5935d","btn_Home_Start_PACo_Visualization_B":"6d2b6927-883c-41c2-9947-aa85367619ef","cntr_Home":"4106e58a-bc45-40a1-b615-2385b92ff0ef","cmp_Home_PACo_Breadcrumb_A":"55bfd868-57d3-43af-bbac-7908eb1c64b2","cmp_Home_PACo_Button_A":"53be2c22-661d-4639-a052-e9711401f265","cmp_Home_PACo_CommandBar":"4eea14dc-f504-4190-a304-5ee2ceefbb3a","cmp_Home_PACo_CommandBar_Item_A":"8a68e63a-d27e-488a-858a-7cc2e5f2488a","cmp_Home_PACo_DetailsList_A":"47e4d53e-2bbc-4926-96db-30fdd39ee2b2","cmp_Home_PACo_DetailsList_B":"52e20af7-a83d-41d0-8996-9124457a55de","cmp_Home_PACo_DetailsList_C":"363d67b4-8d64-49dc-bac9-1c18adc31300","cmp_Home_PACo_Dialog_A":"149ede92-9a63-46f5-a180-a4511f708837","cmp_Home_PACo_Dialog_B":"90ccfc10-f3ec-4fb9-9f3c-d6ac8c5add33","cmp_Home_PACo_Header":"396002a7-7628-440d-abdc-90ee864227cc","cmp_Home_PACo_Icon_A":"1e7eca8a-b50c-4368-aada-b7d94003b776","cmp_Home_PACo_Info_A":"a911305e-73c8-4976-afeb-995ac0367b59","cmp_Home_PACo_Info_B":"8644ba52-f204-48b6-a74b-ffafcbca4ec7","cmp_Home_PACo_InformationBlock_A":"cdb7477d-7e95-4265-a23c-24accacc7278","cmp_Home_PACo_Log_A":"2ee9a701-9b73-4808-859f-d3b70a3e33e0","cmp_Home_PACo_Nav_B":"35f924cd-dba5-4e71-be55-14baf06dadc5","cmp_Home_PACo_Nav_C":"c0378e23-d4cf-47b0-9566-9e44d80fc46b","cmp_Home_PACo_Panel_A":"a4d2e04f-8b88-4538-82b1-bba79e4c9903","cmp_Home_PACo_PeoplePicker_A":"a331044a-6abe-4a76-83bf-ffe48cfbb4a8","cmp_Home_PACo_ProgressIndicator_E":"2164fcd8-5000-4a5b-81e5-ccebd4eea21e","cmp_Home_PACo_ProgressIndicator_F":"d7caeee2-4a45-4fa9-aee3-86d5ce6e87e4","cmp_Home_PACo_SearchBox_A":"3198722d-eef3-4744-a294-959513093fef","cmp_Home_PACo_SelectList_A":"43d8c675-6669-4330-b892-fd260e53607f","cmp_Home_PACo_Shimmers":"7de189d4-f8e7-4c9e-a565-44598ee5eddd","cmp_Home_PACo_Spinner_A":"027da0a0-4d4f-45f9-9bf0-1f1c6c67bce3","cmp_Home_PACo_Tabs":"4579a98b-dce7-44da-8b37-8b39ca9477ba","cmp_Home_PACo_Tile_A":"f3fcbd19-724e-4a3f-96a4-ad2bc51760c8","cmp_Home_PACo_Tile_B":"df1a5ac1-b646-4412-bd2c-edf312f5f52b","cmp_Home_PACo_Visualization_A":"956315e8-0770-491c-954a-2c2c6455b564","cmp_Home_PACo_Visualization_B":"8c67751f-d8f8-485e-b4cc-68bbe69e6ae1","PACo_Breadcrumb_A Screen":"7c3be7da-6baf-45de-95d4-9ed77afb0b0d","cmp_PACo_Button_A_PACo_Breadcrumb_A_Back":"a3cc3457-e2a4-4606-9662-5ab9b733053b","lbl_PACo_Breadcrumb_A":"5fa7f7d0-d206-4586-9686-8b77d9688aa7","cmp_PACo_Breadcrumb_A":"aed46349-e8e9-490f-88a7-fd63d4067573","PACo_Button_A Screen":"a204b943-6ee5-454c-a2e1-9c754124af54","cmp_PACo_Button_A":"8a3ac751-c2ef-49bf-82ca-8161591b520c","cmp_PACo_Button_A_1_1":"2c498b14-b2a1-48b6-a68d-7372e753b4c4","cmp_PACo_Button_A_1_2":"f4417f46-8c5d-4edc-b02d-78a97b26d6fc","cmp_PACo_Button_A_1_3":"0433107c-b719-4cce-9a7d-729411b3c730","cmp_PACo_Button_A_1_4":"2abe0959-d3ca-4c09-8031-70aab39d444d","cmp_PACo_Button_A_2_1":"357d245d-91e7-45a0-b6a8-0a8fbab313cd","cmp_PACo_Button_A_2_2":"065ce1f3-1e27-44db-97ec-7aadceb67d15","cmp_PACo_Button_A_2_3":"e7db5e06-6eae-4205-a583-0026e7dfb6a1","cmp_PACo_Button_A_2_4":"9539c28b-da21-4020-b399-b1c80c9278a5","cmp_PACo_Button_A_3_1":"0aa1853e-ef61-4e32-816d-f79ec2af9b9b","cmp_PACo_Button_A_3_2":"aa08742a-c1a4-446a-9ba3-e84042139a43","cmp_PACo_Button_A_3_3":"579d30d8-1402-462d-aaf4-e1bf10a823f4","cmp_PACo_Button_A_3_4":"9fbdbed7-f016-4984-9f37-e14e795abee4","cmp_PACo_Button_A_4_1":"d38d7867-33e6-4390-bc70-0e3b76f08614","cmp_PACo_Button_A_4_2":"74e0941e-fbb0-4e81-a3fd-042b4dc4f80e","cmp_PACo_Button_A_4_3":"7b2178cf-b168-4e01-be80-9eb89c879750","cmp_PACo_Button_A_4_4":"766f6c29-7cc9-4ae0-b24f-0c51075bbe00","cmp_PACo_Button_A_5_1":"59cbc923-13a8-4dee-9ceb-e45a8dd7650e","cmp_PACo_Button_A_5_2":"14d24cd8-20da-4d0d-8313-018b21fc9384","cmp_PACo_Button_A_5_3":"6823ed7e-6510-4580-964e-91e8641bf8d0","cmp_PACo_Button_A_5_4":"f1d50b41-e033-4317-9639-a2dd8f0b95be","cmp_PACo_Button_A_6_1":"e4ae325a-b5fb-4dea-8b32-379b6b033b7b","cmp_PACo_Button_A_6_2":"51c69e7e-790e-418f-b435-1feea0566889","cmp_PACo_Button_A_6_3":"6cae3c8e-3ab1-4383-94fe-f19814745c57","cmp_PACo_Button_A_6_4":"fbb8409f-3f47-40f5-a80d-10b6ecb90f2e","cmp_PACo_Button_A_7_1":"7f7112d5-e2de-41f9-aff2-39bb7e7b180d","cmp_PACo_Button_A_7_2":"e51dacf4-367c-47ba-8b3b-352309818e0f","cmp_PACo_Button_A_7_3":"827c4c74-e282-4489-9ae1-3fce75391af3","cmp_PACo_Button_A_7_4":"6fb8e341-cddd-487f-86db-1cdb0e141e22","cmp_PACo_Button_A_8_1":"aeb590cf-b282-47a1-b0c9-4813982de511","cmp_PACo_Button_A_8_2":"b3911408-3be0-4099-8dda-a10bd26765c2","cmp_PACo_Button_A_8_3":"20bb7c36-694a-4727-a2d9-9f9b6b4c4377","cmp_PACo_Button_A_8_4":"52f951a6-76f4-4da5-8cb4-7ac3c4bd06e8","PACo_CommandBar Screen":"ccb5f0cd-c585-4f8a-8c32-dc0cd3e68cf1","cmp_PACo_Button_A_PACo_CommandBar_B_Back":"fd9c2d22-f72b-4bed-9c54-b03c65e3abcb","lbl_PACo_Commands":"fdf70da1-6d72-4380-b82e-bc0eff76fd99","sldr_PACo_CommandBar":"f8351ceb-cc65-4d0a-be0b-2abee8b62b0a","cmp_PACo_CommandBar_B":"e9cafe51-b73d-4633-bb3c-9244313dec69","cmp_PACo_CommandBarMenu_A":"c09139e6-a31e-420a-aea7-139042b9edc6","PACo_CommandBar_Item_A Screen":"459ff6a5-0518-41a1-81aa-2d63fa5973f8","cmp_PACo_Button_A_PACo_CommandBar_Item_A_Back":"50c3f733-d080-416e-a6a7-b115f0ca08e1","lbl_PACo_CommandBar_Item_A":"75fc569c-809e-4ad1-90a7-1f892770a6b3","cmp_PACo_CommandBar_Item_A":"b2a0ee6f-9856-41b4-8239-a9a57fe28a57","PACo_Shimmers Screen":"35c6b1f1-a030-4601-aeeb-3400c77a28f0","cmp_PACo_Button_A_PACo_Shimmers_Back":"6bae3c33-1a99-4437-b73a-d189744a6c81","cmp_PACo_Button_A_PACo_Shimmers_1":"872d07b1-34b4-4a2e-bf08-626f987dd52c","cmp_PACo_Button_A_PACo_Shimmers_2":"ad7e97cb-d3f3-4f58-81a2-13439cbe8ec1","cmp_PACo_Button_A_PACo_Shimmers_3":"f317338f-842f-47f9-b36d-38432d1b06da","cmp_PACo_Button_A_PACo_Shimmers_4":"a82d6ee7-4b79-40e4-b090-fe31a4490e98","lbl_PACo_Shimmers":"ec8c6fe4-3cff-4fed-b428-9717c1425009","cmp_PACo_CommandBar_Shimmer_A":"d5a77ee2-4754-4b94-b3c4-47000c038f2c","cmp_PACo_DetailsList_Shimmer_A":"b2c358dc-310d-4336-943f-4e2a94d051f0","cmp_PACo_ProgressIndicator_Shimmer_A":"6fa73b37-7ddc-407b-9e99-202e4d14f932","cmp_PACo_ProgressIndicator_Shimmer_B":"cfd986b1-8894-41ae-b75c-d88609e3907d","PACo_DetailsList_A Screen":"5963364e-753d-4f7c-ac05-2e0e96e0e4b7","cmp_PACo_Button_A_PACo_DetailsList_A_Back":"3a22ad94-9475-41b5-9506-f857857caa25","lbl_PACo_DetailsList_A":"0c1f48dd-b1e3-43da-a91b-bc0ad3500ce8","cmp_PACo_DetailsList_A_One":"3a3240c9-943c-4b77-bf5a-a46e8e4d70a7","cmp_PACo_DetailsList_A_Two":"da206557-3064-4447-bf8f-7951c563e240","PACo_DetailsList_B Screen":"bc80198f-6aca-44c5-b639-524713ca07f7","cmp_PACo_Button_A_PACo_DetailsList_B_Back":"404bfa85-8e0c-4ae8-8add-99630b147e0a","lbl_PACo_DetailsList_B":"af98825c-e161-4964-9860-a680e1946f46","cmp_PACo_DetailsList_B":"3ac6a089-bfa2-412b-b29b-f0b752f6620a","PACo_DetailsList_C Screen":"b495e5e7-b352-4cea-a0d0-9e797709d0ea","cmp_PACo_Button_A_PACo_DetailsList_C_Back":"6ee54a9f-8ccf-48de-97bd-baf33f7076e7","lbl_PACo_DetailsList_C":"ce63761e-7fab-4bc6-8a7e-e7783da2b57e","cmp_PACo_DetailsList_C":"3960cc56-94bb-48d4-8509-cb5b2507ec5b","PACo_Dialog_A Screen":"ecbfb33a-6648-4a75-8825-3aed49e1d8c9","cmp_PACo_Dialog_A":"9bc5f299-c76c-4f2e-bfcf-4c790e3c8a6f","cmp_PACo_Button_A_PACo_Dialog_A_Back":"0c15d7a6-3aa1-44b3-870c-37495ec981af","lbl_PACo_Dialog_A":"62da793c-36e8-49d1-b4c5-4d8f247f140c","PACo_Dialog_B Screen":"935994f8-e828-4a09-ab8f-3df9f033dbdb","cmp_PACo_Dialog_B":"97425375-c325-48cf-b1ee-092a238d1679","cmp_PACo_Button_A_PACo_Dialog_B_Back":"a9db9b09-1088-4fb0-9a3f-b5c21e3e074b","lbl_PACo_Dialog_B":"0f7b7d75-aba6-44ba-b4ee-00a5c79d5b11","PACo_Header Screen":"cd70264e-5a37-474f-88b1-a0181a1e74b2","cmp_PACo_Header_A":"7a6fc4dd-26d3-40d8-9600-6f9e35d0bf5f","cmp_PACo_Button_A_PACo_Header_A_Back":"e8d2ee1a-3d69-4d16-85a9-5e130958b474","cmp_PACo_HeaderLanguagesMenu_A":"d2c9d9f7-819a-40f7-8216-a4a6682ae308","cmp_PACo_HeaderSettingsMenu_A":"ac1ded39-257d-4ef7-8c6c-944eb5260cf5","PACo_Icon_A Screen":"38ea7be6-4516-4e42-b613-c53213076f9b","lbl_PACo_Icon_A":"9cfdb5d3-8282-47e9-b211-b1210048d9a9","cmp_PACo_Button_A_PACo_Icon_A_Back":"ccbd5ff1-4c43-431e-b99d-00edc211e671","cmp_PACo_Icon_A":"9db3890a-f3ea-45d7-b09b-e7d8e30fbdf7","PACo_Info_A Screen":"cabe019f-a536-4bb1-9ddb-864cc97726fa","cmp_PACo_Info_A":"6ead472a-00bf-4736-b33a-2c644418a7eb","cmp_PACo_Button_A_PACo_Info_A_1":"6c5447fd-992a-4437-9db9-7da7a9593151","cmp_PACo_Button_A_PACo_Info_A_2":"48834b54-4cce-4253-8b8a-d85f2bfa6c48","cmp_PACo_Button_A_PACo_Info_A_Back":"33661822-8d67-44c0-9e0e-932cb2fc9012","cmp_PACo_Button_A_PACo_Info_A_3":"f7a3348b-6ab0-4e55-a4e8-f9359c22986a","cmp_PACo_Button_A_PACo_Info_A_4":"2e3240da-6dd0-4b83-b342-909c0d0e5cf6","PACo_Info_B Screen":"195db214-21c4-4d8d-823a-cf8084c45250","cmp_PACo_Info_B":"c4b5ae83-e899-4b80-a7c4-4d3151185289","cmp_PACo_Button_A_PACo_Info_B_Back":"8564d946-f161-405c-a25a-aac5d13e757c","PACo_InformationBlock_A Screen":"f6050ca3-a5b3-4ae3-8fe0-b74d668cc935","cmp_PACo_Button_A_PACo_InformationBlock_A_Back":"04c4d0f1-f410-42bb-ac3d-11901efcc8d0","lbl_PACo_InformationBlock_A":"5ab3bd75-0fab-44d9-a5f8-6f0e90e1b593","cmp_PACo_InformationBlock_A":"b1162186-350b-461c-b416-f5c808e6ce29","PACo_Log_A Screen":"419fc09d-e3ac-4336-b3e2-d1ba56688096","tmr_PACo_Log_A":"64be9d26-6ec0-4107-a758-3af61ac3e158","cmp_PACo_Button_A_PACo_Log_A_Back":"bc5777ff-8645-4cb4-93db-caa9cd5f813f","cmp_PACo_Button_A_PACo_Log_A_Start":"cc289ed3-bbfc-4d48-be01-3eaaadf645fa","lbl_PACo_Log_A":"9ca1f830-4184-46e7-8a3d-5caa0c8f014d","cmp_PACo_Log_A":"8f11b4b2-4b20-4c05-adfd-53224b8ad44f","PACo_Nav_B Screen":"7ce3b1b5-ce52-4512-a77f-71bb1b81be17","cmp_PACo_Button_A_PACo_Nav_B_Back":"68d422cf-01e2-4e8a-ab91-9c879862a2ef","lbl_PACo_Nav_B":"e310ec55-38fc-416b-a287-1401fc9b374f","cmp_PACo_Nav_B":"ce216cd0-7cf6-496d-8e5e-c579550cae82","PACo_Nav_C Screen":"0846955f-36f1-4b72-a30d-d902dbb92f22","cmp_PACo_Nav_C":"99333f63-baf3-4f41-80f9-414fa3e9e6da","cmp_PACo_Button_A_PACo_Nav_C_Back":"53a1fc69-38bd-46bb-86de-cab7fd195e0f","lbl_PACo_Nav_C":"981dbce8-69c6-4b06-9591-f7596f83d009","PACo_Panel_A Screen":"df94ae4a-3753-4208-b283-dc8fb3f23dfe","cmp_PACo_Panel_A":"a0f475d7-f309-4f40-b334-17e013de1943","cmp_PACo_Button_A_PACo_Panel_A_Back":"fe30611d-41be-4999-99e3-ddc86bcbbea6","lbl_PACo_Panel_A":"8baaeb01-757c-437a-9cc6-d298d6652b1e","PACo_PeoplePicker_A Screen":"f2541491-c13a-4cac-85e4-28ca92d05f8a","cmp_PACo_PeoplePicker_A":"d52acf9a-8c92-428b-b819-2df1306d051d","cmp_PACo_Button_A_PACo_PeoplePicker_A_Back":"7918ae5e-0e0a-4e41-b954-ccb2f3479692","lbl_PACo_PeoplePicker_A":"97e5a083-92bf-4afd-848d-ec441ff4e760","PACo_ProgressIndicator_E Screen":"9c23677f-52e5-4597-b332-24d564fddf4e","cmp_PACo_Button_A_PACo_ProgressIndicator_E_Back":"f7f028a4-387f-442c-9010-3c63fe063128","lbl_PACo_ProgressIndicator_E":"c78d9607-f837-4666-b343-1335cb719dae","cmp_PACo_ProgressIndicator_E":"29f4ad68-ff72-4857-978a-35eb80131517","PACo_ProgressIndicator_F Screen":"9e2a9237-95e1-4866-ad64-8b5e0fa34bfc","cmp_PACo_Button_A_PACo_ProgressIndicator_F_Back":"47560131-cfa5-4efe-bd67-d34ed78f81da","lbl_PACo_ProgressIndicator_F":"7c7fcf80-2014-4ac5-a490-03c5c38837ff","cmp_PACo_ProgressIndicator_F":"38a0cbb0-624a-4b39-9295-f4ef46efbcbb","PACo_SearchBox_A Screen":"01c50f61-94a1-41dc-947c-492446d9d8dc","cmp_PACo_Button_A_PACo_SearchBox_A_Back":"578ef6dc-d490-4be1-9435-c647c8ae2a82","lbl_PACo_SearchBox_A":"efaa0e10-7c08-4264-8890-ce2c104cd843","cmp_PACo_SearchBox_A":"2f2e4daa-cc6a-478a-82be-c532999d4ce0","PACo_SelectList_A Screen":"849dbaba-d445-4902-a446-86b0b5bdeb72","cmp_PACo_SelectList_A":"3839d12c-71b3-4024-839f-9b18ea4c1c64","cmp_PACo_Button_A_PACo_SelectList_A_Back":"98480ecc-8ed9-400f-9842-771439d93cdf","lbl_PACo_SelectList_A":"8d4cdfe9-c99f-4cc9-a7dd-dfcc7ab5a776","PACo_Spinner_A Screen":"7c5ee38c-5750-4849-a1d5-a8bed0f3f7f1","cmp_PACo_Spinner_A":"6a3915e9-5b11-42c0-836e-f61b277af2a7","cmp_PACo_Button_A_PACo_Spinner_A_Back":"1b9af930-fdc6-48e6-bfde-cd75d820adbe","PACo_Tabs Screen":"44d50413-56f2-4161-9684-2d8d467f472c","cmp_PACo_Button_A_PACo_Tabs_A_Back":"65388822-c962-4df8-95d7-8bc455683227","lbl_PACo_Tabs":"80c9304b-a552-4372-aa53-ae0d090a18a6","sldr_PACo_Tabs":"62b9f828-1de6-4512-87e1-6e7cbbbc5285","cmp_PACo_Tabs_A":"6e71d1e4-8381-4db9-8af3-da685968f538","cmp_PACo_TabsMenu_A":"100bb3fa-47ad-4273-bd68-248da43ee9a4","PACo_Tile_A Screen":"db7c9304-9dc6-46c1-9714-dc5f3e05c9e6","cmp_PACo_Button_A_PACo_Tile_A_Back":"8ef9ffa8-3183-45bf-bd84-2f27113a16d5","lbl_PACo_Tile_A":"4d110b64-0881-4bce-878a-4bb4d67f58d9","cmp_PACo_Tile_A":"d61e8682-45bd-40b9-b246-8282bc41987b","PACo_Tile_B Screen":"113293aa-4530-47ff-9083-1b4eed5cec65","cmp_PACo_Button_A_PACo_Tile_B_Back":"38d59134-d8a0-4069-855f-cc7ba4587349","lbl_PACo_Tile_B":"951e0850-d7bf-4be2-af62-71add4f0860c","cmp_PACo_Tile_B":"8e3a7ea7-04a7-4372-97c8-69a54fa22f98","PACo_Visualization_A Screen":"ebb20996-6bd1-4653-8ab0-5901a91cad22","cmp_PACo_Button_A_PACo_Visualization_A_Back":"e1f96b64-6131-4320-8379-b0ab016656cd","cmp_PACo_Visualization_A_CSS":"67d85889-51e0-4e39-a860-9f3c478109ea","cmp_PACo_Visualization_A_Line":"1e057d60-a741-49c7-9dc0-21464823fa2e","cmp_PACo_Visualization_A_DropShadow":"0c3bb576-75b4-49d1-afc5-b54420d503ba","PACo_Visualization_B Screen":"da34d040-1e2e-4925-a4a1-c1f53255efeb","cmp_PACo_Button_A_PACo_Visualization_B_Back":"55b18749-541d-4ee4-bf11-dbeb8baffde3","lbl_PACo_Visualization_B":"f50b4491-1761-4ac7-b5c9-baa66ac6fa93","cmp_PACo_Visualization_B":"7d9dbe07-1eee-43e7-8d53-f690e1cf694d"}