{"schemaVersion":"1.0","appDefinitionTemplate":{"id":"/providers/Microsoft.PowerApps/apps/","type":"Microsoft.PowerApps/apps","tags":{"primaryDeviceWidth":"1366","primaryDeviceHeight":"768","supportsPortrait":"true","supportsLandscape":"true","primaryFormFactor":"Tablet","publisherVersion":"3.22102.32","minimumRequiredApiVersion":"2.2.0","hasComponent":"true","hasUnlockedComponent":"true","isUnifiedRootApp":"false","sienaVersion":"20221023T094701Z-3.22102.32.0"},"properties":{"appVersion":"2022-10-23T09:47:01Z","lifeCycleId":"Published","createdByClientVersion":{"major":3,"minor":22102,"build":32,"revision":0,"majorRevision":0,"minorRevision":0},"minClientVersion":{"major":3,"minor":22102,"build":32,"revision":0,"majorRevision":0,"minorRevision":0},"backgroundColor":"rgba(255, 255, 255, 1)","backgroundImageUri":"/11505718640158628926/Nc5338bcd-d812-4dfb-bdb0-7915f669650d-logoSmallFile","displayName":"PACoCo v1_0","description":"","commitMessage":"","appUris":{"documentUri":{"value":"/11505718640158628926/N01152d05-27a9-40a3-9882-5b7d01dc4cc9-document.msapp"},"imageUris":[],"additionalUris":[]},"createdTime":"0001-01-01T00:00:00Z","lastModifiedTime":"0001-01-01T00:00:00Z","sharedGroupsCount":0,"sharedUsersCount":0,"icons":{"smallIconUri":"/11505718640158628926/N1b6434e7-6e45-4277-9c4f-0dcee5740bc7-small.png","mediumIconUri":"/11505718640158628926/N47d952e3-fe23-410a-84fe-c2f8b692b4c6-medium.png","largeIconUri":"/11505718640158628926/Na78fb6c3-14b4-48d1-adf2-2a6ee5761fe1-large.png","wideIconUri":"/11505718640158628926/Nf0924369-56e8-440d-9a21-fb345aa56226-wide.png"},"connectionReferences":{},"databaseReferences":{},"almMode":"Solution","performanceOptimizationEnabled":true,"canConsumeAppPass":true,"enableModernRuntimeMode":false,"executionRestrictions":{"isTeamsOnly":false,"dataLossPreventionEvaluationResult":{"status":"Compliant","lastEvaluationDate":"2022-10-02T08:40:55.5741584Z","violations":[],"violationsByPolicy":[],"violationErrorMessage":"The app uses the following connectors: ."}}},"appType":"ClassicCanvasApp","appComponents":[]}}