{"schemaVersion":"1.0","appDefinitionTemplate":{"id":"/providers/Microsoft.PowerApps/apps/","type":"Microsoft.PowerApps/apps","tags":{"primaryDeviceWidth":"1366","primaryDeviceHeight":"768","supportsPortrait":"true","supportsLandscape":"true","primaryFormFactor":"Tablet","publisherVersion":"3.22122.15","minimumRequiredApiVersion":"2.2.0","hasComponent":"true","hasUnlockedComponent":"true","isUnifiedRootApp":"false","sienaVersion":"20230105T062955Z-3.22122.15.0"},"properties":{"appVersion":"2023-01-05T06:29:55Z","lifeCycleId":"Published","createdByClientVersion":{"major":3,"minor":22122,"build":15,"revision":0,"majorRevision":0,"minorRevision":0},"minClientVersion":{"major":3,"minor":22122,"build":15,"revision":0,"majorRevision":0,"minorRevision":0},"backgroundColor":"rgba(0, 128, 128, 1)","backgroundImageUri":"/2956154488174548025/Ncfedba47-bdf6-47da-8bb4-c4a5a5a94673-logoSmallFile","displayName":"PACo v1_2","description":"PACo","commitMessage":"Version 1.2","appUris":{"documentUri":{"value":"/2956154488174548025/N21959482-567d-48fe-8f4b-bad23fd87e4e-document.msapp"},"imageUris":[],"additionalUris":[]},"createdTime":"0001-01-01T00:00:00Z","lastModifiedTime":"0001-01-01T00:00:00Z","sharedGroupsCount":0,"sharedUsersCount":0,"icons":{"smallIconUri":"/2956154488174548025/N6f2819cd-60c2-47c8-95a3-de46c15191ab-small.png","mediumIconUri":"/2956154488174548025/N3c504dac-f59d-4936-ac5d-d5d0d9dbff67-medium.png","largeIconUri":"/2956154488174548025/Nbcded2cc-5143-4bdc-8d74-a315a67a9c4e-large.png","wideIconUri":"/2956154488174548025/N88f8bc68-e3bf-4a77-9ec5-ad5e756c8115-wide.png"},"connectionReferences":{},"databaseReferences":{},"almMode":"Solution","performanceOptimizationEnabled":true,"canConsumeAppPass":true,"enableModernRuntimeMode":false,"executionRestrictions":{"isTeamsOnly":false,"dataLossPreventionEvaluationResult":{"status":"Compliant","lastEvaluationDate":"2022-10-02T08:28:06.5652482Z","violations":[],"violationsByPolicy":[],"violationErrorMessage":"The app uses the following connectors: ."}}},"appType":"ClassicCanvasApp","appComponents":[]}}