{"__Version":"0.1","App":"69c81fb7-1711-467c-9d60-85b8a346eb15","Test_7F478737223C4B69":"fd241787-4f30-4af6-a853-8cd25a4898c6","Host":"b6c9af76-dfec-451e-8c81-e504ea2d139d","PACo_Icon_A":"7e0345a9-c4ac-42c0-8e98-5951c249d9b4","html_Icon_A_Visualization":"54545309-a090-4676-adeb-3f3bba548b17","shp_Icon_A_Background":"dff7b273-b646-4775-bbc9-fe5495c08901","shp_Icon_A_Visualization":"822f1646-0910-40eb-9d14-34046fd1a707","img_Icon_A":"e9a06aa2-b5da-4da6-87fb-cc868437ddd1","icn_Icon_A":"fc7064e1-1d82-4bea-abf2-fb5fbc276c24","PACo_Visualization_A":"0bc1c80a-d518-4179-b04b-3335c1906c7c","html_Visualization_A":"02bc86c9-ae8a-4835-9c1e-2f6ee9f9302c","shp_Visualization_A_Background":"0c23e03d-5e4f-4176-85f3-b97e58df7367","shp_Visualization_A":"c515144a-aae7-4b11-ad0a-669e1610b526","PACo_Tile_A":"1d1fcda7-3f19-4014-9e4e-5f8ec0343dc8","html_Tile_A_Visualization":"78f4cdb5-4f4c-46d3-bb90-b9526c8c7860","shp_Tile_A_Background":"663d3fa1-3c32-457c-9a21-f2cb954d1be0","shp_Tile_A_Visualization":"b0957482-72a9-4408-bff5-80f80a247610","lbl_Tile_A_Text":"c9ca1991-fe40-4edf-8820-d9ab7465d667","lbl_Tile_A_Value":"29db1ec7-1501-4493-94f8-1803bb2dc312","PACo_Spinner_A":"1d486fb1-136c-4437-9e37-30df20810599","img_Spinner_A":"18186c46-c3a7-4628-913d-b6ea72800135","lbl_Spinner_A":"7371dc40-fa25-4868-9e20-e0eb4b8cff87","PACo_DetailsList_C":"2cc57149-9727-4198-afe5-2fd3ad46400e","html_DetailsList_C_Visualization":"fa8425d0-e2bf-4df5-b522-95fae0f2307e","shp_DetailsList_C_Visualization":"4a0f91f5-f2ed-438b-9011-52f484dcf899","gall_DetailsList_C":"e9954365-3ec1-426e-8597-d590b55717fd","galleryTemplate4":"76e4dc7d-6f40-47aa-9041-d68591703312","shp_DetailsList_C_Gall":"a209c7d0-4340-4bff-ad55-29689200d64e","cb_DetailsList_C_Gall":"14d2b241-59bd-4da5-a040-137803a50615","lbl_DetailsList_C_Gall_Title":"6c99e419-19df-49dd-9b72-1d9c650a39ac","lbl_DetailsList_C_Gall_Subtitle":"6999088f-9f8a-4f03-9967-e90671ad81b4","lbl_DetailsList_C_Gall_Body":"95aa2113-06de-4bf9-9adf-a7fe0586b5f1","shp_DetailList_C_Gall_Divider":"e29f268a-25da-4131-ac62-4c6233a7300b","PACo_CommandBarMenu_A":"1f3eed34-691c-4eb6-8dca-6e14c9d4b40f","html_CommandBarMenu_A_Visualization":"719cd1ed-e322-446b-9f8f-4206596f5ca5","shp_CommandBarMenu_A_Visualization":"9611a0d2-055b-4434-abc4-88178e73aee7","gall_CommandBarMenu_A":"22c6f24e-bcfe-41ce-a087-33a4ce90ab88","galleryTemplate1":"429881d9-1b4c-4408-ae5a-3a040091ba5e","shp_CommandBarMenu_A_Bottom":"482d8646-5fd0-4de4-a640-a4bf71d29d45","img_CommandBarMenu_A_Gall":"a8647dd7-ea8b-4f71-bc8e-2019675ba9d0","icn_CommandBarMenu_A_Gall":"5405fa0a-d1fd-4a73-8813-3e5ddf318f43","shp_CommandBarMenu_A_Top":"bc0b1c6a-422d-4dfd-8de0-aa882fe27eac","lbl_CommandBarMenu_A_Gall":"f3555a96-a413-475b-9a4a-4aa5a2101758","shp_CommandBarMenu_A_Gall_Divider":"ca9d7eb3-7a8c-44e4-b60f-4b4b3700fe2e","PACo_Nav_C":"cfacfde9-e34f-46a0-ace4-0965fcc2eec4","gall_Nav_C":"4376f766-bc07-46cf-8146-5a45d3acf229","galleryTemplate2_1":"8c165ad9-d8ac-437e-9e73-958ab303c720","shp_Nav_C_Gall":"83cede22-da7f-4b1f-8f36-c49102b7f20e","img_Nav_C_Gall":"40c5f632-b0af-4934-ac72-6dccef54a5cc","icn_Nav_C_Gall":"fdc0a1a2-2be3-4954-ad17-054eda205b9b","shp_Nav_C_Gall_Divider_Left":"b5c48b97-61b4-48cf-a4f5-8c80644c31c1","shp_Nav_C_Gall_Divider_Right":"39a61c8f-9654-457f-8641-9dd9171bd27b","lbl_Nav_C_Gall":"3b3249e2-530b-4583-9a18-a73f81a0b12f","PACo_Tabs_A":"a5143fb7-2edb-4da2-a329-598255301dfa","html_Tabs_A_Visualization":"5be43357-0179-40a4-affd-09520604ab6e","shp_Tabs_A_Visualization":"42cca44a-6bc7-4ee7-9f2e-055460a28d9a","cntr_Tabs_A":"2e22a392-dee4-4cea-bc7e-85a8de9cadb3","shp_Tabs_A_1_Bottom":"6abb1252-16e7-4e46-be84-500fded1b2dd","lbl_Tabs_A_1":"48f310b7-1f35-4449-9c6b-1e85990fd46b","icn_Tabs_A_1":"b4581858-661c-4292-b9ec-4684348d1a2b","shp_Tabs_A_1_Top":"215e946d-f06f-422f-9e94-c14669e1909d","shp_Tabs_A_2_Bottom":"f739185d-444a-4c72-92b3-4be1b557660f","lbl_Tabs_A_2":"bf86d1d6-e214-4878-8641-de9ca6fb2a18","icn_Tabs_A_2":"0c3689d7-68dd-4659-b1e1-c5f53fafcbf0","shp_Tabs_A_2_Top":"2744d6e3-2e8a-434c-a3c5-2cd5e606a88d","shp_Tabs_A_3_Bottom":"df66358a-6ace-4603-b34c-84b65264c0be","lbl_Tabs_A_3":"19dc5ad1-c4ad-405c-b5be-26bc6235e96a","icn_Tabs_A_3":"c9b87a2a-aa87-42ba-998d-9ac40462fd03","shp_Tabs_A_3_Top":"393efdf4-8692-41bf-bd5b-ab59fee28764","shp_Tabs_A_4_Bottom":"a002b21b-88d2-48bf-a9c3-311efb746cdd","lbl_Tabs_A_4":"cb7a0540-ba3b-4d37-903c-ef423434f25e","icn_Tabs_A_4":"d11137f5-9fcc-4e4e-bffa-7ddd78f389f9","shp_Tabs_A_4_Top":"c972364a-6ab1-4ad1-8f59-98d2826e72f4","shp_Tabs_A_5_Bottom":"95170439-a3f4-47b4-8cd9-9bf06e4c2bf4","lbl_Tabs_A_5":"048cf825-caf4-4d8d-86f5-e8abeab32292","icn_Tabs_A_5":"ed8ec99a-4d48-4486-99d4-4ba3d8e55f84","shp_Tabs_A_5_Top":"929bed06-d458-403c-a14f-885cbd58ed4e","shp_Tabs_A_6_Bottom":"626fdd5e-26c8-4981-9944-b2ef8c7f8d04","lbl_Tabs_A_6":"8004876a-5f7d-4629-9ce6-42a036c0568a","icn_Tabs_A_6":"c345a9d2-8bab-4308-a2e4-7dd501ef5cff","shp_Tabs_A_6_Top":"303afb96-6a91-49ae-8b3a-73d96363d7a7","shp_Tabs_A_7_Bottom":"02e7fa0c-9138-4589-9428-13878a8769d5","lbl_Tabs_A_7":"6a363d08-f4e0-4ae1-8e5f-869f029bf98a","icn_Tabs_A_7":"bf9d7892-40bc-431c-97a6-6552baac4d14","shp_Tabs_A_7_Top":"5759f5fc-3156-43f0-a2bf-cd67bfa2a3ba","shp_Tabs_A_8_Bottom":"6430b230-ad2a-4b8b-bae2-f13a6e9a1773","lbl_Tabs_A_8":"fdd62fd8-fc75-4344-a6bf-5c69404fe2f4","icn_Tabs_A_8":"7b5d5e8b-60dd-44d3-bf60-1521ff9baf5f","shp_Tabs_A_8_Top":"25a97eef-f747-40c8-ab46-3fd03082cfef","lbl_Tabs_A_Menu":"b5d3d2ad-992d-4155-9f61-f7fb4f7289c1","icn_Tabs_A_Menu":"12079d38-c9ac-4eb7-83e8-c2d6f9b6b5d2","shp_Tabs_A_1":"689c932d-c19b-4fc5-821d-1af3051b1e21","shp_Tabs_A_2":"5930d1cc-c7e2-4b2c-baca-909ab7747983","shp_Tabs_A_3":"f57f02d6-a4bd-4ec6-beb8-9e9b76eee49a","shp_Tabs_A_4":"1431eafc-6e7f-418b-8242-8856d279d8e3","shp_Tabs_A_5":"534a280a-fc25-4346-9662-580d719dda6f","shp_Tabs_A_6":"6ede4245-983c-48fb-83c6-f15b18a0ec07","shp_Tabs_A_7":"06b83ab9-69df-495b-af1e-affa7cca0255","shp_Tabs_A_8":"aa502980-24b3-4736-9fa7-c3eae16e0120","html_Tabs_A_1":"6f2e5b97-5053-4d63-9ec0-c25f6bbba421","html_Tabs_A_2":"cb593f8e-adc7-49de-8cde-b69162aa086e","html_Tabs_A_3":"5d5ec9c7-d081-4759-bd0a-a6abe325df07","html_Tabs_A_4":"0843723a-faed-480e-8f91-60b732ed3bd4","html_Tabs_A_5":"17f0fc9e-19ff-4a1d-963b-c2a36675694e","html_Tabs_A_6":"bafe7932-ae5e-4102-b48d-0b20e3794da7","html_Tabs_A_7":"7acd3fbc-9266-40de-8862-d2d651ac43ec","html_Tabs_A_8":"8f21eacf-6dc1-4f24-a8e3-797273af82bb","PACo_HeaderLanguagesMenu_A":"e7546ce6-9fed-4248-a57c-ebe3d31f2fe6","html_HeaderLanguagesMenu_A_Visualization":"b8393313-4700-4a41-99e2-9b8d0c9080fc","shp_HeaderLanguagesMenu_A_Visualization":"cdb834d9-44d7-4d1c-ac2b-f9f460da7dc9","gall_HeaderLanguagesMenu_A":"737df502-0023-4312-9a7f-7e2a3e03428a","galleryTemplate1_6":"97a81dd8-7d5d-42af-852b-8633e3f610b9","img_HeaderLanguagesMenu_A_Gall":"deb1cc73-c901-4735-9a3a-d94bea3c3201","icn_HeaderLanguagesMenu_A_Gall":"750376af-689c-46e5-aef8-6717ef6b69a5","shp_HeaderLanguagesMenu_A_Gall_Divider":"e0cb9058-8a9b-4439-8e22-45f3455f4672","PACo_Log_A":"90b386f4-9233-46a3-b8d9-08b3da91d1be","html_Log_A_Visualization":"4c336dfb-6942-4b4f-9917-d5581f699f91","shp_Log_A_Visualization":"211b418b-2074-4a2f-b0af-2378c1592d80","gall_Log_A":"7f4ac1a0-f10c-4a84-95da-83f98c18bb74","galleryTemplate1_5":"9a1560db-1efb-406a-b9e2-799594a8f49b","shp_Log_A":"46919403-d935-4968-8889-14fb85310201","icn_Log_A_Gall":"cfd8001d-1ce7-4fe4-814e-adc747e7e9c8","img_Log_A_Gall":"f626f5ee-9fd7-4ff1-a7ec-906c4aa0338b","lbl_Log_A_Gall":"ff585528-5f88-4328-94d2-93a01d59de8b","shp_Log_A_Gall_Divider":"7530d36a-4276-40d2-9205-1490d29d3d39","PACo_SelectList_A":"f1e50e69-7f57-4dc1-bc30-11e4add1c80a","cntr_SelectList_A":"458ccc04-628d-4cbc-8e69-43f490a2c94a","html_SelectList_A_Visualization":"05554955-895f-4e8e-8739-08cd6956d5f6","shp_SelectList_A_Visualization":"7c4e7fc3-d68d-4f14-8161-490c0a90a6ad","shp_SelectList_A_Area":"6b73c88c-acaf-4ad3-90d5-ecd852ea3d1d","cntr_SelectList_A_SearchBox":"4d69911a-d910-4b13-b2c3-ade8eefa7802","html_SelectList_A_SearchBox_Visualization":"3dba5af2-f687-4878-ba90-b13744108e5e","shp_SelectList_A_SearchBox_Background":"285306c7-b163-4aec-8edc-f258ae678b22","shp_SelectList_A_SearchBox_Visualization":"e5034a6d-44aa-4ab0-8331-d0ff0467e04e","ti_SelectList_A_SearchBox":"4827b473-2efb-4212-863b-ef5e958bb0d0","img_SelectList_A_SearchBox":"bb1c5e5e-3689-4bf6-98c2-d2808886587c","img_SelectList_A_SearchBox_Clear":"410310ba-8037-44bf-b9d4-5e647d3ff3cd","icn_SelectList_A_SearchBox_Clear":"8fba945d-3f0a-43d8-8373-610981adb53b","html_SelectList_A_Gallery_Visualization":"0260022f-4e70-4e68-bab5-547d155230f2","shp_SelectList_A_Gallery_Visualization":"0cb2d970-b020-4248-bda9-bfdb36a73ed4","gall_SelectList_A":"82f1a0a8-fcc5-489d-b4bc-c427ad869e84","galleryTemplate5_1":"7b29e275-1669-4d35-9233-9e68989939b0","lbl_SelectList_A_Gall":"7e3dad5c-87af-4ca2-8b68-ce3d7cda5430","icn_SelectList_A_Gall":"74f0f7d0-121d-4f4e-9388-d6829fdad1aa","shp_SelectList_A_Gall_Divider":"9f7359ab-7794-4276-8ec7-22e73e91ad56","cntr_SelectList_A_Button":"97c57ac1-da01-412c-9f28-2d84e33d3856","icn_SelectList_A_Button":"fa873921-a906-4190-83f0-9b1a776addd9","img_SelectList_A_Button":"2ebb47c2-2798-4d33-ab9c-49c5b6589e2c","lbl_SelectList_A_Button":"96e3e799-fd3d-4ea3-8168-7dd666f49d44","btn_SelectList_A_Button":"8fabce5d-9a6d-4174-bda8-c41190bf81d9","html_SelectList_A_Button":"37a56546-43c0-4f1e-86f3-a9a00a7f5a1e","PACo_ProgressIndicator_B":"f8680f8d-59a5-458e-86c7-a466d7c0a799","html_ProgressIndicator_B_Visualization":"2ad2a2ea-bcf5-430e-b7c1-edd69380c2d6","shp_ProgressIndicator_B_Visualization":"6b4dc035-226e-44a4-8730-1d50056095c0","gall_ProgressIndicator_B":"49c4b040-235f-4a2a-8293-177c166924ef","galleryTemplate1_4":"b486e5d4-9fe4-460f-bcff-da6274ab31d3","shp_ProgressIndicator_B_Gall_Circle1":"057fb291-4b3c-42bc-8003-796af343d4ce","icn_ProgressIndicator_B_Gall_Circle_Clickable":"a329636a-a725-4305-937b-cdea7af40f9d","shp_ProgressIndicator_B_Gall_Circle2":"373165b8-1bff-4e08-9037-c0cafb3bb115","shp_ProgressIndicator_B_Gall_Circle3":"61440dfe-9a2b-485d-a4fd-4b6907ccc204","shp_ProgressIndicator_B_Gall_Left":"3b5027ec-a9f8-495c-bb6b-21c46678a2d3","shp_ProgressIndicator_B_Gall_Right":"0d4fc9fe-e2d0-4bf3-a9d7-b4610470573a","lbl_ProgressIndicator_B_Gall":"d7f3fb86-4935-4b05-9e6c-258db867e1d3","PACo_Button_A":"86d6050e-fd49-4b2f-81a5-f683f0ffce81","cntr_Button_A":"c83cc295-1382-4dc2-8aef-ca0400777558","img_Button_A":"93d32976-9825-444f-9329-f0dab512e5b0","icn_Button_A":"9c1a740d-b3ab-4f9d-b408-e1b62315103d","lbl_Button_A":"93bc6c2f-7db5-4d5b-9cfc-300ea9bacaac","btn_Button_A":"6fccf833-a821-4463-a819-dfa570f5ab48","html_Button_A":"88ede987-c857-4c4e-8b5a-511b55ddff36","PACo_Tile_B":"07e1516b-cf31-4cf0-a4cc-e63e09c1cb19","html_Tile_B_Visualization":"06884cc9-b2c0-4a7b-89bb-446d38ee308e","shp_Tile_B_Background":"537e5069-7c13-4dd3-bd4b-de77216def05","shp_Tile_B_Visualization":"b3b4266c-a547-4af0-b02d-64b92caa4410","lbl_Tile_B":"3ef07036-14a4-490a-afa0-f8d958fce4b4","icn_Tile_B":"5e541cfd-466e-4ca1-8ba0-63e202c47fa3","PACo_ProgressIndicator_A":"3f26f3ea-0b4a-408d-8b68-c4842e1f5133","html_ProgressIndicator_A_Visualization":"be4b4689-e14b-48d8-b44a-125286d111f0","shp_ProgressIndicator_A_Visualization":"8a0053b8-0e5a-4868-9001-d08c5a1c7f98","gall_ProgressIndicator_A":"6ba8b5b1-bead-4ca6-9ce6-61a0839b4def","galleryTemplate1_1":"8be481ab-a2c1-4be4-be17-25b376118c10","shp_ProgressIndicator_A_Gall_Circle1":"1a1e26cc-46fe-4c28-b161-cb9a40c72498","icn_ProgressIndicator_A_Gall_Circle_Clickable":"e035449b-ee1c-467d-aff0-909a2e967bfb","shp_ProgressIndicator_A_Gall_Circle2":"58e75ca6-641f-4466-b367-b7779275acf4","shp_ProgressIndicator_A_Gall_Circle3":"f12cfc01-68f2-4f67-95c6-9aacfa7ffc93","shp_ProgressIndicator_A_Gall_Left":"41df44bc-aa49-4123-8c16-8e41d9a4194b","shp_ProgressIndicator_A_Gall_Right":"a753435f-1d2c-4a3a-b22d-96ae2969bf18","lbl_ProgressIndicator_A_Gall":"a85d05b2-4b42-4ac1-afc6-820fa891ef94","PACo_CommandBar_Item_A":"c8893c9e-85fa-4785-b625-a104e0f508af","shp_CommandBar_Item_A_Background":"5730ab14-2226-48cb-8079-d8d8677600a8","img_CommandBar_Item_A":"21fdd4c4-871a-43a8-bf73-3da4cc0089ba","icn_CommandBar_Item_A":"8d323965-cf66-4ae2-ad7e-e3cbdda2824f","lbl_CommandBar_Item_A":"8ddfba53-5d5e-4fbe-a1b2-3f1500762967","html_CommandBar_Item_A":"d4eb97b4-380c-402a-86b3-fa18aded271e","PACo_Info_A":"372f5752-0328-4d8b-8756-73db7638e985","cntr_Info_A":"27bbeea7-0c78-4668-a26b-4fc9f045c8ab","html_Info_A_Visualization":"ea042a79-3750-454b-9f6d-b24a78226876","shp_Info_A_Visualization":"ed137d52-1e5f-40bb-ab45-7c964c707b22","shp_Info_A_Area":"de7a1a91-bca2-4e16-b43a-8bf8d6dfb24d","lbl_Info_A_Title":"9a1f0ee3-ab22-470e-b94f-869992a61676","lbl_Info_A_Message":"148bff0a-4c92-4e66-a84b-744666c2cbe7","html_Info_A_Message":"55ec748f-9e4d-4621-ae90-ac0c443dbb2c","cntr_Info_A_Button":"2b0d23e3-8550-4779-bd11-96148b3b2dc2","icn_Info_A_Button":"0df8a3e8-6e25-4643-89ae-3cd00682cb89","img_Info_A_Button":"c273dc6e-41d5-41cc-b714-f8e010eeb46c","lbl_Info_A_Button":"4da572dc-476b-4c8f-97ae-7f3442ecf71b","btn_Info_A_Button":"7b5efdb4-0d08-432e-982a-d2b04fc5b19e","img_Info_A":"c7ccd21e-685b-4956-b07d-41d8f1ec11f7","html_Info_A":"d3e63384-7335-40a5-bd4b-dc42c2e438fd","PACo_TabsMenu_A":"cfca983a-5b46-4314-9e54-f74b264da613","html_TabsMenu_A_Visualization":"c21ceb1c-abd9-41ae-9510-a2c8d2a5c09b","shp_TabsMenu_A_Visualization":"0c6eba89-bb42-451e-b87e-611c5b5e93db","gall_TabsMenu_A":"523104c9-61cb-4753-94f8-00e06d0bbb1f","galleryTemplate1_7":"334b7e2c-8e3a-422b-9f4c-9aa622dd0ccc","shp_TabsMenu_A_Bottom":"95381110-f021-48ed-93de-e5edd6545757","shp_TabsMenu_A":"88b2ea13-0c6f-49c8-ba54-9eb61b0dcced","icn_TabsMenu_A_Gall":"91873440-e45b-40c5-a598-b378bec6fefd","shp_TabsMenu_A_Top":"d9813992-d090-4613-b17a-0c58ed3cd99c","lbl_TabsMenu_A_Gall":"15681722-39ce-4da9-9d08-4a171d2a3159","shp_TabsMenu_A_Gall_Divider":"fd094446-751e-4bfd-9251-82336837799f","PACo_Panel_A":"7c8c3a35-251a-4c8a-8827-56408118ad12","icn_Panel_WholeArea":"3c6199d8-c369-4916-a9e5-e924b13161c6","html_Panel_A":"84ed39da-f46c-411b-8a3a-5557a535de97","shp_Panel_A_Area":"4a103237-4787-449f-9c4f-a1eb42db11c1","html_Panel_A_CommandBar_Visualization":"484402d1-1bb1-4e93-8e50-bf525e123ba9","shp_Panel_A":"389dc6fb-42fd-4693-a399-acc1494fa09a","shp_Panel_A_CommandBar_Visualization":"b692fe87-47d6-4c46-98e8-ab4a0d37f9e4","cntr_Panel_A_CommandBar":"2ea433fe-9058-4399-a4c8-6ee969c77a85","img_Panel_A_CommandBar_1":"adda1205-7a25-4761-b32d-aa5e9646a943","icn_Panel_A_CommandBar_1":"c68d1228-05f1-48fb-a3ec-c1561823866a","lbl_Panel_A_CommandBar_1":"f45ffbec-8041-40fe-b76a-4b0438b6113e","img_Panel_A_CommandBar_2":"7a89859c-dce9-4df2-95cc-c6dca458e2a2","icn_Panel_A_CommandBar_2":"d425fe86-5370-4fc4-bdce-64afb0920dfb","lbl_Panel_A_CommandBar_2":"1e1585dd-8ab4-4f94-8891-4c17d1de5364","gall_Panel_A":"9901da90-16a6-4efb-a8be-bf071312041c","galleryTemplate2":"e8806dca-9aa1-4678-832b-354c7fac94af","lbl_Panel_A_Gall_Label":"f9f7a322-a73f-4233-bb14-d7758642e1ec","lbl_Panel_A_Gall_Text":"6be3ecc6-0284-4f7b-b312-8445053227f3","cntr_Panel_A_Button":"b234c635-85d7-4838-9f0a-07358cdbd138","icn_Panel_A_Button":"abf872eb-b52e-458b-a44e-eb64ad2ded70","img_Panel_A_Button":"b3bcba9d-48b3-441d-a523-0f7fbb4e8cf1","lbl_Panel_A_Button":"97586d32-f50d-4429-9f61-4a6aa6108259","btn_Panel_A_Button":"69febbd0-1c9f-423b-8d27-7157095d6d40","html_Panel_A_Button":"51102e51-2743-4d8e-9726-067fdad42877","html_Panel_A_CommandBar_1":"bf486ce4-440e-46be-b686-00b669dd7d1d","html_Panel_A_CommandBar_2":"ca18355d-9569-4612-a7bf-b03fbfffccf7","PACo_CommandBar_B":"d4a35913-4d2d-4149-bc7d-b6c2134b643f","html_CommandBar_B_Visualization":"145f6ee9-c968-4990-ba8f-53607af02fc6","shp_CommandBar_B_Visualization":"3a6bc075-b7a3-4982-8a16-94328c0bf3bb","cntr_CommandBar_B":"6db808c5-2504-4da4-96b0-d95a2f1494ed","shp_CommandBar_B_1_Bottom":"ecc9df0e-034b-4a2f-8506-07ec57347804","img_CommandBar_B_1":"014c6a45-0835-4660-bea1-584540f1c567","icn_CommandBar_B_1":"983b2102-f4a0-4443-9e07-10bb01db154d","shp_CommandBar_B_1_Top":"c3ff1466-e7c0-4443-83ef-02a4c5c1b796","lbl_CommandBar_B_1":"60019495-37a8-40c3-a73d-305b3a241e50","shp_CommandBar_B_2_Bottom":"f3fc5e5b-e0d1-4457-acdc-d95e2b0f31cc","img_CommandBar_B_2":"835b655e-3890-47c3-9634-b2cd8d7e18c9","icn_CommandBar_B_2":"21f4206b-aa06-407d-8afe-7c3571360939","shp_CommandBar_B_2_Top":"cb6d05f6-72be-4a64-abf7-5c8329cdb933","lbl_CommandBar_B_2":"cc249ddd-a11c-443c-94ee-4fd7b90ba464","shp_CommandBar_B_3_Bottom":"ca1723c3-b07e-4c3f-9280-9bb8c7041cc6","img_CommandBar_B_3":"99201a9a-e667-4571-99ff-94d093dd62e7","icn_CommandBar_B_3":"2944db45-ee6a-4b8d-b17b-33305aec8603","shp_CommandBar_B_3_Top":"c5aaa9c3-2964-4790-9828-cb8e8791e927","lbl_CommandBar_B_3":"11719736-977d-4b0f-a85c-101b75dc960d","shp_CommandBar_B_4_Bottom":"d0b1d937-bb08-4d44-96d6-8d0f3ef74c26","img_CommandBar_B_4":"727575e4-5573-4af8-a789-78592c67ffb6","icn_CommandBar_B_4":"879a73a2-d8bd-46e3-ae13-f15b3e7227bf","shp_CommandBar_B_4_Top":"e6b619b6-1522-4d61-858d-ce471d165507","lbl_CommandBar_B_4":"da5fb130-92c5-494a-87df-c6632d1d8bad","shp_CommandBar_B_5_Bottom":"c0999b0f-a2c9-4491-8a2c-35484e01ae6b","img_CommandBar_B_5":"6e4a7a3b-2d4a-4c44-88cb-57c9d177e46b","icn_CommandBar_B_5":"5cc9aa04-4ee8-4e24-a695-63bff0e90a67","shp_CommandBar_B_5_Top":"678e577b-8df7-4f02-ba9d-b329fb04330e","lbl_CommandBar_B_5":"9695e0bf-6f27-4d44-b825-0f92604b1efa","shp_CommandBar_B_6_Bottom":"bf54d3c3-4991-4695-858c-111c603c39f6","img_CommandBar_B_6":"65c56817-670b-4ac2-8e28-5f3267bb241a","icn_CommandBar_B_6":"43e993b3-f025-48de-a448-94246bbd097f","shp_CommandBar_B_6_Top":"f9e113c4-2f38-42a2-86ab-5f12b8e8990d","lbl_CommandBar_B_6":"45badcbe-1fdb-442c-ae90-8609ef2f109a","shp_CommandBar_B_7_Bottom":"03ca62f7-fb18-44a4-96f9-171ed97f31b6","img_CommandBar_B_7":"6dbf8c07-bf3d-4432-ab30-a2a622dbbf90","icn_CommandBar_B_7":"f2ffdec7-71d4-480e-97e4-f9a6499f5551","shp_CommandBar_B_7_Top":"fecf7b2d-99f6-4d51-ab17-0f26cb49c9be","lbl_CommandBar_B_7":"ff969e54-788a-481a-9eb2-35481d07b4e8","shp_CommandBar_B_8_Bottom":"80bf1d6a-9ee2-4a35-b69c-535a9735d87c","img_CommandBar_B_8":"53f608eb-16d0-44b5-9535-bc0079cf8dd0","icn_CommandBar_B_8":"2e0f1768-e098-4e9f-afad-48dacdd0fe67","shp_CommandBar_B_8_Top":"3a84c055-72f0-4a70-b801-7c11e1d3efae","lbl_CommandBar_B_8":"4b577773-0389-48c3-918d-01205ac5a612","lbl_CommandBar_B_Menu":"e0b7eef2-e16d-40ef-858c-b8e98838437a","icn_CommandBar_B_Menu":"b362f4f6-532b-4769-b4d7-68364f6af1e3","html_CommandBar_B_1":"6368e868-5246-43e6-9cb2-feffc28a3afc","html_CommandBar_B_2":"917bd196-2e0e-4b55-9d97-4c859bcb2686","html_CommandBar_B_3":"e742efbb-7bc0-4b99-acf2-3cc386d327f9","html_CommandBar_B_4":"f693adb8-b6ce-4c12-926c-f600f122ffb6","html_CommandBar_B_5":"8d905dee-0931-4c1b-a08e-b7b2a00e347b","html_CommandBar_B_6":"e7240bb7-6ef1-457b-8a09-05a82e603909","html_CommandBar_B_7":"0b34fbf5-d653-40c0-a6d6-afe3df808d8e","html_CommandBar_B_8":"716fc48d-0465-49c4-ad08-d80a8931be09","PACo_DetailsList_B":"bd37d3ea-1fa7-4bd8-b19b-158c36ec3ad3","html_DetailsList_B_Visualization":"e46922b2-6925-4430-a3ae-0e35d930d4b5","shp_DetailsList_B_Visualization":"a6d4ef16-6c66-4e98-b5b4-a235a42d37fd","cntr_DetailsList_B_Main":"820a2dfa-1f38-4732-aa2e-4e6f1abb97e6","cntr_DetailsList_B":"a7e1c4ef-fa11-40be-b987-9f579038b4cb","lbl_DetailsList_B_Header_1":"eba01ece-ffe0-47d8-aad3-210a4a55cbba","icn_DetailsList_B_Header_1":"de1893b0-c4b7-4043-a0ab-dfffb92fe417","cb_DetailsList_B_Header":"39697da8-e6c1-4a13-b6e1-129334cdf36f","img_DetailsList_B_Header_Sorting":"3139429d-e762-4d83-8308-12517be5eaf2","lbl_DetailsList_B_Header_2":"15707880-5ae0-47b7-92bb-c566d3fce375","icn_DetailsList_B_Header_2":"8880eac4-d9ee-4dce-b797-c4b049da9550","lbl_DetailsList_B_Header_3":"9e1dde39-6324-4eef-869d-592c6a4f5d7d","icn_DetailsList_B_Header_3":"51abfaf1-b3a5-433b-a2ff-f822a171b773","lbl_DetailsList_B_Header_4":"08dec2c1-a11f-4c0c-ab67-e0ce8e895dd2","icn_DetailsList_B_Header_4":"431bfd45-a66a-4632-a794-c2991241e87b","lbl_DetailsList_B_Header_5":"b994ff97-8eb4-4dc2-8b4c-b9bb485d449f","icn_DetailsList_B_Header_5":"042b26f2-0233-4708-b222-feea25add942","lbl_DetailsList_B_Header_6":"5d2f7850-5e6c-45b5-950d-82d868e5ebbd","icn_DetailsList_B_Header_6":"e474b36c-4512-4912-b4ce-f91933964748","lbl_DetailsList_B_Header_7":"83e60e66-04f5-43c4-8ebf-b198bcf30fa9","icn_DetailsList_B_Header_7":"8ce9759a-b4fb-4e85-a07e-d47c23642699","lbl_DetailsList_B_Header_8":"802a7278-f92c-44b5-9fb6-7e827b541d5a","icn_DetailsList_B_Header_8":"e9b00346-2c2a-4e18-a829-abef03d20ae1","lbl_DetailsList_B_Header_9":"58edb173-fae8-4133-a326-79a412e678f6","icn_DetailsList_B_Header_9":"c3cd978b-c2ba-4e71-a71a-3106ade8b4d7","lbl_DetailsList_B_Header_10":"5f478876-02d6-419d-85c7-bb8ab5f3a7cf","icn_DetailsList_B_Header_10":"87337731-c665-4799-8504-0e26149486b0","shp_DetailsList_B_Divider":"3656cc57-0811-4d1f-9a41-676d3c877f1a","gall_DetailsList_B":"76e87e94-41f0-408b-9c0f-ce9304d275e3","galleryTemplate2_4":"f03de3dc-7e0a-4532-9978-9cdb683fe05d","lbl_DetailsList_B_Gall_1":"a759e2db-ffce-4ef5-b98f-ec2da663cd44","cb_DetailsList_B_Gall":"efdad939-934b-4bee-b4da-489d896ef165","shp_DetailsList_B_Gall":"81bf5554-6a43-4987-a6e7-44d07dabec97","lbl_DetailsList_B_Gall_2":"53d62e0f-8916-477a-a158-0a30e39c0b97","lbl_DetailsList_B_Gall_3":"29bfdabd-fdf6-4db4-b366-caf199e36fbd","lbl_DetailsList_B_Gall_4":"51ddb6f3-965c-489d-a800-0e5b81d527b4","lbl_DetailsList_B_Gall_5":"4fef52aa-2341-4dba-8751-aa64682364e3","lbl_DetailsList_B_Gall_6":"3966ff0a-f8ac-49b8-87bb-e0483717f0f4","lbl_DetailsList_B_Gall_7":"dc2f22dd-05c7-4d2d-9ad0-4a6aa5761ac3","lbl_DetailsList_B_Gall_8":"18df56a6-378f-452f-9f53-36a9a5223bdf","lbl_DetailsList_B_Gall_9":"3cbb2b09-6a95-42f5-88c8-f52b418d3b3d","lbl_DetailsList_B_Gall_10":"6245082f-3dd3-42d4-ba12-49ebdc59ea96","shp_DetailsList_B_Gall_Divider":"c337fe2f-c536-4b00-9542-cb7cc0b1e2aa","PACo_Nav_B":"611087c2-2093-42c1-97d3-3d57ed8db21f","html_Nav_B_Visualization":"30b71426-76d0-4d39-80c2-737be8baf3b8","shp_Nav_B_Visualization":"e1b4c810-0918-43e6-a01d-cef00e3d90f2","gall_Nav_B":"896c41b1-0892-483d-bb5d-4fb27fbfdc0c","galleryTemplate1_3":"0d67c017-8070-402a-92db-60f941044e75","shp_Nav_B_Gall":"fa532c59-1da3-4466-b3d6-33e0ce627b53","img_Nav_B_Gall":"79afec6c-11f1-4566-a6bb-6c5a0757b978","lbl_Nav_B_Gall":"68ecf28a-7a33-4a18-bb0a-fafe80140f9f","icn_Nav_B_Gall":"2a9f4b80-abcf-4e1b-b658-d99851a8e205","shp_Nav_B_Gall_Divider":"c0bfa1dc-1003-4927-ac3e-3a7917b39945","PACo_HeaderSettingsMenu_A":"e8bdf647-2f3f-47f5-a7fe-e3637bd547b8","html_HeaderSettingsMenu_A_Visualization":"eee9357f-8c6e-4e77-aa8b-547494c80695","gall_HeaderSettingsMenu_A":"94df7ada-79e7-4419-818d-1cc8465c4da9","galleryTemplate1_2":"9d198e11-14cb-4483-94e9-86d74efd21a8","shp_HeaderSettingsMenu_A_Gall":"64e3aa58-c96b-4839-bd6c-3f98c68fb311","lbl_HeaderSettingsMenu_A_Gall":"2d000f2e-8ae8-4ea6-823c-ac7bacb67260","icn_HeaderSettingsMenu_A_Gall":"6dfea75f-a9ef-4102-8928-6848d386a287","shp_HeaderSettingsMenu_A_Gall_Divider":"8a22e684-6f01-41cb-b46e-80967aa1a885","shp_HeaderSettingsMenu_A_Visualization":"b2ecdbc3-028b-407c-bc19-a28c3d6b1a45","PACo_Dialog_A":"91715fe8-0cb6-48b6-a23c-7a3503f592f7","cntr_Dialog_A":"34122b79-5963-4e50-9483-cce5230c9c48","html_Dialog_A_Visualization":"1a16d016-f5e8-4112-ab5b-8a49fedc2871","shp_Dialog_A_Visualization":"dd6bd30d-ff06-486a-b79c-8fe265970aa9","shp_Dialog_A_Area":"f60d9344-a03a-4039-b516-519d5a71daad","lbl_Dialog_A_Title":"06eeb66b-9d26-4805-926e-08a1e064cfd8","lbl_Dialog_A_Message":"ecde4e67-5cc8-4d30-8a51-855a169e7239","html_Dialog_A_Message":"bbdfc437-060f-4d80-a69f-0b24af1e430e","cntr_Dialog_A_Button_Last":"1590870c-e127-47dc-ba45-f021540933a8","icn_Dialog_A_Button_Last":"5b4ea258-faeb-46d4-aaa8-d803c0f47069","img_Dialog_A_Button_Last":"bd8c605e-5ff9-4213-8d87-b481747f9174","lbl_Dialog_A_Button_Last":"11fc23be-76e9-4ef1-88f9-f16e47da5896","btn_Dialog_A_Button_Last":"9c1895eb-bb5b-4e6a-b93f-c7f318bcd01c","cntr_Dialog_A_Button_First":"4e432fb3-f31e-4c27-9873-b0bc8911633b","icn_Dialog_A_Button_First":"fdb297e9-284b-4cf0-9a49-be85d76509ce","img_Dialog_A_Button_First":"efe2f8bf-a27f-48e5-96ba-c40bbd89fbb4","lbl_Dialog_A_Button_First":"2b1ff710-3e46-43e8-96ee-8e22ccfba676","btn_Dialog_A_Button_First":"5648e682-3ded-4256-a484-3146daf8bcb5","html_Dialog_A_Button_First":"19ee9a5b-22fe-4952-87b5-eafb78d216fb","html_Dialog_A_Button_Last":"03860322-62a7-4251-94f2-fdfbf3e1136a","PACo_DetailsList_A":"de642932-3994-441a-b520-28b6680ca236","html_DetailsList_A_Visualization":"557901c9-0f47-4ca3-9b3e-5ae62cbf6b44","shp_DetailsList_A_Visualization":"420fce50-b14a-4b65-8ae2-779a4360d0fa","cntr_DetailsList_A_Main":"d28a55b5-8451-4a8e-be78-cf8f6c175cfd","cntr_DetailsList_A":"4171f6d5-0a46-4352-9424-7ef38f2f6d6a","lbl_DetailsList_A_Header_1":"63eb051d-07a5-4c31-8181-b7e1a8b32133","icn_DetailsList_A_Header_1":"55a0afc0-fe20-4ca3-a46e-7dde36ebc738","cb_DetailsList_A_Header":"565db291-17b8-4a6d-a859-f52a3722c3d3","img_DetailsList_A_Header_Sorting":"f7a49da8-fba8-43b9-98fa-43d959bae010","lbl_DetailsList_A_Header_2":"6eef208b-ced3-48a5-b1b5-a3e61a2ffa5f","icn_DetailsList_A_Header_2":"7873688f-5d9d-4ea8-9025-606f5e4e0594","lbl_DetailsList_A_Header_3":"f864e239-d922-494e-9dc4-3dabd708f5eb","icn_DetailsList_A_Header_3":"29e4afa8-749b-4a1c-a3bf-4c7a8e187fe5","lbl_DetailsList_A_Header_4":"75d1fad8-b6bb-4397-93f9-d4edd9163806","icn_DetailsList_A_Header_4":"050b25bb-355b-4a3e-aad1-0d13e654d1d4","lbl_DetailsList_A_Header_5":"5297ac7e-d763-49aa-a700-1fcb4181f85d","icn_DetailsList_A_Header_5":"b62ce8e8-1ebf-43ae-8b68-8ac41b7665ce","lbl_DetailsList_A_Header_6":"f84f7c13-0fe4-46aa-b768-e0ad0b57e4ce","icn_DetailsList_A_Header_6":"0e2e81f6-7212-4f4c-a59b-3cfa7b80f3aa","lbl_DetailsList_A_Header_7":"24af8736-6cdc-4e3c-8a57-2c13b695969c","icn_DetailsList_A_Header_7":"e6b070da-b605-4e2a-b8eb-fbc74ab2d1f4","lbl_DetailsList_A_Header_8":"954746fb-a917-493e-9258-d2b7f5f6f320","icn_DetailsList_A_Header_8":"6229b960-e3fd-4db5-a810-76d93acbbc28","lbl_DetailsList_A_Header_9":"4228c922-a473-4e7b-a3ee-da15d8fb8f67","icn_DetailsList_A_Header_9":"35827c1c-f899-4c9d-82e7-860c904edf19","lbl_DetailsList_A_Header_10":"fa2b70ee-0ada-43d6-bb4d-8de6dc737e87","icn_DetailsList_A_Header_10":"28213907-9095-4904-8f94-1d92db21489b","lbl_DetailsList_A_Header_11":"f8acb756-94a6-48b2-9935-8d4044ca2270","icn_DetailsList_A_Header_11":"635c8f67-f2e0-4403-a659-b2c339140a02","lbl_DetailsList_A_Header_12":"f0377d7a-819d-4452-8a22-32b07757651c","icn_DetailsList_A_Header_12":"c2ad83be-b0d6-4772-8bbd-3b98eb01e2d5","lbl_DetailsList_A_Header_13":"f56288d6-1f2c-4894-ba97-f51c74d1fca9","icn_DetailsList_A_Header_13":"f7073a13-83b0-4e35-8d36-ed3aaa09015e","lbl_DetailsList_A_Header_14":"76b5926e-56b5-49b9-9dfe-24fb6e6d6708","icn_DetailsList_A_Header_14":"305d202a-a774-4478-89b1-2e123ee5f021","lbl_DetailsList_A_Header_15":"8e895653-71fd-4fa4-8c73-4786bdf6d7ba","icn_DetailsList_A_Header_15":"646880c4-9746-4415-9086-da57c51b4ac1","lbl_DetailsList_A_Header_16":"4ea4fb73-495c-4ee6-b32d-1c19bdb9a0f1","icn_DetailsList_A_Header_16":"be7d250d-353d-417b-b944-95ecbde07a81","lbl_DetailsList_A_Header_17":"8ca04f05-4d6d-4d2e-abbc-cfdcfee287be","icn_DetailsList_A_Header_17":"3725a3d8-5b9d-476d-b1b3-e47709111133","lbl_DetailsList_A_Header_18":"c83bc847-3254-4e6d-8f13-06f07a8beb9c","icn_DetailsList_A_Header_18":"915bf8e4-6d5c-4992-b4f3-6995f3a496ca","lbl_DetailsList_A_Header_19":"a81b8d9c-c774-4fb7-a79a-dcea442d9149","icn_DetailsList_A_Header_19":"90dd779b-b676-45f8-9815-2edf618d4b5f","lbl_DetailsList_A_Header_20":"a74faf29-852d-4786-8b78-0a8480e54f8a","icn_DetailsList_A_Header_20":"3df1aa8c-201e-477f-bb85-599df81a49d5","shp_DetailsList_A_Divider":"82651bd2-d55e-4e3f-ac07-9d319409768b","gall_DetailsList_A":"25bbf903-6d19-482a-94da-b798b87511f1","galleryTemplate2_3":"05380f98-8dfc-4386-92f7-fa79397bf049","lbl_DetailsList_A_Gall_1":"52d8e102-780d-4bfb-a0e8-c71733ef808d","cb_DetailsList_A_Gall":"865a11f6-d06d-4a5a-96d9-137de60b9ba1","shp_DetailsList_A_Gall":"123b9a30-b7d3-407b-9ad9-0b15572eb151","lbl_DetailsList_A_Gall_2":"4f239832-0934-4851-a663-bdaac162f35d","lbl_DetailsList_A_Gall_3":"5e67a96c-893a-47c7-ad93-cdb30c45af1a","lbl_DetailsList_A_Gall_4":"e275ef0c-bf51-4be3-aebc-341c5ce12bc4","lbl_DetailsList_A_Gall_5":"de96f661-2abb-42c2-99f8-b4528d0570bc","lbl_DetailsList_A_Gall_6":"c9c24623-8f56-4ef2-96a5-25ea2d902c63","lbl_DetailsList_A_Gall_7":"dd4d3fb8-e4f0-489e-8bef-5f468e98187e","lbl_DetailsList_A_Gall_8":"367f0801-7f44-463b-9204-4a3a19a9e924","lbl_DetailsList_A_Gall_9":"764979ce-f0ae-47fa-82c3-f351cd0bb89a","lbl_DetailsList_A_Gall_10":"f0cad9a8-b93d-4c7f-8baa-6aa6c2df4aaa","lbl_DetailsList_A_Gall_11":"f70dc256-d832-4df4-9403-4d31181f58d3","lbl_DetailsList_A_Gall_12":"3989c71e-0632-436b-a7bb-269725676d17","lbl_DetailsList_A_Gall_13":"11ece082-e1ea-4c0d-bfc6-619b9da5a4a2","lbl_DetailsList_A_Gall_14":"00ee6f5f-b18f-47d5-b1e3-23674fda0d66","lbl_DetailsList_A_Gall_15":"40bcacc8-d7f7-42db-a06a-4518e26df116","lbl_DetailsList_A_Gall_16":"aa8f132c-629a-4c5f-981f-3ac83952abb6","lbl_DetailsList_A_Gall_17":"e72a6835-1c9a-4b19-a6b3-0e5692f2b19b","lbl_DetailsList_A_Gall_18":"3a3fed3f-f692-49da-88a2-77d2a99283b7","lbl_DetailsList_A_Gall_19":"9f2e8937-8d5d-4e09-96a4-3b739d9bbb16","lbl_DetailsList_A_Gall_20":"c6520277-aa96-4e36-9178-46bf6b70b2f2","shp_DetailsList_A_Gall_Divider":"0c31e0e8-af1e-43ed-aec9-7ecc7a8ae608","PACo_Header_A":"256c8a3d-2b8a-4788-9743-4bd32befaac1","html_Header_A_Visualization":"b049ea8d-b179-4dea-81d9-ed3605363c97","lbl_Header_A":"f50a7abc-cb21-4f5d-bf39-83de0ef22a4f","img_Header_A_Back":"1de8b9f4-3448-404f-8200-3cd7ad3cb647","icn_Header_A_Back":"ef2535e8-1928-410a-ad1b-187b1a4c0d9b","img_Header_A_Nav":"82c765c7-1e17-4ae8-a02d-3e4e1f05ad79","icn_Header_A_Nav":"aae432ae-50ad-4f83-943a-0fe0b870cc29","img_Header_A_LanguagesMenu":"9a5ef513-2252-421d-bcc6-08abc3c14ba1","icn_Header_A_LanguagesMenu":"7415acfd-64af-450f-9efb-16ba7dbbb361","img_Header_A_Help":"a82aa624-e906-4146-8913-ace87193bdc7","icn_Header_A_Help":"a6a81cb9-9b45-4ef4-bd42-3781b1b6927d","img_Header_A_SettingsMenu":"0b35c78f-6956-407d-91af-a5811c1f6dc2","icn_Header_A_SettingsMenu":"ad137e38-01c2-40b9-8730-6b38346df162","img_Header_A_Logo":"c25354af-af7f-40d3-89f1-d3e4727c5591","icn_Header_A_Logo":"32711df2-c5bc-4f28-8ed9-2465b27ef0b0","shp_Header_A_Visualization":"18942515-b96a-4353-a526-8ec67aed616d","PACo_SearchBox_A":"db8f48ab-c235-4642-adcb-2fffbd15677d","html_SearchBox_A_Visualization":"9552ad2b-504d-4864-9c44-06e45d0399d7","shp_SearchBox_A_Background":"198b999b-b752-4d28-ba1e-9c77d0c9b64e","shp_SearchBox_A_Visualization":"7d0d648f-7f30-43d6-b7a2-8098a1daf5d7","ti_SearchBox_A":"49a6d19e-ebe3-472b-97e6-83c8d88ec631","img_SearchBox_A_Search":"46b6319e-7fd0-49ee-8ba6-ce0feeb6712a","img_SearchBox_A_Clear":"45809677-208c-4581-b251-4bcbb90e51dd","icn_SearchBox_A_Clear":"cd063d21-3609-4a63-9a39-8de9d9de6cde","PACo_DetailsList_Shimmer_A":"beba6149-2f43-4f77-ba7d-99d11750fb21","html_DetailsList_Shimmer_A_Visualization":"0b1c82c5-038a-4bc3-bc4e-0e476a848c52","shp_DetailsList_Shimmer_A_Visualization":"951a3f91-42ac-4a4f-aae7-2f6c385bf0dc","cntr_DetailsList_Shimmer_A":"fd7abdae-53b8-4b57-bfb2-219079017eab","shp_DetailsList_Shimmer_A":"7e8669db-578c-4ccc-9092-a614b408f482","shp_DetailsList_Shimmer_A_1":"d3c1b369-62ce-4bb6-a775-85ccf61abdcc","shp_DetailsList_Shimmer_A_2":"f28d9220-840c-48db-a369-cb98e820479b","shp_DetailsList_Shimmer_A_3":"e080a505-6fb8-4c4f-891a-4f9240089929","shp_DetailsList_Shimmer_A_4":"661de828-455d-4de1-acb3-db27f160b60f","shp_DetailsList_Shimmer_A_5":"89914ef8-92e3-4e32-a23f-415cb41ee613","PACo_ProgressIndicator_Shimmer_A":"23dfaaa8-2be9-4afd-b0e2-16d53b9c4075","html_ProgressIndicator_Shimmer_A_Visualization":"ddf1cea0-806d-45ee-bd9b-8a34d95e33f2","shp_ProgressIndicator_Shimmer_A_Visualization":"337ce37a-09cf-4157-abdf-bcb1ffcf7950","gall_ProgressIndicator_Shimmer_A":"a12d3400-9d8d-4f13-a314-6dda6db70dde","galleryTemplate1_8":"4a1b6e4b-6fed-4d41-b1cc-8c2c6b4490db","shp_ProgressIndicator_Shimmer_A_Gall_Circle1":"d145972c-35fb-48d2-89ac-7a269859f52e","shp_ProgressIndicator_Shimmer_A_Gall_Left":"9fc9aa29-4a08-4fd7-bb01-2981281e1ff4","shp_ProgressIndicator_Shimmer_A_Gall_Right":"c57576e0-9fc2-42a8-ab81-a64cdc6704f9","shp_ProgressIndicator_Shimmer_A_Gall":"a3f50076-e350-4f92-b11b-81f0134d8c6a","PACo_CommandBar_Shimmer_A":"732a73bd-71eb-4fc1-87d5-af1d74c9656b","html_CommandBar_Shimmer_A_Visualization":"5c91f8ed-1377-44c8-b06c-5e61751cb0af","shp_CommandBar_Shimmer_A_Visualization":"c6ed2550-8711-426d-8b2f-5c752205494f","cntr_CommandBar_Shimmer_A":"255b300a-555d-46e9-82a1-9a48b003ceb1","shp_CommandBar_Shimmer_A_1":"d26d313f-429a-48e9-9f5f-4a58000a79b8","shp_CommandBar_Shimmer_A_2":"9187ff9c-027c-44fc-b4d7-205ddfcdff7c","shp_CommandBar_Shimmer_A_3":"58846688-7a83-4c83-b1db-37e5262bb4e7","PACo_PeoplePicker_A":"301ec801-7b9b-4a8d-a9e0-4c22ae0002c9","cntr_PeoplePicker_A":"192478c1-df03-449b-9c3d-8e948c8a345b","html_PeoplePicker_A_Visualization":"4ec42beb-1e11-4e1d-bb46-7f4095ae731c","shp_PeoplePicker_A_Visualization":"b854db7e-536f-42ff-b9fe-ce5c74e4e58d","shp_PeoplePicker_A_Area":"7b065406-7650-4a93-8af0-e26213f2dea6","cntr_PeoplePicker_A_SearchBox":"d12519f7-23e7-46ce-8da9-dd976bd222a6","html_PeoplePicker_A_SearchBox_Visualization":"ab58e98f-c3ff-4eea-9619-797779237e5b","shp_PeoplePicker_A_SearchBox_Visualization":"f09aa408-fc32-46f9-ab60-41056c4b65cc","shp_PeoplePicker_A_SearchBox_Background":"2b123fa4-8b3f-42dc-b301-62b233cb299a","ti_PeoplePicker_A_SearchBox":"26d854b5-7797-4b5c-8e3a-14a3e09ee0a9","img_PeoplePicker_A_SearchBox":"1ee59a73-0cf2-4bba-8c3b-6025402f84ad","img_PeoplePicker_A_SearchBox_Clear":"fcc12dd4-fd0b-4f10-93e5-b76a92898a02","icn_PeoplePicker_A_SearchBox_Clear":"99cf619c-771e-4b58-a5c1-13c27422f47f","html_PeoplePicker_A_Gallery_Visualization":"18eb7704-b07c-4f50-8e34-89d7c94965eb","shp_PeoplePicker_A_Gallery_Visualization":"8efdf907-d03d-4960-80f0-06e9b32e10f5","gall_PeoplePicker_A":"dec84c9c-4ee0-46f0-8798-9613e0c59525","galleryTemplate7":"c92a3f63-d8d4-4d23-a6c2-a02f80fcef5a","lbl_PeoplePicker_A_Gall_Label1":"fbb9ac21-cfa6-4e5e-94c2-579ba25daa98","icn_PeoplePicker_A_Gall_1":"e9ff6b26-ec1f-441d-b31f-5aa8e38d045d","lbl_PeoplePicker_A_Gall_1":"d75d8056-01df-420c-8303-2f06df31fc82","lbl_PeoplePicker_A_Gall_Label2":"d0ae4f04-0be2-489b-837b-e30e28028e83","lbl_PeoplePicker_A_Gall_2":"7225e22c-4504-468f-8b30-f9effc18485e","lbl_PeoplePicker_A_Gall_Label3":"185a340b-efc7-44d5-ae25-276740733040","lbl_PeoplePicker_A_Gall_3":"38a13faf-3702-486b-9380-1795d5e85f02","shp_PeoplePicker_A_Gall_Divider":"33859786-fa86-4aeb-9a62-ebced9c228b8","cntr_PeoplePicker_A_Button":"da3fdfe5-ee0a-41ea-919b-dd8c21ffe7bb","icn_PeoplePicker_A_Button":"ec2294bf-1c2d-4d3b-91aa-2acdbf184a6f","img_PeoplePicker_A_Button":"1e6acd14-f7d9-4741-972b-ba675b75cc20","lbl_PeoplePicker_A_Button":"dcfa4a72-74da-46dc-a473-02e8ff20c128","btn_PeoplePicker_A_Button":"f9d34e01-056e-457d-aa41-a69395d7ca75","html_PeoplePicker_A_Button":"ae4a43d7-4b14-4e19-a525-333f3b5faec7","PACo_ProgressIndicator_F":"577f5e11-0321-476e-992a-7db6543e0e6b","html_ProgressIndicator_F_Visualization":"cbcdeea2-d319-446e-9276-aceee815a309","shp_ProgressIndicator_F_Visualization":"cfa54bb9-fa3a-4473-bcaf-73361cc1c50b","gall_ProgressIndicator_F":"44f17650-7135-4203-8c2c-3a9339387afc","galleryTemplate3_2":"c5c043a2-dbd3-4502-912c-c9b09d32ff7c","shp_ProgressIndicator_F_Gall_Top":"7337b6b4-8540-4eaa-9966-2934723f333d","lbl_ProgressIndicator_F_Gall":"19f2dbf9-e07f-444f-a0cb-430ea683d6d3","img_ProgressIndicator_F_Gall":"e2512f97-2954-4b23-8d06-9ccdc1d60c09","icn_ProgressIndicator_F_Gall_Clickable":"70fdc4ad-85c1-4b2c-9a0c-f3f2e419c1b2","shp_ProgressIndicator_F_Gall_Bottom":"bd888479-f810-418a-a3e3-483fa67356f2","PACo_ProgressIndicator_Shimmer_B":"4efa5b23-5701-45d4-a990-27de0eda30e9","html_ProgressIndicator_Shimmer_B_Visualization":"50ee87cf-d65b-4d23-8647-dfa86befbb6b","shp_ProgressIndicator_Shimmer_B_Visualization":"bc985a56-01fa-491e-a946-0fe8e1a62f43","gall_ProgressIndicator_Shimmer_B":"0bef01c8-2039-4406-a0e9-54e7e66c5756","galleryTemplate3_1":"3f23b8fc-0e3a-4604-9ccb-41ce1fb90880","shp_ProgressIndicator_Shimmer_B_Gall_Top":"fdd19367-fc59-4fbf-8545-0bed920e7a0a","shp_ProgressIndicator_Shimmer_B_Gall_Circle1":"6effb50e-9d5f-4f24-86a4-ce1c6c54b649","shp_ProgressIndicator_Shimmer_B_Gall":"9ffc84c1-5a5c-4a00-bbed-50e0cc0e96cd","shp_ProgressIndicator_Shimmer_B_Gall_Bottom":"367bd08b-8dac-43bf-87b4-6586cf123e69","PACo_ProgressIndicator_E":"d06e3eda-890f-4cd6-8bdb-45c82f3ad915","html_ProgressIndicator_E_Visualization":"b5b4ea24-e000-4bbc-8fa0-dc12f0d0265c","shp_ProgressIndicator_E_Visualization":"eccfa565-64f9-4c3c-b513-b12810cf407f","gall_ProgressIndicator_E":"b434a8ab-ea84-4460-937a-4608213ad2d4","galleryTemplate1_9":"052dc447-323d-4b49-a62b-4e0b03659603","img_ProgressIndicator_E_Gall":"6d17c4e1-e91a-4b59-8f0c-258f90f8a76c","icn_ProgressIndicator_E_Gall_Clickable":"31379e11-911f-45c9-b19f-f7603fd8ef50","shp_ProgressIndicator_E_Gall_Left":"b7619b68-9d11-472d-8d26-ab6c25b436b8","shp_ProgressIndicator_E_Gall_Right":"9d6b3170-7506-4aba-8984-bc27a95bb4df","lbl_ProgressIndicator_E_Gall":"0ac9bb68-4b81-4b4f-a400-3e04c85f3940","PACo_InformationBlock_A":"73ee2876-71b0-4d39-a0ba-d2387a750220","html_InformationBlock_A_Visualization":"a7d641cd-8010-4df9-bc5d-461ec4debba8","shp_InformationBlock_A_Visualization":"7b3c3eee-3648-4585-bce0-5a04979af717","lbl_InformationBlock_A":"53b57d9a-a280-4808-9a7b-2d4fb6a692b2","img_InformationBlock_A":"b9265393-c09a-4faa-94d0-b472f72f3eca","shp_InformationBlock_A_Divider":"5f33953d-717a-47f6-9881-0dcd896c4235","gall_InformationBlock_A":"e5fa4986-e3df-462d-bb34-c1fd9a3b084d","galleryTemplate6":"4a259b62-0296-4a82-ad36-b6dfa7579280","lbl_InformationBlock_A_Gall_Label":"4bb072ca-4c5c-461c-9ed9-c7e3c82439dd","lbl_InformationBlock_A_Gall":"538ad5f1-0097-4d89-b54f-2b8f111da4f4","icn_InformationBlock_A_Gall":"90b5adf1-80bd-4157-9515-bd957af83c57","PACo_ProgressIndicator_C":"2c3fe971-cb00-45ea-9652-79a4c9fd4d45","html_ProgressIndicator_C_Visualization":"5ceedbad-1cb3-4a03-af33-93e056f0b067","shp_ProgressIndicator_C_Visualization":"d67d0a91-ba10-4181-8c93-a6e433c5df16","gall_ProgressIndicator_C":"c5ccdb60-5b23-4c9b-b43e-29d04caebe8c","galleryTemplate3":"301a5bd0-3456-446e-9f66-6e4fdd0783f7","shp_ProgressIndicator_C_Gall_Top":"33ce3c4e-8a40-4b1d-830b-dd75c27ef51b","lbl_ProgressIndicator_C_Gall":"a6b579e7-4d54-4cfe-ba0f-f8a5f1b7b25a","shp_ProgressIndicator_C_Gall_Circle1":"66b518b1-7208-4767-83f1-0ad2e815bce0","icn_ProgressIndicator_C_Gall_Circle_Clickable":"808f25d5-d4a4-46cb-893e-12bfb3247fd7","shp_ProgressIndicator_C_Gall_Circle2":"c68f0dad-d23f-466c-a44f-0eee44b32324","shp_ProgressIndicator_C_Gall_Circle3":"e43f7cbb-240f-4a67-a7bc-4a559329364f","shp_ProgressIndicator_C_Gall_Bottom":"27f7d1e9-5bfe-4b67-b35f-73d5e4343d80","PACo_ProgressIndicator_D":"00905b60-4495-4e96-8003-50c4ca03a4cf","html_ProgressIndicator_D_Visualization":"74751b83-8c33-481f-92d9-73adb9498775","shp_ProgressIndicator_D_Visualization":"86c42e41-0ef0-477d-885a-0c8bd59bbf67","gall_ProgressIndicator_D":"5ed0b48b-72e9-4e37-ba27-2bc7ca3d429d","galleryTemplate5":"36193bf1-1dc7-42b5-813f-e5f69b203fee","shp_ProgressIndicator_D_Gall_Top":"9f544ab1-673b-44a8-a879-89bd7a982078","lbl_ProgressIndicator_D_Gall":"734251a0-b6e4-4f1b-adb7-e0e1a1e02211","shp_ProgressIndicator_D_Gall_Circle1":"6fea58f1-1ece-4420-ab1c-005d9bd46f78","icn_ProgressIndicator_D_Gall_Circle_Clickable":"e932c166-8b1f-40c1-af99-a353514c10a5","shp_ProgressIndicator_D_Gall_Circle2":"4aebd04d-df88-4900-a11e-088d53ae29ff","shp_ProgressIndicator_D_Gall_Circle3":"2b5dcf04-7be8-4649-b3f4-44cca8096939","shp_ProgressIndicator_D_Gall_Bottom":"6719af4b-7a98-4cf8-83b2-fbf37c9db67f","PACo_Breadcrumb_A":"febead93-1aef-4952-8e46-65ae682be033","html_Breadcrumb_A_Visualization":"32385e6c-cb3e-49f6-9b38-df240524c3df","shp_Breadcrumb_A_Visualization":"f6bee6df-5964-4125-ad74-81a0025a8e50","cntr_Breadcrumb_A":"759fd02b-91e5-41bc-9f7e-19bc365016e0","icn_Breadcrumb_A_1":"8034c618-413e-406d-8718-27b6e07cfb40","lbl_Breadcrumb_A_1":"005d099a-0303-4e47-a3f4-15677b110189","icn_Breadcrumb_A_2":"2597de56-d6cc-45f6-94b6-b9ba8bd9e37d","lbl_Breadcrumb_A_2":"bfbdca5c-af8f-4479-b932-e05ef774350e","icn_Breadcrumb_A_3":"577775eb-10c2-4824-acc5-fd96521b036e","lbl_Breadcrumb_A_3":"3f625c3f-5c6a-40fc-9d00-ac3e28868a42","icn_Breadcrumb_A_4":"27e370d4-56e1-48e2-a9c3-943332d674f0","lbl_Breadcrumb_A_4":"7691c172-5b89-48f6-9ade-08c014fed597","icn_Breadcrumb_A_5":"b98174cd-2b36-45fe-bd35-6dd345c902ab","lbl_Breadcrumb_A_5":"2e607157-81a4-4e8e-af54-c6837ce4e48d","img_Breadcrumb_A_1_2":"a48c2e5c-756a-4f45-b387-61f72a18d86c","img_Breadcrumb_A_2_3":"56b8307c-907f-43b6-b682-52090a1346b2","img_Breadcrumb_A_3_4":"d2d41041-e3e1-4459-ba68-d30b6d6b6fcb","img_Breadcrumb_A_4_5":"202b33bc-5d56-4026-8c00-127c322b544c","html_Breadcrumb_A_1":"9d393b6f-9742-4746-8d1c-6ab4be98daa2","html_Breadcrumb_A_2":"c8596ed6-de99-4fdd-8345-f5be7152da1f","html_Breadcrumb_A_3":"f18cb9ea-58d9-4c74-846e-e3ede14d2c2b","html_Breadcrumb_A_4":"d832f190-5399-464b-a53b-be3c3c391b2a","html_Breadcrumb_A_5":"71e668df-ab3d-4abe-b7e9-40de27fde82c","PACo_Log Screen":"d031df28-1216-47d5-9276-10d32a40aae7","cmp_Log_Icon_A_Back":"3ccfa5a9-e9d1-4271-bc57-b178cc7a6b0c","tmr_Log":"6d576875-7890-42c0-9da7-857d28fe1fe3","cmp_Log_Log_A":"56e998e0-864f-405e-9c4f-c0a3cc96d7c5","cmp_Log_Button_A_LoadData":"be965022-2339-4e00-80b1-2415a05361c9","lbl_Log_VAR":"7b571760-e720-4ed3-996e-92b51fc85a17","PACo_SelectList Screen":"38f8ecc9-3ee3-4fb2-98f8-94e7b5e92636","cmp_SelectList_SelectList_A":"aee3c8f6-95da-4c0b-b8d8-dbec97ffc173","cmp_SelectList_Icon_A_Back":"fd62c73e-20eb-4742-887a-937023e98eff","cmp_SelectList_Button_A_LoadData":"5d454ed1-7a6a-4922-9b8e-ef57b218fd28","lbl_SelectList_VAR":"e02ee09b-e02f-4439-9fae-7c621971c473","PACo_Header Screen":"b51bda0e-148c-405f-b210-d45b86e446c7","cmp_Header_Header_A_1":"97b05ca9-2860-4dec-88a3-73249944ea9a","cmp_Header_HeaderSettingsMenu_A":"a71ff017-88eb-4a7a-bde0-f9bfc2f65beb","cmp_Header_Icon_A_Back":"a85047fb-16df-492a-ab35-54070072f720","cmp_Header_Header_A_2":"de3eb4ea-5ef7-443d-9a61-d0f527ba27a2","cmp_Header_Header_A_3":"d557d8b9-f966-47a0-ada2-fb788481860a","cmp_Header_HeaderLanguagesMenu_A":"1f38f073-fdbe-4013-973c-504ce0f5bbe0","lbl_Header_A_VAR":"31d0265c-bda4-4d8c-87f2-cb239b4ad8e1","PACo_DetailsList_C Screen":"fe27447e-2201-424d-beea-a55b568c7f0e","cmp_DetailsList_C_Icon_A_Back":"a5674e88-5b42-4038-a5d8-a9e80af7f59e","cmp_DetailsList_C_Button_A_LoadData":"e493dc84-b781-45bb-90c4-e0994ce388c4","lbl_DetailsList_C_VAR":"8773665d-6d38-4670-b3d6-17425bd504ac","cmp_DetailsList_C_DetailsList_C":"7108906e-a5b0-4e0c-9421-09d0c97e9df7","PACo_SearchBox Screen":"1cc43c6a-b2d9-45b2-bcd1-fb07bba0f8cf","cmp_SearchBox_SearchBox_A":"27ceb5f3-6f76-4c1a-9643-1d0f995d2c5d","cmp_SearchBox_Icon_A_Back":"ad855773-4286-48f4-93f4-88178f729707","lbl_SearchBox_VAR":"71bd2e4f-89fb-4fc2-b851-d3ac8ed62962","PACo_DetailsList_A Screen":"ef82f38d-55c6-4a03-a3aa-0fac1f9ceceb","cmp_DetailsList_A_DetailsList_A":"c30d7491-ba20-4130-8f66-18cd1693baae","cmp_DetailsList_A_Icon_A_Back":"61f3bf6e-ab60-46db-98ba-574c1c6f6391","cmp_DetailsList_A_Button_A_LoadData_2":"0423d035-ea91-4f76-a265-3fd796b8b907","cmp_DetailsList_A_Button_A_LoadData_1":"ae4af06c-6347-4fcd-8963-257ffbc3e61a","lbl_DetailsList_A_VAR":"19b5e9c4-1c03-4874-9b47-4510ec893dc4","PACo_ProgressIndicator_A Screen":"bb4e0a7b-324a-482a-8900-97d57f2eb383","cmp_ProgressIndicator_A_Icon_A_Back":"b0bba98d-0f34-422b-8f83-507746aa3011","cmp_ProgressIndicator_A_Button_A_LoadData":"c11e268b-9de6-426a-893f-6e5f9de2950a","lbl_ProgressIndicator_A_VAR":"b3b8cf84-f04d-480e-89b0-cea48520e8a5","cmp_ProgressIndicator_A_ProgressIndicator_A_1":"bd57ca3e-82db-452f-9a60-bef4442fae0b","cmp_ProgressIndicator_A_ProgressIndicator_A_2":"492ba2a1-f8e1-4480-b052-13ba6e761886","Home Screen":"2de53cd9-8f11-44e4-9e35-7f4ccd39042e","cntr_Home":"5d6fd9b7-b72b-430e-88fe-05c394fe8581","cmp_Home_Button_A_PACo_Breadcrumb_A":"5da7ffbf-d4a2-4f2e-ac36-e9e70366a800","cmp_Home_Button_A_PACo_Button_A":"fb67fe4c-a166-4494-ac67-55acd94d2c4f","cmp_Home_Button_A_PACo_CommandBar":"5a582b10-ee68-476d-9c79-87d2241a36e0","cmp_Home_Button_A_PACo_CommandBar_Item_A":"e462229c-266c-48e8-a05e-df237bd55ac0","cmp_Home_Button_A_PACo_DetailsList_A":"7d1cedeb-19af-45cb-89b7-6478e1c29691","cmp_Home_Button_A_PACo_DetailsList_B":"c856bab4-220a-486e-bc73-b8e464f7550c","cmp_Home_Button_A_PACo_DetailsList_C":"fe94a540-2a82-4f2c-ae3d-4dd76a6c02d6","cmp_Home_Button_A_PACo_Dialog_A":"13126e36-2a53-4286-a935-ee5586d6fc18","cmp_Home_Button_A_PACo_Header_A":"01efd929-5d88-4f79-954c-3f8e703d41de","cmp_Home_Button_A_PACo_Icon_A":"93695e29-dafe-418d-925a-fee1fe1b620f","cmp_Home_Button_A_PACo_Info_A":"c963ced8-3493-4d14-9148-a5a3b44c0c02","cmp_Home_Button_A_PACo_InformationBlock_A":"a4864199-b42f-4faf-a683-8c6d368a6e02","cmp_Home_Button_A_PACo_Log_A":"0ad4f25f-5b11-46fe-94b0-50b1bf28710c","cmp_Home_Button_A_PACo_Nav_B":"f8669e43-47cd-4452-9b32-0c7eceb0f56e","cmp_Home_Button_A_PACo_Nav_C":"51730f23-9667-4387-be3e-0d2e02b18632","cmp_Home_Button_A_PACo_Panel_A":"d293bd16-4191-4222-a6c9-fdceed7f43d7","cmp_Home_Button_A_PACo_PeoplePicker_A":"59117d22-aa7f-46a8-934e-9c779d62e10b","cmp_Home_Button_A_PACo_ProgressIndicator_A":"0634b095-cf36-4a20-80ed-1b464d93240a","cmp_Home_Button_A_PACo_ProgressIndicator_B":"fcd36a04-3234-4c7a-833d-8b3a2b842e64","cmp_Home_Button_A_PACo_ProgressIndicator_C":"e9fb9b14-7b7b-402f-bbcc-05f1c75c3f93","cmp_Home_Button_A_PACo_ProgressIndicator_D":"0c509918-ff29-4745-bfd6-34e8c16ba950","cmp_Home_Button_A_PACo_ProgressIndicator_E":"19c90d53-8e0c-4a08-a523-67adf6f16e41","cmp_Home_Button_A_PACo_ProgressIndicator_F":"3314d77f-90a5-444c-ac87-f35c2476e35f","cmp_Home_Button_A_PACo_SearchBox_A":"c0991ec8-159b-407f-b6dd-b63cef920ae5","cmp_Home_Button_A_PACo_SelectList_A":"7fe730d7-0c48-4280-b1a2-e71c794d2dd8","cmp_Home_Button_A_PACo_Shimmers":"c7636e12-fbd7-4267-8d9c-84d3e832fa9d","cmp_Home_Button_A_PACo_Spinner_A":"ad918a57-331b-4a5d-8dd5-6fd81779e426","cmp_Home_Button_A_PACo_Tabs":"a2693165-6d8d-4f11-a71d-6dba05642714","cmp_Home_Button_A_PACo_Tiles":"b39e15d9-cf97-4f93-9e00-f72a3fb6af80","cmp_Home_Button_A_PACo_Visualization_A":"f46d156e-b2e5-4881-b21f-275e14dd16d6","PACo_ProgressIndicator_B Screen":"8a586a47-55ce-40aa-bf21-bc654511b978","cmp_ProgressIndicator_B_Icon_A_Back":"c9899ead-c154-4fff-a98b-a6249a6830c8","cmp_ProgressIndicator_B_Button_A_LoadData":"ab4dcd77-af45-4452-90cb-5ca6bdeddca3","lbl_ProgressIndicator_B_VAR":"514eb030-802f-4cb9-a6f9-b8541ba2d1dc","cmp_ProgressIndicator_B_ProgressIndicator_B_1":"f9c4558a-35e5-43db-98b0-2989cb6e9a04","cmp_ProgressIndicator_B_ProgressIndicator_B_2":"57940969-4f2a-43ca-8b8e-cbab3b15e520","PACo_Button Screen":"d2c68483-5770-4dd0-b63a-c6b7e74206c5","cmp_Button_Button_A_Back":"da2ecf3e-efce-4a55-862f-ef414d2a9d01","cmp_Button_Button_A_Primary":"93c1b4b1-827c-461a-8bab-92105ab2529c","cmp_Button_Button_A_Secondary":"85fba862-0dea-47c0-ae98-13f8a14e408c","cmp_Button_Button_A_Primary_Disabled":"ef92777f-7b49-4b72-a87c-026be95e3125","cmp_Button_Button_A_Secondary_Disabled":"41804fee-524d-459b-830b-0faee111937f","cmp_Button_Button_A_Primary_NoImage":"af1ef2d3-f4eb-487c-8391-e0171d710815","cmp_Button_Button_A_Secondary_NoImage":"5cd1b345-c150-4847-9127-bfd2f02e7a93","cmp_Button_Button_A_Primary_NoText":"d29d62ad-66e0-4b63-bafc-8584e396fa4d","cmp_Button_Button_A_Secondary_NoText":"1d969022-d7f8-4d23-b942-9e838d89321f","cmp_Button_Button_A_Primary_BorderRadius":"8f102ee4-9044-4445-bbf5-04ad80131a13","cmp_Button_Button_A_Secondary_BorderRadius":"c6dfd39e-c6af-4372-a847-9c135d4bcab6","cmp_Button_Button_A_Primary_Disabled_BorderRadius":"31b8b22e-ab73-4e27-b287-b0cbad88c0e6","cmp_Button_Button_A_Secondary_Disabled_BorderRadius":"8da0fb88-8ed9-40cc-83db-27a6af36cc33","cmp_Button_Button_A_Primary_2":"f538fda3-cdf3-4990-a08c-6fda32efea5b","cmp_Button_Button_A_Secondary_2":"888cbcec-d114-424a-a258-46cf79b501ed","cmp_Button_Button_A_Primary_Disabled_2":"b41f3fc9-283c-4047-a49f-b7318c183df2","cmp_Button_Button_A_Secondary_Disabled_2":"692ebfc4-4891-442d-aaed-7eb1ecc32eef","cmp_Button_Button_A_Primary_NoImage_2":"447b0f48-06be-424e-b01e-58921b59a1fe","cmp_Button_Button_A_Secondary_NoImage_2":"2d314956-6162-40f0-99bb-a6016b1f38c2","cmp_Button_Button_A_Primary_NoText_2":"d54e088f-dc5d-4020-8b7f-cedaad63fa03","cmp_Button_Button_A_Secondary_NoText_2":"4ccab99b-bd46-4dab-8624-11e1638a9649","cmp_Button_Button_A_Primary_BorderRadius_2":"daf1fa69-a783-4ffd-a447-c22c4c9e5588","cmp_Button_Button_A_Secondary_BorderRadius_2":"a09d0c60-7ac5-4dd2-8ed4-374b8a15881c","cmp_Button_Button_A_Primary_Disabled_BorderRadius_2":"536dc549-d799-4793-80b6-5bf7171ecbae","cmp_Button_Button_A_Secondary_Disabled_BorderRadius_2":"49d7ec2d-f6e8-430d-9fd4-7c3608e9b09a","lbl_Button_Primary_VAR":"9ad44054-8f24-401d-ac40-8179054c45ed","lbl_Button_Secondary_VAR":"a42102ab-709e-4010-b090-59aef0932f26","PACo_CommandBarItem Screen":"8cab4163-24dd-4717-9dbf-99c040e9db04","cmp_CommandBarItem_Icon_A_Back":"177cb5cc-064f-40b9-91cd-9929577a49e8","cmp_CommandBarItem_CommandBar_Item_A":"3b587aa9-8162-4de3-b40d-4ba9c18aac06","lbl_CommandBarItem_VAR":"50fe9dc0-4a1a-4d9e-a7da-cce96163e725","PACo_Spinner Screen":"5eb9dfbc-bae3-4788-bf23-5bad6ed46e02","cmp_Spinner_Spinner_A":"4fe2b504-1959-44f7-acdb-94ec05074c41","cmp_Spinner_Icon_A_Back":"a5f8a9c7-abb8-4129-9918-ca2710af2e3a","PACo_Icon Screen":"849abd3c-8dd9-43b6-8ca9-1176130051d9","cmp_Icon_Icon_A":"c08b05ff-f084-43e9-8373-828d545533d4","cmp_Icon_Icon_A_Back":"356cb6d6-9015-48fe-aba8-16646a932209","lbl_Icon_VAR":"9f1c91b7-f160-4c98-8955-660b8a2a9752","PACo_Visualization Screen":"0445e2ad-6008-4f7f-a92b-8495c435313d","cmp_Visualization_Visualization_A_Elevation":"37c35ecd-0788-4669-9980-247e1cdd98d4","cmp_Visualization_Icon_A_Back":"a0537c14-9d42-43ad-a29f-4706578874f2","cmp_Visualization_Visualization_A_Line":"fbf7741f-f734-48c1-bddb-ea4dfcead990","PACo_Tiles Screen":"eae0d78f-9b62-4c9c-9767-f590a619de31","cmp_Tiles_Icon_A_Back":"92a677b6-c628-4785-ba31-51d5b6604f7f","cmp_Tiles_Button_A_LoadData":"03dcfe8a-2a77-4178-bfbc-8cacec91244b","cmp_Tiles_Tile_A":"c927f6f3-c423-46d9-9eb4-8606934cae24","cmp_Tiles_Tile_B":"5440ca8e-1031-42d9-b7a8-bc3271669566","lbl_Tiles_VAR":"1a108f45-e010-405f-8ce0-a02f445086da","PACo_CommandBar Screen":"7d40bd5c-c052-4da3-bb59-21a0f7a96213","cmp_CommandBar_Button_A_LoadData":"f1560a45-eb4b-4fe0-90d3-060427c82962","lbl_CommandBar_VAR":"5dc10733-21b1-4b9c-8f5b-cee2b231bcb6","sldr_CommandBar":"0796f7c1-3871-41e1-b97f-3e9af3b60bc3","cmp_CommandBar_CommandBar_B":"e39791eb-5aea-43f1-9b23-5c5d38c5eabb","cmp_CommandBar_CommandBarMenu_A":"c3f9ff66-73ce-4570-afd1-954df7d6a911","cmp_CommandBar_Icon_A_Back":"371f9d1e-1ac8-41f9-8281-e2c8412c1758","PACo_DetailsList_B Screen":"e99a7191-f0df-4141-957d-6046482fd534","cmp_DetailsList_B_Icon_A_Back":"8e62a4f5-b673-411a-95ea-4ce4aa6e4e50","cmp_DetailsList_B_Button_A_LoadData_1":"253d6ea6-0f28-45bc-93a8-74156cc6e6fb","lbl_DetailsList_B_VAR":"cec50f8b-a238-4d49-8ad7-db90d2cbd6e0","cmp_DetailsList_B_Button_A_LoadData_2":"2bb858b2-af1d-4b67-8e2d-d2a1f5b1508c","cmp_DetailsList_B_DetailsList_B":"39262d09-0d57-4ef6-b3be-bbacfdb92af8","PACo_Dialog Screen":"2044281d-4e11-42f3-b708-a227c8ae08fc","cmp_Dialog_Dialog_A":"1afac886-2b70-4b3b-bd7b-c64f86e04096","cmp_Dialog_Icon_A_Back":"741b5c30-bd7e-4445-82b6-2d2e0416fcf1","cmp_Dialog_Button_A_LoadData_1":"c277b42f-e334-452e-a01b-38b473d6d8de","cmp_Dialog_Button_A_LoadData_2":"f7cbec3d-067a-4a10-8ab1-b5ba944fdd02","PACo_Nav_B Screen":"99dfeba5-7ad2-421b-958d-47e84d978f0f","cmp_Nav_B_Icon_A_Back":"857d853b-5527-451a-8a99-364dc8309d27","cmp_Nav_B_Nav_B":"7943e6f8-583c-4c30-a54d-d520f433fe8a","cmp_Nav_B_Button_A_LoadData":"d135b419-838d-4eab-854d-86a4bfb36f6f","lbl_Nav_B_VAR":"0724da19-9c10-4a6c-9657-eff310defa3c","PACo_Nav_C Screen":"5e4303d1-7c4f-4fe3-9d3a-d4e045e9a926","cmp_Nav_C_Nav_C":"c61216e1-bb30-4b24-aa94-17eecf2d3bd4","cmp_Nav_C_Icon_A_Back":"4011f748-835a-4d4c-be8f-f97c5035005c","cmp_Nav_C_Button_A_LoadData":"12483cf5-19e7-49be-896f-854e2c595895","lbl_Nav_C_VAR":"caca6608-e5eb-4cbb-9c49-420f5714e9d4","PACo_Panel Screen":"86cd12ec-5f07-4bb7-b007-ac07d55518c2","cmp_Panel_Panel_A":"fd3d3093-0a3c-4533-a202-3457dfbe05a2","cmp_Panel_Icon_A_Back":"fe8a0b29-5ead-426f-935f-06655efe9fa9","cmp_Panel_Button_A_LoadData":"52460957-1b66-4717-b301-0872f253b191","lbl_Panel_VAR":"6a69dab4-5a81-4995-bce2-63554769d299","PACo_Tabs Screen":"28b47d9c-62ec-439b-be38-4f7088b46e29","cmp_Tabs_Icon_A_Back":"8c44f843-c0fa-4c7d-ad5b-02cc63e5e2c8","cmp_Tabs_Button_A_LoadData":"63e3431d-ee33-4b1c-a53f-857b06c07a49","lbl_Tabs_VAR":"db865fd7-86e0-4a54-baf7-bda239e0e2e9","sldr_Tabs":"3f6b97dd-e63b-44b7-ba53-ecf74b4d0c1e","cmp_Tabs_Tabs_A":"57ec5968-7c6b-4846-992f-76844ebca335","cmp_Tabs_TabsMenu_A":"5c09cfe9-5f88-4b5f-b22a-93a227805ec0","PACo_Shimmers Screen":"f543974c-1662-4cbd-bf2d-7e8a92471c63","cmp_Shimmers_Icon_A_Back":"f005ad70-0f1a-4ca8-85ab-4359acf3e32c","cmp_Shimmers_CommandBar_Shimmer_A":"c0fabedd-be35-44bb-9900-0288aaf178af","cmp_Shimmers_DetailsList_Shimmer_A":"49f29425-d64f-42c3-a1e7-044939702a9f","cmp_Shimmers_ProgressIndicator_Shimmer_A_1":"4486e29f-c0d9-451e-a901-1d713852de32","cmp_Shimmers_ProgressIndicator_Shimmer_B_1":"ce4bfac8-d05a-4a1e-b9e1-051f77ee94cc","cmp_Shimmers_ProgressIndicator_Shimmer_B_2":"49355cdc-2fe0-4a3e-85b4-721836c5fb1b","cmp_Shimmers_Button_A_LoadData_1":"92ee4c45-3072-4186-885c-e52a8eaad721","cmp_Shimmers_Button_A_LoadData_2":"fd76022d-05da-4c01-85f0-7c2faa85934e","cmp_Shimmers_ProgressIndicator_Shimmer_A_2":"a16ca9bd-d2b5-42b4-aee3-a181720a2c28","cmp_Shimmers_Button_A_LoadData_3":"d2fbb22c-f0ae-4510-8346-4675e7b90e9c","cmp_Shimmers_Button_A_LoadData_4":"e7faade9-0448-4fd9-949f-9e323bc738d1","PACo_Info Screen":"d3f5afc5-ebeb-47a3-b41a-d9b383275831","cmp_Info_Info_A":"6fca6db4-30a7-4fb6-aac0-e400e29a4aee","cmp_Info_Icon_A_Back":"309822a2-edc7-48d0-804c-535d075e1b87","cmp_Info_Button_A_LoadData_1":"47402b1f-ad1d-4029-9d76-80421c71aaca","cmp_Info_Button_A_LoadData_2":"8409b3bb-38e9-497d-b35a-cb04e4582a2b","cmp_Info_Button_A_LoadData_3":"238ac370-24ab-4b57-a8e9-081665f8349d","cmp_Info_Button_A_LoadData_4":"70ac8b59-c2c4-4652-ae3a-57adb8378c09","PACo_ProgressIndicator_C Screen":"a3c5ecaf-ee44-4763-a729-9a7c022001e2","cmp_ProgressIndicator_C_Icon_A_Back":"9327e333-3fd4-4876-b02e-29de61ee5050","cmp_ProgressIndicator_C_ProgressIndicator_C_1":"7770f916-9dd8-469d-8046-829fe8428f24","cmp_ProgressIndicator_C_ProgressIndicator_C_2":"1795e6cb-04c9-444d-a094-b88de2579afc","cmp_ProgressIndicator_C_Button_A_LoadData":"6ae59cb6-36a2-4d28-a643-1df3f52884a0","lbl_ProgressIndicator_C_VAR":"276be531-9302-4afe-9a37-ef0dbe22ca3c","PACo_ProgressIndicator_D Screen":"63ca8562-8dc0-4a14-a321-c708e875677e","cmp_ProgressIndicator_D_Icon_A_Back":"86feabe2-5653-4cb4-a9b0-f23c78366918","cmp_ProgressIndicator_D_ProgressIndicator_D_1":"e91f55e8-c062-4418-85d7-e51130c7660d","cmp_ProgressIndicator_D_ProgressIndicator_D_2":"96d805ef-93c3-4bbd-823c-e0b29a5186d6","cmp_ProgressIndicator_D_Button_A_LoadData":"e2ea0019-f45d-48a7-82c6-7d25559883a6","lbl_ProgressIndicator_D_VAR":"cf4729db-ea88-432e-b88a-cea1930ddfca","PACo_InformationBlock Screen":"819c76cf-3db3-424f-a75f-2542f8dd692e","cmp_InformationBlock_Icon_A_Back":"85481674-3edb-4f22-897f-eb62f24e426d","cmp_InformationBlock_InformationBlock_A":"5f722d93-d193-4995-aa01-b244478e0980","cmp_InformationBlock_Button_A_LoadData_AutoHeightYes":"41d1ac36-75d3-449a-b772-c212c122e5f5","label_InformationBlock_VAR":"43d890fe-f54f-4373-b5c3-631cdd5236dc","cmp_InformationBlock_Button_A_LoadData_AutoHeightNo":"25917f50-bfd0-4558-acea-83cc40427651","PACo_ProgressIndicator_E Screen":"e98d4835-336b-4ba5-be1d-70ef7cc912de","cmp_ProgressIndicator_E_Icon_A_Back":"62f8ea87-9296-4989-ab24-750c10b97743","cmp_ProgressIndicator_E_Button_A_LoadData":"c4ba766a-5d80-4fa6-b2c3-7287420d2d77","lbl_ProgressIndicator_E_VAR":"e2d66eda-d56e-4321-b404-80ff80a3d55c","cmp_ProgressIndicator_E_ProgressIndicator_E_1":"025155d9-3d70-4a29-acd7-f7eb47052080","cmp_ProgressIndicator_E_ProgressIndicator_E_2":"eb9e7eae-fd0f-40e0-916d-26cac9d2ed11","PACo_ProgressIndicator_F Screen":"73a2318b-72ae-4fec-9e08-ddae688016c6","cmp_ProgressIndicator_F_Icon_A_Back":"874d0b72-872d-41db-bd78-9fcf72def097","cmp_ProgressIndicator_F_ProgressIndicator_F_1":"1e8db6bc-ac0e-469d-a6c0-d71b3241be5e","cmp_ProgressIndicator_F_ProgressIndicator_F_2":"e8d921e2-9580-4a33-9d25-6186eb1e942e","cmp_ProgressIndicator_F_Button_A_LoadData":"d50262dd-8029-46c8-9f94-6ac9e1808d82","lbl_ProgressIndicator_F_VAR":"dc66e3de-806d-4387-b211-0e5a8d97bf6a","PACo_PeoplePicker Screen":"ecda0112-2ac5-45f2-b96b-3a0e6a85c984","cmp_PeoplePicker_PeoplePicker_A":"e49bc1d2-5017-465f-92c5-db40d14d45cc","cmp_PeoplePicker_Icon_A_Back":"b59d5df8-8b2d-44e4-aa01-fa9ac6d797a0","cmp_PeoplePicker_Button_A_LoadData":"1995fc22-c90d-4336-bf28-23be6ed8e6bf","lbl_PeoplePicker_VAR":"4d779445-61c3-4878-ad1d-fa8b6a6ffc24","PACo_Breadcrumb Screen":"9c63f521-590b-4432-80ee-2cd5375efdea","cmp_Breadcrumb_Button_LoadData":"f58ba9c3-cba6-465b-aea9-4446e08c4901","lbl_Breadcrumb_VAR":"5b6ef619-1430-45aa-80a0-c6322c3f5050","cmp_Breadcrumb_Breadcrumb_A":"4a9abab4-261b-4761-926c-056f86f6a728","cmp_Breadcrumb_Icon_A_Back":"159e7adf-e2d3-42bf-b9da-a8087f757290"}