<ImportExportXml xmlns:xsi="http://www.w3.org/2001/XMLSchema-instance">
  <Entities></Entities>
  <Roles></Roles>
  <Workflows></Workflows>
  <FieldSecurityProfiles></FieldSecurityProfiles>
  <Templates />
  <EntityMaps />
  <EntityRelationships />
  <OrganizationSettings />
  <optionsets />
  <CustomControls />
  <EntityDataProviders />
  <CanvasApps>
    <CanvasApp>
      <Name>faf_pacoexamples_cafbd</Name>
      <AppVersion>2023-12-28T12:15:56Z</AppVersion>
      <Status>Ready</Status>
      <CreatedByClientVersion>3.23122.17.0</CreatedByClientVersion>
      <MinClientVersion>3.23122.17.0</MinClientVersion>
      <Tags>{"primaryDeviceWidth":"1366","primaryDeviceHeight":"768","supportsPortrait":"true","supportsLandscape":"true","primaryFormFactor":"Tablet","publisherVersion":"3.23122.17","minimumRequiredApiVersion":"2.2.0","hasComponent":"true","hasUnlockedComponent":"false","isUnifiedRootApp":"false","sienaVersion":"20231223T202906Z-3.23122.17.0","showStatusBar":"false","offlineLargeFilesSupport":"false"}</Tags>
      <IsCdsUpgraded>0</IsCdsUpgraded>
      <GalleryItemId xsi:nil="true"></GalleryItemId>
      <BackgroundColor>rgba(255, 255, 255, 1)</BackgroundColor>
      <DisplayName>PACo Examples</DisplayName>
      <Description>PACo Examples</Description>
      <CommitMessage>Version 3.0.2</CommitMessage>
      <Publisher xsi:nil="true"></Publisher>
      <AuthorizationReferences>[]</AuthorizationReferences>
      <ConnectionReferences>{}</ConnectionReferences>
      <DatabaseReferences>{}</DatabaseReferences>
      <AppComponents>[]</AppComponents>
      <AppComponentDependencies>[{"appComponentName":"34b05f8cc4c7498f948dc0b2a78562ea","appName":"56d00f28-532d-497a-8763-04d4af214141","appComponentLibraryName":"d87df162-23a3-4503-ac50-13eb386b5cd8","appComponentLibraryVersion":"2023-12-28T11:58:07Z","appComponentLibraryLogicalName":"faf_paco_877d7","environmentName":"default-80abc0a6-d93f-4379-a387-8ffbf039fa91"},{"appComponentName":"d06303d86725479aa0ec7401208cd0a3","appName":"56d00f28-532d-497a-8763-04d4af214141","appComponentLibraryName":"d87df162-23a3-4503-ac50-13eb386b5cd8","appComponentLibraryVersion":"2023-12-28T11:58:07Z","appComponentLibraryLogicalName":"faf_paco_877d7","environmentName":"default-80abc0a6-d93f-4379-a387-8ffbf039fa91"},{"appComponentName":"957aeeea5fa34085b22cb096d6ffca7b","appName":"56d00f28-532d-497a-8763-04d4af214141","appComponentLibraryName":"d87df162-23a3-4503-ac50-13eb386b5cd8","appComponentLibraryVersion":"2023-12-28T11:58:07Z","appComponentLibraryLogicalName":"faf_paco_877d7","environmentName":"default-80abc0a6-d93f-4379-a387-8ffbf039fa91"},{"appComponentName":"b9bc42caeee7419f996665959f65bfd0","appName":"56d00f28-532d-497a-8763-04d4af214141","appComponentLibraryName":"d87df162-23a3-4503-ac50-13eb386b5cd8","appComponentLibraryVersion":"2023-12-28T11:58:07Z","appComponentLibraryLogicalName":"faf_paco_877d7","environmentName":"default-80abc0a6-d93f-4379-a387-8ffbf039fa91"},{"appComponentName":"35e5588f03f04b6784901cfd9ad6090f","appName":"56d00f28-532d-497a-8763-04d4af214141","appComponentLibraryName":"d87df162-23a3-4503-ac50-13eb386b5cd8","appComponentLibraryVersion":"2023-12-28T11:58:07Z","appComponentLibraryLogicalName":"faf_paco_877d7","environmentName":"default-80abc0a6-d93f-4379-a387-8ffbf039fa91"},{"appComponentName":"cf356dabe9d94e90900ff197a50aa565","appName":"56d00f28-532d-497a-8763-04d4af214141","appComponentLibraryName":"d87df162-23a3-4503-ac50-13eb386b5cd8","appComponentLibraryVersion":"2023-12-28T11:58:07Z","appComponentLibraryLogicalName":"faf_paco_877d7","environmentName":"default-80abc0a6-d93f-4379-a387-8ffbf039fa91"},{"appComponentName":"fa524ed235254040934aad9fadc0bfe1","appName":"56d00f28-532d-497a-8763-04d4af214141","appComponentLibraryName":"d87df162-23a3-4503-ac50-13eb386b5cd8","appComponentLibraryVersion":"2023-12-28T11:58:07Z","appComponentLibraryLogicalName":"faf_paco_877d7","environmentName":"default-80abc0a6-d93f-4379-a387-8ffbf039fa91"},{"appComponentName":"3e4db8bad69e44278da14c1432176415","appName":"56d00f28-532d-497a-8763-04d4af214141","appComponentLibraryName":"d87df162-23a3-4503-ac50-13eb386b5cd8","appComponentLibraryVersion":"2023-12-28T11:58:07Z","appComponentLibraryLogicalName":"faf_paco_877d7","environmentName":"default-80abc0a6-d93f-4379-a387-8ffbf039fa91"},{"appComponentName":"5783ab3906654229b07de8cc9b42de79","appName":"56d00f28-532d-497a-8763-04d4af214141","appComponentLibraryName":"d87df162-23a3-4503-ac50-13eb386b5cd8","appComponentLibraryVersion":"2023-12-28T11:58:07Z","appComponentLibraryLogicalName":"faf_paco_877d7","environmentName":"default-80abc0a6-d93f-4379-a387-8ffbf039fa91"},{"appComponentName":"5703b36338b749f887ead6cfafbcdb8d","appName":"56d00f28-532d-497a-8763-04d4af214141","appComponentLibraryName":"d87df162-23a3-4503-ac50-13eb386b5cd8","appComponentLibraryVersion":"2023-12-28T11:58:07Z","appComponentLibraryLogicalName":"faf_paco_877d7","environmentName":"default-80abc0a6-d93f-4379-a387-8ffbf039fa91"},{"appComponentName":"33486db5277f46d69d2e59331a26c291","appName":"56d00f28-532d-497a-8763-04d4af214141","appComponentLibraryName":"d87df162-23a3-4503-ac50-13eb386b5cd8","appComponentLibraryVersion":"2023-12-28T11:58:07Z","appComponentLibraryLogicalName":"faf_paco_877d7","environmentName":"default-80abc0a6-d93f-4379-a387-8ffbf039fa91"},{"appComponentName":"11fb3f52fbad4421962eeefcc1989905","appName":"56d00f28-532d-497a-8763-04d4af214141","appComponentLibraryName":"d87df162-23a3-4503-ac50-13eb386b5cd8","appComponentLibraryVersion":"2023-12-28T11:58:07Z","appComponentLibraryLogicalName":"faf_paco_877d7","environmentName":"default-80abc0a6-d93f-4379-a387-8ffbf039fa91"},{"appComponentName":"a7e1a9e8b77d4d69b0f6d688b6bbef1e","appName":"56d00f28-532d-497a-8763-04d4af214141","appComponentLibraryName":"d87df162-23a3-4503-ac50-13eb386b5cd8","appComponentLibraryVersion":"2023-12-28T11:58:07Z","appComponentLibraryLogicalName":"faf_paco_877d7","environmentName":"default-80abc0a6-d93f-4379-a387-8ffbf039fa91"},{"appComponentName":"6395f1ced8964b30b95333007c006642","appName":"56d00f28-532d-497a-8763-04d4af214141","appComponentLibraryName":"d87df162-23a3-4503-ac50-13eb386b5cd8","appComponentLibraryVersion":"2023-12-28T11:58:07Z","appComponentLibraryLogicalName":"faf_paco_877d7","environmentName":"default-80abc0a6-d93f-4379-a387-8ffbf039fa91"},{"appComponentName":"8fd3b202b1dc472cbc579bbabd550af6","appName":"56d00f28-532d-497a-8763-04d4af214141","appComponentLibraryName":"d87df162-23a3-4503-ac50-13eb386b5cd8","appComponentLibraryVersion":"2023-12-28T11:58:07Z","appComponentLibraryLogicalName":"faf_paco_877d7","environmentName":"default-80abc0a6-d93f-4379-a387-8ffbf039fa91"},{"appComponentName":"346be8cdc5404f8db785796aa59e7fef","appName":"56d00f28-532d-497a-8763-04d4af214141","appComponentLibraryName":"d87df162-23a3-4503-ac50-13eb386b5cd8","appComponentLibraryVersion":"2023-12-28T11:58:07Z","appComponentLibraryLogicalName":"faf_paco_877d7","environmentName":"default-80abc0a6-d93f-4379-a387-8ffbf039fa91"},{"appComponentName":"5a9d34f835ca452b8f433f064681d77a","appName":"56d00f28-532d-497a-8763-04d4af214141","appComponentLibraryName":"d87df162-23a3-4503-ac50-13eb386b5cd8","appComponentLibraryVersion":"2023-12-28T11:58:07Z","appComponentLibraryLogicalName":"faf_paco_877d7","environmentName":"default-80abc0a6-d93f-4379-a387-8ffbf039fa91"},{"appComponentName":"89f932efbc1f4927bc92f6710cf8c631","appName":"56d00f28-532d-497a-8763-04d4af214141","appComponentLibraryName":"d87df162-23a3-4503-ac50-13eb386b5cd8","appComponentLibraryVersion":"2023-12-28T11:58:07Z","appComponentLibraryLogicalName":"faf_paco_877d7","environmentName":"default-80abc0a6-d93f-4379-a387-8ffbf039fa91"},{"appComponentName":"6cc17fa9fef742f99265f0a5da55a032","appName":"56d00f28-532d-497a-8763-04d4af214141","appComponentLibraryName":"d87df162-23a3-4503-ac50-13eb386b5cd8","appComponentLibraryVersion":"2023-12-28T11:58:07Z","appComponentLibraryLogicalName":"faf_paco_877d7","environmentName":"default-80abc0a6-d93f-4379-a387-8ffbf039fa91"},{"appComponentName":"0479a3f19ea74096970564520157de8b","appName":"56d00f28-532d-497a-8763-04d4af214141","appComponentLibraryName":"d87df162-23a3-4503-ac50-13eb386b5cd8","appComponentLibraryVersion":"2023-12-28T11:58:07Z","appComponentLibraryLogicalName":"faf_paco_877d7","environmentName":"default-80abc0a6-d93f-4379-a387-8ffbf039fa91"},{"appComponentName":"095440b1e5904c28ad67cd3d8a68f456","appName":"56d00f28-532d-497a-8763-04d4af214141","appComponentLibraryName":"d87df162-23a3-4503-ac50-13eb386b5cd8","appComponentLibraryVersion":"2023-12-28T11:58:07Z","appComponentLibraryLogicalName":"faf_paco_877d7","environmentName":"default-80abc0a6-d93f-4379-a387-8ffbf039fa91"},{"appComponentName":"f95cd6d4014f420fb9917fb20880c054","appName":"56d00f28-532d-497a-8763-04d4af214141","appComponentLibraryName":"d87df162-23a3-4503-ac50-13eb386b5cd8","appComponentLibraryVersion":"2023-12-28T11:58:07Z","appComponentLibraryLogicalName":"faf_paco_877d7","environmentName":"default-80abc0a6-d93f-4379-a387-8ffbf039fa91"},{"appComponentName":"3a932213d78146d1a5cbbe990c34ac9e","appName":"56d00f28-532d-497a-8763-04d4af214141","appComponentLibraryName":"d87df162-23a3-4503-ac50-13eb386b5cd8","appComponentLibraryVersion":"2023-12-28T11:58:07Z","appComponentLibraryLogicalName":"faf_paco_877d7","environmentName":"default-80abc0a6-d93f-4379-a387-8ffbf039fa91"},{"appComponentName":"5d92f40d00224012b07f4ba2f2934da4","appName":"56d00f28-532d-497a-8763-04d4af214141","appComponentLibraryName":"d87df162-23a3-4503-ac50-13eb386b5cd8","appComponentLibraryVersion":"2023-12-28T11:58:07Z","appComponentLibraryLogicalName":"faf_paco_877d7","environmentName":"default-80abc0a6-d93f-4379-a387-8ffbf039fa91"},{"appComponentName":"3614311e56fd468594355b24e6c347ca","appName":"56d00f28-532d-497a-8763-04d4af214141","appComponentLibraryName":"d87df162-23a3-4503-ac50-13eb386b5cd8","appComponentLibraryVersion":"2023-12-28T11:58:07Z","appComponentLibraryLogicalName":"faf_paco_877d7","environmentName":"default-80abc0a6-d93f-4379-a387-8ffbf039fa91"},{"appComponentName":"ff5a88694e2d4760aa0180b477ef1506","appName":"56d00f28-532d-497a-8763-04d4af214141","appComponentLibraryName":"d87df162-23a3-4503-ac50-13eb386b5cd8","appComponentLibraryVersion":"2023-12-28T11:58:07Z","appComponentLibraryLogicalName":"faf_paco_877d7","environmentName":"default-80abc0a6-d93f-4379-a387-8ffbf039fa91"}]</AppComponentDependencies>
      <CanConsumeAppPass>1</CanConsumeAppPass>
      <CanvasAppType>0</CanvasAppType>
      <BypassConsent>0</BypassConsent>
      <AdminControlBypassConsent>0</AdminControlBypassConsent>
      <EmbeddedApp xsi:nil="true"></EmbeddedApp>
      <IntroducedVersion>1.0</IntroducedVersion>
      <CdsDependencies>{"cdsdependencies":[{"logicalname":"faf_paco_877d7","componenttype":300,"componenttypeplatformname":"CanvasApp"}]}</CdsDependencies>
      <IsCustomizable>1</IsCustomizable>
      <BackgroundImageUri>/CanvasApps/faf_pacoexamples_cafbd_BackgroundImageUri</BackgroundImageUri>
      <DocumentUri>/CanvasApps/faf_pacoexamples_cafbd_DocumentUri.msapp</DocumentUri>
      <AdditionalUris>
        <AdditionalUri>/CanvasApps/faf_pacoexamples_cafbd_AdditionalUris0_identity.json</AdditionalUri>
      </AdditionalUris>
    </CanvasApp>
    <CanvasApp>
      <Name>faf_paco_877d7</Name>
      <AppVersion>2023-12-28T11:58:07Z</AppVersion>
      <Status>Ready</Status>
      <CreatedByClientVersion>3.23122.17.0</CreatedByClientVersion>
      <MinClientVersion>3.23122.17.0</MinClientVersion>
      <Tags>{"primaryDeviceWidth":"640","primaryDeviceHeight":"640","supportsPortrait":"true","supportsLandscape":"true","primaryFormFactor":"Phone","showStatusBar":"false","publisherVersion":"3.23122.17","minimumRequiredApiVersion":"2.2.0","hasComponent":"true","hasUnlockedComponent":"true","isUnifiedRootApp":"false","sienaVersion":"20231228T105616Z-3.23122.17.0","offlineLargeFilesSupport":"false"}</Tags>
      <IsCdsUpgraded>0</IsCdsUpgraded>
      <GalleryItemId xsi:nil="true"></GalleryItemId>
      <BackgroundColor>rgba(255, 119, 0, 1)</BackgroundColor>
      <DisplayName>PACo</DisplayName>
      <Description>https://www.formsandflows.nl/paco</Description>
      <CommitMessage>Version 3.0.2</CommitMessage>
      <Publisher xsi:nil="true"></Publisher>
      <AuthorizationReferences>[]</AuthorizationReferences>
      <ConnectionReferences>{}</ConnectionReferences>
      <DatabaseReferences>{}</DatabaseReferences>
      <AppComponents>[{"appComponentName":"b9bc42caeee7419f996665959f65bfd0","displayName":"PACo_Button_A","description":"Version 3.0.1","appName":"d87df162-23a3-4503-ac50-13eb386b5cd8","appVersion":"2023-12-28T11:58:07Z","appComponentLibraryLogicalName":"faf_paco_877d7","appDisplayName":"PACo","environmentName":"default-80abc0a6-d93f-4379-a387-8ffbf039fa91","owner":{"id":"0c20c12b-9284-497c-8b4b-7b2d6bf4a64c","displayName":"Rick Bakker","email":"rick@formsandflows.nl","type":"User","tenantId":"80abc0a6-d93f-4379-a387-8ffbf039fa91","userPrincipalName":"rick@formsandflows.nl"},"allowCustomization":false,"createdOn":"2023-11-26T11:44:46.278Z","lastModifiedOn":"2023-12-28T10:56:18.335Z","connectionReferences":{},"databaseReferences":{}},{"appComponentName":"cf356dabe9d94e90900ff197a50aa565","displayName":"PACo_CommandBar_B","description":"Version 3.0.0","appName":"d87df162-23a3-4503-ac50-13eb386b5cd8","appVersion":"2023-12-28T11:58:07Z","appComponentLibraryLogicalName":"faf_paco_877d7","appDisplayName":"PACo","environmentName":"default-80abc0a6-d93f-4379-a387-8ffbf039fa91","owner":{"id":"0c20c12b-9284-497c-8b4b-7b2d6bf4a64c","displayName":"Rick Bakker","email":"rick@formsandflows.nl","type":"User","tenantId":"80abc0a6-d93f-4379-a387-8ffbf039fa91","userPrincipalName":"rick@formsandflows.nl"},"allowCustomization":false,"createdOn":"2023-11-26T11:44:46.278Z","lastModifiedOn":"2023-12-28T10:56:18.335Z","connectionReferences":{},"databaseReferences":{}},{"appComponentName":"5a9d34f835ca452b8f433f064681d77a","displayName":"PACo_CommandBar_Item_A","description":"Version 3.0.0","appName":"d87df162-23a3-4503-ac50-13eb386b5cd8","appVersion":"2023-12-28T11:58:07Z","appComponentLibraryLogicalName":"faf_paco_877d7","appDisplayName":"PACo","environmentName":"default-80abc0a6-d93f-4379-a387-8ffbf039fa91","owner":{"id":"0c20c12b-9284-497c-8b4b-7b2d6bf4a64c","displayName":"Rick Bakker","email":"rick@formsandflows.nl","type":"User","tenantId":"80abc0a6-d93f-4379-a387-8ffbf039fa91","userPrincipalName":"rick@formsandflows.nl"},"allowCustomization":false,"createdOn":"2023-11-26T11:44:46.278Z","lastModifiedOn":"2023-12-28T10:56:18.335Z","connectionReferences":{},"databaseReferences":{}},{"appComponentName":"35e5588f03f04b6784901cfd9ad6090f","displayName":"PACo_CommandBarMenu_A","description":"Version 3.0.0","appName":"d87df162-23a3-4503-ac50-13eb386b5cd8","appVersion":"2023-12-28T11:58:07Z","appComponentLibraryLogicalName":"faf_paco_877d7","appDisplayName":"PACo","environmentName":"default-80abc0a6-d93f-4379-a387-8ffbf039fa91","owner":{"id":"0c20c12b-9284-497c-8b4b-7b2d6bf4a64c","displayName":"Rick Bakker","email":"rick@formsandflows.nl","type":"User","tenantId":"80abc0a6-d93f-4379-a387-8ffbf039fa91","userPrincipalName":"rick@formsandflows.nl"},"allowCustomization":false,"createdOn":"2023-11-26T11:44:46.278Z","lastModifiedOn":"2023-12-28T10:56:18.335Z","connectionReferences":{},"databaseReferences":{}},{"appComponentName":"89f932efbc1f4927bc92f6710cf8c631","displayName":"PACo_DetailsList_A","description":"Version 3.0.0","appName":"d87df162-23a3-4503-ac50-13eb386b5cd8","appVersion":"2023-12-28T11:58:07Z","appComponentLibraryLogicalName":"faf_paco_877d7","appDisplayName":"PACo","environmentName":"default-80abc0a6-d93f-4379-a387-8ffbf039fa91","owner":{"id":"0c20c12b-9284-497c-8b4b-7b2d6bf4a64c","displayName":"Rick Bakker","email":"rick@formsandflows.nl","type":"User","tenantId":"80abc0a6-d93f-4379-a387-8ffbf039fa91","userPrincipalName":"rick@formsandflows.nl"},"allowCustomization":false,"createdOn":"2023-11-26T11:44:46.278Z","lastModifiedOn":"2023-12-28T10:56:18.335Z","connectionReferences":{},"databaseReferences":{}},{"appComponentName":"6cc17fa9fef742f99265f0a5da55a032","displayName":"PACo_DetailsList_B","description":"Version 3.0.0","appName":"d87df162-23a3-4503-ac50-13eb386b5cd8","appVersion":"2023-12-28T11:58:07Z","appComponentLibraryLogicalName":"faf_paco_877d7","appDisplayName":"PACo","environmentName":"default-80abc0a6-d93f-4379-a387-8ffbf039fa91","owner":{"id":"0c20c12b-9284-497c-8b4b-7b2d6bf4a64c","displayName":"Rick Bakker","email":"rick@formsandflows.nl","type":"User","tenantId":"80abc0a6-d93f-4379-a387-8ffbf039fa91","userPrincipalName":"rick@formsandflows.nl"},"allowCustomization":false,"createdOn":"2023-11-26T11:44:46.278Z","lastModifiedOn":"2023-12-28T10:56:18.335Z","connectionReferences":{},"databaseReferences":{}},{"appComponentName":"0479a3f19ea74096970564520157de8b","displayName":"PACo_DetailsList_C","description":"Version 3.0.0","appName":"d87df162-23a3-4503-ac50-13eb386b5cd8","appVersion":"2023-12-28T11:58:07Z","appComponentLibraryLogicalName":"faf_paco_877d7","appDisplayName":"PACo","environmentName":"default-80abc0a6-d93f-4379-a387-8ffbf039fa91","owner":{"id":"0c20c12b-9284-497c-8b4b-7b2d6bf4a64c","displayName":"Rick Bakker","email":"rick@formsandflows.nl","type":"User","tenantId":"80abc0a6-d93f-4379-a387-8ffbf039fa91","userPrincipalName":"rick@formsandflows.nl"},"allowCustomization":false,"createdOn":"2023-11-26T11:44:46.278Z","lastModifiedOn":"2023-12-28T10:56:18.335Z","connectionReferences":{},"databaseReferences":{}},{"appComponentName":"095440b1e5904c28ad67cd3d8a68f456","displayName":"PACo_Dialog_A","description":"Version 3.0.1","appName":"d87df162-23a3-4503-ac50-13eb386b5cd8","appVersion":"2023-12-28T11:58:07Z","appComponentLibraryLogicalName":"faf_paco_877d7","appDisplayName":"PACo","environmentName":"default-80abc0a6-d93f-4379-a387-8ffbf039fa91","owner":{"id":"0c20c12b-9284-497c-8b4b-7b2d6bf4a64c","displayName":"Rick Bakker","email":"rick@formsandflows.nl","type":"User","tenantId":"80abc0a6-d93f-4379-a387-8ffbf039fa91","userPrincipalName":"rick@formsandflows.nl"},"allowCustomization":false,"createdOn":"2023-11-26T11:44:46.278Z","lastModifiedOn":"2023-12-28T10:56:18.335Z","connectionReferences":{},"databaseReferences":{}},{"appComponentName":"d06303d86725479aa0ec7401208cd0a3","displayName":"PACo_Header_A","description":"Version 3.0.0","appName":"d87df162-23a3-4503-ac50-13eb386b5cd8","appVersion":"2023-12-28T11:58:07Z","appComponentLibraryLogicalName":"faf_paco_877d7","appDisplayName":"PACo","environmentName":"default-80abc0a6-d93f-4379-a387-8ffbf039fa91","owner":{"id":"0c20c12b-9284-497c-8b4b-7b2d6bf4a64c","displayName":"Rick Bakker","email":"rick@formsandflows.nl","type":"User","tenantId":"80abc0a6-d93f-4379-a387-8ffbf039fa91","userPrincipalName":"rick@formsandflows.nl"},"allowCustomization":false,"createdOn":"2023-11-26T11:44:46.278Z","lastModifiedOn":"2023-12-28T10:56:18.335Z","connectionReferences":{},"databaseReferences":{}},{"appComponentName":"3a932213d78146d1a5cbbe990c34ac9e","displayName":"PACo_HeaderLanguagesMenu_A","description":"Version 3.0.0","appName":"d87df162-23a3-4503-ac50-13eb386b5cd8","appVersion":"2023-12-28T11:58:07Z","appComponentLibraryLogicalName":"faf_paco_877d7","appDisplayName":"PACo","environmentName":"default-80abc0a6-d93f-4379-a387-8ffbf039fa91","owner":{"id":"0c20c12b-9284-497c-8b4b-7b2d6bf4a64c","displayName":"Rick Bakker","email":"rick@formsandflows.nl","type":"User","tenantId":"80abc0a6-d93f-4379-a387-8ffbf039fa91","userPrincipalName":"rick@formsandflows.nl"},"allowCustomization":false,"createdOn":"2023-11-26T11:44:46.278Z","lastModifiedOn":"2023-12-28T10:56:18.335Z","connectionReferences":{},"databaseReferences":{}},{"appComponentName":"5d92f40d00224012b07f4ba2f2934da4","displayName":"PACo_HeaderSettingsMenu_A","description":"Version 3.0.0","appName":"d87df162-23a3-4503-ac50-13eb386b5cd8","appVersion":"2023-12-28T11:58:07Z","appComponentLibraryLogicalName":"faf_paco_877d7","appDisplayName":"PACo","environmentName":"default-80abc0a6-d93f-4379-a387-8ffbf039fa91","owner":{"id":"0c20c12b-9284-497c-8b4b-7b2d6bf4a64c","displayName":"Rick Bakker","email":"rick@formsandflows.nl","type":"User","tenantId":"80abc0a6-d93f-4379-a387-8ffbf039fa91","userPrincipalName":"rick@formsandflows.nl"},"allowCustomization":false,"createdOn":"2023-11-26T11:44:46.278Z","lastModifiedOn":"2023-12-28T10:56:18.335Z","connectionReferences":{},"databaseReferences":{}},{"appComponentName":"34b05f8cc4c7498f948dc0b2a78562ea","displayName":"PACo_Icon_A","description":"Version 3.0.1","appName":"d87df162-23a3-4503-ac50-13eb386b5cd8","appVersion":"2023-12-28T11:58:07Z","appComponentLibraryLogicalName":"faf_paco_877d7","appDisplayName":"PACo","environmentName":"default-80abc0a6-d93f-4379-a387-8ffbf039fa91","owner":{"id":"0c20c12b-9284-497c-8b4b-7b2d6bf4a64c","displayName":"Rick Bakker","email":"rick@formsandflows.nl","type":"User","tenantId":"80abc0a6-d93f-4379-a387-8ffbf039fa91","userPrincipalName":"rick@formsandflows.nl"},"allowCustomization":false,"createdOn":"2023-11-26T11:44:46.278Z","lastModifiedOn":"2023-12-28T10:56:18.335Z","connectionReferences":{},"databaseReferences":{}},{"appComponentName":"f95cd6d4014f420fb9917fb20880c054","displayName":"PACo_Log_A","description":"Version 3.0.0","appName":"d87df162-23a3-4503-ac50-13eb386b5cd8","appVersion":"2023-12-28T11:58:07Z","appComponentLibraryLogicalName":"faf_paco_877d7","appDisplayName":"PACo","environmentName":"default-80abc0a6-d93f-4379-a387-8ffbf039fa91","owner":{"id":"0c20c12b-9284-497c-8b4b-7b2d6bf4a64c","displayName":"Rick Bakker","email":"rick@formsandflows.nl","type":"User","tenantId":"80abc0a6-d93f-4379-a387-8ffbf039fa91","userPrincipalName":"rick@formsandflows.nl"},"allowCustomization":false,"createdOn":"2023-11-26T11:44:46.278Z","lastModifiedOn":"2023-12-28T10:56:18.335Z","connectionReferences":{},"databaseReferences":{}},{"appComponentName":"346be8cdc5404f8db785796aa59e7fef","displayName":"PACo_Nav_B","description":"Version 3.0.0","appName":"d87df162-23a3-4503-ac50-13eb386b5cd8","appVersion":"2023-12-28T11:58:07Z","appComponentLibraryLogicalName":"faf_paco_877d7","appDisplayName":"PACo","environmentName":"default-80abc0a6-d93f-4379-a387-8ffbf039fa91","owner":{"id":"0c20c12b-9284-497c-8b4b-7b2d6bf4a64c","displayName":"Rick Bakker","email":"rick@formsandflows.nl","type":"User","tenantId":"80abc0a6-d93f-4379-a387-8ffbf039fa91","userPrincipalName":"rick@formsandflows.nl"},"allowCustomization":false,"createdOn":"2023-11-26T11:44:46.278Z","lastModifiedOn":"2023-12-28T10:56:18.335Z","connectionReferences":{},"databaseReferences":{}},{"appComponentName":"8fd3b202b1dc472cbc579bbabd550af6","displayName":"PACo_Nav_C","description":"Version 3.0.0","appName":"d87df162-23a3-4503-ac50-13eb386b5cd8","appVersion":"2023-12-28T11:58:07Z","appComponentLibraryLogicalName":"faf_paco_877d7","appDisplayName":"PACo","environmentName":"default-80abc0a6-d93f-4379-a387-8ffbf039fa91","owner":{"id":"0c20c12b-9284-497c-8b4b-7b2d6bf4a64c","displayName":"Rick Bakker","email":"rick@formsandflows.nl","type":"User","tenantId":"80abc0a6-d93f-4379-a387-8ffbf039fa91","userPrincipalName":"rick@formsandflows.nl"},"allowCustomization":false,"createdOn":"2023-11-26T11:44:46.278Z","lastModifiedOn":"2023-12-28T10:56:18.335Z","connectionReferences":{},"databaseReferences":{}},{"appComponentName":"6395f1ced8964b30b95333007c006642","displayName":"PACo_Panel_A","description":"Version 3.0.1","appName":"d87df162-23a3-4503-ac50-13eb386b5cd8","appVersion":"2023-12-28T11:58:07Z","appComponentLibraryLogicalName":"faf_paco_877d7","appDisplayName":"PACo","environmentName":"default-80abc0a6-d93f-4379-a387-8ffbf039fa91","owner":{"id":"0c20c12b-9284-497c-8b4b-7b2d6bf4a64c","displayName":"Rick Bakker","email":"rick@formsandflows.nl","type":"User","tenantId":"80abc0a6-d93f-4379-a387-8ffbf039fa91","userPrincipalName":"rick@formsandflows.nl"},"allowCustomization":false,"createdOn":"2023-11-26T11:44:46.278Z","lastModifiedOn":"2023-12-28T10:56:18.335Z","connectionReferences":{},"databaseReferences":{}},{"appComponentName":"11fb3f52fbad4421962eeefcc1989905","displayName":"PACo_ProgressIndicator_A","description":"Version 3.0.0","appName":"d87df162-23a3-4503-ac50-13eb386b5cd8","appVersion":"2023-12-28T11:58:07Z","appComponentLibraryLogicalName":"faf_paco_877d7","appDisplayName":"PACo","environmentName":"default-80abc0a6-d93f-4379-a387-8ffbf039fa91","owner":{"id":"0c20c12b-9284-497c-8b4b-7b2d6bf4a64c","displayName":"Rick Bakker","email":"rick@formsandflows.nl","type":"User","tenantId":"80abc0a6-d93f-4379-a387-8ffbf039fa91","userPrincipalName":"rick@formsandflows.nl"},"allowCustomization":false,"createdOn":"2023-11-26T11:44:46.278Z","lastModifiedOn":"2023-12-28T10:56:18.335Z","connectionReferences":{},"databaseReferences":{}},{"appComponentName":"a7e1a9e8b77d4d69b0f6d688b6bbef1e","displayName":"PACo_ProgressIndicator_B","description":"Version 3.0.0","appName":"d87df162-23a3-4503-ac50-13eb386b5cd8","appVersion":"2023-12-28T11:58:07Z","appComponentLibraryLogicalName":"faf_paco_877d7","appDisplayName":"PACo","environmentName":"default-80abc0a6-d93f-4379-a387-8ffbf039fa91","owner":{"id":"0c20c12b-9284-497c-8b4b-7b2d6bf4a64c","displayName":"Rick Bakker","email":"rick@formsandflows.nl","type":"User","tenantId":"80abc0a6-d93f-4379-a387-8ffbf039fa91","userPrincipalName":"rick@formsandflows.nl"},"allowCustomization":false,"createdOn":"2023-11-26T11:44:46.278Z","lastModifiedOn":"2023-12-28T10:56:18.335Z","connectionReferences":{},"databaseReferences":{}},{"appComponentName":"33486db5277f46d69d2e59331a26c291","displayName":"PACo_SearchBox_A","description":"Version 3.0.0","appName":"d87df162-23a3-4503-ac50-13eb386b5cd8","appVersion":"2023-12-28T11:58:07Z","appComponentLibraryLogicalName":"faf_paco_877d7","appDisplayName":"PACo","environmentName":"default-80abc0a6-d93f-4379-a387-8ffbf039fa91","owner":{"id":"0c20c12b-9284-497c-8b4b-7b2d6bf4a64c","displayName":"Rick Bakker","email":"rick@formsandflows.nl","type":"User","tenantId":"80abc0a6-d93f-4379-a387-8ffbf039fa91","userPrincipalName":"rick@formsandflows.nl"},"allowCustomization":false,"createdOn":"2023-11-26T11:44:46.278Z","lastModifiedOn":"2023-12-28T10:56:18.335Z","connectionReferences":{},"databaseReferences":{}},{"appComponentName":"5703b36338b749f887ead6cfafbcdb8d","displayName":"PACo_SelectList_A","description":"Version 3.0.1","appName":"d87df162-23a3-4503-ac50-13eb386b5cd8","appVersion":"2023-12-28T11:58:07Z","appComponentLibraryLogicalName":"faf_paco_877d7","appDisplayName":"PACo","environmentName":"default-80abc0a6-d93f-4379-a387-8ffbf039fa91","owner":{"id":"0c20c12b-9284-497c-8b4b-7b2d6bf4a64c","displayName":"Rick Bakker","email":"rick@formsandflows.nl","type":"User","tenantId":"80abc0a6-d93f-4379-a387-8ffbf039fa91","userPrincipalName":"rick@formsandflows.nl"},"allowCustomization":false,"createdOn":"2023-11-26T11:44:46.278Z","lastModifiedOn":"2023-12-28T10:56:18.335Z","connectionReferences":{},"databaseReferences":{}},{"appComponentName":"5783ab3906654229b07de8cc9b42de79","displayName":"PACo_Spinner_A","description":"Version 3.0.0","appName":"d87df162-23a3-4503-ac50-13eb386b5cd8","appVersion":"2023-12-28T11:58:07Z","appComponentLibraryLogicalName":"faf_paco_877d7","appDisplayName":"PACo","environmentName":"default-80abc0a6-d93f-4379-a387-8ffbf039fa91","owner":{"id":"0c20c12b-9284-497c-8b4b-7b2d6bf4a64c","displayName":"Rick Bakker","email":"rick@formsandflows.nl","type":"User","tenantId":"80abc0a6-d93f-4379-a387-8ffbf039fa91","userPrincipalName":"rick@formsandflows.nl"},"allowCustomization":false,"createdOn":"2023-11-26T11:44:46.278Z","lastModifiedOn":"2023-12-28T10:56:18.335Z","connectionReferences":{},"databaseReferences":{}},{"appComponentName":"3614311e56fd468594355b24e6c347ca","displayName":"PACo_Tabs_A","description":"Version 3.0.0","appName":"d87df162-23a3-4503-ac50-13eb386b5cd8","appVersion":"2023-12-28T11:58:07Z","appComponentLibraryLogicalName":"faf_paco_877d7","appDisplayName":"PACo","environmentName":"default-80abc0a6-d93f-4379-a387-8ffbf039fa91","owner":{"id":"0c20c12b-9284-497c-8b4b-7b2d6bf4a64c","displayName":"Rick Bakker","email":"rick@formsandflows.nl","type":"User","tenantId":"80abc0a6-d93f-4379-a387-8ffbf039fa91","userPrincipalName":"rick@formsandflows.nl"},"allowCustomization":false,"createdOn":"2023-11-26T11:44:46.278Z","lastModifiedOn":"2023-12-28T10:56:18.335Z","connectionReferences":{},"databaseReferences":{}},{"appComponentName":"ff5a88694e2d4760aa0180b477ef1506","displayName":"PACo_TabsMenu_A","description":"Version 3.0.0","appName":"d87df162-23a3-4503-ac50-13eb386b5cd8","appVersion":"2023-12-28T11:58:07Z","appComponentLibraryLogicalName":"faf_paco_877d7","appDisplayName":"PACo","environmentName":"default-80abc0a6-d93f-4379-a387-8ffbf039fa91","owner":{"id":"0c20c12b-9284-497c-8b4b-7b2d6bf4a64c","displayName":"Rick Bakker","email":"rick@formsandflows.nl","type":"User","tenantId":"80abc0a6-d93f-4379-a387-8ffbf039fa91","userPrincipalName":"rick@formsandflows.nl"},"allowCustomization":false,"createdOn":"2023-11-26T11:44:46.278Z","lastModifiedOn":"2023-12-28T10:56:18.335Z","connectionReferences":{},"databaseReferences":{}},{"appComponentName":"fa524ed235254040934aad9fadc0bfe1","displayName":"PACo_Tile_A","description":"Version 3.0.0","appName":"d87df162-23a3-4503-ac50-13eb386b5cd8","appVersion":"2023-12-28T11:58:07Z","appComponentLibraryLogicalName":"faf_paco_877d7","appDisplayName":"PACo","environmentName":"default-80abc0a6-d93f-4379-a387-8ffbf039fa91","owner":{"id":"0c20c12b-9284-497c-8b4b-7b2d6bf4a64c","displayName":"Rick Bakker","email":"rick@formsandflows.nl","type":"User","tenantId":"80abc0a6-d93f-4379-a387-8ffbf039fa91","userPrincipalName":"rick@formsandflows.nl"},"allowCustomization":false,"createdOn":"2023-11-26T11:44:46.278Z","lastModifiedOn":"2023-12-28T10:56:18.335Z","connectionReferences":{},"databaseReferences":{}},{"appComponentName":"3e4db8bad69e44278da14c1432176415","displayName":"PACo_Tile_B","description":"Version 3.0.1","appName":"d87df162-23a3-4503-ac50-13eb386b5cd8","appVersion":"2023-12-28T11:58:07Z","appComponentLibraryLogicalName":"faf_paco_877d7","appDisplayName":"PACo","environmentName":"default-80abc0a6-d93f-4379-a387-8ffbf039fa91","owner":{"id":"0c20c12b-9284-497c-8b4b-7b2d6bf4a64c","displayName":"Rick Bakker","email":"rick@formsandflows.nl","type":"User","tenantId":"80abc0a6-d93f-4379-a387-8ffbf039fa91","userPrincipalName":"rick@formsandflows.nl"},"allowCustomization":false,"createdOn":"2023-11-26T11:44:46.278Z","lastModifiedOn":"2023-12-28T10:56:18.335Z","connectionReferences":{},"databaseReferences":{}},{"appComponentName":"957aeeea5fa34085b22cb096d6ffca7b","displayName":"PACo_Visualization_A","description":"Version 3.0.0","appName":"d87df162-23a3-4503-ac50-13eb386b5cd8","appVersion":"2023-12-28T11:58:07Z","appComponentLibraryLogicalName":"faf_paco_877d7","appDisplayName":"PACo","environmentName":"default-80abc0a6-d93f-4379-a387-8ffbf039fa91","owner":{"id":"0c20c12b-9284-497c-8b4b-7b2d6bf4a64c","displayName":"Rick Bakker","email":"rick@formsandflows.nl","type":"User","tenantId":"80abc0a6-d93f-4379-a387-8ffbf039fa91","userPrincipalName":"rick@formsandflows.nl"},"allowCustomization":false,"createdOn":"2023-11-26T11:44:46.278Z","lastModifiedOn":"2023-12-28T10:56:18.335Z","connectionReferences":{},"databaseReferences":{}}]</AppComponents>
      <AppComponentDependencies>[]</AppComponentDependencies>
      <CanConsumeAppPass>1</CanConsumeAppPass>
      <CanvasAppType>1</CanvasAppType>
      <BypassConsent>0</BypassConsent>
      <AdminControlBypassConsent>0</AdminControlBypassConsent>
      <EmbeddedApp xsi:nil="true"></EmbeddedApp>
      <IntroducedVersion>1.0</IntroducedVersion>
      <CdsDependencies>{"cdsdependencies":[]}</CdsDependencies>
      <IsCustomizable>1</IsCustomizable>
      <BackgroundImageUri>/CanvasApps/faf_paco_877d7_BackgroundImageUri</BackgroundImageUri>
      <DocumentUri>/CanvasApps/faf_paco_877d7_DocumentUri.msapp</DocumentUri>
      <AdditionalUris>
        <AdditionalUri>/CanvasApps/faf_paco_877d7_AdditionalUris0_identity.json</AdditionalUri>
      </AdditionalUris>
    </CanvasApp>
    <CanvasApp>
      <Name>faf_pacoco_9dd3a</Name>
      <AppVersion>2023-12-28T12:22:43Z</AppVersion>
      <Status>Ready</Status>
      <CreatedByClientVersion>3.23122.17.0</CreatedByClientVersion>
      <MinClientVersion>3.23122.17.0</MinClientVersion>
      <Tags>{"primaryDeviceWidth":"1871","primaryDeviceHeight":"855","supportsPortrait":"true","supportsLandscape":"true","primaryFormFactor":"Tablet","showStatusBar":"false","publisherVersion":"3.23122.17","minimumRequiredApiVersion":"2.2.0","hasComponent":"true","hasUnlockedComponent":"false","isUnifiedRootApp":"false","sienaVersion":"20231223T204328Z-3.23122.17.0","offlineLargeFilesSupport":"false"}</Tags>
      <IsCdsUpgraded>0</IsCdsUpgraded>
      <GalleryItemId xsi:nil="true"></GalleryItemId>
      <BackgroundColor>rgba(255, 255, 255, 1)</BackgroundColor>
      <DisplayName>PACoCo</DisplayName>
      <Description>PACoCo</Description>
      <CommitMessage>Version 3.0.2</CommitMessage>
      <Publisher xsi:nil="true"></Publisher>
      <AuthorizationReferences>[]</AuthorizationReferences>
      <ConnectionReferences>{}</ConnectionReferences>
      <DatabaseReferences>{}</DatabaseReferences>
      <AppComponents>[]</AppComponents>
      <AppComponentDependencies>[{"appComponentName":"d06303d86725479aa0ec7401208cd0a3","appName":"528d2330-4730-4898-95d7-c191400f365e","appComponentLibraryName":"d87df162-23a3-4503-ac50-13eb386b5cd8","appComponentLibraryVersion":"2023-12-28T11:58:07Z","appComponentLibraryLogicalName":"faf_paco_877d7","environmentName":"default-80abc0a6-d93f-4379-a387-8ffbf039fa91"},{"appComponentName":"5783ab3906654229b07de8cc9b42de79","appName":"528d2330-4730-4898-95d7-c191400f365e","appComponentLibraryName":"d87df162-23a3-4503-ac50-13eb386b5cd8","appComponentLibraryVersion":"2023-12-28T11:58:07Z","appComponentLibraryLogicalName":"faf_paco_877d7","environmentName":"default-80abc0a6-d93f-4379-a387-8ffbf039fa91"},{"appComponentName":"3a932213d78146d1a5cbbe990c34ac9e","appName":"528d2330-4730-4898-95d7-c191400f365e","appComponentLibraryName":"d87df162-23a3-4503-ac50-13eb386b5cd8","appComponentLibraryVersion":"2023-12-28T11:58:07Z","appComponentLibraryLogicalName":"faf_paco_877d7","environmentName":"default-80abc0a6-d93f-4379-a387-8ffbf039fa91"},{"appComponentName":"346be8cdc5404f8db785796aa59e7fef","appName":"528d2330-4730-4898-95d7-c191400f365e","appComponentLibraryName":"d87df162-23a3-4503-ac50-13eb386b5cd8","appComponentLibraryVersion":"2023-12-28T11:58:07Z","appComponentLibraryLogicalName":"faf_paco_877d7","environmentName":"default-80abc0a6-d93f-4379-a387-8ffbf039fa91"},{"appComponentName":"957aeeea5fa34085b22cb096d6ffca7b","appName":"528d2330-4730-4898-95d7-c191400f365e","appComponentLibraryName":"d87df162-23a3-4503-ac50-13eb386b5cd8","appComponentLibraryVersion":"2023-12-28T11:58:07Z","appComponentLibraryLogicalName":"faf_paco_877d7","environmentName":"default-80abc0a6-d93f-4379-a387-8ffbf039fa91"},{"appComponentName":"5d92f40d00224012b07f4ba2f2934da4","appName":"528d2330-4730-4898-95d7-c191400f365e","appComponentLibraryName":"d87df162-23a3-4503-ac50-13eb386b5cd8","appComponentLibraryVersion":"2023-12-28T11:58:07Z","appComponentLibraryLogicalName":"faf_paco_877d7","environmentName":"default-80abc0a6-d93f-4379-a387-8ffbf039fa91"},{"appComponentName":"b9bc42caeee7419f996665959f65bfd0","appName":"528d2330-4730-4898-95d7-c191400f365e","appComponentLibraryName":"d87df162-23a3-4503-ac50-13eb386b5cd8","appComponentLibraryVersion":"2023-12-28T11:58:07Z","appComponentLibraryLogicalName":"faf_paco_877d7","environmentName":"default-80abc0a6-d93f-4379-a387-8ffbf039fa91"},{"appComponentName":"095440b1e5904c28ad67cd3d8a68f456","appName":"528d2330-4730-4898-95d7-c191400f365e","appComponentLibraryName":"d87df162-23a3-4503-ac50-13eb386b5cd8","appComponentLibraryVersion":"2023-12-28T11:58:07Z","appComponentLibraryLogicalName":"faf_paco_877d7","environmentName":"default-80abc0a6-d93f-4379-a387-8ffbf039fa91"},{"appComponentName":"cf356dabe9d94e90900ff197a50aa565","appName":"528d2330-4730-4898-95d7-c191400f365e","appComponentLibraryName":"d87df162-23a3-4503-ac50-13eb386b5cd8","appComponentLibraryVersion":"2023-12-28T11:58:07Z","appComponentLibraryLogicalName":"faf_paco_877d7","environmentName":"default-80abc0a6-d93f-4379-a387-8ffbf039fa91"},{"appComponentName":"35e5588f03f04b6784901cfd9ad6090f","appName":"528d2330-4730-4898-95d7-c191400f365e","appComponentLibraryName":"d87df162-23a3-4503-ac50-13eb386b5cd8","appComponentLibraryVersion":"2023-12-28T11:58:07Z","appComponentLibraryLogicalName":"faf_paco_877d7","environmentName":"default-80abc0a6-d93f-4379-a387-8ffbf039fa91"},{"appComponentName":"33486db5277f46d69d2e59331a26c291","appName":"528d2330-4730-4898-95d7-c191400f365e","appComponentLibraryName":"d87df162-23a3-4503-ac50-13eb386b5cd8","appComponentLibraryVersion":"2023-12-28T11:58:07Z","appComponentLibraryLogicalName":"faf_paco_877d7","environmentName":"default-80abc0a6-d93f-4379-a387-8ffbf039fa91"},{"appComponentName":"89f932efbc1f4927bc92f6710cf8c631","appName":"528d2330-4730-4898-95d7-c191400f365e","appComponentLibraryName":"d87df162-23a3-4503-ac50-13eb386b5cd8","appComponentLibraryVersion":"2023-12-28T11:58:07Z","appComponentLibraryLogicalName":"faf_paco_877d7","environmentName":"default-80abc0a6-d93f-4379-a387-8ffbf039fa91"},{"appComponentName":"3e4db8bad69e44278da14c1432176415","appName":"528d2330-4730-4898-95d7-c191400f365e","appComponentLibraryName":"d87df162-23a3-4503-ac50-13eb386b5cd8","appComponentLibraryVersion":"2023-12-28T11:58:07Z","appComponentLibraryLogicalName":"faf_paco_877d7","environmentName":"default-80abc0a6-d93f-4379-a387-8ffbf039fa91"},{"appComponentName":"6395f1ced8964b30b95333007c006642","appName":"528d2330-4730-4898-95d7-c191400f365e","appComponentLibraryName":"d87df162-23a3-4503-ac50-13eb386b5cd8","appComponentLibraryVersion":"2023-12-28T11:58:07Z","appComponentLibraryLogicalName":"faf_paco_877d7","environmentName":"default-80abc0a6-d93f-4379-a387-8ffbf039fa91"},{"appComponentName":"3614311e56fd468594355b24e6c347ca","appName":"528d2330-4730-4898-95d7-c191400f365e","appComponentLibraryName":"d87df162-23a3-4503-ac50-13eb386b5cd8","appComponentLibraryVersion":"2023-12-28T11:58:07Z","appComponentLibraryLogicalName":"faf_paco_877d7","environmentName":"default-80abc0a6-d93f-4379-a387-8ffbf039fa91"},{"appComponentName":"ff5a88694e2d4760aa0180b477ef1506","appName":"528d2330-4730-4898-95d7-c191400f365e","appComponentLibraryName":"d87df162-23a3-4503-ac50-13eb386b5cd8","appComponentLibraryVersion":"2023-12-28T11:58:07Z","appComponentLibraryLogicalName":"faf_paco_877d7","environmentName":"default-80abc0a6-d93f-4379-a387-8ffbf039fa91"},{"appComponentName":"a7e1a9e8b77d4d69b0f6d688b6bbef1e","appName":"528d2330-4730-4898-95d7-c191400f365e","appComponentLibraryName":"d87df162-23a3-4503-ac50-13eb386b5cd8","appComponentLibraryVersion":"2023-12-28T11:58:07Z","appComponentLibraryLogicalName":"faf_paco_877d7","environmentName":"default-80abc0a6-d93f-4379-a387-8ffbf039fa91"},{"appComponentName":"34b05f8cc4c7498f948dc0b2a78562ea","appName":"528d2330-4730-4898-95d7-c191400f365e","appComponentLibraryName":"d87df162-23a3-4503-ac50-13eb386b5cd8","appComponentLibraryVersion":"2023-12-28T11:58:07Z","appComponentLibraryLogicalName":"faf_paco_877d7","environmentName":"default-80abc0a6-d93f-4379-a387-8ffbf039fa91"},{"appComponentName":"0479a3f19ea74096970564520157de8b","appName":"528d2330-4730-4898-95d7-c191400f365e","appComponentLibraryName":"d87df162-23a3-4503-ac50-13eb386b5cd8","appComponentLibraryVersion":"2023-12-28T11:58:07Z","appComponentLibraryLogicalName":"faf_paco_877d7","environmentName":"default-80abc0a6-d93f-4379-a387-8ffbf039fa91"}]</AppComponentDependencies>
      <CanConsumeAppPass>1</CanConsumeAppPass>
      <CanvasAppType>0</CanvasAppType>
      <BypassConsent>0</BypassConsent>
      <AdminControlBypassConsent>0</AdminControlBypassConsent>
      <EmbeddedApp xsi:nil="true"></EmbeddedApp>
      <IntroducedVersion>1.0</IntroducedVersion>
      <CdsDependencies>{"cdsdependencies":[{"logicalname":"faf_paco_877d7","componenttype":300,"componenttypeplatformname":"CanvasApp"}]}</CdsDependencies>
      <IsCustomizable>1</IsCustomizable>
      <BackgroundImageUri>/CanvasApps/faf_pacoco_9dd3a_BackgroundImageUri</BackgroundImageUri>
      <DocumentUri>/CanvasApps/faf_pacoco_9dd3a_DocumentUri.msapp</DocumentUri>
      <AdditionalUris>
        <AdditionalUri>/CanvasApps/faf_pacoco_9dd3a_AdditionalUris0_identity.json</AdditionalUri>
      </AdditionalUris>
    </CanvasApp>
  </CanvasApps>
  <Languages>
    <Language>1033</Language>
  </Languages>
</ImportExportXml>