{"__Version":"0.1","App":"1b70b26d-a884-42d1-aa44-f8811c221037","Test_7F478737223C4B69":"bcfc54c2-0257-44ab-9b56-f96f6b4f0dbd","Host":"9ae03906-f3dd-4185-87b3-1bcefc5640da","PACo_Header_A":"aecba77e-221a-4645-a725-78e22815ba08","html_Header_A_Visualization":"0d480f8b-faa8-4dba-a2b3-eeec552dee7c","lbl_Header_A":"b5290beb-ef17-4185-b387-526bdc87aa58","img_Header_A_Back":"678aaa4a-4776-4739-94b7-9425b778300d","icn_Header_A_Back":"f6c853b0-56dd-43eb-ac6e-d783a04fcc88","img_Header_A_Nav":"fccea2fa-ccfa-42ab-839a-ac856ad51eb2","icn_Header_A_Nav":"0c7ff174-acb3-4eae-bf94-6bc549e73ce7","img_Header_A_LanguagesMenu":"ba318521-875e-410a-84c6-97478a1e2915","icn_Header_A_LanguagesMenu":"a9b7e2b3-99b8-46cb-bdc0-69467aad75ed","img_Header_A_Help":"09d8b14e-1b10-4304-830e-143402740510","icn_Header_A_Help":"bec79e86-a49b-40a1-9aea-c001f9407a85","img_Header_A_SettingsMenu":"b0c16eea-f285-4c45-8b6e-dae6043b61d3","icn_Header_A_SettingsMenu":"f76568ef-cd48-4bf6-8c52-18b6129969f8","img_Header_A_Logo":"9ae11de0-7cff-47b7-b7ab-88e82ca486d7","icn_Header_A_Logo":"7fa07fb0-a6fb-4cc0-88d5-b7bdd135e16b","shp_Header_A_Visualization":"8b06d3f9-25e0-43f3-bcda-a47a9702d030","PACo_SearchBox_A":"fe61e2ab-baac-4b8b-bb0b-ec6c6ed9a69a","html_SearchBox_A_Visualization":"5cebe16c-7a3f-46ac-9545-f560a4c14b8c","shp_SearchBox_A_Background":"928748a7-fb75-4771-ba5c-93b4c7829c41","shp_SearchBox_A_Visualization":"96cff225-5e26-47ca-a580-91cbe33d3c5b","ti_SearchBox_A":"13ba0e50-26a5-4934-96a5-00a97727f8b8","img_SearchBox_A_Search":"48bd323a-f9ce-4934-b0bf-c9b8caf27103","img_SearchBox_A_Clear":"16abe60a-9f22-4efb-9120-a652eb57b0b4","icn_SearchBox_A_Clear":"7209df62-0efb-4d86-88b5-c1eaba9b7c4d","PACo_DetailsList_A":"bd1ba12d-a0e1-4b45-a8f3-e0b103ae2b48","html_DetailsList_A_Visualization":"6765a2b7-8dfb-4db1-ab97-f4ddb49d6270","shp_DetailsList_A_Visualization":"f5ccd942-fc66-4994-9a63-b7a42f406968","cntr_DetailsList_A_Main":"2a04ee09-c8f4-42c9-8337-9d4c1c87a0f5","cntr_DetailsList_A":"76bf7baa-891f-4c0b-b17f-55a7f1dc06f4","lbl_DetailsList_A_Header_1":"e28856e5-ebbc-441f-866b-e9daf207a421","icn_DetailsList_A_Header_1":"c74b55a7-8757-4168-90c8-cb3429a7afce","cb_DetailsList_A_Header":"5ab78ecc-9053-4706-9311-b4fd08f1bd3a","img_DetailsList_A_Header_Sorting":"1f6d29bd-cbcd-4c29-8784-bd2aca5e22cd","lbl_DetailsList_A_Header_2":"bae90180-2286-41eb-a0ea-5e364bf6b0ba","icn_DetailsList_A_Header_2":"208307de-f4d2-40e9-9137-05ac27bf6512","lbl_DetailsList_A_Header_3":"cfa80487-0e27-4ddd-89e3-7f43827de397","icn_DetailsList_A_Header_3":"c7eb7ebf-a57d-4ea0-a74a-828ead5fe367","lbl_DetailsList_A_Header_4":"944f817b-f3cc-4952-84c6-3b0cb45699eb","icn_DetailsList_A_Header_4":"ab11428b-e785-4054-accc-8ae01a224a89","lbl_DetailsList_A_Header_5":"d494fc2a-d842-483e-882e-03c8013887ee","icn_DetailsList_A_Header_5":"eb8c08f0-d5c6-4ac5-86d5-91713e7dfaf2","lbl_DetailsList_A_Header_6":"5464dda8-2a36-4e39-9d93-f8a73e0fe0b8","icn_DetailsList_A_Header_6":"5af6be6b-2b5a-42bc-bef0-cab7e70f1160","lbl_DetailsList_A_Header_7":"7d5774f3-9434-4476-8aad-b91190ba8ec6","icn_DetailsList_A_Header_7":"486fdd38-72b5-47d1-8df9-34a6116a76f2","lbl_DetailsList_A_Header_8":"cbe372fb-d290-4ff9-bc55-4c9b663c35ca","icn_DetailsList_A_Header_8":"b0e1d9b8-e7fd-4fd7-9bc6-fc32ce770b87","lbl_DetailsList_A_Header_9":"6af18440-070b-45b2-9669-cda7acadc6e5","icn_DetailsList_A_Header_9":"62265b44-031a-4afe-9aa8-7651b0fb7045","lbl_DetailsList_A_Header_10":"11589c8c-23c3-4acc-89a9-e740425dd967","icn_DetailsList_A_Header_10":"cf05ad6a-dc89-41ee-9af1-807a2b51a7f3","lbl_DetailsList_A_Header_11":"45fa8d27-b207-4d18-885a-c476ded78eda","icn_DetailsList_A_Header_11":"36c1e44d-0c15-47bd-8c16-bbb73354764a","lbl_DetailsList_A_Header_12":"d047f762-bf2f-4b13-9ba0-aec8eb9fdeca","icn_DetailsList_A_Header_12":"25b71ed4-1f84-40b5-8f52-29192d3dc568","lbl_DetailsList_A_Header_13":"a167384e-814b-4f99-b974-ecb01d95b05f","icn_DetailsList_A_Header_13":"1e87afcb-9534-4852-ae5d-873c774769c1","lbl_DetailsList_A_Header_14":"21cb36e0-a59c-4bc8-a0b0-9875453be950","icn_DetailsList_A_Header_14":"0628b205-e514-4b82-b6b2-caf51bbde102","lbl_DetailsList_A_Header_15":"f6a5ec63-f995-411a-af6d-c1540e807b05","icn_DetailsList_A_Header_15":"5c3f8af9-0149-44ff-9cd2-ecc49a7810f3","lbl_DetailsList_A_Header_16":"43602dd4-47ab-4f45-b11f-e26050632248","icn_DetailsList_A_Header_16":"017bcdee-6f5b-4ca4-a2b0-e7090d914315","lbl_DetailsList_A_Header_17":"7a380256-e208-4e40-9cf0-706fde748a43","icn_DetailsList_A_Header_17":"62fbb4a8-bb2b-4eda-8d40-f00355c1621a","lbl_DetailsList_A_Header_18":"58f260c0-3228-4ff0-a4ea-8f4469eb44e4","icn_DetailsList_A_Header_18":"a28bf144-5cfa-48df-9298-c5c53e4d6e54","lbl_DetailsList_A_Header_19":"f8e7b662-6c99-4360-8f35-3d393d3ad4f2","icn_DetailsList_A_Header_19":"4972eaff-ad40-41d8-b9d7-048d686f5d01","lbl_DetailsList_A_Header_20":"f793a979-6707-4327-b3ee-fc435dfcbb60","icn_DetailsList_A_Header_20":"675beebd-f081-428f-a605-ebe52c5c332d","shp_DetailsList_A_Divider":"6c3ff1f6-f052-41d4-b228-021bf798fab0","gall_DetailsList_A":"755bdc35-9d79-46bb-a27d-92c571b5f081","galleryTemplate2_3":"35594090-e5b9-4ab3-9203-40929cf29810","lbl_DetailsList_A_Gall_1":"e814bb27-314a-4cdf-b433-c59e54cbfe76","cb_DetailsList_A_Gall":"d6689f7a-8bb7-45d9-b199-51b190e7912e","shp_DetailsList_A_Gall":"d5a14eca-e1e4-4e63-bfbd-2edc84eadbec","lbl_DetailsList_A_Gall_2":"0b857498-19fc-4230-81a4-19c4cadb6888","lbl_DetailsList_A_Gall_3":"08deb213-4cad-4c77-8d0d-7e11b710c274","lbl_DetailsList_A_Gall_4":"6631669f-734e-4c8b-b0a7-aceaff26a249","lbl_DetailsList_A_Gall_5":"8894cb5d-b8a6-46a9-8b35-89686064afb8","lbl_DetailsList_A_Gall_6":"87d1bc75-f26e-4dc7-a9c7-fe33b48589e0","lbl_DetailsList_A_Gall_7":"68eb7287-ef21-4e33-8acb-676afc46b0d0","lbl_DetailsList_A_Gall_8":"ad66f1c4-896f-4359-86bc-74bcd97b688d","lbl_DetailsList_A_Gall_9":"0baedbae-1fcd-42fc-b58e-2ba5b664bfaf","lbl_DetailsList_A_Gall_10":"6723834f-ff19-482e-acec-ce8816542fa6","lbl_DetailsList_A_Gall_11":"b3cb5257-5595-4595-b5aa-d5591484fa38","lbl_DetailsList_A_Gall_12":"31ffc518-7114-4974-bb02-2a90b0179a90","lbl_DetailsList_A_Gall_13":"cd3a8365-a951-434b-a3b9-02c3750b0a2d","lbl_DetailsList_A_Gall_14":"d46dafc5-8f63-4cba-ba0b-b2c3410658e2","lbl_DetailsList_A_Gall_15":"1e23cef9-f916-4f95-805a-dac61638fed1","lbl_DetailsList_A_Gall_16":"41a1b88c-2dfd-4b62-a980-1dca2f6e7381","lbl_DetailsList_A_Gall_17":"044ad53f-eeb2-4e70-af27-2eb8a3336cc8","lbl_DetailsList_A_Gall_18":"3551fade-b544-4fab-9972-60824003e409","lbl_DetailsList_A_Gall_19":"f01f80d5-96da-476c-9717-6b1732303be5","lbl_DetailsList_A_Gall_20":"0a4e2259-ba44-4a86-9696-f6db1be4a12a","shp_DetailsList_A_Gall_Divider":"959b9c0c-f312-4fee-90d3-b79cd8061f9a","PACo_Panel_A":"8e98a4fe-ae5d-4ecc-8136-52d7bfcbaf01","icn_Panel_WholeArea":"abf00786-c836-406b-9e38-b9d5ff40efc2","html_Panel_A":"af1a9ec9-66ea-4929-8f29-f8d9868c0be6","shp_Panel_A_Area":"bf59bf97-8c66-46f9-acef-1c879e5d8cb3","html_Panel_A_CommandBar_Visualization":"c968f8a1-2f8b-4eb1-9134-491e925a412d","shp_Panel_A":"36969f8b-2488-46af-a8b4-3ad85969b881","shp_Panel_A_CommandBar_Visualization":"b8364622-df0b-4568-8845-cdb56c769bb9","cntr_Panel_A_CommandBar":"24b88664-c71d-4ef6-b2c4-1530a2ad40a1","img_Panel_A_CommandBar_1":"e877a977-653b-4be9-9198-6b7b85abc561","icn_Panel_A_CommandBar_1":"33230ad6-4fed-4c43-aed1-0f37cb158a6b","lbl_Panel_A_CommandBar_1":"4b4b1de0-8f65-4a68-bef0-4d509c3fe7d9","img_Panel_A_CommandBar_2":"e43bb152-ed59-432e-a9f7-3ae20bc709f8","icn_Panel_A_CommandBar_2":"7da5886a-1654-4c5d-b080-f32c1f663778","lbl_Panel_A_CommandBar_2":"721d5aa9-4a8b-47dd-98c4-5bf2da31ccf5","gall_Panel_A":"595dd1c5-1d4a-4831-a61b-d9eedfd23126","galleryTemplate2":"673df6b0-49f0-446f-b5c8-b7022d8406da","lbl_Panel_A_Gall_Label":"c190e908-8671-466b-98b5-3dd9bf4cb06e","lbl_Panel_A_Gall_Text":"c7ba2b58-b76b-4c7b-ba68-14192c0d2cff","cntr_Panel_A_Button":"f1c46af7-06a6-40b7-941e-8e583e8154b7","btn_Panel_A_Button":"8ab3569e-3a48-45dd-b97a-e29a88351a87","icn_Panel_A_Button":"b9175782-1191-4b00-a6bc-bcb2fa01bc6b","img_Panel_A_Button":"8168513e-abdc-4b97-b03a-7f958adfe168","lbl_Panel_A_Button":"e4fffbd3-c358-416c-88e3-0ba1cc82be2f","html_Panel_A_Button":"dce3e457-3497-40f1-9ed3-6cc2203be04f","html_Panel_A_CommandBar_1":"107b461a-006c-4dcf-bf57-f409c2787073","html_Panel_A_CommandBar_2":"d48b5ccb-1048-4edc-8d79-e4a3d7cf5cb8","PACo_Dialog_A":"60caefe0-a8da-469f-9db2-e33808e35235","cntr_Dialog_A":"d981dbc9-b604-479f-bb13-6a357e1bc06e","html_Dialog_A_Visualization":"ab8b1cac-537f-4747-aa06-a59636c82384","shp_Dialog_A_Visualization":"1132d1b1-dc91-4219-8843-b13ef9dfe63a","shp_Dialog_A_Area":"7f46d412-14b5-4466-97bd-0e16b8f3f394","lbl_Dialog_A_Title":"b89d3bfc-5eaf-4cbb-b2c4-60202f867db7","lbl_Dialog_A_Message":"62a6af97-1630-4bb1-839d-c1140c29a30c","html_Dialog_A_Message":"b2f04cf2-0656-47c9-b4b1-882a848d138c","cntr_Dialog_A_Button_Last":"1822aca4-be17-4aa5-a344-b3b666f3fb11","icn_Dialog_A_Button_Last":"b4bc44eb-af6d-481a-b15b-89068bfa7e84","img_Dialog_A_Button_Last":"a440c81f-0358-4806-946b-e85cbb1b80b6","lbl_Dialog_A_Button_Last":"d461e677-6575-4ae7-b519-66a8565b88f3","btn_Dialog_A_Button_Last":"3c2546b7-c212-496a-aa83-63434da5c004","cntr_Dialog_A_Button_First":"b27b8f62-987e-4ba2-9b79-9c50939e6adc","btn_Dialog_A_Button_First":"3b66f4e5-58e2-4660-a7c9-f359d5a7bf64","icn_Dialog_A_Button_First":"eba92c42-989b-4dd3-aeee-8fe452d755fb","img_Dialog_A_Button_First":"c5fc6df2-1453-4e32-ba40-5fd68278826b","lbl_Dialog_A_Button_First":"8c29b46c-21aa-4b27-be42-c1e119b03d22","html_Dialog_A_Button_First":"7219b937-0f48-4a2d-9260-bf8831d03902","html_Dialog_A_Button_Last":"3f4e549c-d776-44af-893e-cefd2b7a1008","PACo_HeaderSettingsMenu_A":"1edb9250-fd8a-4bf7-9e77-3a4bfe2c7bee","html_HeaderSettingsMenu_A_Visualization":"3695d091-31eb-44c4-834e-296978720717","gall_HeaderSettingsMenu_A":"e9ff3e22-8fb5-4e12-a63d-dec808ca6a9c","galleryTemplate1_2":"263b0257-ce75-470c-a137-5d5f85c26193","shp_HeaderSettingsMenu_A_Gall":"2aa07b7e-bb3b-4923-86cc-ca689f388532","lbl_HeaderSettingsMenu_A_Gall":"6d672975-98fd-406a-a4d1-01dc267610c1","icn_HeaderSettingsMenu_A_Gall":"36a680a6-476c-4e69-9d3a-7ae1c5bbc95a","shp_HeaderSettingsMenu_A_Gall_Divider":"ca0a47e9-cb36-447f-bcba-8a10d39b6774","shp_HeaderSettingsMenu_A_Visualization":"aea1a089-bae7-4538-b1e0-9e519b7c486f","PACo_Nav_B":"17032a07-c6ab-4618-a806-8d2a9b30b85f","html_Nav_B_Visualization":"35dd39ce-79b8-4bfa-8028-efa82917b820","shp_Nav_B_Visualization":"33965b39-3b5f-4dc1-b159-9626bc95c3f8","gall_Nav_B":"f25b7c42-c2ea-4edb-be8b-9d02685598bb","galleryTemplate1_3":"dc8144e3-5994-4d7d-b361-69db00bf259f","shp_Nav_B_Gall":"e2b4a9e7-2034-4205-ab90-bd11f1a7c572","img_Nav_B_Gall":"03e1c8e9-9ff1-4112-87c8-4abc9ed17f25","lbl_Nav_B_Gall":"d37e6b7b-247e-4d73-b479-272cd4640963","icn_Nav_B_Gall":"4084d370-78c0-41b2-b6db-909e45c74b2b","shp_Nav_B_Gall_Divider":"f925af82-cdcf-485d-b541-1793ef135340","PACo_DetailsList_B":"8fe687a1-4990-40c1-b8c8-a772e26aa3b6","html_DetailsList_B_Visualization":"401c34e9-9661-4447-b33e-4f6e7889cf59","shp_DetailsList_B_Visualization":"6af66f3b-2e93-4e27-93e9-b37ee69fb0dc","cntr_DetailsList_B_Main":"c3d3fe99-da90-4539-a398-dfd50772f22a","cntr_DetailsList_B":"af19f918-6122-4bc1-98cb-6e596cdf8fde","lbl_DetailsList_B_Header_1":"ce73956d-b608-46b4-9aa1-2c5b891b1efc","icn_DetailsList_B_Header_1":"2a2e1154-7203-472b-a938-05f83b7c188e","cb_DetailsList_B_Header":"5c8230dd-e3dc-4e20-a167-82b9e92485fc","img_DetailsList_B_Header_Sorting":"5cc4b3ad-7732-424d-9a21-cc426ca242f4","lbl_DetailsList_B_Header_2":"5827e4db-a6a9-462c-9900-c13b5b283de5","icn_DetailsList_B_Header_2":"27caa581-71f0-4fb0-a5bc-d4ee4f18d5f4","lbl_DetailsList_B_Header_3":"5d673222-3bf8-48c5-ad45-e199c4ead2f3","icn_DetailsList_B_Header_3":"86c1eb87-5f67-420e-a3e0-5d5af175d8d1","lbl_DetailsList_B_Header_4":"2c519e2e-6078-4d97-b542-916cf1b1b594","icn_DetailsList_B_Header_4":"5f2d7ae8-9035-4f4d-90db-3ab0706d7a00","lbl_DetailsList_B_Header_5":"afda5ac2-d7cc-40ee-ab80-138b277b0537","icn_DetailsList_B_Header_5":"189f64af-0272-4f33-a8ed-ed6cf4b08612","lbl_DetailsList_B_Header_6":"0cfd459f-0f79-492c-b68d-f781162754a1","icn_DetailsList_B_Header_6":"18c97771-3909-4434-a151-4340a0e7c011","lbl_DetailsList_B_Header_7":"8b5dfdc8-e4fe-4513-a271-5151cc164a04","icn_DetailsList_B_Header_7":"6adec1ec-0589-4096-a315-cbefb5612559","lbl_DetailsList_B_Header_8":"684871bc-2fe1-4f90-a08a-0460cc218fe3","icn_DetailsList_B_Header_8":"904fefd8-de78-4508-8b59-065ae7278697","lbl_DetailsList_B_Header_9":"0694de77-fc64-4026-b09f-d4b41d5ae241","icn_DetailsList_B_Header_9":"644f924c-a22d-4e42-b404-69a2ddbae7df","lbl_DetailsList_B_Header_10":"72b84136-ddba-41ec-a088-99d3b4806408","icn_DetailsList_B_Header_10":"a4fb5a4e-34c4-42b1-913e-1746abb5b4d3","shp_DetailsList_B_Divider":"03dd8f97-8a38-4a93-841c-6a7ebce21dae","gall_DetailsList_B":"40282a46-5e8c-4018-a6ab-f78fdffffad7","galleryTemplate2_4":"326aeb4d-23d3-473e-9c24-01acc7d9d793","lbl_DetailsList_B_Gall_1":"208b4529-f4ff-423c-9a50-7e78f4998f09","cb_DetailsList_B_Gall":"ded0b95c-bedc-42b2-ad28-c2d4e8f77713","shp_DetailsList_B_Gall":"24666a0c-035b-4171-b7de-f9481b6ce211","lbl_DetailsList_B_Gall_2":"9744d5ee-1d52-494d-b8e8-052ed20d86a9","lbl_DetailsList_B_Gall_3":"ff3fc6e3-7891-491b-9d21-73d73edc5e14","lbl_DetailsList_B_Gall_4":"0dc92305-56dc-42cf-a162-7b2a764752a3","lbl_DetailsList_B_Gall_5":"ec1fff0c-4776-442e-acae-b0799c815db5","lbl_DetailsList_B_Gall_6":"2afb155d-9297-4405-8a27-a2e4c343114e","lbl_DetailsList_B_Gall_7":"38763a5e-fc14-4415-a2e6-5fa465894e05","lbl_DetailsList_B_Gall_8":"67269697-e4a2-4c90-baef-dc77f0c96c9e","lbl_DetailsList_B_Gall_9":"c1ceda24-4e27-46ae-9d27-ef0984c0e023","lbl_DetailsList_B_Gall_10":"e2df6fae-ba67-40a2-9dc9-01365b992615","shp_DetailsList_B_Gall_Divider":"8525f515-bc2b-4c8b-bc33-431b17d4744b","PACo_CommandBar_B":"757bdd3c-4553-450b-9398-a26d27bdac27","html_CommandBar_B_Visualization":"1cb7a304-615a-421b-ad28-154ba5e18a85","shp_CommandBar_B_Visualization":"63961a53-a0d7-4728-ba09-0dcc5f05a937","cntr_CommandBar_B":"c1c77f0a-84d6-4048-9537-c27088288bb5","shp_CommandBar_B_1_Bottom":"fa952c0c-7e00-48ca-9058-bccd7d2b7fd1","img_CommandBar_B_1":"f178e782-4dd1-45d9-b746-9195d5c45066","icn_CommandBar_B_1":"e3b47c32-3c7c-4af7-9c10-9b87f03f1be2","shp_CommandBar_B_1_Top":"9c8d0eef-f564-42a2-8425-cfa8238931ef","lbl_CommandBar_B_1":"4541a87f-9095-4ba1-8fbe-e9f302b7b791","shp_CommandBar_B_2_Bottom":"743677cf-6eeb-4af6-95de-b2366fea0853","img_CommandBar_B_2":"a0a33b48-fdc0-4dab-b7e7-50c28c47a891","lbl_CommandBar_B_2":"f9350c86-b83d-40bb-9399-dce253f4f897","icn_CommandBar_B_2":"095794a1-b039-437b-933c-a9bebf9efe14","shp_CommandBar_B_2_Top":"ed9b7ed5-d3a9-4800-982d-b02f694ff0c8","shp_CommandBar_B_3_Bottom":"ad77faa7-8337-470b-ba24-c24988a8cbf8","img_CommandBar_B_3":"18b94720-e66d-416d-b4d5-70b4e224744e","icn_CommandBar_B_3":"fd91485a-03bd-4a8c-ae5e-6273e178460d","shp_CommandBar_B_3_Top":"e5d3b0f1-810d-41dd-ab72-c806e18d01ce","lbl_CommandBar_B_3":"b0bfc3db-1885-4f2f-8430-1ab905fc9e76","shp_CommandBar_B_4_Bottom":"fd32e2c9-6281-47ae-8d7b-e9b98c9fd091","img_CommandBar_B_4":"67273187-9ddd-4ba9-a1db-ed02b58594b0","icn_CommandBar_B_4":"1087aadc-6e07-48af-a9ed-13d5bd16b6d0","shp_CommandBar_B_4_Top":"cf0b341e-cd83-4745-ab5d-b702249f31c5","lbl_CommandBar_B_4":"df4ffcea-3852-4a93-bd58-97384a327d99","shp_CommandBar_B_5_Bottom":"0ac4f89a-c56b-4002-8f99-1ba8f41b4e97","img_CommandBar_B_5":"f1bb2cf1-15eb-4200-8859-6beda69cc2c9","icn_CommandBar_B_5":"aa4b53c4-6b8e-4c24-a49a-7eaf88754f8e","shp_CommandBar_B_5_Top":"bfe2d900-04a7-40a1-b7fe-8aa22c5b64ac","lbl_CommandBar_B_5":"86a95c77-74c1-48d4-9015-fe233201d71d","shp_CommandBar_B_6_Bottom":"3876f947-803f-4e37-8383-e476ab1371f8","img_CommandBar_B_6":"9cef0ece-b38d-496b-8c61-5b594e14289c","icn_CommandBar_B_6":"3bbb774b-f92f-4e31-af68-386e7980c675","shp_CommandBar_B_6_Top":"8ae02ac7-ad76-49c2-87aa-3937691f3a5f","lbl_CommandBar_B_6":"65db1f35-797f-42c5-aa67-c4bf82c925a3","shp_CommandBar_B_7_Bottom":"7c5768b1-0e50-44be-bc70-786fbbc43772","img_CommandBar_B_7":"a0bd2cff-319e-437f-8074-262343f3a213","lbl_CommandBar_B_7":"60339f74-4a88-4399-88c3-a5df33b5f482","icn_CommandBar_B_7":"0e475f24-ffd2-4204-a61f-6d0c85e996fe","shp_CommandBar_B_7_Top":"20ad571d-d8e8-4a1c-af12-2a7a0af173f1","shp_CommandBar_B_8_Bottom":"327f8d6e-a878-45fd-ac90-b07dff0e3766","img_CommandBar_B_8":"35173b12-e669-4077-9dc9-563b57970da8","icn_CommandBar_B_8":"70857888-88f9-47b2-9bef-c719b8047ca8","shp_CommandBar_B_8_Top":"68f1a526-6f1e-44e6-851e-9f6cb52ad69c","lbl_CommandBar_B_8":"6e39c31e-88a9-44c0-9dfa-11aac98f522b","lbl_CommandBar_B_Menu":"ac39f5dc-77f8-4eb4-b871-e4ab652dfed8","icn_CommandBar_B_Menu":"fa3974bb-49b7-42ed-b7bc-d5b43b17eadb","html_CommandBar_B_1":"a3ec6bf1-bd18-4454-a71a-65db0f9548cc","html_CommandBar_B_2":"0ea2b406-28b2-41b5-957a-1a957db5c879","html_CommandBar_B_3":"3dfb1920-5f9d-43a7-a63a-fd6f97b238cb","html_CommandBar_B_4":"6fed386a-ae0e-4e51-a120-bfd9da433ba7","html_CommandBar_B_5":"b1a07a9a-4602-441f-a793-7f89449cdfbd","html_CommandBar_B_6":"109b8ad8-2128-4691-bda5-22901b23346f","html_CommandBar_B_7":"84b5b438-938a-4722-aab4-7bbdd53482c5","html_CommandBar_B_8":"5dcf9210-b266-48f1-857b-1f788622582c","PACo_Nav_C":"4f7a4d67-c853-4ebb-97a2-e77e0f264391","gall_Nav_C":"e6f745b8-d50a-4b69-98c1-a3a93d30f963","galleryTemplate2_1":"b82d664d-bd19-44dc-ba17-7f92ad22c05f","shp_Nav_C_Gall":"ec16a283-6bb6-4c38-ad89-9ea71475a238","img_Nav_C_Gall":"ee520f07-a25f-402c-96ca-8e439b1f4145","icn_Nav_C_Gall":"51ed5445-da59-49bd-a2c9-2e48f85a9aab","shp_Nav_C_Gall_Divider_Left":"eabe8279-61ae-4e95-9e0b-a7b4e7d66419","shp_Nav_C_Gall_Divider_Right":"efc6fc05-008b-4da5-8ebd-6ae7953dfc57","lbl_Nav_C_Gall":"e1e9fb1f-638d-414b-a22d-7ad4d3dd958a","PACo_DetailsList_C":"1387c843-acd3-4a84-88a4-dcaec71cc018","html_DetailsList_C_Visualization":"094169cc-8cc8-439e-b202-c44a54624f80","shp_DetailsList_C_Visualization":"51756a2e-bc69-4927-a27d-5a7123c8ef1f","gall_DetailsList_C":"864f718f-f6dd-4e12-9721-5b6e6cace612","galleryTemplate4":"6b0c43c8-d294-4c33-ab74-a1e0a4367f48","shp_DetailsList_C_Gall":"296723c7-88bf-4c20-834c-c9f19fc259f4","cb_DetailsList_C_Gall":"fc706d1b-b27b-4f9f-ae28-52ac198995e3","lbl_DetailsList_C_Gall_Title":"42a28be7-9fe3-4e77-aca1-ac6c306dce31","lbl_DetailsList_C_Gall_Subtitle":"8ca59df7-e430-40bb-bce8-5dc9384ea86e","lbl_DetailsList_C_Gall_Body":"09a535fa-4e83-48c2-b8ce-c0b09bb21fc3","shp_DetailList_C_Gall_Divider":"9cd44d59-af89-4c94-9e98-9df9af6a0911","PACo_CommandBarMenu_A":"96033764-6172-4199-8ae6-289593749587","html_CommandBarMenu_A_Visualization":"4d589fbd-e68b-41cc-a6c4-1fc59ea12c38","shp_CommandBarMenu_A_Visualization":"9b74bea6-cfd6-49a4-a950-b6ba255f451d","gall_CommandBarMenu_A":"1128882d-91fc-49f8-90d6-4a05fd0e4b4b","galleryTemplate1":"fa8099ff-f61b-486c-93d5-7ba51ae91244","shp_CommandBarMenu_A_Bottom":"e4092571-241d-4617-8921-135cff3f67d7","img_CommandBarMenu_A_Gall":"354312c2-cd54-4b29-8d67-26ce3a0bb790","icn_CommandBarMenu_A_Gall":"b9b0cc7a-b810-47e7-be62-1a16a0de1a07","shp_CommandBarMenu_A_Top":"6de75ef7-c849-46fd-b559-99d9e9d3db8e","lbl_CommandBarMenu_A_Gall":"57450270-1885-4515-83f0-9d54dbde4038","shp_CommandBarMenu_A_Gall_Divider":"e6a79486-7af7-4978-8a02-e899fa544368","PACo_Spinner_A":"20489522-7d44-478e-9056-f4ee39324769","img_Spinner_A":"d2a884b0-d641-454e-850e-836de01ddcec","lbl_Spinner_A":"ea6a85b3-77a5-497f-8766-49b05fe0c60b","PACo_Tile_A":"8c319afd-2807-43aa-b91f-9ef20c346ec1","html_Tile_A_Visualization":"9ea20231-15e5-4cb8-b3af-82fbe20e7746","shp_Tile_A_Background":"716b8024-41d3-469e-88f6-39bc89e13b75","shp_Tile_A_Visualization":"51407155-7d0a-4217-8291-ff492b29da28","lbl_Tile_A_Text":"630c55db-841a-4e9d-ad64-3b881b4872f6","lbl_Tile_A_Value":"6b2940a0-98ad-4d1c-a703-33c3cc0fa2b0","PACo_Visualization_A":"cdc9d711-974e-4974-a967-ed0fd2c652ce","html_Visualization_A":"72658a8f-37fd-4764-bcd7-19358fab0582","shp_Visualization_A_Background":"91df7d8b-981b-4ade-9651-33f081f612ec","shp_Visualization_A":"c8412f08-6078-49a5-942e-1a90136ef8ae","PACo_Icon_A":"3e323e12-d3d9-42f0-8065-eb43b3c4bf03","html_Icon_A_Visualization":"b68be572-73f4-422c-ba35-8d3ea8ee9962","shp_Icon_A_Background":"cf534ee4-f802-4e69-91e3-a0fc5acf7d03","shp_Icon_A_Visualization":"e7343a4d-a71d-4560-bd2e-d7cb0a2ba29b","img_Icon_A":"2535f5b7-8b1d-4516-8852-0029af03bbc6","icn_Icon_A":"a5a17c75-018c-4959-9f9c-7ee04d254e78","PACo_Tile_B":"13f9b222-4f26-4889-b920-2142d40478d1","html_Tile_B_Visualization":"156a2855-3a62-415a-bc27-e70a50e2004a","shp_Tile_B_Background":"2739d15a-6586-4895-9a16-87f66eb61d39","shp_Tile_B_Visualization":"c6b18a02-b17b-453d-93ce-9cb8c518847a","lbl_Tile_B":"4eeb08d7-5d09-43ec-aea0-dcd67ee39503","icn_Tile_B":"ad34112a-97e0-453e-9198-19128f5a31a3","PACo_Button_A":"c3fd9f8d-8c39-4d1a-b64d-4ac8d06c1b21","cntr_Button_A":"7fdaaf94-90a8-42ea-8a5b-90b1ad212c2f","btn_Button_A":"b81491cd-080f-40f3-8d73-13c6ff6a37e0","icn_Button_A":"08ef860b-b1ce-46fd-ac22-f8139c754faa","img_Button_A":"46ea6441-1bc2-43d4-8b57-ad659bc899fb","lbl_Button_A":"feec2f80-ae2f-4a9e-abbc-5826b59e8988","html_Button_A":"6e66259d-ddb8-4b76-b28f-8d571220cea1","PACo_CommandBar_Item_A":"1417bb74-a1d0-49d7-afda-4c6ed769c8e0","shp_CommandBar_Item_A_Background":"40f2f293-5c0c-48c0-8bbe-ead75bc261f9","img_CommandBar_Item_A":"7baf76d9-5ebd-4f8a-bf80-7a394d87a04b","icn_CommandBar_Item_A":"e991d11c-70ba-4dd1-8167-f58eda63fc5b","lbl_CommandBar_Item_A":"54fa0dc6-0123-4661-99f4-1e4b0687ac1a","html_CommandBar_Item_A":"f6551b02-f9ad-4f9c-8979-650672c6c806","PACo_ProgressIndicator_A":"8eddcdef-ebc9-4b7e-a9b6-d68bc21b3310","html_ProgressIndicator_A_Visualization":"372f37fb-f533-4802-b77d-43aa8bbd2119","shp_ProgressIndicator_A_Visualization":"654317a2-fb57-4acb-91bd-4827c22e4c66","gall_ProgressIndicator_A":"f4b6fc3f-7082-4a01-96d9-c14a82427fd8","galleryTemplate1_1":"f8a029f5-b4d2-4319-87d5-cc3f16b475ae","shp_ProgressIndicator_A_Gall_Circle1":"9d9cf081-d163-461f-8576-cb7cd1eb1df6","icn_ProgressIndicator_A_Gall_Circle_Clickable":"dfc3d915-4463-4199-8ddf-e19d28c23613","shp_ProgressIndicator_A_Gall_Circle2":"37fe3def-b1c5-48d2-8862-628cbbf30031","shp_ProgressIndicator_A_Gall_Circle3":"06a49797-f276-49e0-91d0-7ff1b9b8ce60","shp_ProgressIndicator_A_Gall_Left":"411a5cf6-661d-41d8-b08a-944651eaf878","shp_ProgressIndicator_A_Gall_Right":"dafea307-a6db-4b5c-aea0-78da44202a37","lbl_ProgressIndicator_A_Gall":"a6aa0a17-1ee3-4995-bff5-7e9df87761e5","PACo_ProgressIndicator_B":"b53a89a2-ffd5-48a2-a944-dc29ebff195e","html_ProgressIndicator_B_Visualization":"bb43dab3-bc55-4718-a575-af3efc5ab67b","shp_ProgressIndicator_B_Visualization":"ae7bc1f9-7eb5-4ef9-9f1b-a811e02fd376","gall_ProgressIndicator_B":"647e4e35-18a4-4425-9547-8a6eb5e1b291","galleryTemplate1_4":"05c0fc6f-6368-4dd8-80fd-d225296a2ad0","shp_ProgressIndicator_B_Gall_Circle1":"cde62fd4-a543-414d-865c-90d653af03d6","icn_ProgressIndicator_B_Gall_Circle_Clickable":"56ae7a0b-5072-4bb2-acf3-9b181582ee0b","shp_ProgressIndicator_B_Gall_Circle2":"f58694ce-bd92-4453-abd4-17338f271bc9","shp_ProgressIndicator_B_Gall_Circle3":"2734ffb1-fa54-4e09-b077-6871df25eb61","shp_ProgressIndicator_B_Gall_Left":"99a515c2-275d-4d02-97f4-d339b3ce285d","shp_ProgressIndicator_B_Gall_Right":"25156bce-b27c-4d7a-9af9-dafcb981e74a","lbl_ProgressIndicator_B_Gall":"85fc8fb3-c43e-4241-ade1-a087b3608a95","PACo_SelectList_A":"81c6ff04-863d-4104-8e66-55f4130d7832","cntr_SelectList_A":"01a45458-ac33-4518-ad24-d7a69d270f6b","html_SelectList_A_Visualization":"b6f16d36-02dc-4c28-9caa-adff91e7a458","shp_SelectList_A_Visualization":"a56058b8-873e-4daf-a7b8-a09ee10b9142","shp_SelectList_A_Area":"fad8cf52-1b32-4ea9-9fe8-20031745b7a5","cntr_SelectList_A_SearchBox":"52876a9c-66b9-493b-8241-305739856bec","html_SelectList_A_SearchBox_Visualization":"d717693c-35f3-4efe-87a2-33be01f352e5","shp_SelectList_A_SearchBox_Background":"3da97409-46f6-4534-aba2-774b677313b2","shp_SelectList_A_SearchBox_Visualization":"ebd69b33-c7cd-48d6-84d7-46b8fe795365","ti_SelectList_A_SearchBox":"d85e7de9-fa29-4f9b-9b96-3acc23b4a2b3","img_SelectList_A_SearchBox":"b1947746-28ab-4b60-a031-ff475b1c3ec2","img_SelectList_A_SearchBox_Clear":"df26958b-d3df-419a-9279-5ab4622e4181","icn_SelectList_A_SearchBox_Clear":"1434e007-3c9f-48c6-a4f7-8004807c54b1","html_SelectList_A_Gallery_Visualization":"2aa9d282-499b-4597-8536-c90930f5f0dc","shp_SelectList_A_Gallery_Visualization":"ef839c78-08ec-48fa-ac6b-e1e1035ddb8e","gall_SelectList_A":"9445fd47-14a9-432f-b9f3-285fda74fb6e","galleryTemplate5_1":"c817210a-eabc-4d69-bb71-7974e2438898","lbl_SelectList_A_Gall":"c529835a-f5f9-41b0-a55a-e5a86fdcf5c5","icn_SelectList_A_Gall":"6b277c86-2c93-4f49-bfa3-07682508ed9d","shp_SelectList_A_Gall_Divider":"fd7f1098-416d-4e34-b627-304c8c39c8eb","cntr_SelectList_A_Button":"25830a78-f173-4651-98a3-8bed58159f19","btn_SelectList_A_Button":"5db7f60f-c436-48ee-bb47-45e64bc34e55","icn_SelectList_A_Button":"e403cefa-b43c-412f-a950-28869397541c","img_SelectList_A_Button":"5e80eb32-4351-482a-b762-56854b404b6d","lbl_SelectList_A_Button":"16ac8410-a5a8-4f74-ac94-46450dc8666d","html_SelectList_A_Button":"aa3b349f-2191-47d3-a07c-48aa11c2d1e6","PACo_Log_A":"0826dd7f-ec4d-4d56-be17-29dfcc852146","html_Log_A_Visualization":"e1be8092-433f-4228-a9e3-cbe329cba526","shp_Log_A_Visualization":"bd74f2db-787c-4e5f-83bb-139ac3c60ae2","gall_Log_A":"3a3a26b3-6603-4765-aa54-e2669fc57dd4","galleryTemplate1_5":"ffee847d-b782-4b0f-9c67-cba0dc8ebb51","shp_Log_A":"a6dfcc0b-a4ae-4ca8-bf53-ccb7e014f4db","icn_Log_A_Gall":"c969416d-fd68-4682-9951-60f270f84f2b","img_Log_A_Gall":"9f25fe14-deb6-4ee7-994a-a2d1355f86c8","lbl_Log_A_Gall":"eef0936f-28c1-4c0a-ae85-3d8e39b18afa","shp_Log_A_Gall_Divider":"efd902a0-e803-41ee-aadb-9fdd0b7a9622","PACo_HeaderLanguagesMenu_A":"d567885a-0050-40b8-b271-326efd6804c6","html_HeaderLanguagesMenu_A_Visualization":"3558fa55-2266-438c-bd40-43145fe4294e","shp_HeaderLanguagesMenu_A_Visualization":"48370441-f7f3-40b9-8dd8-277483de3bd5","gall_HeaderLanguagesMenu_A":"820f6e75-24fb-4c91-94a6-0621dc512dba","galleryTemplate1_6":"b64e43d1-5c02-46f9-9493-9583aa81d327","img_HeaderLanguagesMenu_A_Gall":"38f6e188-2b2a-4c65-83f9-2de2b8c33426","icn_HeaderLanguagesMenu_A_Gall":"47798630-b32b-446b-9d9d-72bb9fa15d58","shp_HeaderLanguagesMenu_A_Gall_Divider":"482909e0-4858-48d4-899b-39c3c57bd131","PACo_Tabs_A":"f8bf0344-67b6-4752-b1a9-19c559faf292","html_Tabs_A_Visualization":"658b46de-982c-47e1-a491-b7845b4791e7","shp_Tabs_A_Visualization":"eb79254e-76dc-49f8-a153-10d4ef3d0b52","cntr_Tabs_A":"ab22a941-50f2-4d48-a244-b3d85ddd7ec0","shp_Tabs_A_1_Bottom":"c7788d9f-168d-4d9b-9e65-1f3c00c8b8ba","lbl_Tabs_A_1":"d167d30d-cfed-4f78-a934-4574c1d9c789","icn_Tabs_A_1":"f3d4a4f7-2d6e-418b-a536-9c5ba079c7e6","shp_Tabs_A_1_Top":"31c6df94-ec47-4c28-b5dc-35ae88ba4914","shp_Tabs_A_2_Bottom":"b99724d5-a6ae-4a34-be44-6aa5ca76416c","lbl_Tabs_A_2":"08dc0f12-ff9c-41f1-a906-b4970e0b2915","icn_Tabs_A_2":"f55fa833-dc75-4c40-92e7-4d1ce60c6ff3","shp_Tabs_A_2_Top":"e410222f-976a-4e1f-a752-84e5665f4abc","shp_Tabs_A_3_Bottom":"65026780-ec8a-43ff-be95-f1de61605775","lbl_Tabs_A_3":"0f0b570b-69ef-445b-8a81-95b3fd164856","icn_Tabs_A_3":"1d9570b1-c60a-4a08-a55f-ba5f55e49b99","shp_Tabs_A_3_Top":"81430608-a826-4f9d-89ad-ecf005fde498","shp_Tabs_A_4_Bottom":"60a4429e-0574-497f-b8fc-ac5ee6e0c45e","lbl_Tabs_A_4":"d24618db-6989-4089-a9ac-96845f4edc33","icn_Tabs_A_4":"ad999c1f-9451-4a1e-a9b5-0319a736681f","shp_Tabs_A_4_Top":"f45cd2d1-5ce5-4b15-901a-3becbd892321","shp_Tabs_A_5_Bottom":"770d8e3c-e9ba-4c69-9e73-9c23b9d44196","lbl_Tabs_A_5":"4a976b33-bb65-4cd3-a3b7-26d230b88aac","icn_Tabs_A_5":"ee9424c6-4f32-46df-89ac-c4362f0a7ed7","shp_Tabs_A_5_Top":"617c1576-1108-42c1-b828-e1f1a8563f13","shp_Tabs_A_6_Bottom":"b0757a31-84d2-4bf4-8507-cac3b5b91c12","lbl_Tabs_A_6":"d1b15d7f-1e95-43ac-aaa3-9a2851b96802","icn_Tabs_A_6":"5c018697-5b14-46de-9761-f538a8b190a2","shp_Tabs_A_6_Top":"a45b4fea-0456-4c02-8aee-c7360ee92bfc","shp_Tabs_A_7_Bottom":"04f16f03-b13a-4572-8ab5-2544bc104f05","lbl_Tabs_A_7":"8e0c5001-e64f-4640-91f1-0a2519ceec8c","icn_Tabs_A_7":"f1a13d43-abb0-4694-872e-3c76f08f8d70","shp_Tabs_A_7_Top":"3c8e49fb-6d36-48c6-83b7-b20083f25ebf","shp_Tabs_A_8_Bottom":"a29f4f34-9ec5-41ee-947c-5d5d5b1f991c","lbl_Tabs_A_8":"cbaf75b7-a26f-49ab-b16c-5b03ab9aeea5","icn_Tabs_A_8":"891414c0-9e91-40cc-87eb-c1cebe0ddb16","shp_Tabs_A_8_Top":"2f45e66b-28e4-4f75-bc7d-176f4ad2ff1e","lbl_Tabs_A_Menu":"59c71e56-0cae-4fe9-8493-b7e16d681ab9","icn_Tabs_A_Menu":"0b6bb6df-0028-41b3-b650-4da0d639e73b","shp_Tabs_A_1":"422c3119-9ce0-4efc-9602-e2e90bce50dd","shp_Tabs_A_2":"1b8a0121-cc5f-43da-9f37-fda2313358cd","shp_Tabs_A_3":"fca3c8cb-bf14-4e07-8d3f-01198ca8d2ac","shp_Tabs_A_4":"bc9740d5-6682-414b-a532-9c56bcd9f0ac","shp_Tabs_A_5":"5d9e0e5d-82c3-4422-bfc9-3b4b6bc8f8f0","shp_Tabs_A_6":"ef83df2d-8358-4da9-9bc2-4f6282a32534","shp_Tabs_A_7":"8a67405a-e2df-4890-8dcd-ef6819892011","shp_Tabs_A_8":"0573c69c-31ca-4970-bf6a-361d546861dd","html_Tabs_A_1":"09399203-2c00-4707-856a-d3765b3dbd3f","html_Tabs_A_2":"a9842ef7-5f2e-47e3-8ff7-06923b895e08","html_Tabs_A_3":"27b7ec50-7a09-4304-8975-e049c4f7b58d","html_Tabs_A_4":"b92e8640-ead7-4956-828f-c3d5f72f8fac","html_Tabs_A_5":"b196e6df-d541-4f77-b3bd-3e8293d9f627","html_Tabs_A_6":"7ac4e667-a3e8-4ac5-a77d-b394b5d3dbf7","html_Tabs_A_7":"8f08a709-95c8-449d-8da0-eff273aebfb0","html_Tabs_A_8":"81ef5f10-58c1-4af6-b233-34e5c474a0f5","PACo_TabsMenu_A":"e3dd3be4-4f20-4081-a053-d4c82e2a58e3","html_TabsMenu_A_Visualization":"a7763927-28c8-4ed8-8b55-3b958c059684","shp_TabsMenu_A_Visualization":"770eab85-f308-4539-88a5-24c5d9df8110","gall_TabsMenu_A":"196bc92e-000c-4fd8-a97c-725c7192f20a","galleryTemplate1_7":"0fd18282-0f78-4660-ab61-b1d76719e581","shp_TabsMenu_A_Bottom":"2a951c0d-7113-4e76-9816-7811c7019aab","shp_TabsMenu_A":"cc55f945-abf2-473b-bf67-021df99330e8","icn_TabsMenu_A_Gall":"659770a3-2d93-42c0-b911-4b842b0ddc98","shp_TabsMenu_A_Top":"e2d51a50-0ff6-4ea9-8c51-612d04e6ba44","lbl_TabsMenu_A_Gall":"4088f6b5-bfd7-4770-b972-517f1bf7af64","shp_TabsMenu_A_Gall_Divider":"f60acfa3-9ffc-44c5-9661-482780e99df0","PACo_Info_A":"dcd530a4-e911-4add-8a04-2263eca4f136","cntr_Info_A":"5ef55c28-8d3e-43bd-9297-364cf91ff588","html_Info_A_Visualization":"8c6f5a11-0633-490f-9c50-86eeb1db7a50","shp_Info_A_Visualization":"35e20523-be6f-4fa4-a293-c5b0b2d8b970","shp_Info_A_Area":"8aee4365-a73e-4a6a-ac7f-012d6a157987","lbl_Info_A_Title":"7f049b21-9d31-4a13-82c0-4ac7db2edb2d","lbl_Info_A_Message":"0128c226-1ecd-41c4-8581-27185b1bb976","html_Info_A_Message":"e307ece5-9d1f-4777-b01e-6f0b53dd41ce","cntr_Info_A_Button":"d560b859-d1c8-44ea-9552-c2b7da6a8cd7","btn_Info_A_Button":"91f98430-d020-4ca6-b4ac-74e9de17edbd","icn_Info_A_Button":"de0c77eb-cd5b-43c5-96dc-efbbab7160d0","img_Info_A_Button":"69fab908-4038-498c-86cc-2620bb672bf1","lbl_Info_A_Button":"911702f1-b81c-4f1b-b365-fd4f060cc985","img_Info_A":"754bf0e9-7070-4240-93ff-1818f30b74e3","html_Info_A":"a3930f25-aa0a-49dc-a5e4-b705b927f325","PACo_CommandBar_Shimmer_A":"a82cc767-ac97-480a-8596-01331de6508d","html_CommandBar_Shimmer_A_Visualization":"875eb18c-f2d1-4fd5-88a6-23a1af54abf6","shp_CommandBar_Shimmer_A_Visualization":"c4e97372-7bd5-4bb0-b689-77dfcb8c5ebb","cntr_CommandBar_Shimmer_A":"5514f8b7-7851-4fe8-950b-7babbd641626","shp_CommandBar_Shimmer_A_1":"952c97f1-6f44-4a6e-8e84-e38047e3104f","shp_CommandBar_Shimmer_A_2":"c549e3db-56c2-4788-9fb9-f69477b9e002","shp_CommandBar_Shimmer_A_3":"ac728a3c-be75-47fa-9040-9b4e34baed22","PACo_ProgressIndicator_Shimmer_A":"036f1622-2620-4e32-b997-657e872fc7a6","html_ProgressIndicator_Shimmer_A_Visualization":"95077857-cea6-4c8b-9f45-de4058c9a576","shp_ProgressIndicator_Shimmer_A_Visualization":"098470eb-99b4-4b27-848c-d4a5b5321541","gall_ProgressIndicator_Shimmer_A":"3396c0e4-584a-4220-9559-7ba1cb259e28","galleryTemplate1_8":"9cf06069-ed05-4910-9d4f-f7f08fb57b54","shp_ProgressIndicator_Shimmer_A_Gall_Circle1":"750ace63-71a0-4ce5-ac56-bd5ad68f8faf","shp_ProgressIndicator_Shimmer_A_Gall_Left":"e532c35d-317f-43c0-9166-c3f03d8281f1","shp_ProgressIndicator_Shimmer_A_Gall_Right":"d64b9aec-0032-484f-8427-1a04141f5457","shp_ProgressIndicator_Shimmer_A_Gall":"cead7f01-d8aa-4685-b090-0c4320935670","PACo_DetailsList_Shimmer_A":"d2b45172-f2d0-486e-83a6-56c44dc4ecb3","html_DetailsList_Shimmer_A_Visualization":"d4f6e526-4029-4d53-8f27-add27fb31e3f","shp_DetailsList_Shimmer_A_Visualization":"94062f0e-85c9-4ca9-b63f-446ffd2c3539","cntr_DetailsList_Shimmer_A":"2ed039c2-f06b-4e54-9ed2-75b02ea15ae8","shp_DetailsList_Shimmer_A":"91b923d1-bdf7-43b0-9314-922412c41b2c","shp_DetailsList_Shimmer_A_1":"e502f2c5-a14b-43ea-9c69-5ede722350a7","shp_DetailsList_Shimmer_A_2":"6b778f39-a72e-40cc-b228-c082c92ec3cf","shp_DetailsList_Shimmer_A_3":"9206a3b3-e1ce-4554-b3c7-8fb86b2d6ba4","shp_DetailsList_Shimmer_A_4":"49121c61-9aa8-472e-b899-ac87e71630fe","shp_DetailsList_Shimmer_A_5":"68585118-1dd7-4a3e-8407-c8d03a55667e","PACo_ProgressIndicator_D":"7fec6ce4-38a7-414c-92d3-8e06ec9b41f9","html_ProgressIndicator_D_Visualization":"3d53e426-612a-426f-a457-3466bd56ee00","shp_ProgressIndicator_D_Visualization":"e488096f-ae1e-446f-88a1-4f4a57f01b5b","gall_ProgressIndicator_D":"a15b4743-ea81-4f8d-a714-d4b9e3c61760","galleryTemplate5":"736eb3ba-ab34-48d2-9d55-72badb59887e","shp_ProgressIndicator_D_Gall_Top":"1c0ab3a8-eb4e-4aee-a0e9-e22376d38a56","lbl_ProgressIndicator_D_Gall":"f053e21e-116a-48d0-80f0-71961366a7dd","shp_ProgressIndicator_D_Gall_Circle1":"0f34a08d-63e9-446d-8a26-877c59bf388e","icn_ProgressIndicator_D_Gall_Circle_Clickable":"e600adae-5b8e-406d-8fa1-8da073315f58","shp_ProgressIndicator_D_Gall_Circle2":"218c4d92-ff10-40c5-9b61-ed1bb4dae0e8","shp_ProgressIndicator_D_Gall_Circle3":"263475cc-0dc3-48bb-8daf-12ed81da08e6","shp_ProgressIndicator_D_Gall_Bottom":"50c0a6af-13b5-4202-a265-4ed749eed3f3","PACo_ProgressIndicator_C":"abc4c024-19e8-42be-a338-d39b869b5288","html_ProgressIndicator_C_Visualization":"0abca137-f3b5-4094-a461-8f8cbfd7f533","shp_ProgressIndicator_C_Visualization":"4263d0e7-2468-4e5e-93c7-353877c102fd","gall_ProgressIndicator_C":"9465e44d-64e4-49b4-a2ec-1b1958322e6e","galleryTemplate3":"b7ab5384-46f7-4c3f-a476-423bc0b29d5d","shp_ProgressIndicator_C_Gall_Top":"98ec9e89-74b6-41f3-b5c1-91f79b53a530","lbl_ProgressIndicator_C_Gall":"d92746bb-2240-464e-97af-51c901c6cc5e","shp_ProgressIndicator_C_Gall_Circle1":"ca3c928d-62e2-499d-80a3-1e4dc3a87625","icn_ProgressIndicator_C_Gall_Circle_Clickable":"7bb79480-7560-476d-a0e5-b21de9ddad35","shp_ProgressIndicator_C_Gall_Circle2":"41b1e34b-6df7-4916-8caa-8f1d3c5456cc","shp_ProgressIndicator_C_Gall_Circle3":"e5004709-5e0e-462a-9bdb-1f5b0bda6d52","shp_ProgressIndicator_C_Gall_Bottom":"24907c5f-c1cc-4d4b-ab4d-ebe47fd22866","PACo_ProgressIndicator_Shimmer_B":"f22456ba-8b7d-4706-acfc-b8af596829a8","html_ProgressIndicator_Shimmer_B_Visualization":"5e0a4377-b86d-4781-a6a0-a231cd28340d","shp_ProgressIndicator_Shimmer_B_Visualization":"39bf08b6-7a8b-4f45-82ce-ac8fb8a95fc6","gall_ProgressIndicator_Shimmer_B":"25cd650b-6a99-4d8f-9020-52038725a4ba","galleryTemplate3_1":"342497bd-1127-4eef-b534-3d16012a9d0b","shp_ProgressIndicator_Shimmer_B_Gall_Top":"534c5790-de95-4b94-80c8-1c9a3294abcd","shp_ProgressIndicator_Shimmer_B_Gall_Circle1":"33b5d543-26c9-41bf-bc24-b6091a86a8f7","shp_ProgressIndicator_Shimmer_B_Gall":"ca6109ff-8664-4161-8f8f-0ed80628ef74","shp_ProgressIndicator_Shimmer_B_Gall_Bottom":"867ab3b3-59b2-4085-ac5b-14af68575145","PACo_InformationBlock_A":"71c6aed4-8022-43c0-ae98-d4c4b72cf8b7","html_InformationBlock_A_Visualization":"fba164ee-1c2a-487a-b389-d8843ecd883c","shp_InformationBlock_A_Visualization":"db70618e-9158-403d-9bc2-75e62e9705ab","lbl_InformationBlock_A":"ec78463f-2460-497e-94f3-62e75a38488c","shp_InformationBlock_A_Divider":"bcd1efea-899c-4389-8b5f-fbfc2ae6ca31","gall_InformationBlock_A":"586f9584-45a8-411d-b882-2cd47cb1732f","galleryTemplate6":"e8d4e704-f70d-4650-b8bc-0e109ad184f7","lbl_InformationBlock_A_Gall_Label":"41aa4e0d-b816-4faa-bd13-916ae552a00c","lbl_InformationBlock_A_Gall":"15d8fa4a-be02-47d8-826d-f05c6cce515c","icn_InformationBlock_A_Gall":"b280272f-9907-4166-8b9a-50d12bf862cc","PACo_ProgressIndicator_E":"55a85759-b958-4336-ad48-3569b677882a","html_ProgressIndicator_E_Visualization":"ec37eb0e-d84f-430d-a5c6-507938aab9f8","shp_ProgressIndicator_E_Visualization":"f55476d4-ad58-418c-8fc4-2d19c8cd1cd2","gall_ProgressIndicator_E":"015c93dc-993a-4af8-99df-4416078ddc59","galleryTemplate1_9":"c6d83644-95b6-4e2b-b209-ed93fa4376d7","img_ProgressIndicator_E_Gall":"4fa77dc4-9934-4c39-ba9a-3875372afe20","icn_ProgressIndicator_E_Gall_Clickable":"1887dbaf-ad5a-4464-acad-dce428c92a6a","shp_ProgressIndicator_E_Gall_Left":"9ec7f720-c319-4fd8-9d07-9b7457408ed1","shp_ProgressIndicator_E_Gall_Right":"8ca04819-6235-4f9e-b59c-902fcf8ef31a","lbl_ProgressIndicator_E_Gall":"c83e458f-b8c4-4768-bb77-37817a2e9cca","PACo_ProgressIndicator_F":"f7528c11-9bba-4007-bad6-19ed6fbe5954","html_ProgressIndicator_F_Visualization":"343570f7-705d-48cb-8f27-e8a3f99deacd","shp_ProgressIndicator_F_Visualization":"6554b5dc-c0f7-472b-9ce6-93afd5d9a941","gall_ProgressIndicator_F":"85e63e72-b522-49ee-90f5-22960b92dd38","galleryTemplate3_2":"ac3561b3-d566-4784-bbf6-a987207d3206","shp_ProgressIndicator_F_Gall_Top":"193c5146-58ab-42de-b216-4db3d29d19a2","lbl_ProgressIndicator_F_Gall":"bfc26422-fc35-414f-ba72-509e639a283e","img_ProgressIndicator_F_Gall":"82171c42-8859-4add-9e47-d68b1d5d5982","icn_ProgressIndicator_F_Gall_Clickable":"9d2f586c-99f8-4875-8d1c-4889a83a6e36","shp_ProgressIndicator_F_Gall_Bottom":"e161b519-7651-4175-aea3-5b031981b61a","Screen":"511fcf7e-385a-4c22-a497-02ff31578254"}