<ImportExportXml xmlns:xsi="http://www.w3.org/2001/XMLSchema-instance" OrganizationVersion="9.2.25033.218" OrganizationSchemaType="Standard" CRMServerServiceabilityVersion="9.2.25034.00216">
  <Entities></Entities>
  <Roles></Roles>
  <Workflows></Workflows>
  <FieldSecurityProfiles></FieldSecurityProfiles>
  <Templates />
  <EntityMaps />
  <EntityRelationships />
  <OrganizationSettings />
  <optionsets />
  <CustomControls />
  <EntityDataProviders />
  <CanvasApps>
    <CanvasApp>
      <Name>faf_paco_877d7</Name>
      <AppVersion>2025-04-17T12:42:28Z</AppVersion>
      <Status>Ready</Status>
      <CreatedByClientVersion>3.25035.12.0</CreatedByClientVersion>
      <MinClientVersion>3.25035.12.0</MinClientVersion>
      <Tags>{"primaryDeviceWidth":"640","primaryDeviceHeight":"50","supportsPortrait":"true","supportsLandscape":"true","primaryFormFactor":"Phone","showStatusBar":"false","publisherVersion":"3.25035.12","minimumRequiredApiVersion":"2.2.0","hasComponent":"true","hasUnlockedComponent":"true","isUnifiedRootApp":"false","sienaVersion":"20250416T084354Z-3.25035.12.0","offlineLargeFilesSupport":"false"}</Tags>
      <IsCdsUpgraded>0</IsCdsUpgraded>
      <GalleryItemId xsi:nil="true"></GalleryItemId>
      <BackgroundColor>rgba(240, 117, 15, 1)</BackgroundColor>
      <DisplayName>PACo</DisplayName>
      <Description>https://www.formsandflows.nl/paco</Description>
      <CommitMessage>Version 4.1.0</CommitMessage>
      <Publisher></Publisher>
      <AuthorizationReferences>[]</AuthorizationReferences>
      <ConnectionReferences>{}</ConnectionReferences>
      <DatabaseReferences>{}</DatabaseReferences>
      <AppComponents>[{"appComponentName":"eff8ef1532d545d6a76be9cd65b9572a","displayName":"PACo_Breadcrumb_A","description":"Version 4.1.0","appName":"802c4006-b928-4d05-b359-2ff9608d2e9d","appVersion":"2025-04-17T12:42:28Z","appComponentLibraryLogicalName":"faf_paco_877d7","appDisplayName":"PACo","environmentName":"7aabe768-4f7b-e2f2-9a7f-081afd556b5e","owner":{"id":"63446993-cc05-4bc6-8ef0-052195af78ca","displayName":"Rick Bakker","email":"RickBakker@mvpdemotenant.onmicrosoft.com","type":"User","tenantId":"33c2cf2a-347b-49f6-9f1a-4926a5389208","userPrincipalName":"RickBakker@mvpdemotenant.onmicrosoft.com"},"allowCustomization":false,"createdOn":"2025-04-10T13:48:05.951Z","lastModifiedOn":"2025-04-16T08:43:57.794Z","connectionReferences":{},"databaseReferences":{}},{"appComponentName":"b9bc42caeee7419f996665959f65bfd0","displayName":"PACo_Button_A","description":"Version 4.1.0","appName":"802c4006-b928-4d05-b359-2ff9608d2e9d","appVersion":"2025-04-17T12:42:28Z","appComponentLibraryLogicalName":"faf_paco_877d7","appDisplayName":"PACo","environmentName":"7aabe768-4f7b-e2f2-9a7f-081afd556b5e","owner":{"id":"63446993-cc05-4bc6-8ef0-052195af78ca","displayName":"Rick Bakker","email":"RickBakker@mvpdemotenant.onmicrosoft.com","type":"User","tenantId":"33c2cf2a-347b-49f6-9f1a-4926a5389208","userPrincipalName":"RickBakker@mvpdemotenant.onmicrosoft.com"},"allowCustomization":false,"createdOn":"2025-04-10T13:48:05.951Z","lastModifiedOn":"2025-04-16T08:43:57.794Z","connectionReferences":{},"databaseReferences":{}},{"appComponentName":"cf356dabe9d94e90900ff197a50aa565","displayName":"PACo_CommandBar_B","description":"Version 4.1.0","appName":"802c4006-b928-4d05-b359-2ff9608d2e9d","appVersion":"2025-04-17T12:42:28Z","appComponentLibraryLogicalName":"faf_paco_877d7","appDisplayName":"PACo","environmentName":"7aabe768-4f7b-e2f2-9a7f-081afd556b5e","owner":{"id":"63446993-cc05-4bc6-8ef0-052195af78ca","displayName":"Rick Bakker","email":"RickBakker@mvpdemotenant.onmicrosoft.com","type":"User","tenantId":"33c2cf2a-347b-49f6-9f1a-4926a5389208","userPrincipalName":"RickBakker@mvpdemotenant.onmicrosoft.com"},"allowCustomization":false,"createdOn":"2025-04-10T13:48:05.951Z","lastModifiedOn":"2025-04-16T08:43:57.794Z","connectionReferences":{},"databaseReferences":{}},{"appComponentName":"5a9d34f835ca452b8f433f064681d77a","displayName":"PACo_CommandBar_Item_A","description":"Version 4.1.0","appName":"802c4006-b928-4d05-b359-2ff9608d2e9d","appVersion":"2025-04-17T12:42:28Z","appComponentLibraryLogicalName":"faf_paco_877d7","appDisplayName":"PACo","environmentName":"7aabe768-4f7b-e2f2-9a7f-081afd556b5e","owner":{"id":"63446993-cc05-4bc6-8ef0-052195af78ca","displayName":"Rick Bakker","email":"RickBakker@mvpdemotenant.onmicrosoft.com","type":"User","tenantId":"33c2cf2a-347b-49f6-9f1a-4926a5389208","userPrincipalName":"RickBakker@mvpdemotenant.onmicrosoft.com"},"allowCustomization":false,"createdOn":"2025-04-10T13:48:05.951Z","lastModifiedOn":"2025-04-16T08:43:57.794Z","connectionReferences":{},"databaseReferences":{}},{"appComponentName":"97d04a40ccef4f0fafe455264dea863c","displayName":"PACo_CommandBar_Shimmer_A","description":"Version 4.1.0","appName":"802c4006-b928-4d05-b359-2ff9608d2e9d","appVersion":"2025-04-17T12:42:28Z","appComponentLibraryLogicalName":"faf_paco_877d7","appDisplayName":"PACo","environmentName":"7aabe768-4f7b-e2f2-9a7f-081afd556b5e","owner":{"id":"63446993-cc05-4bc6-8ef0-052195af78ca","displayName":"Rick Bakker","email":"RickBakker@mvpdemotenant.onmicrosoft.com","type":"User","tenantId":"33c2cf2a-347b-49f6-9f1a-4926a5389208","userPrincipalName":"RickBakker@mvpdemotenant.onmicrosoft.com"},"allowCustomization":false,"createdOn":"2025-04-10T13:48:05.951Z","lastModifiedOn":"2025-04-16T08:43:57.794Z","connectionReferences":{},"databaseReferences":{}},{"appComponentName":"35e5588f03f04b6784901cfd9ad6090f","displayName":"PACo_CommandBarMenu_A","description":"Version 4.1.0","appName":"802c4006-b928-4d05-b359-2ff9608d2e9d","appVersion":"2025-04-17T12:42:28Z","appComponentLibraryLogicalName":"faf_paco_877d7","appDisplayName":"PACo","environmentName":"7aabe768-4f7b-e2f2-9a7f-081afd556b5e","owner":{"id":"63446993-cc05-4bc6-8ef0-052195af78ca","displayName":"Rick Bakker","email":"RickBakker@mvpdemotenant.onmicrosoft.com","type":"User","tenantId":"33c2cf2a-347b-49f6-9f1a-4926a5389208","userPrincipalName":"RickBakker@mvpdemotenant.onmicrosoft.com"},"allowCustomization":false,"createdOn":"2025-04-10T13:48:05.951Z","lastModifiedOn":"2025-04-16T08:43:57.794Z","connectionReferences":{},"databaseReferences":{}},{"appComponentName":"89f932efbc1f4927bc92f6710cf8c631","displayName":"PACo_DetailsList_A","description":"Version 4.1.0","appName":"802c4006-b928-4d05-b359-2ff9608d2e9d","appVersion":"2025-04-17T12:42:28Z","appComponentLibraryLogicalName":"faf_paco_877d7","appDisplayName":"PACo","environmentName":"7aabe768-4f7b-e2f2-9a7f-081afd556b5e","owner":{"id":"63446993-cc05-4bc6-8ef0-052195af78ca","displayName":"Rick Bakker","email":"RickBakker@mvpdemotenant.onmicrosoft.com","type":"User","tenantId":"33c2cf2a-347b-49f6-9f1a-4926a5389208","userPrincipalName":"RickBakker@mvpdemotenant.onmicrosoft.com"},"allowCustomization":false,"createdOn":"2025-04-10T13:48:05.951Z","lastModifiedOn":"2025-04-16T08:43:57.794Z","connectionReferences":{},"databaseReferences":{}},{"appComponentName":"6cc17fa9fef742f99265f0a5da55a032","displayName":"PACo_DetailsList_B","description":"Version 4.1.0","appName":"802c4006-b928-4d05-b359-2ff9608d2e9d","appVersion":"2025-04-17T12:42:28Z","appComponentLibraryLogicalName":"faf_paco_877d7","appDisplayName":"PACo","environmentName":"7aabe768-4f7b-e2f2-9a7f-081afd556b5e","owner":{"id":"63446993-cc05-4bc6-8ef0-052195af78ca","displayName":"Rick Bakker","email":"RickBakker@mvpdemotenant.onmicrosoft.com","type":"User","tenantId":"33c2cf2a-347b-49f6-9f1a-4926a5389208","userPrincipalName":"RickBakker@mvpdemotenant.onmicrosoft.com"},"allowCustomization":false,"createdOn":"2025-04-10T13:48:05.951Z","lastModifiedOn":"2025-04-16T08:43:57.794Z","connectionReferences":{},"databaseReferences":{}},{"appComponentName":"0479a3f19ea74096970564520157de8b","displayName":"PACo_DetailsList_C","description":"Version 4.1.0","appName":"802c4006-b928-4d05-b359-2ff9608d2e9d","appVersion":"2025-04-17T12:42:28Z","appComponentLibraryLogicalName":"faf_paco_877d7","appDisplayName":"PACo","environmentName":"7aabe768-4f7b-e2f2-9a7f-081afd556b5e","owner":{"id":"63446993-cc05-4bc6-8ef0-052195af78ca","displayName":"Rick Bakker","email":"RickBakker@mvpdemotenant.onmicrosoft.com","type":"User","tenantId":"33c2cf2a-347b-49f6-9f1a-4926a5389208","userPrincipalName":"RickBakker@mvpdemotenant.onmicrosoft.com"},"allowCustomization":false,"createdOn":"2025-04-10T13:48:05.951Z","lastModifiedOn":"2025-04-16T08:43:57.794Z","connectionReferences":{},"databaseReferences":{}},{"appComponentName":"9ef2a827e0b64a95a78c95f04f7d1e05","displayName":"PACo_DetailsList_Shimmer_A","description":"Version 4.1.0","appName":"802c4006-b928-4d05-b359-2ff9608d2e9d","appVersion":"2025-04-17T12:42:28Z","appComponentLibraryLogicalName":"faf_paco_877d7","appDisplayName":"PACo","environmentName":"7aabe768-4f7b-e2f2-9a7f-081afd556b5e","owner":{"id":"63446993-cc05-4bc6-8ef0-052195af78ca","displayName":"Rick Bakker","email":"RickBakker@mvpdemotenant.onmicrosoft.com","type":"User","tenantId":"33c2cf2a-347b-49f6-9f1a-4926a5389208","userPrincipalName":"RickBakker@mvpdemotenant.onmicrosoft.com"},"allowCustomization":false,"createdOn":"2025-04-10T13:48:05.951Z","lastModifiedOn":"2025-04-16T08:43:57.794Z","connectionReferences":{},"databaseReferences":{}},{"appComponentName":"095440b1e5904c28ad67cd3d8a68f456","displayName":"PACo_Dialog_A","description":"Version 4.1.0","appName":"802c4006-b928-4d05-b359-2ff9608d2e9d","appVersion":"2025-04-17T12:42:28Z","appComponentLibraryLogicalName":"faf_paco_877d7","appDisplayName":"PACo","environmentName":"7aabe768-4f7b-e2f2-9a7f-081afd556b5e","owner":{"id":"63446993-cc05-4bc6-8ef0-052195af78ca","displayName":"Rick Bakker","email":"RickBakker@mvpdemotenant.onmicrosoft.com","type":"User","tenantId":"33c2cf2a-347b-49f6-9f1a-4926a5389208","userPrincipalName":"RickBakker@mvpdemotenant.onmicrosoft.com"},"allowCustomization":false,"createdOn":"2025-04-10T13:48:05.951Z","lastModifiedOn":"2025-04-16T08:43:57.794Z","connectionReferences":{},"databaseReferences":{}},{"appComponentName":"d811ab8935174f77b6299ae0cb117c81","displayName":"PACo_Dialog_B","description":"Version 4.1.0","appName":"802c4006-b928-4d05-b359-2ff9608d2e9d","appVersion":"2025-04-17T12:42:28Z","appComponentLibraryLogicalName":"faf_paco_877d7","appDisplayName":"PACo","environmentName":"7aabe768-4f7b-e2f2-9a7f-081afd556b5e","owner":{"id":"63446993-cc05-4bc6-8ef0-052195af78ca","displayName":"Rick Bakker","email":"RickBakker@mvpdemotenant.onmicrosoft.com","type":"User","tenantId":"33c2cf2a-347b-49f6-9f1a-4926a5389208","userPrincipalName":"RickBakker@mvpdemotenant.onmicrosoft.com"},"allowCustomization":false,"createdOn":"2025-04-10T13:48:05.951Z","lastModifiedOn":"2025-04-16T08:43:57.794Z","connectionReferences":{},"databaseReferences":{}},{"appComponentName":"3a932213d78146d1a5cbbe990c34ac9e","displayName":"PACo_HeaderLanguagesMenu_A","description":"Version 4.1.0","appName":"802c4006-b928-4d05-b359-2ff9608d2e9d","appVersion":"2025-04-17T12:42:28Z","appComponentLibraryLogicalName":"faf_paco_877d7","appDisplayName":"PACo","environmentName":"7aabe768-4f7b-e2f2-9a7f-081afd556b5e","owner":{"id":"63446993-cc05-4bc6-8ef0-052195af78ca","displayName":"Rick Bakker","email":"RickBakker@mvpdemotenant.onmicrosoft.com","type":"User","tenantId":"33c2cf2a-347b-49f6-9f1a-4926a5389208","userPrincipalName":"RickBakker@mvpdemotenant.onmicrosoft.com"},"allowCustomization":false,"createdOn":"2025-04-10T13:48:05.951Z","lastModifiedOn":"2025-04-16T08:43:57.794Z","connectionReferences":{},"databaseReferences":{}},{"appComponentName":"5d92f40d00224012b07f4ba2f2934da4","displayName":"PACo_HeaderSettingsMenu_A","description":"Version 4.1.0","appName":"802c4006-b928-4d05-b359-2ff9608d2e9d","appVersion":"2025-04-17T12:42:28Z","appComponentLibraryLogicalName":"faf_paco_877d7","appDisplayName":"PACo","environmentName":"7aabe768-4f7b-e2f2-9a7f-081afd556b5e","owner":{"id":"63446993-cc05-4bc6-8ef0-052195af78ca","displayName":"Rick Bakker","email":"RickBakker@mvpdemotenant.onmicrosoft.com","type":"User","tenantId":"33c2cf2a-347b-49f6-9f1a-4926a5389208","userPrincipalName":"RickBakker@mvpdemotenant.onmicrosoft.com"},"allowCustomization":false,"createdOn":"2025-04-10T13:48:05.951Z","lastModifiedOn":"2025-04-16T08:43:57.794Z","connectionReferences":{},"databaseReferences":{}},{"appComponentName":"d06303d86725479aa0ec7401208cd0a3","displayName":"PACo_Header_A","description":"Version 4.1.0","appName":"802c4006-b928-4d05-b359-2ff9608d2e9d","appVersion":"2025-04-17T12:42:28Z","appComponentLibraryLogicalName":"faf_paco_877d7","appDisplayName":"PACo","environmentName":"7aabe768-4f7b-e2f2-9a7f-081afd556b5e","owner":{"id":"63446993-cc05-4bc6-8ef0-052195af78ca","displayName":"Rick Bakker","email":"RickBakker@mvpdemotenant.onmicrosoft.com","type":"User","tenantId":"33c2cf2a-347b-49f6-9f1a-4926a5389208","userPrincipalName":"RickBakker@mvpdemotenant.onmicrosoft.com"},"allowCustomization":false,"createdOn":"2025-04-10T13:48:05.951Z","lastModifiedOn":"2025-04-16T08:43:57.794Z","connectionReferences":{},"databaseReferences":{}},{"appComponentName":"34b05f8cc4c7498f948dc0b2a78562ea","displayName":"PACo_Icon_A","description":"Version 4.1.0","appName":"802c4006-b928-4d05-b359-2ff9608d2e9d","appVersion":"2025-04-17T12:42:28Z","appComponentLibraryLogicalName":"faf_paco_877d7","appDisplayName":"PACo","environmentName":"7aabe768-4f7b-e2f2-9a7f-081afd556b5e","owner":{"id":"63446993-cc05-4bc6-8ef0-052195af78ca","displayName":"Rick Bakker","email":"RickBakker@mvpdemotenant.onmicrosoft.com","type":"User","tenantId":"33c2cf2a-347b-49f6-9f1a-4926a5389208","userPrincipalName":"RickBakker@mvpdemotenant.onmicrosoft.com"},"allowCustomization":false,"createdOn":"2025-04-10T13:48:05.951Z","lastModifiedOn":"2025-04-16T08:43:57.794Z","connectionReferences":{},"databaseReferences":{}},{"appComponentName":"b276b640873240309624bb5113f80100","displayName":"PACo_Info_A","description":"Version 4.1.0","appName":"802c4006-b928-4d05-b359-2ff9608d2e9d","appVersion":"2025-04-17T12:42:28Z","appComponentLibraryLogicalName":"faf_paco_877d7","appDisplayName":"PACo","environmentName":"7aabe768-4f7b-e2f2-9a7f-081afd556b5e","owner":{"id":"63446993-cc05-4bc6-8ef0-052195af78ca","displayName":"Rick Bakker","email":"RickBakker@mvpdemotenant.onmicrosoft.com","type":"User","tenantId":"33c2cf2a-347b-49f6-9f1a-4926a5389208","userPrincipalName":"RickBakker@mvpdemotenant.onmicrosoft.com"},"allowCustomization":false,"createdOn":"2025-04-10T13:48:05.951Z","lastModifiedOn":"2025-04-16T08:43:57.794Z","connectionReferences":{},"databaseReferences":{}},{"appComponentName":"ead3c390c203493bbb74fbed45c32aa3","displayName":"PACo_Info_B","description":"Version 4.1.0","appName":"802c4006-b928-4d05-b359-2ff9608d2e9d","appVersion":"2025-04-17T12:42:28Z","appComponentLibraryLogicalName":"faf_paco_877d7","appDisplayName":"PACo","environmentName":"7aabe768-4f7b-e2f2-9a7f-081afd556b5e","owner":{"id":"63446993-cc05-4bc6-8ef0-052195af78ca","displayName":"Rick Bakker","email":"RickBakker@mvpdemotenant.onmicrosoft.com","type":"User","tenantId":"33c2cf2a-347b-49f6-9f1a-4926a5389208","userPrincipalName":"RickBakker@mvpdemotenant.onmicrosoft.com"},"allowCustomization":false,"createdOn":"2025-04-10T13:48:05.951Z","lastModifiedOn":"2025-04-16T08:43:57.794Z","connectionReferences":{},"databaseReferences":{}},{"appComponentName":"be91c0b6104d454eb5e750c8cfca90a9","displayName":"PACo_InformationBlock_A","description":"Version 4.1.0","appName":"802c4006-b928-4d05-b359-2ff9608d2e9d","appVersion":"2025-04-17T12:42:28Z","appComponentLibraryLogicalName":"faf_paco_877d7","appDisplayName":"PACo","environmentName":"7aabe768-4f7b-e2f2-9a7f-081afd556b5e","owner":{"id":"63446993-cc05-4bc6-8ef0-052195af78ca","displayName":"Rick Bakker","email":"RickBakker@mvpdemotenant.onmicrosoft.com","type":"User","tenantId":"33c2cf2a-347b-49f6-9f1a-4926a5389208","userPrincipalName":"RickBakker@mvpdemotenant.onmicrosoft.com"},"allowCustomization":false,"createdOn":"2025-04-10T13:48:05.951Z","lastModifiedOn":"2025-04-16T08:43:57.794Z","connectionReferences":{},"databaseReferences":{}},{"appComponentName":"f95cd6d4014f420fb9917fb20880c054","displayName":"PACo_Log_A","description":"Version 4.1.0","appName":"802c4006-b928-4d05-b359-2ff9608d2e9d","appVersion":"2025-04-17T12:42:28Z","appComponentLibraryLogicalName":"faf_paco_877d7","appDisplayName":"PACo","environmentName":"7aabe768-4f7b-e2f2-9a7f-081afd556b5e","owner":{"id":"63446993-cc05-4bc6-8ef0-052195af78ca","displayName":"Rick Bakker","email":"RickBakker@mvpdemotenant.onmicrosoft.com","type":"User","tenantId":"33c2cf2a-347b-49f6-9f1a-4926a5389208","userPrincipalName":"RickBakker@mvpdemotenant.onmicrosoft.com"},"allowCustomization":false,"createdOn":"2025-04-10T13:48:05.951Z","lastModifiedOn":"2025-04-16T08:43:57.794Z","connectionReferences":{},"databaseReferences":{}},{"appComponentName":"346be8cdc5404f8db785796aa59e7fef","displayName":"PACo_Nav_B","description":"Version 4.1.0","appName":"802c4006-b928-4d05-b359-2ff9608d2e9d","appVersion":"2025-04-17T12:42:28Z","appComponentLibraryLogicalName":"faf_paco_877d7","appDisplayName":"PACo","environmentName":"7aabe768-4f7b-e2f2-9a7f-081afd556b5e","owner":{"id":"63446993-cc05-4bc6-8ef0-052195af78ca","displayName":"Rick Bakker","email":"RickBakker@mvpdemotenant.onmicrosoft.com","type":"User","tenantId":"33c2cf2a-347b-49f6-9f1a-4926a5389208","userPrincipalName":"RickBakker@mvpdemotenant.onmicrosoft.com"},"allowCustomization":false,"createdOn":"2025-04-10T13:48:05.951Z","lastModifiedOn":"2025-04-16T08:43:57.794Z","connectionReferences":{},"databaseReferences":{}},{"appComponentName":"8fd3b202b1dc472cbc579bbabd550af6","displayName":"PACo_Nav_C","description":"Version 4.1.0","appName":"802c4006-b928-4d05-b359-2ff9608d2e9d","appVersion":"2025-04-17T12:42:28Z","appComponentLibraryLogicalName":"faf_paco_877d7","appDisplayName":"PACo","environmentName":"7aabe768-4f7b-e2f2-9a7f-081afd556b5e","owner":{"id":"63446993-cc05-4bc6-8ef0-052195af78ca","displayName":"Rick Bakker","email":"RickBakker@mvpdemotenant.onmicrosoft.com","type":"User","tenantId":"33c2cf2a-347b-49f6-9f1a-4926a5389208","userPrincipalName":"RickBakker@mvpdemotenant.onmicrosoft.com"},"allowCustomization":false,"createdOn":"2025-04-10T13:48:05.951Z","lastModifiedOn":"2025-04-16T08:43:57.794Z","connectionReferences":{},"databaseReferences":{}},{"appComponentName":"6395f1ced8964b30b95333007c006642","displayName":"PACo_Panel_A","description":"Version 4.1.0","appName":"802c4006-b928-4d05-b359-2ff9608d2e9d","appVersion":"2025-04-17T12:42:28Z","appComponentLibraryLogicalName":"faf_paco_877d7","appDisplayName":"PACo","environmentName":"7aabe768-4f7b-e2f2-9a7f-081afd556b5e","owner":{"id":"63446993-cc05-4bc6-8ef0-052195af78ca","displayName":"Rick Bakker","email":"RickBakker@mvpdemotenant.onmicrosoft.com","type":"User","tenantId":"33c2cf2a-347b-49f6-9f1a-4926a5389208","userPrincipalName":"RickBakker@mvpdemotenant.onmicrosoft.com"},"allowCustomization":false,"createdOn":"2025-04-10T13:48:05.951Z","lastModifiedOn":"2025-04-16T08:43:57.794Z","connectionReferences":{},"databaseReferences":{}},{"appComponentName":"84ac7c4eb6a2491a87681343635ddf4b","displayName":"PACo_PeoplePicker_A","description":"Version 4.1.0","appName":"802c4006-b928-4d05-b359-2ff9608d2e9d","appVersion":"2025-04-17T12:42:28Z","appComponentLibraryLogicalName":"faf_paco_877d7","appDisplayName":"PACo","environmentName":"7aabe768-4f7b-e2f2-9a7f-081afd556b5e","owner":{"id":"63446993-cc05-4bc6-8ef0-052195af78ca","displayName":"Rick Bakker","email":"RickBakker@mvpdemotenant.onmicrosoft.com","type":"User","tenantId":"33c2cf2a-347b-49f6-9f1a-4926a5389208","userPrincipalName":"RickBakker@mvpdemotenant.onmicrosoft.com"},"allowCustomization":false,"createdOn":"2025-04-10T13:48:05.951Z","lastModifiedOn":"2025-04-16T08:43:57.794Z","connectionReferences":{},"databaseReferences":{}},{"appComponentName":"65e4df45941945388649b375ec8d679b","displayName":"PACo_ProgressIndicator_E","description":"Version 4.1.0","appName":"802c4006-b928-4d05-b359-2ff9608d2e9d","appVersion":"2025-04-17T12:42:28Z","appComponentLibraryLogicalName":"faf_paco_877d7","appDisplayName":"PACo","environmentName":"7aabe768-4f7b-e2f2-9a7f-081afd556b5e","owner":{"id":"63446993-cc05-4bc6-8ef0-052195af78ca","displayName":"Rick Bakker","email":"RickBakker@mvpdemotenant.onmicrosoft.com","type":"User","tenantId":"33c2cf2a-347b-49f6-9f1a-4926a5389208","userPrincipalName":"RickBakker@mvpdemotenant.onmicrosoft.com"},"allowCustomization":false,"createdOn":"2025-04-10T13:48:05.951Z","lastModifiedOn":"2025-04-16T08:43:57.794Z","connectionReferences":{},"databaseReferences":{}},{"appComponentName":"32472a348c1241bfbab2d7e75dc060b7","displayName":"PACo_ProgressIndicator_F","description":"Version 4.1.0","appName":"802c4006-b928-4d05-b359-2ff9608d2e9d","appVersion":"2025-04-17T12:42:28Z","appComponentLibraryLogicalName":"faf_paco_877d7","appDisplayName":"PACo","environmentName":"7aabe768-4f7b-e2f2-9a7f-081afd556b5e","owner":{"id":"63446993-cc05-4bc6-8ef0-052195af78ca","displayName":"Rick Bakker","email":"RickBakker@mvpdemotenant.onmicrosoft.com","type":"User","tenantId":"33c2cf2a-347b-49f6-9f1a-4926a5389208","userPrincipalName":"RickBakker@mvpdemotenant.onmicrosoft.com"},"allowCustomization":false,"createdOn":"2025-04-10T13:48:05.951Z","lastModifiedOn":"2025-04-16T08:43:57.794Z","connectionReferences":{},"databaseReferences":{}},{"appComponentName":"23f9de8a18f14483a4e49b54602c0587","displayName":"PACo_ProgressIndicator_Shimmer_A","description":"Version 4.1.0","appName":"802c4006-b928-4d05-b359-2ff9608d2e9d","appVersion":"2025-04-17T12:42:28Z","appComponentLibraryLogicalName":"faf_paco_877d7","appDisplayName":"PACo","environmentName":"7aabe768-4f7b-e2f2-9a7f-081afd556b5e","owner":{"id":"63446993-cc05-4bc6-8ef0-052195af78ca","displayName":"Rick Bakker","email":"RickBakker@mvpdemotenant.onmicrosoft.com","type":"User","tenantId":"33c2cf2a-347b-49f6-9f1a-4926a5389208","userPrincipalName":"RickBakker@mvpdemotenant.onmicrosoft.com"},"allowCustomization":false,"createdOn":"2025-04-10T13:48:05.951Z","lastModifiedOn":"2025-04-16T08:43:57.794Z","connectionReferences":{},"databaseReferences":{}},{"appComponentName":"3c863698964c40f0ad0fa633a605fb80","displayName":"PACo_ProgressIndicator_Shimmer_B","description":"Version 4.1.0","appName":"802c4006-b928-4d05-b359-2ff9608d2e9d","appVersion":"2025-04-17T12:42:28Z","appComponentLibraryLogicalName":"faf_paco_877d7","appDisplayName":"PACo","environmentName":"7aabe768-4f7b-e2f2-9a7f-081afd556b5e","owner":{"id":"63446993-cc05-4bc6-8ef0-052195af78ca","displayName":"Rick Bakker","email":"RickBakker@mvpdemotenant.onmicrosoft.com","type":"User","tenantId":"33c2cf2a-347b-49f6-9f1a-4926a5389208","userPrincipalName":"RickBakker@mvpdemotenant.onmicrosoft.com"},"allowCustomization":false,"createdOn":"2025-04-10T13:48:05.951Z","lastModifiedOn":"2025-04-16T08:43:57.794Z","connectionReferences":{},"databaseReferences":{}},{"appComponentName":"33486db5277f46d69d2e59331a26c291","displayName":"PACo_SearchBox_A","description":"Version 4.1.0","appName":"802c4006-b928-4d05-b359-2ff9608d2e9d","appVersion":"2025-04-17T12:42:28Z","appComponentLibraryLogicalName":"faf_paco_877d7","appDisplayName":"PACo","environmentName":"7aabe768-4f7b-e2f2-9a7f-081afd556b5e","owner":{"id":"63446993-cc05-4bc6-8ef0-052195af78ca","displayName":"Rick Bakker","email":"RickBakker@mvpdemotenant.onmicrosoft.com","type":"User","tenantId":"33c2cf2a-347b-49f6-9f1a-4926a5389208","userPrincipalName":"RickBakker@mvpdemotenant.onmicrosoft.com"},"allowCustomization":false,"createdOn":"2025-04-10T13:48:05.951Z","lastModifiedOn":"2025-04-16T08:43:57.794Z","connectionReferences":{},"databaseReferences":{}},{"appComponentName":"5703b36338b749f887ead6cfafbcdb8d","displayName":"PACo_SelectList_A","description":"Version 4.1.0","appName":"802c4006-b928-4d05-b359-2ff9608d2e9d","appVersion":"2025-04-17T12:42:28Z","appComponentLibraryLogicalName":"faf_paco_877d7","appDisplayName":"PACo","environmentName":"7aabe768-4f7b-e2f2-9a7f-081afd556b5e","owner":{"id":"63446993-cc05-4bc6-8ef0-052195af78ca","displayName":"Rick Bakker","email":"RickBakker@mvpdemotenant.onmicrosoft.com","type":"User","tenantId":"33c2cf2a-347b-49f6-9f1a-4926a5389208","userPrincipalName":"RickBakker@mvpdemotenant.onmicrosoft.com"},"allowCustomization":false,"createdOn":"2025-04-10T13:48:05.951Z","lastModifiedOn":"2025-04-16T08:43:57.794Z","connectionReferences":{},"databaseReferences":{}},{"appComponentName":"5783ab3906654229b07de8cc9b42de79","displayName":"PACo_Spinner_A","description":"Version 4.1.0","appName":"802c4006-b928-4d05-b359-2ff9608d2e9d","appVersion":"2025-04-17T12:42:28Z","appComponentLibraryLogicalName":"faf_paco_877d7","appDisplayName":"PACo","environmentName":"7aabe768-4f7b-e2f2-9a7f-081afd556b5e","owner":{"id":"63446993-cc05-4bc6-8ef0-052195af78ca","displayName":"Rick Bakker","email":"RickBakker@mvpdemotenant.onmicrosoft.com","type":"User","tenantId":"33c2cf2a-347b-49f6-9f1a-4926a5389208","userPrincipalName":"RickBakker@mvpdemotenant.onmicrosoft.com"},"allowCustomization":false,"createdOn":"2025-04-10T13:48:05.951Z","lastModifiedOn":"2025-04-16T08:43:57.794Z","connectionReferences":{},"databaseReferences":{}},{"appComponentName":"3614311e56fd468594355b24e6c347ca","displayName":"PACo_Tabs_A","description":"Version 4.1.0","appName":"802c4006-b928-4d05-b359-2ff9608d2e9d","appVersion":"2025-04-17T12:42:28Z","appComponentLibraryLogicalName":"faf_paco_877d7","appDisplayName":"PACo","environmentName":"7aabe768-4f7b-e2f2-9a7f-081afd556b5e","owner":{"id":"63446993-cc05-4bc6-8ef0-052195af78ca","displayName":"Rick Bakker","email":"RickBakker@mvpdemotenant.onmicrosoft.com","type":"User","tenantId":"33c2cf2a-347b-49f6-9f1a-4926a5389208","userPrincipalName":"RickBakker@mvpdemotenant.onmicrosoft.com"},"allowCustomization":false,"createdOn":"2025-04-10T13:48:05.951Z","lastModifiedOn":"2025-04-16T08:43:57.794Z","connectionReferences":{},"databaseReferences":{}},{"appComponentName":"ff5a88694e2d4760aa0180b477ef1506","displayName":"PACo_TabsMenu_A","description":"Version 4.1.0","appName":"802c4006-b928-4d05-b359-2ff9608d2e9d","appVersion":"2025-04-17T12:42:28Z","appComponentLibraryLogicalName":"faf_paco_877d7","appDisplayName":"PACo","environmentName":"7aabe768-4f7b-e2f2-9a7f-081afd556b5e","owner":{"id":"63446993-cc05-4bc6-8ef0-052195af78ca","displayName":"Rick Bakker","email":"RickBakker@mvpdemotenant.onmicrosoft.com","type":"User","tenantId":"33c2cf2a-347b-49f6-9f1a-4926a5389208","userPrincipalName":"RickBakker@mvpdemotenant.onmicrosoft.com"},"allowCustomization":false,"createdOn":"2025-04-10T13:48:05.951Z","lastModifiedOn":"2025-04-16T08:43:57.794Z","connectionReferences":{},"databaseReferences":{}},{"appComponentName":"fa524ed235254040934aad9fadc0bfe1","displayName":"PACo_Tile_A","description":"Version 4.1.0","appName":"802c4006-b928-4d05-b359-2ff9608d2e9d","appVersion":"2025-04-17T12:42:28Z","appComponentLibraryLogicalName":"faf_paco_877d7","appDisplayName":"PACo","environmentName":"7aabe768-4f7b-e2f2-9a7f-081afd556b5e","owner":{"id":"63446993-cc05-4bc6-8ef0-052195af78ca","displayName":"Rick Bakker","email":"RickBakker@mvpdemotenant.onmicrosoft.com","type":"User","tenantId":"33c2cf2a-347b-49f6-9f1a-4926a5389208","userPrincipalName":"RickBakker@mvpdemotenant.onmicrosoft.com"},"allowCustomization":false,"createdOn":"2025-04-10T13:48:05.951Z","lastModifiedOn":"2025-04-16T08:43:57.794Z","connectionReferences":{},"databaseReferences":{}},{"appComponentName":"3e4db8bad69e44278da14c1432176415","displayName":"PACo_Tile_B","description":"Version 4.1.0","appName":"802c4006-b928-4d05-b359-2ff9608d2e9d","appVersion":"2025-04-17T12:42:28Z","appComponentLibraryLogicalName":"faf_paco_877d7","appDisplayName":"PACo","environmentName":"7aabe768-4f7b-e2f2-9a7f-081afd556b5e","owner":{"id":"63446993-cc05-4bc6-8ef0-052195af78ca","displayName":"Rick Bakker","email":"RickBakker@mvpdemotenant.onmicrosoft.com","type":"User","tenantId":"33c2cf2a-347b-49f6-9f1a-4926a5389208","userPrincipalName":"RickBakker@mvpdemotenant.onmicrosoft.com"},"allowCustomization":false,"createdOn":"2025-04-10T13:48:05.951Z","lastModifiedOn":"2025-04-16T08:43:57.794Z","connectionReferences":{},"databaseReferences":{}},{"appComponentName":"957aeeea5fa34085b22cb096d6ffca7b","displayName":"PACo_Visualization_A","description":"Version 4.1.0","appName":"802c4006-b928-4d05-b359-2ff9608d2e9d","appVersion":"2025-04-17T12:42:28Z","appComponentLibraryLogicalName":"faf_paco_877d7","appDisplayName":"PACo","environmentName":"7aabe768-4f7b-e2f2-9a7f-081afd556b5e","owner":{"id":"63446993-cc05-4bc6-8ef0-052195af78ca","displayName":"Rick Bakker","email":"RickBakker@mvpdemotenant.onmicrosoft.com","type":"User","tenantId":"33c2cf2a-347b-49f6-9f1a-4926a5389208","userPrincipalName":"RickBakker@mvpdemotenant.onmicrosoft.com"},"allowCustomization":false,"createdOn":"2025-04-10T13:48:05.951Z","lastModifiedOn":"2025-04-16T08:43:57.794Z","connectionReferences":{},"databaseReferences":{}},{"appComponentName":"27e7930a7f6f49778810495c5fa59211","displayName":"PACo_Visualization_B","description":"Version 4.1.0","appName":"802c4006-b928-4d05-b359-2ff9608d2e9d","appVersion":"2025-04-17T12:42:28Z","appComponentLibraryLogicalName":"faf_paco_877d7","appDisplayName":"PACo","environmentName":"7aabe768-4f7b-e2f2-9a7f-081afd556b5e","owner":{"id":"63446993-cc05-4bc6-8ef0-052195af78ca","displayName":"Rick Bakker","email":"RickBakker@mvpdemotenant.onmicrosoft.com","type":"User","tenantId":"33c2cf2a-347b-49f6-9f1a-4926a5389208","userPrincipalName":"RickBakker@mvpdemotenant.onmicrosoft.com"},"allowCustomization":false,"createdOn":"2025-04-10T13:48:05.951Z","lastModifiedOn":"2025-04-16T08:43:57.794Z","connectionReferences":{},"databaseReferences":{}}]</AppComponents>
      <AppComponentDependencies>[]</AppComponentDependencies>
      <CanConsumeAppPass>1</CanConsumeAppPass>
      <CanvasAppType>1</CanvasAppType>
      <BypassConsent>0</BypassConsent>
      <AdminControlBypassConsent>0</AdminControlBypassConsent>
      <EmbeddedApp xsi:nil="true"></EmbeddedApp>
      <IntroducedVersion>1.0</IntroducedVersion>
      <CdsDependencies>{"cdsdependencies":[]}</CdsDependencies>
      <IsCustomizable>1</IsCustomizable>
      <BackgroundImageUri>/CanvasApps/faf_paco_877d7_BackgroundImageUri</BackgroundImageUri>
      <DocumentUri>/CanvasApps/faf_paco_877d7_DocumentUri.msapp</DocumentUri>
      <AdditionalUris>
        <AdditionalUri>/CanvasApps/faf_paco_877d7_AdditionalUris0_identity.json</AdditionalUri>
      </AdditionalUris>
    </CanvasApp>
    <CanvasApp>
      <Name>faf_pacocopyfrom_c277d</Name>
      <AppVersion>2025-04-18T07:59:48Z</AppVersion>
      <Status>Ready</Status>
      <CreatedByClientVersion>3.25041.10.0</CreatedByClientVersion>
      <MinClientVersion>3.25041.10.0</MinClientVersion>
      <Tags>{"primaryDeviceWidth":"1366","primaryDeviceHeight":"768","supportsPortrait":"true","supportsLandscape":"true","primaryFormFactor":"Tablet","showStatusBar":"false","publisherVersion":"3.25041.10","minimumRequiredApiVersion":"2.2.0","hasComponent":"true","hasUnlockedComponent":"false","isUnifiedRootApp":"false","sienaVersion":"20250416T105004Z-3.25035.12.0"}</Tags>
      <IsCdsUpgraded>0</IsCdsUpgraded>
      <GalleryItemId xsi:nil="true"></GalleryItemId>
      <BackgroundColor>rgba(255, 255, 255, 1)</BackgroundColor>
      <DisplayName>PACo - Copy from</DisplayName>
      <Description xsi:nil="true"></Description>
      <CommitMessage>Version 4.1.0</CommitMessage>
      <Publisher></Publisher>
      <AuthorizationReferences>[]</AuthorizationReferences>
      <ConnectionReferences>{}</ConnectionReferences>
      <DatabaseReferences>{}</DatabaseReferences>
      <AppComponents>[]</AppComponents>
      <AppComponentDependencies>[{"appComponentName":"0479a3f19ea74096970564520157de8b","appName":"1de311b8-d8e6-446d-9dc0-b21464b967f8","appComponentLibraryName":"802c4006-b928-4d05-b359-2ff9608d2e9d","appComponentLibraryVersion":"2025-04-17T12:42:28Z","appComponentLibraryLogicalName":"faf_paco_877d7","tenantId":"33c2cf2a-347b-49f6-9f1a-4926a5389208","environmentName":"7aabe768-4f7b-e2f2-9a7f-081afd556b5e"},{"appComponentName":"095440b1e5904c28ad67cd3d8a68f456","appName":"1de311b8-d8e6-446d-9dc0-b21464b967f8","appComponentLibraryName":"802c4006-b928-4d05-b359-2ff9608d2e9d","appComponentLibraryVersion":"2025-04-17T12:42:28Z","appComponentLibraryLogicalName":"faf_paco_877d7","tenantId":"33c2cf2a-347b-49f6-9f1a-4926a5389208","environmentName":"7aabe768-4f7b-e2f2-9a7f-081afd556b5e"},{"appComponentName":"23f9de8a18f14483a4e49b54602c0587","appName":"1de311b8-d8e6-446d-9dc0-b21464b967f8","appComponentLibraryName":"802c4006-b928-4d05-b359-2ff9608d2e9d","appComponentLibraryVersion":"2025-04-17T12:42:28Z","appComponentLibraryLogicalName":"faf_paco_877d7","tenantId":"33c2cf2a-347b-49f6-9f1a-4926a5389208","environmentName":"7aabe768-4f7b-e2f2-9a7f-081afd556b5e"},{"appComponentName":"27e7930a7f6f49778810495c5fa59211","appName":"1de311b8-d8e6-446d-9dc0-b21464b967f8","appComponentLibraryName":"802c4006-b928-4d05-b359-2ff9608d2e9d","appComponentLibraryVersion":"2025-04-17T12:42:28Z","appComponentLibraryLogicalName":"faf_paco_877d7","tenantId":"33c2cf2a-347b-49f6-9f1a-4926a5389208","environmentName":"7aabe768-4f7b-e2f2-9a7f-081afd556b5e"},{"appComponentName":"32472a348c1241bfbab2d7e75dc060b7","appName":"1de311b8-d8e6-446d-9dc0-b21464b967f8","appComponentLibraryName":"802c4006-b928-4d05-b359-2ff9608d2e9d","appComponentLibraryVersion":"2025-04-17T12:42:28Z","appComponentLibraryLogicalName":"faf_paco_877d7","tenantId":"33c2cf2a-347b-49f6-9f1a-4926a5389208","environmentName":"7aabe768-4f7b-e2f2-9a7f-081afd556b5e"},{"appComponentName":"33486db5277f46d69d2e59331a26c291","appName":"1de311b8-d8e6-446d-9dc0-b21464b967f8","appComponentLibraryName":"802c4006-b928-4d05-b359-2ff9608d2e9d","appComponentLibraryVersion":"2025-04-17T12:42:28Z","appComponentLibraryLogicalName":"faf_paco_877d7","tenantId":"33c2cf2a-347b-49f6-9f1a-4926a5389208","environmentName":"7aabe768-4f7b-e2f2-9a7f-081afd556b5e"},{"appComponentName":"346be8cdc5404f8db785796aa59e7fef","appName":"1de311b8-d8e6-446d-9dc0-b21464b967f8","appComponentLibraryName":"802c4006-b928-4d05-b359-2ff9608d2e9d","appComponentLibraryVersion":"2025-04-17T12:42:28Z","appComponentLibraryLogicalName":"faf_paco_877d7","tenantId":"33c2cf2a-347b-49f6-9f1a-4926a5389208","environmentName":"7aabe768-4f7b-e2f2-9a7f-081afd556b5e"},{"appComponentName":"34b05f8cc4c7498f948dc0b2a78562ea","appName":"1de311b8-d8e6-446d-9dc0-b21464b967f8","appComponentLibraryName":"802c4006-b928-4d05-b359-2ff9608d2e9d","appComponentLibraryVersion":"2025-04-17T12:42:28Z","appComponentLibraryLogicalName":"faf_paco_877d7","tenantId":"33c2cf2a-347b-49f6-9f1a-4926a5389208","environmentName":"7aabe768-4f7b-e2f2-9a7f-081afd556b5e"},{"appComponentName":"35e5588f03f04b6784901cfd9ad6090f","appName":"1de311b8-d8e6-446d-9dc0-b21464b967f8","appComponentLibraryName":"802c4006-b928-4d05-b359-2ff9608d2e9d","appComponentLibraryVersion":"2025-04-17T12:42:28Z","appComponentLibraryLogicalName":"faf_paco_877d7","tenantId":"33c2cf2a-347b-49f6-9f1a-4926a5389208","environmentName":"7aabe768-4f7b-e2f2-9a7f-081afd556b5e"},{"appComponentName":"3614311e56fd468594355b24e6c347ca","appName":"1de311b8-d8e6-446d-9dc0-b21464b967f8","appComponentLibraryName":"802c4006-b928-4d05-b359-2ff9608d2e9d","appComponentLibraryVersion":"2025-04-17T12:42:28Z","appComponentLibraryLogicalName":"faf_paco_877d7","tenantId":"33c2cf2a-347b-49f6-9f1a-4926a5389208","environmentName":"7aabe768-4f7b-e2f2-9a7f-081afd556b5e"},{"appComponentName":"3a932213d78146d1a5cbbe990c34ac9e","appName":"1de311b8-d8e6-446d-9dc0-b21464b967f8","appComponentLibraryName":"802c4006-b928-4d05-b359-2ff9608d2e9d","appComponentLibraryVersion":"2025-04-17T12:42:28Z","appComponentLibraryLogicalName":"faf_paco_877d7","tenantId":"33c2cf2a-347b-49f6-9f1a-4926a5389208","environmentName":"7aabe768-4f7b-e2f2-9a7f-081afd556b5e"},{"appComponentName":"3c863698964c40f0ad0fa633a605fb80","appName":"1de311b8-d8e6-446d-9dc0-b21464b967f8","appComponentLibraryName":"802c4006-b928-4d05-b359-2ff9608d2e9d","appComponentLibraryVersion":"2025-04-17T12:42:28Z","appComponentLibraryLogicalName":"faf_paco_877d7","tenantId":"33c2cf2a-347b-49f6-9f1a-4926a5389208","environmentName":"7aabe768-4f7b-e2f2-9a7f-081afd556b5e"},{"appComponentName":"3e4db8bad69e44278da14c1432176415","appName":"1de311b8-d8e6-446d-9dc0-b21464b967f8","appComponentLibraryName":"802c4006-b928-4d05-b359-2ff9608d2e9d","appComponentLibraryVersion":"2025-04-17T12:42:28Z","appComponentLibraryLogicalName":"faf_paco_877d7","tenantId":"33c2cf2a-347b-49f6-9f1a-4926a5389208","environmentName":"7aabe768-4f7b-e2f2-9a7f-081afd556b5e"},{"appComponentName":"5703b36338b749f887ead6cfafbcdb8d","appName":"1de311b8-d8e6-446d-9dc0-b21464b967f8","appComponentLibraryName":"802c4006-b928-4d05-b359-2ff9608d2e9d","appComponentLibraryVersion":"2025-04-17T12:42:28Z","appComponentLibraryLogicalName":"faf_paco_877d7","tenantId":"33c2cf2a-347b-49f6-9f1a-4926a5389208","environmentName":"7aabe768-4f7b-e2f2-9a7f-081afd556b5e"},{"appComponentName":"5783ab3906654229b07de8cc9b42de79","appName":"1de311b8-d8e6-446d-9dc0-b21464b967f8","appComponentLibraryName":"802c4006-b928-4d05-b359-2ff9608d2e9d","appComponentLibraryVersion":"2025-04-17T12:42:28Z","appComponentLibraryLogicalName":"faf_paco_877d7","tenantId":"33c2cf2a-347b-49f6-9f1a-4926a5389208","environmentName":"7aabe768-4f7b-e2f2-9a7f-081afd556b5e"},{"appComponentName":"5a9d34f835ca452b8f433f064681d77a","appName":"1de311b8-d8e6-446d-9dc0-b21464b967f8","appComponentLibraryName":"802c4006-b928-4d05-b359-2ff9608d2e9d","appComponentLibraryVersion":"2025-04-17T12:42:28Z","appComponentLibraryLogicalName":"faf_paco_877d7","tenantId":"33c2cf2a-347b-49f6-9f1a-4926a5389208","environmentName":"7aabe768-4f7b-e2f2-9a7f-081afd556b5e"},{"appComponentName":"5d92f40d00224012b07f4ba2f2934da4","appName":"1de311b8-d8e6-446d-9dc0-b21464b967f8","appComponentLibraryName":"802c4006-b928-4d05-b359-2ff9608d2e9d","appComponentLibraryVersion":"2025-04-17T12:42:28Z","appComponentLibraryLogicalName":"faf_paco_877d7","tenantId":"33c2cf2a-347b-49f6-9f1a-4926a5389208","environmentName":"7aabe768-4f7b-e2f2-9a7f-081afd556b5e"},{"appComponentName":"6395f1ced8964b30b95333007c006642","appName":"1de311b8-d8e6-446d-9dc0-b21464b967f8","appComponentLibraryName":"802c4006-b928-4d05-b359-2ff9608d2e9d","appComponentLibraryVersion":"2025-04-17T12:42:28Z","appComponentLibraryLogicalName":"faf_paco_877d7","tenantId":"33c2cf2a-347b-49f6-9f1a-4926a5389208","environmentName":"7aabe768-4f7b-e2f2-9a7f-081afd556b5e"},{"appComponentName":"65e4df45941945388649b375ec8d679b","appName":"1de311b8-d8e6-446d-9dc0-b21464b967f8","appComponentLibraryName":"802c4006-b928-4d05-b359-2ff9608d2e9d","appComponentLibraryVersion":"2025-04-17T12:42:28Z","appComponentLibraryLogicalName":"faf_paco_877d7","tenantId":"33c2cf2a-347b-49f6-9f1a-4926a5389208","environmentName":"7aabe768-4f7b-e2f2-9a7f-081afd556b5e"},{"appComponentName":"6cc17fa9fef742f99265f0a5da55a032","appName":"1de311b8-d8e6-446d-9dc0-b21464b967f8","appComponentLibraryName":"802c4006-b928-4d05-b359-2ff9608d2e9d","appComponentLibraryVersion":"2025-04-17T12:42:28Z","appComponentLibraryLogicalName":"faf_paco_877d7","tenantId":"33c2cf2a-347b-49f6-9f1a-4926a5389208","environmentName":"7aabe768-4f7b-e2f2-9a7f-081afd556b5e"},{"appComponentName":"84ac7c4eb6a2491a87681343635ddf4b","appName":"1de311b8-d8e6-446d-9dc0-b21464b967f8","appComponentLibraryName":"802c4006-b928-4d05-b359-2ff9608d2e9d","appComponentLibraryVersion":"2025-04-17T12:42:28Z","appComponentLibraryLogicalName":"faf_paco_877d7","tenantId":"33c2cf2a-347b-49f6-9f1a-4926a5389208","environmentName":"7aabe768-4f7b-e2f2-9a7f-081afd556b5e"},{"appComponentName":"89f932efbc1f4927bc92f6710cf8c631","appName":"1de311b8-d8e6-446d-9dc0-b21464b967f8","appComponentLibraryName":"802c4006-b928-4d05-b359-2ff9608d2e9d","appComponentLibraryVersion":"2025-04-17T12:42:28Z","appComponentLibraryLogicalName":"faf_paco_877d7","tenantId":"33c2cf2a-347b-49f6-9f1a-4926a5389208","environmentName":"7aabe768-4f7b-e2f2-9a7f-081afd556b5e"},{"appComponentName":"8fd3b202b1dc472cbc579bbabd550af6","appName":"1de311b8-d8e6-446d-9dc0-b21464b967f8","appComponentLibraryName":"802c4006-b928-4d05-b359-2ff9608d2e9d","appComponentLibraryVersion":"2025-04-17T12:42:28Z","appComponentLibraryLogicalName":"faf_paco_877d7","tenantId":"33c2cf2a-347b-49f6-9f1a-4926a5389208","environmentName":"7aabe768-4f7b-e2f2-9a7f-081afd556b5e"},{"appComponentName":"957aeeea5fa34085b22cb096d6ffca7b","appName":"1de311b8-d8e6-446d-9dc0-b21464b967f8","appComponentLibraryName":"802c4006-b928-4d05-b359-2ff9608d2e9d","appComponentLibraryVersion":"2025-04-17T12:42:28Z","appComponentLibraryLogicalName":"faf_paco_877d7","tenantId":"33c2cf2a-347b-49f6-9f1a-4926a5389208","environmentName":"7aabe768-4f7b-e2f2-9a7f-081afd556b5e"},{"appComponentName":"97d04a40ccef4f0fafe455264dea863c","appName":"1de311b8-d8e6-446d-9dc0-b21464b967f8","appComponentLibraryName":"802c4006-b928-4d05-b359-2ff9608d2e9d","appComponentLibraryVersion":"2025-04-17T12:42:28Z","appComponentLibraryLogicalName":"faf_paco_877d7","tenantId":"33c2cf2a-347b-49f6-9f1a-4926a5389208","environmentName":"7aabe768-4f7b-e2f2-9a7f-081afd556b5e"},{"appComponentName":"9ef2a827e0b64a95a78c95f04f7d1e05","appName":"1de311b8-d8e6-446d-9dc0-b21464b967f8","appComponentLibraryName":"802c4006-b928-4d05-b359-2ff9608d2e9d","appComponentLibraryVersion":"2025-04-17T12:42:28Z","appComponentLibraryLogicalName":"faf_paco_877d7","tenantId":"33c2cf2a-347b-49f6-9f1a-4926a5389208","environmentName":"7aabe768-4f7b-e2f2-9a7f-081afd556b5e"},{"appComponentName":"b276b640873240309624bb5113f80100","appName":"1de311b8-d8e6-446d-9dc0-b21464b967f8","appComponentLibraryName":"802c4006-b928-4d05-b359-2ff9608d2e9d","appComponentLibraryVersion":"2025-04-17T12:42:28Z","appComponentLibraryLogicalName":"faf_paco_877d7","tenantId":"33c2cf2a-347b-49f6-9f1a-4926a5389208","environmentName":"7aabe768-4f7b-e2f2-9a7f-081afd556b5e"},{"appComponentName":"b9bc42caeee7419f996665959f65bfd0","appName":"1de311b8-d8e6-446d-9dc0-b21464b967f8","appComponentLibraryName":"802c4006-b928-4d05-b359-2ff9608d2e9d","appComponentLibraryVersion":"2025-04-17T12:42:28Z","appComponentLibraryLogicalName":"faf_paco_877d7","tenantId":"33c2cf2a-347b-49f6-9f1a-4926a5389208","environmentName":"7aabe768-4f7b-e2f2-9a7f-081afd556b5e"},{"appComponentName":"be91c0b6104d454eb5e750c8cfca90a9","appName":"1de311b8-d8e6-446d-9dc0-b21464b967f8","appComponentLibraryName":"802c4006-b928-4d05-b359-2ff9608d2e9d","appComponentLibraryVersion":"2025-04-17T12:42:28Z","appComponentLibraryLogicalName":"faf_paco_877d7","tenantId":"33c2cf2a-347b-49f6-9f1a-4926a5389208","environmentName":"7aabe768-4f7b-e2f2-9a7f-081afd556b5e"},{"appComponentName":"cf356dabe9d94e90900ff197a50aa565","appName":"1de311b8-d8e6-446d-9dc0-b21464b967f8","appComponentLibraryName":"802c4006-b928-4d05-b359-2ff9608d2e9d","appComponentLibraryVersion":"2025-04-17T12:42:28Z","appComponentLibraryLogicalName":"faf_paco_877d7","tenantId":"33c2cf2a-347b-49f6-9f1a-4926a5389208","environmentName":"7aabe768-4f7b-e2f2-9a7f-081afd556b5e"},{"appComponentName":"d06303d86725479aa0ec7401208cd0a3","appName":"1de311b8-d8e6-446d-9dc0-b21464b967f8","appComponentLibraryName":"802c4006-b928-4d05-b359-2ff9608d2e9d","appComponentLibraryVersion":"2025-04-17T12:42:28Z","appComponentLibraryLogicalName":"faf_paco_877d7","tenantId":"33c2cf2a-347b-49f6-9f1a-4926a5389208","environmentName":"7aabe768-4f7b-e2f2-9a7f-081afd556b5e"},{"appComponentName":"d811ab8935174f77b6299ae0cb117c81","appName":"1de311b8-d8e6-446d-9dc0-b21464b967f8","appComponentLibraryName":"802c4006-b928-4d05-b359-2ff9608d2e9d","appComponentLibraryVersion":"2025-04-17T12:42:28Z","appComponentLibraryLogicalName":"faf_paco_877d7","tenantId":"33c2cf2a-347b-49f6-9f1a-4926a5389208","environmentName":"7aabe768-4f7b-e2f2-9a7f-081afd556b5e"},{"appComponentName":"ead3c390c203493bbb74fbed45c32aa3","appName":"1de311b8-d8e6-446d-9dc0-b21464b967f8","appComponentLibraryName":"802c4006-b928-4d05-b359-2ff9608d2e9d","appComponentLibraryVersion":"2025-04-17T12:42:28Z","appComponentLibraryLogicalName":"faf_paco_877d7","tenantId":"33c2cf2a-347b-49f6-9f1a-4926a5389208","environmentName":"7aabe768-4f7b-e2f2-9a7f-081afd556b5e"},{"appComponentName":"eff8ef1532d545d6a76be9cd65b9572a","appName":"1de311b8-d8e6-446d-9dc0-b21464b967f8","appComponentLibraryName":"802c4006-b928-4d05-b359-2ff9608d2e9d","appComponentLibraryVersion":"2025-04-17T12:42:28Z","appComponentLibraryLogicalName":"faf_paco_877d7","tenantId":"33c2cf2a-347b-49f6-9f1a-4926a5389208","environmentName":"7aabe768-4f7b-e2f2-9a7f-081afd556b5e"},{"appComponentName":"f95cd6d4014f420fb9917fb20880c054","appName":"1de311b8-d8e6-446d-9dc0-b21464b967f8","appComponentLibraryName":"802c4006-b928-4d05-b359-2ff9608d2e9d","appComponentLibraryVersion":"2025-04-17T12:42:28Z","appComponentLibraryLogicalName":"faf_paco_877d7","tenantId":"33c2cf2a-347b-49f6-9f1a-4926a5389208","environmentName":"7aabe768-4f7b-e2f2-9a7f-081afd556b5e"},{"appComponentName":"fa524ed235254040934aad9fadc0bfe1","appName":"1de311b8-d8e6-446d-9dc0-b21464b967f8","appComponentLibraryName":"802c4006-b928-4d05-b359-2ff9608d2e9d","appComponentLibraryVersion":"2025-04-17T12:42:28Z","appComponentLibraryLogicalName":"faf_paco_877d7","tenantId":"33c2cf2a-347b-49f6-9f1a-4926a5389208","environmentName":"7aabe768-4f7b-e2f2-9a7f-081afd556b5e"},{"appComponentName":"ff5a88694e2d4760aa0180b477ef1506","appName":"1de311b8-d8e6-446d-9dc0-b21464b967f8","appComponentLibraryName":"802c4006-b928-4d05-b359-2ff9608d2e9d","appComponentLibraryVersion":"2025-04-17T12:42:28Z","appComponentLibraryLogicalName":"faf_paco_877d7","tenantId":"33c2cf2a-347b-49f6-9f1a-4926a5389208","environmentName":"7aabe768-4f7b-e2f2-9a7f-081afd556b5e"}]</AppComponentDependencies>
      <CanConsumeAppPass>1</CanConsumeAppPass>
      <CanvasAppType>0</CanvasAppType>
      <BypassConsent>0</BypassConsent>
      <AdminControlBypassConsent>0</AdminControlBypassConsent>
      <EmbeddedApp xsi:nil="true"></EmbeddedApp>
      <IntroducedVersion>1.0</IntroducedVersion>
      <CdsDependencies>{"cdsdependencies":[{"logicalname":"faf_paco_877d7","componenttype":300,"componenttypeplatformname":"CanvasApp"}]}</CdsDependencies>
      <IsCustomizable>1</IsCustomizable>
      <BackgroundImageUri>/CanvasApps/faf_pacocopyfrom_c277d_BackgroundImageUri</BackgroundImageUri>
      <DocumentUri>/CanvasApps/faf_pacocopyfrom_c277d_DocumentUri.msapp</DocumentUri>
      <AdditionalUris>
        <AdditionalUri>/CanvasApps/faf_pacocopyfrom_c277d_AdditionalUris0_identity.json</AdditionalUri>
      </AdditionalUris>
    </CanvasApp>
    <CanvasApp>
      <Name>faf_pacodemo_5eb93</Name>
      <AppVersion>2025-04-18T08:00:14Z</AppVersion>
      <Status>Ready</Status>
      <CreatedByClientVersion>3.25041.10.0</CreatedByClientVersion>
      <MinClientVersion>3.25041.10.0</MinClientVersion>
      <Tags>{"primaryDeviceWidth":"1366","primaryDeviceHeight":"768","supportsPortrait":"true","supportsLandscape":"true","primaryFormFactor":"Tablet","showStatusBar":"false","publisherVersion":"3.25041.10","minimumRequiredApiVersion":"2.2.0","hasComponent":"true","hasUnlockedComponent":"false","isUnifiedRootApp":"false","sienaVersion":"20250416T194046Z-3.25035.12.0"}</Tags>
      <IsCdsUpgraded>0</IsCdsUpgraded>
      <GalleryItemId xsi:nil="true"></GalleryItemId>
      <BackgroundColor>rgba(255, 255, 255, 1)</BackgroundColor>
      <DisplayName>PACo - Demo</DisplayName>
      <Description>https://www.formsandflows.nl/paco</Description>
      <CommitMessage>Version 4.1.0</CommitMessage>
      <Publisher xsi:nil="true"></Publisher>
      <AuthorizationReferences>[]</AuthorizationReferences>
      <ConnectionReferences>{}</ConnectionReferences>
      <DatabaseReferences>{}</DatabaseReferences>
      <AppComponents>[]</AppComponents>
      <AppComponentDependencies>[{"appComponentName":"0479a3f19ea74096970564520157de8b","appName":"55918eb1-eee7-4134-aaa4-ca6921d3849c","appComponentLibraryName":"802c4006-b928-4d05-b359-2ff9608d2e9d","appComponentLibraryVersion":"2025-04-17T12:42:28Z","appComponentLibraryLogicalName":"faf_paco_877d7","tenantId":"33c2cf2a-347b-49f6-9f1a-4926a5389208","environmentName":"7aabe768-4f7b-e2f2-9a7f-081afd556b5e"},{"appComponentName":"095440b1e5904c28ad67cd3d8a68f456","appName":"55918eb1-eee7-4134-aaa4-ca6921d3849c","appComponentLibraryName":"802c4006-b928-4d05-b359-2ff9608d2e9d","appComponentLibraryVersion":"2025-04-17T12:42:28Z","appComponentLibraryLogicalName":"faf_paco_877d7","tenantId":"33c2cf2a-347b-49f6-9f1a-4926a5389208","environmentName":"7aabe768-4f7b-e2f2-9a7f-081afd556b5e"},{"appComponentName":"23f9de8a18f14483a4e49b54602c0587","appName":"55918eb1-eee7-4134-aaa4-ca6921d3849c","appComponentLibraryName":"802c4006-b928-4d05-b359-2ff9608d2e9d","appComponentLibraryVersion":"2025-04-17T12:42:28Z","appComponentLibraryLogicalName":"faf_paco_877d7","tenantId":"33c2cf2a-347b-49f6-9f1a-4926a5389208","environmentName":"7aabe768-4f7b-e2f2-9a7f-081afd556b5e"},{"appComponentName":"27e7930a7f6f49778810495c5fa59211","appName":"55918eb1-eee7-4134-aaa4-ca6921d3849c","appComponentLibraryName":"802c4006-b928-4d05-b359-2ff9608d2e9d","appComponentLibraryVersion":"2025-04-17T12:42:28Z","appComponentLibraryLogicalName":"faf_paco_877d7","tenantId":"33c2cf2a-347b-49f6-9f1a-4926a5389208","environmentName":"7aabe768-4f7b-e2f2-9a7f-081afd556b5e"},{"appComponentName":"32472a348c1241bfbab2d7e75dc060b7","appName":"55918eb1-eee7-4134-aaa4-ca6921d3849c","appComponentLibraryName":"802c4006-b928-4d05-b359-2ff9608d2e9d","appComponentLibraryVersion":"2025-04-17T12:42:28Z","appComponentLibraryLogicalName":"faf_paco_877d7","tenantId":"33c2cf2a-347b-49f6-9f1a-4926a5389208","environmentName":"7aabe768-4f7b-e2f2-9a7f-081afd556b5e"},{"appComponentName":"33486db5277f46d69d2e59331a26c291","appName":"55918eb1-eee7-4134-aaa4-ca6921d3849c","appComponentLibraryName":"802c4006-b928-4d05-b359-2ff9608d2e9d","appComponentLibraryVersion":"2025-04-17T12:42:28Z","appComponentLibraryLogicalName":"faf_paco_877d7","tenantId":"33c2cf2a-347b-49f6-9f1a-4926a5389208","environmentName":"7aabe768-4f7b-e2f2-9a7f-081afd556b5e"},{"appComponentName":"346be8cdc5404f8db785796aa59e7fef","appName":"55918eb1-eee7-4134-aaa4-ca6921d3849c","appComponentLibraryName":"802c4006-b928-4d05-b359-2ff9608d2e9d","appComponentLibraryVersion":"2025-04-17T12:42:28Z","appComponentLibraryLogicalName":"faf_paco_877d7","tenantId":"33c2cf2a-347b-49f6-9f1a-4926a5389208","environmentName":"7aabe768-4f7b-e2f2-9a7f-081afd556b5e"},{"appComponentName":"34b05f8cc4c7498f948dc0b2a78562ea","appName":"55918eb1-eee7-4134-aaa4-ca6921d3849c","appComponentLibraryName":"802c4006-b928-4d05-b359-2ff9608d2e9d","appComponentLibraryVersion":"2025-04-17T12:42:28Z","appComponentLibraryLogicalName":"faf_paco_877d7","tenantId":"33c2cf2a-347b-49f6-9f1a-4926a5389208","environmentName":"7aabe768-4f7b-e2f2-9a7f-081afd556b5e"},{"appComponentName":"35e5588f03f04b6784901cfd9ad6090f","appName":"55918eb1-eee7-4134-aaa4-ca6921d3849c","appComponentLibraryName":"802c4006-b928-4d05-b359-2ff9608d2e9d","appComponentLibraryVersion":"2025-04-17T12:42:28Z","appComponentLibraryLogicalName":"faf_paco_877d7","tenantId":"33c2cf2a-347b-49f6-9f1a-4926a5389208","environmentName":"7aabe768-4f7b-e2f2-9a7f-081afd556b5e"},{"appComponentName":"3614311e56fd468594355b24e6c347ca","appName":"55918eb1-eee7-4134-aaa4-ca6921d3849c","appComponentLibraryName":"802c4006-b928-4d05-b359-2ff9608d2e9d","appComponentLibraryVersion":"2025-04-17T12:42:28Z","appComponentLibraryLogicalName":"faf_paco_877d7","tenantId":"33c2cf2a-347b-49f6-9f1a-4926a5389208","environmentName":"7aabe768-4f7b-e2f2-9a7f-081afd556b5e"},{"appComponentName":"3a932213d78146d1a5cbbe990c34ac9e","appName":"55918eb1-eee7-4134-aaa4-ca6921d3849c","appComponentLibraryName":"802c4006-b928-4d05-b359-2ff9608d2e9d","appComponentLibraryVersion":"2025-04-17T12:42:28Z","appComponentLibraryLogicalName":"faf_paco_877d7","tenantId":"33c2cf2a-347b-49f6-9f1a-4926a5389208","environmentName":"7aabe768-4f7b-e2f2-9a7f-081afd556b5e"},{"appComponentName":"3c863698964c40f0ad0fa633a605fb80","appName":"55918eb1-eee7-4134-aaa4-ca6921d3849c","appComponentLibraryName":"802c4006-b928-4d05-b359-2ff9608d2e9d","appComponentLibraryVersion":"2025-04-17T12:42:28Z","appComponentLibraryLogicalName":"faf_paco_877d7","tenantId":"33c2cf2a-347b-49f6-9f1a-4926a5389208","environmentName":"7aabe768-4f7b-e2f2-9a7f-081afd556b5e"},{"appComponentName":"3e4db8bad69e44278da14c1432176415","appName":"55918eb1-eee7-4134-aaa4-ca6921d3849c","appComponentLibraryName":"802c4006-b928-4d05-b359-2ff9608d2e9d","appComponentLibraryVersion":"2025-04-17T12:42:28Z","appComponentLibraryLogicalName":"faf_paco_877d7","tenantId":"33c2cf2a-347b-49f6-9f1a-4926a5389208","environmentName":"7aabe768-4f7b-e2f2-9a7f-081afd556b5e"},{"appComponentName":"5703b36338b749f887ead6cfafbcdb8d","appName":"55918eb1-eee7-4134-aaa4-ca6921d3849c","appComponentLibraryName":"802c4006-b928-4d05-b359-2ff9608d2e9d","appComponentLibraryVersion":"2025-04-17T12:42:28Z","appComponentLibraryLogicalName":"faf_paco_877d7","tenantId":"33c2cf2a-347b-49f6-9f1a-4926a5389208","environmentName":"7aabe768-4f7b-e2f2-9a7f-081afd556b5e"},{"appComponentName":"5783ab3906654229b07de8cc9b42de79","appName":"55918eb1-eee7-4134-aaa4-ca6921d3849c","appComponentLibraryName":"802c4006-b928-4d05-b359-2ff9608d2e9d","appComponentLibraryVersion":"2025-04-17T12:42:28Z","appComponentLibraryLogicalName":"faf_paco_877d7","tenantId":"33c2cf2a-347b-49f6-9f1a-4926a5389208","environmentName":"7aabe768-4f7b-e2f2-9a7f-081afd556b5e"},{"appComponentName":"5a9d34f835ca452b8f433f064681d77a","appName":"55918eb1-eee7-4134-aaa4-ca6921d3849c","appComponentLibraryName":"802c4006-b928-4d05-b359-2ff9608d2e9d","appComponentLibraryVersion":"2025-04-17T12:42:28Z","appComponentLibraryLogicalName":"faf_paco_877d7","tenantId":"33c2cf2a-347b-49f6-9f1a-4926a5389208","environmentName":"7aabe768-4f7b-e2f2-9a7f-081afd556b5e"},{"appComponentName":"5d92f40d00224012b07f4ba2f2934da4","appName":"55918eb1-eee7-4134-aaa4-ca6921d3849c","appComponentLibraryName":"802c4006-b928-4d05-b359-2ff9608d2e9d","appComponentLibraryVersion":"2025-04-17T12:42:28Z","appComponentLibraryLogicalName":"faf_paco_877d7","tenantId":"33c2cf2a-347b-49f6-9f1a-4926a5389208","environmentName":"7aabe768-4f7b-e2f2-9a7f-081afd556b5e"},{"appComponentName":"6395f1ced8964b30b95333007c006642","appName":"55918eb1-eee7-4134-aaa4-ca6921d3849c","appComponentLibraryName":"802c4006-b928-4d05-b359-2ff9608d2e9d","appComponentLibraryVersion":"2025-04-17T12:42:28Z","appComponentLibraryLogicalName":"faf_paco_877d7","tenantId":"33c2cf2a-347b-49f6-9f1a-4926a5389208","environmentName":"7aabe768-4f7b-e2f2-9a7f-081afd556b5e"},{"appComponentName":"65e4df45941945388649b375ec8d679b","appName":"55918eb1-eee7-4134-aaa4-ca6921d3849c","appComponentLibraryName":"802c4006-b928-4d05-b359-2ff9608d2e9d","appComponentLibraryVersion":"2025-04-17T12:42:28Z","appComponentLibraryLogicalName":"faf_paco_877d7","tenantId":"33c2cf2a-347b-49f6-9f1a-4926a5389208","environmentName":"7aabe768-4f7b-e2f2-9a7f-081afd556b5e"},{"appComponentName":"6cc17fa9fef742f99265f0a5da55a032","appName":"55918eb1-eee7-4134-aaa4-ca6921d3849c","appComponentLibraryName":"802c4006-b928-4d05-b359-2ff9608d2e9d","appComponentLibraryVersion":"2025-04-17T12:42:28Z","appComponentLibraryLogicalName":"faf_paco_877d7","tenantId":"33c2cf2a-347b-49f6-9f1a-4926a5389208","environmentName":"7aabe768-4f7b-e2f2-9a7f-081afd556b5e"},{"appComponentName":"84ac7c4eb6a2491a87681343635ddf4b","appName":"55918eb1-eee7-4134-aaa4-ca6921d3849c","appComponentLibraryName":"802c4006-b928-4d05-b359-2ff9608d2e9d","appComponentLibraryVersion":"2025-04-17T12:42:28Z","appComponentLibraryLogicalName":"faf_paco_877d7","tenantId":"33c2cf2a-347b-49f6-9f1a-4926a5389208","environmentName":"7aabe768-4f7b-e2f2-9a7f-081afd556b5e"},{"appComponentName":"89f932efbc1f4927bc92f6710cf8c631","appName":"55918eb1-eee7-4134-aaa4-ca6921d3849c","appComponentLibraryName":"802c4006-b928-4d05-b359-2ff9608d2e9d","appComponentLibraryVersion":"2025-04-17T12:42:28Z","appComponentLibraryLogicalName":"faf_paco_877d7","tenantId":"33c2cf2a-347b-49f6-9f1a-4926a5389208","environmentName":"7aabe768-4f7b-e2f2-9a7f-081afd556b5e"},{"appComponentName":"8fd3b202b1dc472cbc579bbabd550af6","appName":"55918eb1-eee7-4134-aaa4-ca6921d3849c","appComponentLibraryName":"802c4006-b928-4d05-b359-2ff9608d2e9d","appComponentLibraryVersion":"2025-04-17T12:42:28Z","appComponentLibraryLogicalName":"faf_paco_877d7","tenantId":"33c2cf2a-347b-49f6-9f1a-4926a5389208","environmentName":"7aabe768-4f7b-e2f2-9a7f-081afd556b5e"},{"appComponentName":"957aeeea5fa34085b22cb096d6ffca7b","appName":"55918eb1-eee7-4134-aaa4-ca6921d3849c","appComponentLibraryName":"802c4006-b928-4d05-b359-2ff9608d2e9d","appComponentLibraryVersion":"2025-04-17T12:42:28Z","appComponentLibraryLogicalName":"faf_paco_877d7","tenantId":"33c2cf2a-347b-49f6-9f1a-4926a5389208","environmentName":"7aabe768-4f7b-e2f2-9a7f-081afd556b5e"},{"appComponentName":"97d04a40ccef4f0fafe455264dea863c","appName":"55918eb1-eee7-4134-aaa4-ca6921d3849c","appComponentLibraryName":"802c4006-b928-4d05-b359-2ff9608d2e9d","appComponentLibraryVersion":"2025-04-17T12:42:28Z","appComponentLibraryLogicalName":"faf_paco_877d7","tenantId":"33c2cf2a-347b-49f6-9f1a-4926a5389208","environmentName":"7aabe768-4f7b-e2f2-9a7f-081afd556b5e"},{"appComponentName":"9ef2a827e0b64a95a78c95f04f7d1e05","appName":"55918eb1-eee7-4134-aaa4-ca6921d3849c","appComponentLibraryName":"802c4006-b928-4d05-b359-2ff9608d2e9d","appComponentLibraryVersion":"2025-04-17T12:42:28Z","appComponentLibraryLogicalName":"faf_paco_877d7","tenantId":"33c2cf2a-347b-49f6-9f1a-4926a5389208","environmentName":"7aabe768-4f7b-e2f2-9a7f-081afd556b5e"},{"appComponentName":"b276b640873240309624bb5113f80100","appName":"55918eb1-eee7-4134-aaa4-ca6921d3849c","appComponentLibraryName":"802c4006-b928-4d05-b359-2ff9608d2e9d","appComponentLibraryVersion":"2025-04-17T12:42:28Z","appComponentLibraryLogicalName":"faf_paco_877d7","tenantId":"33c2cf2a-347b-49f6-9f1a-4926a5389208","environmentName":"7aabe768-4f7b-e2f2-9a7f-081afd556b5e"},{"appComponentName":"b9bc42caeee7419f996665959f65bfd0","appName":"55918eb1-eee7-4134-aaa4-ca6921d3849c","appComponentLibraryName":"802c4006-b928-4d05-b359-2ff9608d2e9d","appComponentLibraryVersion":"2025-04-17T12:42:28Z","appComponentLibraryLogicalName":"faf_paco_877d7","tenantId":"33c2cf2a-347b-49f6-9f1a-4926a5389208","environmentName":"7aabe768-4f7b-e2f2-9a7f-081afd556b5e"},{"appComponentName":"be91c0b6104d454eb5e750c8cfca90a9","appName":"55918eb1-eee7-4134-aaa4-ca6921d3849c","appComponentLibraryName":"802c4006-b928-4d05-b359-2ff9608d2e9d","appComponentLibraryVersion":"2025-04-17T12:42:28Z","appComponentLibraryLogicalName":"faf_paco_877d7","tenantId":"33c2cf2a-347b-49f6-9f1a-4926a5389208","environmentName":"7aabe768-4f7b-e2f2-9a7f-081afd556b5e"},{"appComponentName":"cf356dabe9d94e90900ff197a50aa565","appName":"55918eb1-eee7-4134-aaa4-ca6921d3849c","appComponentLibraryName":"802c4006-b928-4d05-b359-2ff9608d2e9d","appComponentLibraryVersion":"2025-04-17T12:42:28Z","appComponentLibraryLogicalName":"faf_paco_877d7","tenantId":"33c2cf2a-347b-49f6-9f1a-4926a5389208","environmentName":"7aabe768-4f7b-e2f2-9a7f-081afd556b5e"},{"appComponentName":"d06303d86725479aa0ec7401208cd0a3","appName":"55918eb1-eee7-4134-aaa4-ca6921d3849c","appComponentLibraryName":"802c4006-b928-4d05-b359-2ff9608d2e9d","appComponentLibraryVersion":"2025-04-17T12:42:28Z","appComponentLibraryLogicalName":"faf_paco_877d7","tenantId":"33c2cf2a-347b-49f6-9f1a-4926a5389208","environmentName":"7aabe768-4f7b-e2f2-9a7f-081afd556b5e"},{"appComponentName":"d811ab8935174f77b6299ae0cb117c81","appName":"55918eb1-eee7-4134-aaa4-ca6921d3849c","appComponentLibraryName":"802c4006-b928-4d05-b359-2ff9608d2e9d","appComponentLibraryVersion":"2025-04-17T12:42:28Z","appComponentLibraryLogicalName":"faf_paco_877d7","tenantId":"33c2cf2a-347b-49f6-9f1a-4926a5389208","environmentName":"7aabe768-4f7b-e2f2-9a7f-081afd556b5e"},{"appComponentName":"ead3c390c203493bbb74fbed45c32aa3","appName":"55918eb1-eee7-4134-aaa4-ca6921d3849c","appComponentLibraryName":"802c4006-b928-4d05-b359-2ff9608d2e9d","appComponentLibraryVersion":"2025-04-17T12:42:28Z","appComponentLibraryLogicalName":"faf_paco_877d7","tenantId":"33c2cf2a-347b-49f6-9f1a-4926a5389208","environmentName":"7aabe768-4f7b-e2f2-9a7f-081afd556b5e"},{"appComponentName":"eff8ef1532d545d6a76be9cd65b9572a","appName":"55918eb1-eee7-4134-aaa4-ca6921d3849c","appComponentLibraryName":"802c4006-b928-4d05-b359-2ff9608d2e9d","appComponentLibraryVersion":"2025-04-17T12:42:28Z","appComponentLibraryLogicalName":"faf_paco_877d7","tenantId":"33c2cf2a-347b-49f6-9f1a-4926a5389208","environmentName":"7aabe768-4f7b-e2f2-9a7f-081afd556b5e"},{"appComponentName":"f95cd6d4014f420fb9917fb20880c054","appName":"55918eb1-eee7-4134-aaa4-ca6921d3849c","appComponentLibraryName":"802c4006-b928-4d05-b359-2ff9608d2e9d","appComponentLibraryVersion":"2025-04-17T12:42:28Z","appComponentLibraryLogicalName":"faf_paco_877d7","tenantId":"33c2cf2a-347b-49f6-9f1a-4926a5389208","environmentName":"7aabe768-4f7b-e2f2-9a7f-081afd556b5e"},{"appComponentName":"fa524ed235254040934aad9fadc0bfe1","appName":"55918eb1-eee7-4134-aaa4-ca6921d3849c","appComponentLibraryName":"802c4006-b928-4d05-b359-2ff9608d2e9d","appComponentLibraryVersion":"2025-04-17T12:42:28Z","appComponentLibraryLogicalName":"faf_paco_877d7","tenantId":"33c2cf2a-347b-49f6-9f1a-4926a5389208","environmentName":"7aabe768-4f7b-e2f2-9a7f-081afd556b5e"},{"appComponentName":"ff5a88694e2d4760aa0180b477ef1506","appName":"55918eb1-eee7-4134-aaa4-ca6921d3849c","appComponentLibraryName":"802c4006-b928-4d05-b359-2ff9608d2e9d","appComponentLibraryVersion":"2025-04-17T12:42:28Z","appComponentLibraryLogicalName":"faf_paco_877d7","tenantId":"33c2cf2a-347b-49f6-9f1a-4926a5389208","environmentName":"7aabe768-4f7b-e2f2-9a7f-081afd556b5e"}]</AppComponentDependencies>
      <CanConsumeAppPass>1</CanConsumeAppPass>
      <CanvasAppType>0</CanvasAppType>
      <BypassConsent>0</BypassConsent>
      <AdminControlBypassConsent>0</AdminControlBypassConsent>
      <EmbeddedApp xsi:nil="true"></EmbeddedApp>
      <IntroducedVersion>1.0</IntroducedVersion>
      <CdsDependencies>{"cdsdependencies":[{"logicalname":"faf_paco_877d7","componenttype":300,"componenttypeplatformname":"CanvasApp"}]}</CdsDependencies>
      <IsCustomizable>1</IsCustomizable>
      <BackgroundImageUri>/CanvasApps/faf_pacodemo_5eb93_BackgroundImageUri</BackgroundImageUri>
      <DocumentUri>/CanvasApps/faf_pacodemo_5eb93_DocumentUri.msapp</DocumentUri>
      <AdditionalUris>
        <AdditionalUri>/CanvasApps/faf_pacodemo_5eb93_AdditionalUris0_identity.json</AdditionalUri>
      </AdditionalUris>
    </CanvasApp>
    <CanvasApp>
      <Name>faf_pacodemoapp_fcf86</Name>
      <AppVersion>2025-04-18T08:26:21Z</AppVersion>
      <Status>Ready</Status>
      <CreatedByClientVersion>3.25041.10.0</CreatedByClientVersion>
      <MinClientVersion>3.25041.10.0</MinClientVersion>
      <Tags>{"primaryDeviceWidth":"2123","primaryDeviceHeight":"957","supportsPortrait":"true","supportsLandscape":"true","primaryFormFactor":"Tablet","showStatusBar":"false","publisherVersion":"3.25041.10","minimumRequiredApiVersion":"2.2.0","hasComponent":"true","hasUnlockedComponent":"false","isUnifiedRootApp":"false","sienaVersion":"20250417T130011Z-3.25035.12.0"}</Tags>
      <IsCdsUpgraded>0</IsCdsUpgraded>
      <GalleryItemId xsi:nil="true"></GalleryItemId>
      <BackgroundColor>rgba(255, 255, 255, 1)</BackgroundColor>
      <DisplayName>PACo - Demo app</DisplayName>
      <Description>https://www.formsandflows.nl/paco</Description>
      <CommitMessage>Version 4.1.0</CommitMessage>
      <Publisher xsi:nil="true"></Publisher>
      <AuthorizationReferences>[]</AuthorizationReferences>
      <ConnectionReferences>{}</ConnectionReferences>
      <DatabaseReferences>{}</DatabaseReferences>
      <AppComponents>[]</AppComponents>
      <AppComponentDependencies>[{"appComponentName":"346be8cdc5404f8db785796aa59e7fef","appName":"e5fb7c1c-d775-4d8a-a394-d8f5c46e6cab","appComponentLibraryName":"802c4006-b928-4d05-b359-2ff9608d2e9d","appComponentLibraryVersion":"2025-04-17T12:42:28Z","appComponentLibraryLogicalName":"faf_paco_877d7","tenantId":"33c2cf2a-347b-49f6-9f1a-4926a5389208","environmentName":"7aabe768-4f7b-e2f2-9a7f-081afd556b5e"},{"appComponentName":"957aeeea5fa34085b22cb096d6ffca7b","appName":"e5fb7c1c-d775-4d8a-a394-d8f5c46e6cab","appComponentLibraryName":"802c4006-b928-4d05-b359-2ff9608d2e9d","appComponentLibraryVersion":"2025-04-17T12:42:28Z","appComponentLibraryLogicalName":"faf_paco_877d7","tenantId":"33c2cf2a-347b-49f6-9f1a-4926a5389208","environmentName":"7aabe768-4f7b-e2f2-9a7f-081afd556b5e"},{"appComponentName":"d06303d86725479aa0ec7401208cd0a3","appName":"e5fb7c1c-d775-4d8a-a394-d8f5c46e6cab","appComponentLibraryName":"802c4006-b928-4d05-b359-2ff9608d2e9d","appComponentLibraryVersion":"2025-04-17T12:42:28Z","appComponentLibraryLogicalName":"faf_paco_877d7","tenantId":"33c2cf2a-347b-49f6-9f1a-4926a5389208","environmentName":"7aabe768-4f7b-e2f2-9a7f-081afd556b5e"},{"appComponentName":"33486db5277f46d69d2e59331a26c291","appName":"e5fb7c1c-d775-4d8a-a394-d8f5c46e6cab","appComponentLibraryName":"802c4006-b928-4d05-b359-2ff9608d2e9d","appComponentLibraryVersion":"2025-04-17T12:42:28Z","appComponentLibraryLogicalName":"faf_paco_877d7","tenantId":"33c2cf2a-347b-49f6-9f1a-4926a5389208","environmentName":"7aabe768-4f7b-e2f2-9a7f-081afd556b5e"},{"appComponentName":"3e4db8bad69e44278da14c1432176415","appName":"e5fb7c1c-d775-4d8a-a394-d8f5c46e6cab","appComponentLibraryName":"802c4006-b928-4d05-b359-2ff9608d2e9d","appComponentLibraryVersion":"2025-04-17T12:42:28Z","appComponentLibraryLogicalName":"faf_paco_877d7","tenantId":"33c2cf2a-347b-49f6-9f1a-4926a5389208","environmentName":"7aabe768-4f7b-e2f2-9a7f-081afd556b5e"},{"appComponentName":"5783ab3906654229b07de8cc9b42de79","appName":"e5fb7c1c-d775-4d8a-a394-d8f5c46e6cab","appComponentLibraryName":"802c4006-b928-4d05-b359-2ff9608d2e9d","appComponentLibraryVersion":"2025-04-17T12:42:28Z","appComponentLibraryLogicalName":"faf_paco_877d7","tenantId":"33c2cf2a-347b-49f6-9f1a-4926a5389208","environmentName":"7aabe768-4f7b-e2f2-9a7f-081afd556b5e"},{"appComponentName":"6395f1ced8964b30b95333007c006642","appName":"e5fb7c1c-d775-4d8a-a394-d8f5c46e6cab","appComponentLibraryName":"802c4006-b928-4d05-b359-2ff9608d2e9d","appComponentLibraryVersion":"2025-04-17T12:42:28Z","appComponentLibraryLogicalName":"faf_paco_877d7","tenantId":"33c2cf2a-347b-49f6-9f1a-4926a5389208","environmentName":"7aabe768-4f7b-e2f2-9a7f-081afd556b5e"},{"appComponentName":"6cc17fa9fef742f99265f0a5da55a032","appName":"e5fb7c1c-d775-4d8a-a394-d8f5c46e6cab","appComponentLibraryName":"802c4006-b928-4d05-b359-2ff9608d2e9d","appComponentLibraryVersion":"2025-04-17T12:42:28Z","appComponentLibraryLogicalName":"faf_paco_877d7","tenantId":"33c2cf2a-347b-49f6-9f1a-4926a5389208","environmentName":"7aabe768-4f7b-e2f2-9a7f-081afd556b5e"},{"appComponentName":"cf356dabe9d94e90900ff197a50aa565","appName":"e5fb7c1c-d775-4d8a-a394-d8f5c46e6cab","appComponentLibraryName":"802c4006-b928-4d05-b359-2ff9608d2e9d","appComponentLibraryVersion":"2025-04-17T12:42:28Z","appComponentLibraryLogicalName":"faf_paco_877d7","tenantId":"33c2cf2a-347b-49f6-9f1a-4926a5389208","environmentName":"7aabe768-4f7b-e2f2-9a7f-081afd556b5e"},{"appComponentName":"095440b1e5904c28ad67cd3d8a68f456","appName":"e5fb7c1c-d775-4d8a-a394-d8f5c46e6cab","appComponentLibraryName":"802c4006-b928-4d05-b359-2ff9608d2e9d","appComponentLibraryVersion":"2025-04-17T12:42:28Z","appComponentLibraryLogicalName":"faf_paco_877d7","tenantId":"33c2cf2a-347b-49f6-9f1a-4926a5389208","environmentName":"7aabe768-4f7b-e2f2-9a7f-081afd556b5e"},{"appComponentName":"5d92f40d00224012b07f4ba2f2934da4","appName":"e5fb7c1c-d775-4d8a-a394-d8f5c46e6cab","appComponentLibraryName":"802c4006-b928-4d05-b359-2ff9608d2e9d","appComponentLibraryVersion":"2025-04-17T12:42:28Z","appComponentLibraryLogicalName":"faf_paco_877d7","tenantId":"33c2cf2a-347b-49f6-9f1a-4926a5389208","environmentName":"7aabe768-4f7b-e2f2-9a7f-081afd556b5e"},{"appComponentName":"0479a3f19ea74096970564520157de8b","appName":"e5fb7c1c-d775-4d8a-a394-d8f5c46e6cab","appComponentLibraryName":"802c4006-b928-4d05-b359-2ff9608d2e9d","appComponentLibraryVersion":"2025-04-17T12:42:28Z","appComponentLibraryLogicalName":"faf_paco_877d7","tenantId":"33c2cf2a-347b-49f6-9f1a-4926a5389208","environmentName":"7aabe768-4f7b-e2f2-9a7f-081afd556b5e"}]</AppComponentDependencies>
      <CanConsumeAppPass>1</CanConsumeAppPass>
      <CanvasAppType>0</CanvasAppType>
      <BypassConsent>0</BypassConsent>
      <AdminControlBypassConsent>0</AdminControlBypassConsent>
      <EmbeddedApp xsi:nil="true"></EmbeddedApp>
      <IntroducedVersion>1.0</IntroducedVersion>
      <CdsDependencies>{"cdsdependencies":[{"logicalname":"faf_paco_877d7","componenttype":300,"componenttypeplatformname":"CanvasApp"}]}</CdsDependencies>
      <IsCustomizable>1</IsCustomizable>
      <BackgroundImageUri>/CanvasApps/faf_pacodemoapp_fcf86_BackgroundImageUri</BackgroundImageUri>
      <DocumentUri>/CanvasApps/faf_pacodemoapp_fcf86_DocumentUri.msapp</DocumentUri>
      <AdditionalUris>
        <AdditionalUri>/CanvasApps/faf_pacodemoapp_fcf86_AdditionalUris0_identity.json</AdditionalUri>
      </AdditionalUris>
    </CanvasApp>
  </CanvasApps>
  <Languages>
    <Language>1033</Language>
  </Languages>
</ImportExportXml>