{"schemaVersion":"1.0","appDefinitionTemplate":{"id":"/providers/Microsoft.PowerApps/apps/","type":"Microsoft.PowerApps/apps","tags":{"primaryDeviceWidth":"1366","primaryDeviceHeight":"768","supportsPortrait":"true","supportsLandscape":"true","primaryFormFactor":"Tablet","publisherVersion":"3.23043.16","minimumRequiredApiVersion":"2.2.0","hasComponent":"true","hasUnlockedComponent":"true","isUnifiedRootApp":"false","sienaVersion":"20230503T135913Z-3.23043.16.0"},"properties":{"appVersion":"2023-05-03T13:59:13Z","lifeCycleId":"Published","createdByClientVersion":{"major":3,"minor":23043,"build":16,"revision":0,"majorRevision":0,"minorRevision":0},"minClientVersion":{"major":3,"minor":23043,"build":16,"revision":0,"majorRevision":0,"minorRevision":0},"backgroundColor":"rgba(255, 255, 255, 1)","backgroundImageUri":"/1826205720052098594/Ndb5aefe7-801c-4194-be17-104a9ad025c4-logoSmallFile","displayName":"PACo Examples","description":"PACo-Extra","commitMessage":"Version 1.0","appUris":{"documentUri":{"value":"/1826205720052098594/Nd30d2472-0ee1-4be8-a2cb-12c27f1f8547-document.msapp"},"imageUris":[],"additionalUris":[]},"createdTime":"0001-01-01T00:00:00Z","lastModifiedTime":"0001-01-01T00:00:00Z","sharedGroupsCount":0,"sharedUsersCount":0,"connectionReferences":{},"databaseReferences":{},"almMode":"Environment","performanceOptimizationEnabled":true,"canConsumeAppPass":true,"enableModernRuntimeMode":false,"executionRestrictions":{"isTeamsOnly":false,"dataLossPreventionEvaluationResult":{"status":"Compliant","lastEvaluationDate":"2023-04-23T19:19:01.1704905Z","violations":[],"violationsByPolicy":[],"violationErrorMessage":"The app uses the following connectors: ."}}},"appType":"ClassicCanvasApp","appComponents":[]}}