{"schemaVersion":"1.0","appDefinitionTemplate":{"id":"/providers/Microsoft.PowerApps/apps/","type":"Microsoft.PowerApps/apps","tags":{"primaryDeviceWidth":"640","primaryDeviceHeight":"640","supportsPortrait":"true","supportsLandscape":"true","primaryFormFactor":"Tablet","publisherVersion":"3.22102.32","minimumRequiredApiVersion":"2.2.0","hasComponent":"true","hasUnlockedComponent":"true","isUnifiedRootApp":"false","sienaVersion":"20221022T115145Z-3.22102.32.0"},"properties":{"appVersion":"2022-10-22T11:51:45Z","lifeCycleId":"Published","createdByClientVersion":{"major":3,"minor":22102,"build":32,"revision":0,"majorRevision":0,"minorRevision":0},"minClientVersion":{"major":3,"minor":22102,"build":32,"revision":0,"majorRevision":0,"minorRevision":0},"backgroundColor":"rgba(0, 128, 128, 1)","backgroundImageUri":"/2956154488174548025/Nd01a7684-358b-4f3a-8068-cd1640d41588-logoSmallFile","displayName":"PACo v1_0","description":"","commitMessage":"","appUris":{"documentUri":{"value":"/2956154488174548025/N7fe00c5c-aec4-4670-a898-871c579d9baa-document.msapp"},"imageUris":[],"additionalUris":[]},"createdTime":"0001-01-01T00:00:00Z","lastModifiedTime":"0001-01-01T00:00:00Z","sharedGroupsCount":0,"sharedUsersCount":0,"icons":{"smallIconUri":"/2956154488174548025/Na813bfd8-49e8-49d2-af89-ca896e87ab36-small.png","mediumIconUri":"/2956154488174548025/N44bd006e-7e58-48d1-8f4c-0719446d17e3-medium.png","largeIconUri":"/2956154488174548025/N130cb5e5-b8c1-4b02-947c-9bd8956c2617-large.png","wideIconUri":"/2956154488174548025/N414e7f80-50b7-4ac2-809a-b08878f2a176-wide.png"},"connectionReferences":{},"databaseReferences":{},"almMode":"Solution","performanceOptimizationEnabled":true,"canConsumeAppPass":true,"enableModernRuntimeMode":false,"executionRestrictions":{"isTeamsOnly":false,"dataLossPreventionEvaluationResult":{"status":"Compliant","lastEvaluationDate":"2022-10-02T08:28:06.5652482Z","violations":[],"violationsByPolicy":[],"violationErrorMessage":"The app uses the following connectors: ."}}},"appType":"ClassicCanvasApp","appComponents":[]}}