<ImportExportXml xmlns:xsi="http://www.w3.org/2001/XMLSchema-instance" OrganizationVersion="9.2.25024.206" OrganizationSchemaType="Standard" CRMServerServiceabilityVersion="9.2.25031.00216">
  <Entities></Entities>
  <Roles></Roles>
  <Workflows></Workflows>
  <FieldSecurityProfiles></FieldSecurityProfiles>
  <Templates />
  <EntityMaps />
  <EntityRelationships />
  <OrganizationSettings />
  <optionsets />
  <CustomControls />
  <EntityDataProviders />
  <CanvasApps>
    <CanvasApp>
      <Name>faf_paco_877d7</Name>
      <AppVersion>2025-03-30T15:33:50Z</AppVersion>
      <Status>Ready</Status>
      <CreatedByClientVersion>3.25033.14.0</CreatedByClientVersion>
      <MinClientVersion>3.25033.14.0</MinClientVersion>
      <Tags>{"primaryDeviceWidth":"1600","primaryDeviceHeight":"60","supportsPortrait":"true","supportsLandscape":"true","primaryFormFactor":"Phone","showStatusBar":"false","publisherVersion":"3.25033.14","minimumRequiredApiVersion":"2.2.0","hasComponent":"true","hasUnlockedComponent":"true","isUnifiedRootApp":"false","sienaVersion":"20250330T150153Z-3.25033.14.0","offlineLargeFilesSupport":"false"}</Tags>
      <IsCdsUpgraded>0</IsCdsUpgraded>
      <GalleryItemId xsi:nil="true"></GalleryItemId>
      <BackgroundColor>rgba(240, 117, 15, 1)</BackgroundColor>
      <DisplayName>PACo</DisplayName>
      <Description>https://www.formsandflows.nl/paco</Description>
      <CommitMessage>Version 4.0.0</CommitMessage>
      <Publisher></Publisher>
      <AuthorizationReferences>[]</AuthorizationReferences>
      <ConnectionReferences>{}</ConnectionReferences>
      <DatabaseReferences>{}</DatabaseReferences>
      <AppComponents>[{"appComponentName":"eff8ef1532d545d6a76be9cd65b9572a","displayName":"PACo_Breadcrumb_A","description":"Version 4.0.0","appName":"7cdcd55f-9b4e-47b2-b79e-77d6f96a0fc0","appVersion":"2025-03-30T15:33:50Z","appComponentLibraryLogicalName":"faf_paco_877d7","appDisplayName":"PACo","environmentName":"58b9c692-d0ef-ecab-b424-4d67be894d55","owner":{"id":"0c20c12b-9284-497c-8b4b-7b2d6bf4a64c","displayName":"Rick Bakker","email":"rick@formsandflows.nl","type":"User","tenantId":"80abc0a6-d93f-4379-a387-8ffbf039fa91","userPrincipalName":"rick@formsandflows.nl"},"allowCustomization":false,"createdOn":"2025-03-12T05:13:35.062Z","lastModifiedOn":"2025-03-30T15:28:03.764Z","connectionReferences":{},"databaseReferences":{}},{"appComponentName":"b9bc42caeee7419f996665959f65bfd0","displayName":"PACo_Button_A","description":"Version 4.0.0","appName":"7cdcd55f-9b4e-47b2-b79e-77d6f96a0fc0","appVersion":"2025-03-30T15:33:50Z","appComponentLibraryLogicalName":"faf_paco_877d7","appDisplayName":"PACo","environmentName":"58b9c692-d0ef-ecab-b424-4d67be894d55","owner":{"id":"0c20c12b-9284-497c-8b4b-7b2d6bf4a64c","displayName":"Rick Bakker","email":"rick@formsandflows.nl","type":"User","tenantId":"80abc0a6-d93f-4379-a387-8ffbf039fa91","userPrincipalName":"rick@formsandflows.nl"},"allowCustomization":false,"createdOn":"2025-03-12T05:13:35.062Z","lastModifiedOn":"2025-03-30T15:28:03.764Z","connectionReferences":{},"databaseReferences":{}},{"appComponentName":"cf356dabe9d94e90900ff197a50aa565","displayName":"PACo_CommandBar_B","description":"Version 4.0.0","appName":"7cdcd55f-9b4e-47b2-b79e-77d6f96a0fc0","appVersion":"2025-03-30T15:33:50Z","appComponentLibraryLogicalName":"faf_paco_877d7","appDisplayName":"PACo","environmentName":"58b9c692-d0ef-ecab-b424-4d67be894d55","owner":{"id":"0c20c12b-9284-497c-8b4b-7b2d6bf4a64c","displayName":"Rick Bakker","email":"rick@formsandflows.nl","type":"User","tenantId":"80abc0a6-d93f-4379-a387-8ffbf039fa91","userPrincipalName":"rick@formsandflows.nl"},"allowCustomization":false,"createdOn":"2025-03-12T05:13:35.062Z","lastModifiedOn":"2025-03-30T15:28:03.764Z","connectionReferences":{},"databaseReferences":{}},{"appComponentName":"5a9d34f835ca452b8f433f064681d77a","displayName":"PACo_CommandBar_Item_A","description":"Version 4.0.0","appName":"7cdcd55f-9b4e-47b2-b79e-77d6f96a0fc0","appVersion":"2025-03-30T15:33:50Z","appComponentLibraryLogicalName":"faf_paco_877d7","appDisplayName":"PACo","environmentName":"58b9c692-d0ef-ecab-b424-4d67be894d55","owner":{"id":"0c20c12b-9284-497c-8b4b-7b2d6bf4a64c","displayName":"Rick Bakker","email":"rick@formsandflows.nl","type":"User","tenantId":"80abc0a6-d93f-4379-a387-8ffbf039fa91","userPrincipalName":"rick@formsandflows.nl"},"allowCustomization":false,"createdOn":"2025-03-12T05:13:35.062Z","lastModifiedOn":"2025-03-30T15:28:03.764Z","connectionReferences":{},"databaseReferences":{}},{"appComponentName":"97d04a40ccef4f0fafe455264dea863c","displayName":"PACo_CommandBar_Shimmer_A","description":"Version 4.0.0","appName":"7cdcd55f-9b4e-47b2-b79e-77d6f96a0fc0","appVersion":"2025-03-30T15:33:50Z","appComponentLibraryLogicalName":"faf_paco_877d7","appDisplayName":"PACo","environmentName":"58b9c692-d0ef-ecab-b424-4d67be894d55","owner":{"id":"0c20c12b-9284-497c-8b4b-7b2d6bf4a64c","displayName":"Rick Bakker","email":"rick@formsandflows.nl","type":"User","tenantId":"80abc0a6-d93f-4379-a387-8ffbf039fa91","userPrincipalName":"rick@formsandflows.nl"},"allowCustomization":false,"createdOn":"2025-03-12T05:13:35.062Z","lastModifiedOn":"2025-03-30T15:28:03.764Z","connectionReferences":{},"databaseReferences":{}},{"appComponentName":"35e5588f03f04b6784901cfd9ad6090f","displayName":"PACo_CommandBarMenu_A","description":"Version 4.0.0","appName":"7cdcd55f-9b4e-47b2-b79e-77d6f96a0fc0","appVersion":"2025-03-30T15:33:50Z","appComponentLibraryLogicalName":"faf_paco_877d7","appDisplayName":"PACo","environmentName":"58b9c692-d0ef-ecab-b424-4d67be894d55","owner":{"id":"0c20c12b-9284-497c-8b4b-7b2d6bf4a64c","displayName":"Rick Bakker","email":"rick@formsandflows.nl","type":"User","tenantId":"80abc0a6-d93f-4379-a387-8ffbf039fa91","userPrincipalName":"rick@formsandflows.nl"},"allowCustomization":false,"createdOn":"2025-03-12T05:13:35.062Z","lastModifiedOn":"2025-03-30T15:28:03.764Z","connectionReferences":{},"databaseReferences":{}},{"appComponentName":"89f932efbc1f4927bc92f6710cf8c631","displayName":"PACo_DetailsList_A","description":"Version 4.0.0","appName":"7cdcd55f-9b4e-47b2-b79e-77d6f96a0fc0","appVersion":"2025-03-30T15:33:50Z","appComponentLibraryLogicalName":"faf_paco_877d7","appDisplayName":"PACo","environmentName":"58b9c692-d0ef-ecab-b424-4d67be894d55","owner":{"id":"0c20c12b-9284-497c-8b4b-7b2d6bf4a64c","displayName":"Rick Bakker","email":"rick@formsandflows.nl","type":"User","tenantId":"80abc0a6-d93f-4379-a387-8ffbf039fa91","userPrincipalName":"rick@formsandflows.nl"},"allowCustomization":false,"createdOn":"2025-03-12T05:13:35.062Z","lastModifiedOn":"2025-03-30T15:28:03.764Z","connectionReferences":{},"databaseReferences":{}},{"appComponentName":"6cc17fa9fef742f99265f0a5da55a032","displayName":"PACo_DetailsList_B","description":"Version 4.0.0","appName":"7cdcd55f-9b4e-47b2-b79e-77d6f96a0fc0","appVersion":"2025-03-30T15:33:50Z","appComponentLibraryLogicalName":"faf_paco_877d7","appDisplayName":"PACo","environmentName":"58b9c692-d0ef-ecab-b424-4d67be894d55","owner":{"id":"0c20c12b-9284-497c-8b4b-7b2d6bf4a64c","displayName":"Rick Bakker","email":"rick@formsandflows.nl","type":"User","tenantId":"80abc0a6-d93f-4379-a387-8ffbf039fa91","userPrincipalName":"rick@formsandflows.nl"},"allowCustomization":false,"createdOn":"2025-03-12T05:13:35.062Z","lastModifiedOn":"2025-03-30T15:28:03.764Z","connectionReferences":{},"databaseReferences":{}},{"appComponentName":"0479a3f19ea74096970564520157de8b","displayName":"PACo_DetailsList_C","description":"Version 4.0.0","appName":"7cdcd55f-9b4e-47b2-b79e-77d6f96a0fc0","appVersion":"2025-03-30T15:33:50Z","appComponentLibraryLogicalName":"faf_paco_877d7","appDisplayName":"PACo","environmentName":"58b9c692-d0ef-ecab-b424-4d67be894d55","owner":{"id":"0c20c12b-9284-497c-8b4b-7b2d6bf4a64c","displayName":"Rick Bakker","email":"rick@formsandflows.nl","type":"User","tenantId":"80abc0a6-d93f-4379-a387-8ffbf039fa91","userPrincipalName":"rick@formsandflows.nl"},"allowCustomization":false,"createdOn":"2025-03-12T05:13:35.062Z","lastModifiedOn":"2025-03-30T15:28:03.764Z","connectionReferences":{},"databaseReferences":{}},{"appComponentName":"9ef2a827e0b64a95a78c95f04f7d1e05","displayName":"PACo_DetailsList_Shimmer_A","description":"Version 4.0.0","appName":"7cdcd55f-9b4e-47b2-b79e-77d6f96a0fc0","appVersion":"2025-03-30T15:33:50Z","appComponentLibraryLogicalName":"faf_paco_877d7","appDisplayName":"PACo","environmentName":"58b9c692-d0ef-ecab-b424-4d67be894d55","owner":{"id":"0c20c12b-9284-497c-8b4b-7b2d6bf4a64c","displayName":"Rick Bakker","email":"rick@formsandflows.nl","type":"User","tenantId":"80abc0a6-d93f-4379-a387-8ffbf039fa91","userPrincipalName":"rick@formsandflows.nl"},"allowCustomization":false,"createdOn":"2025-03-12T05:13:35.062Z","lastModifiedOn":"2025-03-30T15:28:03.764Z","connectionReferences":{},"databaseReferences":{}},{"appComponentName":"095440b1e5904c28ad67cd3d8a68f456","displayName":"PACo_Dialog_A","description":"Version 4.0.0","appName":"7cdcd55f-9b4e-47b2-b79e-77d6f96a0fc0","appVersion":"2025-03-30T15:33:50Z","appComponentLibraryLogicalName":"faf_paco_877d7","appDisplayName":"PACo","environmentName":"58b9c692-d0ef-ecab-b424-4d67be894d55","owner":{"id":"0c20c12b-9284-497c-8b4b-7b2d6bf4a64c","displayName":"Rick Bakker","email":"rick@formsandflows.nl","type":"User","tenantId":"80abc0a6-d93f-4379-a387-8ffbf039fa91","userPrincipalName":"rick@formsandflows.nl"},"allowCustomization":false,"createdOn":"2025-03-12T05:13:35.062Z","lastModifiedOn":"2025-03-30T15:28:03.764Z","connectionReferences":{},"databaseReferences":{}},{"appComponentName":"d811ab8935174f77b6299ae0cb117c81","displayName":"PACo_Dialog_B","description":"Version 4.0.0","appName":"7cdcd55f-9b4e-47b2-b79e-77d6f96a0fc0","appVersion":"2025-03-30T15:33:50Z","appComponentLibraryLogicalName":"faf_paco_877d7","appDisplayName":"PACo","environmentName":"58b9c692-d0ef-ecab-b424-4d67be894d55","owner":{"id":"0c20c12b-9284-497c-8b4b-7b2d6bf4a64c","displayName":"Rick Bakker","email":"rick@formsandflows.nl","type":"User","tenantId":"80abc0a6-d93f-4379-a387-8ffbf039fa91","userPrincipalName":"rick@formsandflows.nl"},"allowCustomization":false,"createdOn":"2025-03-12T05:13:35.062Z","lastModifiedOn":"2025-03-30T15:28:03.764Z","connectionReferences":{},"databaseReferences":{}},{"appComponentName":"3a932213d78146d1a5cbbe990c34ac9e","displayName":"PACo_HeaderLanguagesMenu_A","description":"Version 4.0.0","appName":"7cdcd55f-9b4e-47b2-b79e-77d6f96a0fc0","appVersion":"2025-03-30T15:33:50Z","appComponentLibraryLogicalName":"faf_paco_877d7","appDisplayName":"PACo","environmentName":"58b9c692-d0ef-ecab-b424-4d67be894d55","owner":{"id":"0c20c12b-9284-497c-8b4b-7b2d6bf4a64c","displayName":"Rick Bakker","email":"rick@formsandflows.nl","type":"User","tenantId":"80abc0a6-d93f-4379-a387-8ffbf039fa91","userPrincipalName":"rick@formsandflows.nl"},"allowCustomization":false,"createdOn":"2025-03-12T05:13:35.062Z","lastModifiedOn":"2025-03-30T15:28:03.764Z","connectionReferences":{},"databaseReferences":{}},{"appComponentName":"5d92f40d00224012b07f4ba2f2934da4","displayName":"PACo_HeaderSettingsMenu_A","description":"Version 4.0.0","appName":"7cdcd55f-9b4e-47b2-b79e-77d6f96a0fc0","appVersion":"2025-03-30T15:33:50Z","appComponentLibraryLogicalName":"faf_paco_877d7","appDisplayName":"PACo","environmentName":"58b9c692-d0ef-ecab-b424-4d67be894d55","owner":{"id":"0c20c12b-9284-497c-8b4b-7b2d6bf4a64c","displayName":"Rick Bakker","email":"rick@formsandflows.nl","type":"User","tenantId":"80abc0a6-d93f-4379-a387-8ffbf039fa91","userPrincipalName":"rick@formsandflows.nl"},"allowCustomization":false,"createdOn":"2025-03-12T05:13:35.062Z","lastModifiedOn":"2025-03-30T15:28:03.764Z","connectionReferences":{},"databaseReferences":{}},{"appComponentName":"d06303d86725479aa0ec7401208cd0a3","displayName":"PACo_Header_A","description":"Version 4.0.0","appName":"7cdcd55f-9b4e-47b2-b79e-77d6f96a0fc0","appVersion":"2025-03-30T15:33:50Z","appComponentLibraryLogicalName":"faf_paco_877d7","appDisplayName":"PACo","environmentName":"58b9c692-d0ef-ecab-b424-4d67be894d55","owner":{"id":"0c20c12b-9284-497c-8b4b-7b2d6bf4a64c","displayName":"Rick Bakker","email":"rick@formsandflows.nl","type":"User","tenantId":"80abc0a6-d93f-4379-a387-8ffbf039fa91","userPrincipalName":"rick@formsandflows.nl"},"allowCustomization":false,"createdOn":"2025-03-12T05:13:35.062Z","lastModifiedOn":"2025-03-30T15:28:03.764Z","connectionReferences":{},"databaseReferences":{}},{"appComponentName":"34b05f8cc4c7498f948dc0b2a78562ea","displayName":"PACo_Icon_A","description":"Version 4.0.0","appName":"7cdcd55f-9b4e-47b2-b79e-77d6f96a0fc0","appVersion":"2025-03-30T15:33:50Z","appComponentLibraryLogicalName":"faf_paco_877d7","appDisplayName":"PACo","environmentName":"58b9c692-d0ef-ecab-b424-4d67be894d55","owner":{"id":"0c20c12b-9284-497c-8b4b-7b2d6bf4a64c","displayName":"Rick Bakker","email":"rick@formsandflows.nl","type":"User","tenantId":"80abc0a6-d93f-4379-a387-8ffbf039fa91","userPrincipalName":"rick@formsandflows.nl"},"allowCustomization":false,"createdOn":"2025-03-12T05:13:35.062Z","lastModifiedOn":"2025-03-30T15:28:03.764Z","connectionReferences":{},"databaseReferences":{}},{"appComponentName":"b276b640873240309624bb5113f80100","displayName":"PACo_Info_A","description":"Version 4.0.0","appName":"7cdcd55f-9b4e-47b2-b79e-77d6f96a0fc0","appVersion":"2025-03-30T15:33:50Z","appComponentLibraryLogicalName":"faf_paco_877d7","appDisplayName":"PACo","environmentName":"58b9c692-d0ef-ecab-b424-4d67be894d55","owner":{"id":"0c20c12b-9284-497c-8b4b-7b2d6bf4a64c","displayName":"Rick Bakker","email":"rick@formsandflows.nl","type":"User","tenantId":"80abc0a6-d93f-4379-a387-8ffbf039fa91","userPrincipalName":"rick@formsandflows.nl"},"allowCustomization":false,"createdOn":"2025-03-12T05:13:35.062Z","lastModifiedOn":"2025-03-30T15:28:03.764Z","connectionReferences":{},"databaseReferences":{}},{"appComponentName":"ead3c390c203493bbb74fbed45c32aa3","displayName":"PACo_Info_B","description":"Version 4.0.0","appName":"7cdcd55f-9b4e-47b2-b79e-77d6f96a0fc0","appVersion":"2025-03-30T15:33:50Z","appComponentLibraryLogicalName":"faf_paco_877d7","appDisplayName":"PACo","environmentName":"58b9c692-d0ef-ecab-b424-4d67be894d55","owner":{"id":"0c20c12b-9284-497c-8b4b-7b2d6bf4a64c","displayName":"Rick Bakker","email":"rick@formsandflows.nl","type":"User","tenantId":"80abc0a6-d93f-4379-a387-8ffbf039fa91","userPrincipalName":"rick@formsandflows.nl"},"allowCustomization":false,"createdOn":"2025-03-12T05:13:35.062Z","lastModifiedOn":"2025-03-30T15:28:03.764Z","connectionReferences":{},"databaseReferences":{}},{"appComponentName":"be91c0b6104d454eb5e750c8cfca90a9","displayName":"PACo_InformationBlock_A","description":"Version 4.0.0","appName":"7cdcd55f-9b4e-47b2-b79e-77d6f96a0fc0","appVersion":"2025-03-30T15:33:50Z","appComponentLibraryLogicalName":"faf_paco_877d7","appDisplayName":"PACo","environmentName":"58b9c692-d0ef-ecab-b424-4d67be894d55","owner":{"id":"0c20c12b-9284-497c-8b4b-7b2d6bf4a64c","displayName":"Rick Bakker","email":"rick@formsandflows.nl","type":"User","tenantId":"80abc0a6-d93f-4379-a387-8ffbf039fa91","userPrincipalName":"rick@formsandflows.nl"},"allowCustomization":false,"createdOn":"2025-03-12T05:13:35.062Z","lastModifiedOn":"2025-03-30T15:28:03.764Z","connectionReferences":{},"databaseReferences":{}},{"appComponentName":"f95cd6d4014f420fb9917fb20880c054","displayName":"PACo_Log_A","description":"Version 4.0.0","appName":"7cdcd55f-9b4e-47b2-b79e-77d6f96a0fc0","appVersion":"2025-03-30T15:33:50Z","appComponentLibraryLogicalName":"faf_paco_877d7","appDisplayName":"PACo","environmentName":"58b9c692-d0ef-ecab-b424-4d67be894d55","owner":{"id":"0c20c12b-9284-497c-8b4b-7b2d6bf4a64c","displayName":"Rick Bakker","email":"rick@formsandflows.nl","type":"User","tenantId":"80abc0a6-d93f-4379-a387-8ffbf039fa91","userPrincipalName":"rick@formsandflows.nl"},"allowCustomization":false,"createdOn":"2025-03-12T05:13:35.062Z","lastModifiedOn":"2025-03-30T15:28:03.764Z","connectionReferences":{},"databaseReferences":{}},{"appComponentName":"346be8cdc5404f8db785796aa59e7fef","displayName":"PACo_Nav_B","description":"Version 4.0.0","appName":"7cdcd55f-9b4e-47b2-b79e-77d6f96a0fc0","appVersion":"2025-03-30T15:33:50Z","appComponentLibraryLogicalName":"faf_paco_877d7","appDisplayName":"PACo","environmentName":"58b9c692-d0ef-ecab-b424-4d67be894d55","owner":{"id":"0c20c12b-9284-497c-8b4b-7b2d6bf4a64c","displayName":"Rick Bakker","email":"rick@formsandflows.nl","type":"User","tenantId":"80abc0a6-d93f-4379-a387-8ffbf039fa91","userPrincipalName":"rick@formsandflows.nl"},"allowCustomization":false,"createdOn":"2025-03-12T05:13:35.062Z","lastModifiedOn":"2025-03-30T15:28:03.764Z","connectionReferences":{},"databaseReferences":{}},{"appComponentName":"8fd3b202b1dc472cbc579bbabd550af6","displayName":"PACo_Nav_C","description":"Version 4.0.0","appName":"7cdcd55f-9b4e-47b2-b79e-77d6f96a0fc0","appVersion":"2025-03-30T15:33:50Z","appComponentLibraryLogicalName":"faf_paco_877d7","appDisplayName":"PACo","environmentName":"58b9c692-d0ef-ecab-b424-4d67be894d55","owner":{"id":"0c20c12b-9284-497c-8b4b-7b2d6bf4a64c","displayName":"Rick Bakker","email":"rick@formsandflows.nl","type":"User","tenantId":"80abc0a6-d93f-4379-a387-8ffbf039fa91","userPrincipalName":"rick@formsandflows.nl"},"allowCustomization":false,"createdOn":"2025-03-12T05:13:35.062Z","lastModifiedOn":"2025-03-30T15:28:03.764Z","connectionReferences":{},"databaseReferences":{}},{"appComponentName":"6395f1ced8964b30b95333007c006642","displayName":"PACo_Panel_A","description":"Version 4.0.0","appName":"7cdcd55f-9b4e-47b2-b79e-77d6f96a0fc0","appVersion":"2025-03-30T15:33:50Z","appComponentLibraryLogicalName":"faf_paco_877d7","appDisplayName":"PACo","environmentName":"58b9c692-d0ef-ecab-b424-4d67be894d55","owner":{"id":"0c20c12b-9284-497c-8b4b-7b2d6bf4a64c","displayName":"Rick Bakker","email":"rick@formsandflows.nl","type":"User","tenantId":"80abc0a6-d93f-4379-a387-8ffbf039fa91","userPrincipalName":"rick@formsandflows.nl"},"allowCustomization":false,"createdOn":"2025-03-12T05:13:35.062Z","lastModifiedOn":"2025-03-30T15:28:03.764Z","connectionReferences":{},"databaseReferences":{}},{"appComponentName":"84ac7c4eb6a2491a87681343635ddf4b","displayName":"PACo_PeoplePicker_A","description":"Version 4.0.0","appName":"7cdcd55f-9b4e-47b2-b79e-77d6f96a0fc0","appVersion":"2025-03-30T15:33:50Z","appComponentLibraryLogicalName":"faf_paco_877d7","appDisplayName":"PACo","environmentName":"58b9c692-d0ef-ecab-b424-4d67be894d55","owner":{"id":"0c20c12b-9284-497c-8b4b-7b2d6bf4a64c","displayName":"Rick Bakker","email":"rick@formsandflows.nl","type":"User","tenantId":"80abc0a6-d93f-4379-a387-8ffbf039fa91","userPrincipalName":"rick@formsandflows.nl"},"allowCustomization":false,"createdOn":"2025-03-12T05:13:35.062Z","lastModifiedOn":"2025-03-30T15:28:03.764Z","connectionReferences":{},"databaseReferences":{}},{"appComponentName":"65e4df45941945388649b375ec8d679b","displayName":"PACo_ProgressIndicator_E","description":"Version 4.0.0","appName":"7cdcd55f-9b4e-47b2-b79e-77d6f96a0fc0","appVersion":"2025-03-30T15:33:50Z","appComponentLibraryLogicalName":"faf_paco_877d7","appDisplayName":"PACo","environmentName":"58b9c692-d0ef-ecab-b424-4d67be894d55","owner":{"id":"0c20c12b-9284-497c-8b4b-7b2d6bf4a64c","displayName":"Rick Bakker","email":"rick@formsandflows.nl","type":"User","tenantId":"80abc0a6-d93f-4379-a387-8ffbf039fa91","userPrincipalName":"rick@formsandflows.nl"},"allowCustomization":false,"createdOn":"2025-03-12T05:13:35.062Z","lastModifiedOn":"2025-03-30T15:28:03.764Z","connectionReferences":{},"databaseReferences":{}},{"appComponentName":"32472a348c1241bfbab2d7e75dc060b7","displayName":"PACo_ProgressIndicator_F","description":"Version 4.0.0","appName":"7cdcd55f-9b4e-47b2-b79e-77d6f96a0fc0","appVersion":"2025-03-30T15:33:50Z","appComponentLibraryLogicalName":"faf_paco_877d7","appDisplayName":"PACo","environmentName":"58b9c692-d0ef-ecab-b424-4d67be894d55","owner":{"id":"0c20c12b-9284-497c-8b4b-7b2d6bf4a64c","displayName":"Rick Bakker","email":"rick@formsandflows.nl","type":"User","tenantId":"80abc0a6-d93f-4379-a387-8ffbf039fa91","userPrincipalName":"rick@formsandflows.nl"},"allowCustomization":false,"createdOn":"2025-03-12T05:13:35.062Z","lastModifiedOn":"2025-03-30T15:28:03.764Z","connectionReferences":{},"databaseReferences":{}},{"appComponentName":"23f9de8a18f14483a4e49b54602c0587","displayName":"PACo_ProgressIndicator_Shimmer_A","description":"Version 4.0.0","appName":"7cdcd55f-9b4e-47b2-b79e-77d6f96a0fc0","appVersion":"2025-03-30T15:33:50Z","appComponentLibraryLogicalName":"faf_paco_877d7","appDisplayName":"PACo","environmentName":"58b9c692-d0ef-ecab-b424-4d67be894d55","owner":{"id":"0c20c12b-9284-497c-8b4b-7b2d6bf4a64c","displayName":"Rick Bakker","email":"rick@formsandflows.nl","type":"User","tenantId":"80abc0a6-d93f-4379-a387-8ffbf039fa91","userPrincipalName":"rick@formsandflows.nl"},"allowCustomization":false,"createdOn":"2025-03-12T05:13:35.062Z","lastModifiedOn":"2025-03-30T15:28:03.764Z","connectionReferences":{},"databaseReferences":{}},{"appComponentName":"3c863698964c40f0ad0fa633a605fb80","displayName":"PACo_ProgressIndicator_Shimmer_B","description":"Version 4.0.0","appName":"7cdcd55f-9b4e-47b2-b79e-77d6f96a0fc0","appVersion":"2025-03-30T15:33:50Z","appComponentLibraryLogicalName":"faf_paco_877d7","appDisplayName":"PACo","environmentName":"58b9c692-d0ef-ecab-b424-4d67be894d55","owner":{"id":"0c20c12b-9284-497c-8b4b-7b2d6bf4a64c","displayName":"Rick Bakker","email":"rick@formsandflows.nl","type":"User","tenantId":"80abc0a6-d93f-4379-a387-8ffbf039fa91","userPrincipalName":"rick@formsandflows.nl"},"allowCustomization":false,"createdOn":"2025-03-12T05:13:35.062Z","lastModifiedOn":"2025-03-30T15:28:03.764Z","connectionReferences":{},"databaseReferences":{}},{"appComponentName":"33486db5277f46d69d2e59331a26c291","displayName":"PACo_SearchBox_A","description":"Version 4.0.0","appName":"7cdcd55f-9b4e-47b2-b79e-77d6f96a0fc0","appVersion":"2025-03-30T15:33:50Z","appComponentLibraryLogicalName":"faf_paco_877d7","appDisplayName":"PACo","environmentName":"58b9c692-d0ef-ecab-b424-4d67be894d55","owner":{"id":"0c20c12b-9284-497c-8b4b-7b2d6bf4a64c","displayName":"Rick Bakker","email":"rick@formsandflows.nl","type":"User","tenantId":"80abc0a6-d93f-4379-a387-8ffbf039fa91","userPrincipalName":"rick@formsandflows.nl"},"allowCustomization":false,"createdOn":"2025-03-12T05:13:35.062Z","lastModifiedOn":"2025-03-30T15:28:03.764Z","connectionReferences":{},"databaseReferences":{}},{"appComponentName":"5703b36338b749f887ead6cfafbcdb8d","displayName":"PACo_SelectList_A","description":"Version 4.0.0","appName":"7cdcd55f-9b4e-47b2-b79e-77d6f96a0fc0","appVersion":"2025-03-30T15:33:50Z","appComponentLibraryLogicalName":"faf_paco_877d7","appDisplayName":"PACo","environmentName":"58b9c692-d0ef-ecab-b424-4d67be894d55","owner":{"id":"0c20c12b-9284-497c-8b4b-7b2d6bf4a64c","displayName":"Rick Bakker","email":"rick@formsandflows.nl","type":"User","tenantId":"80abc0a6-d93f-4379-a387-8ffbf039fa91","userPrincipalName":"rick@formsandflows.nl"},"allowCustomization":false,"createdOn":"2025-03-12T05:13:35.062Z","lastModifiedOn":"2025-03-30T15:28:03.764Z","connectionReferences":{},"databaseReferences":{}},{"appComponentName":"5783ab3906654229b07de8cc9b42de79","displayName":"PACo_Spinner_A","description":"Version 4.0.0","appName":"7cdcd55f-9b4e-47b2-b79e-77d6f96a0fc0","appVersion":"2025-03-30T15:33:50Z","appComponentLibraryLogicalName":"faf_paco_877d7","appDisplayName":"PACo","environmentName":"58b9c692-d0ef-ecab-b424-4d67be894d55","owner":{"id":"0c20c12b-9284-497c-8b4b-7b2d6bf4a64c","displayName":"Rick Bakker","email":"rick@formsandflows.nl","type":"User","tenantId":"80abc0a6-d93f-4379-a387-8ffbf039fa91","userPrincipalName":"rick@formsandflows.nl"},"allowCustomization":false,"createdOn":"2025-03-12T05:13:35.062Z","lastModifiedOn":"2025-03-30T15:28:03.764Z","connectionReferences":{},"databaseReferences":{}},{"appComponentName":"3614311e56fd468594355b24e6c347ca","displayName":"PACo_Tabs_A","description":"Version 4.0.0","appName":"7cdcd55f-9b4e-47b2-b79e-77d6f96a0fc0","appVersion":"2025-03-30T15:33:50Z","appComponentLibraryLogicalName":"faf_paco_877d7","appDisplayName":"PACo","environmentName":"58b9c692-d0ef-ecab-b424-4d67be894d55","owner":{"id":"0c20c12b-9284-497c-8b4b-7b2d6bf4a64c","displayName":"Rick Bakker","email":"rick@formsandflows.nl","type":"User","tenantId":"80abc0a6-d93f-4379-a387-8ffbf039fa91","userPrincipalName":"rick@formsandflows.nl"},"allowCustomization":false,"createdOn":"2025-03-12T05:13:35.062Z","lastModifiedOn":"2025-03-30T15:28:03.764Z","connectionReferences":{},"databaseReferences":{}},{"appComponentName":"ff5a88694e2d4760aa0180b477ef1506","displayName":"PACo_TabsMenu_A","description":"Version 4.0.0","appName":"7cdcd55f-9b4e-47b2-b79e-77d6f96a0fc0","appVersion":"2025-03-30T15:33:50Z","appComponentLibraryLogicalName":"faf_paco_877d7","appDisplayName":"PACo","environmentName":"58b9c692-d0ef-ecab-b424-4d67be894d55","owner":{"id":"0c20c12b-9284-497c-8b4b-7b2d6bf4a64c","displayName":"Rick Bakker","email":"rick@formsandflows.nl","type":"User","tenantId":"80abc0a6-d93f-4379-a387-8ffbf039fa91","userPrincipalName":"rick@formsandflows.nl"},"allowCustomization":false,"createdOn":"2025-03-12T05:13:35.062Z","lastModifiedOn":"2025-03-30T15:28:03.764Z","connectionReferences":{},"databaseReferences":{}},{"appComponentName":"fa524ed235254040934aad9fadc0bfe1","displayName":"PACo_Tile_A","description":"Version 4.0.0","appName":"7cdcd55f-9b4e-47b2-b79e-77d6f96a0fc0","appVersion":"2025-03-30T15:33:50Z","appComponentLibraryLogicalName":"faf_paco_877d7","appDisplayName":"PACo","environmentName":"58b9c692-d0ef-ecab-b424-4d67be894d55","owner":{"id":"0c20c12b-9284-497c-8b4b-7b2d6bf4a64c","displayName":"Rick Bakker","email":"rick@formsandflows.nl","type":"User","tenantId":"80abc0a6-d93f-4379-a387-8ffbf039fa91","userPrincipalName":"rick@formsandflows.nl"},"allowCustomization":false,"createdOn":"2025-03-12T05:13:35.062Z","lastModifiedOn":"2025-03-30T15:28:03.764Z","connectionReferences":{},"databaseReferences":{}},{"appComponentName":"3e4db8bad69e44278da14c1432176415","displayName":"PACo_Tile_B","description":"Version 4.0.0","appName":"7cdcd55f-9b4e-47b2-b79e-77d6f96a0fc0","appVersion":"2025-03-30T15:33:50Z","appComponentLibraryLogicalName":"faf_paco_877d7","appDisplayName":"PACo","environmentName":"58b9c692-d0ef-ecab-b424-4d67be894d55","owner":{"id":"0c20c12b-9284-497c-8b4b-7b2d6bf4a64c","displayName":"Rick Bakker","email":"rick@formsandflows.nl","type":"User","tenantId":"80abc0a6-d93f-4379-a387-8ffbf039fa91","userPrincipalName":"rick@formsandflows.nl"},"allowCustomization":false,"createdOn":"2025-03-12T05:13:35.062Z","lastModifiedOn":"2025-03-30T15:28:03.764Z","connectionReferences":{},"databaseReferences":{}},{"appComponentName":"957aeeea5fa34085b22cb096d6ffca7b","displayName":"PACo_Visualization_A","description":"Version 4.0.0","appName":"7cdcd55f-9b4e-47b2-b79e-77d6f96a0fc0","appVersion":"2025-03-30T15:33:50Z","appComponentLibraryLogicalName":"faf_paco_877d7","appDisplayName":"PACo","environmentName":"58b9c692-d0ef-ecab-b424-4d67be894d55","owner":{"id":"0c20c12b-9284-497c-8b4b-7b2d6bf4a64c","displayName":"Rick Bakker","email":"rick@formsandflows.nl","type":"User","tenantId":"80abc0a6-d93f-4379-a387-8ffbf039fa91","userPrincipalName":"rick@formsandflows.nl"},"allowCustomization":false,"createdOn":"2025-03-12T05:13:35.062Z","lastModifiedOn":"2025-03-30T15:28:03.764Z","connectionReferences":{},"databaseReferences":{}},{"appComponentName":"27e7930a7f6f49778810495c5fa59211","displayName":"PACo_Visualization_B","description":"Version 4.0.0","appName":"7cdcd55f-9b4e-47b2-b79e-77d6f96a0fc0","appVersion":"2025-03-30T15:33:50Z","appComponentLibraryLogicalName":"faf_paco_877d7","appDisplayName":"PACo","environmentName":"58b9c692-d0ef-ecab-b424-4d67be894d55","owner":{"id":"0c20c12b-9284-497c-8b4b-7b2d6bf4a64c","displayName":"Rick Bakker","email":"rick@formsandflows.nl","type":"User","tenantId":"80abc0a6-d93f-4379-a387-8ffbf039fa91","userPrincipalName":"rick@formsandflows.nl"},"allowCustomization":false,"createdOn":"2025-03-12T05:13:35.062Z","lastModifiedOn":"2025-03-30T15:28:03.764Z","connectionReferences":{},"databaseReferences":{}}]</AppComponents>
      <AppComponentDependencies>[]</AppComponentDependencies>
      <CanConsumeAppPass>1</CanConsumeAppPass>
      <CanvasAppType>1</CanvasAppType>
      <BypassConsent>0</BypassConsent>
      <AdminControlBypassConsent>0</AdminControlBypassConsent>
      <EmbeddedApp xsi:nil="true"></EmbeddedApp>
      <IntroducedVersion>1.0</IntroducedVersion>
      <CdsDependencies>{"cdsdependencies":[]}</CdsDependencies>
      <IsCustomizable>1</IsCustomizable>
      <BackgroundImageUri>/CanvasApps/faf_paco_877d7_BackgroundImageUri</BackgroundImageUri>
      <DocumentUri>/CanvasApps/faf_paco_877d7_DocumentUri.msapp</DocumentUri>
      <AdditionalUris>
        <AdditionalUri>/CanvasApps/faf_paco_877d7_AdditionalUris0_identity.json</AdditionalUri>
      </AdditionalUris>
    </CanvasApp>
    <CanvasApp>
      <Name>faf_pacocopyfrom_c277d</Name>
      <AppVersion>2025-03-30T15:58:52Z</AppVersion>
      <Status>Ready</Status>
      <CreatedByClientVersion>3.25033.14.0</CreatedByClientVersion>
      <MinClientVersion>3.25033.14.0</MinClientVersion>
      <Tags>{"primaryDeviceWidth":"1366","primaryDeviceHeight":"768","supportsPortrait":"true","supportsLandscape":"true","primaryFormFactor":"Tablet","showStatusBar":"false","publisherVersion":"3.25033.14","minimumRequiredApiVersion":"2.2.0","hasComponent":"true","hasUnlockedComponent":"false","isUnifiedRootApp":"false","sienaVersion":"20250329T212615Z-3.25033.14.0"}</Tags>
      <IsCdsUpgraded>0</IsCdsUpgraded>
      <GalleryItemId xsi:nil="true"></GalleryItemId>
      <BackgroundColor>rgba(255, 255, 255, 1)</BackgroundColor>
      <DisplayName>PACo - Copy from</DisplayName>
      <Description>https://www.formsandflows.nl/paco</Description>
      <CommitMessage>Version 4.0.0</CommitMessage>
      <Publisher xsi:nil="true"></Publisher>
      <AuthorizationReferences>[]</AuthorizationReferences>
      <ConnectionReferences>{}</ConnectionReferences>
      <DatabaseReferences>{}</DatabaseReferences>
      <AppComponents>[]</AppComponents>
      <AppComponentDependencies>[{"appComponentName":"0479a3f19ea74096970564520157de8b","appName":"b31b6d9f-f6be-408a-9175-fe0c88c786a5","appComponentLibraryName":"7cdcd55f-9b4e-47b2-b79e-77d6f96a0fc0","appComponentLibraryVersion":"2025-03-30T15:33:50Z","appComponentLibraryLogicalName":"faf_paco_877d7","tenantId":"80abc0a6-d93f-4379-a387-8ffbf039fa91","environmentName":"58b9c692-d0ef-ecab-b424-4d67be894d55"},{"appComponentName":"095440b1e5904c28ad67cd3d8a68f456","appName":"b31b6d9f-f6be-408a-9175-fe0c88c786a5","appComponentLibraryName":"7cdcd55f-9b4e-47b2-b79e-77d6f96a0fc0","appComponentLibraryVersion":"2025-03-30T15:33:50Z","appComponentLibraryLogicalName":"faf_paco_877d7","tenantId":"80abc0a6-d93f-4379-a387-8ffbf039fa91","environmentName":"58b9c692-d0ef-ecab-b424-4d67be894d55"},{"appComponentName":"23f9de8a18f14483a4e49b54602c0587","appName":"b31b6d9f-f6be-408a-9175-fe0c88c786a5","appComponentLibraryName":"7cdcd55f-9b4e-47b2-b79e-77d6f96a0fc0","appComponentLibraryVersion":"2025-03-30T15:33:50Z","appComponentLibraryLogicalName":"faf_paco_877d7","tenantId":"80abc0a6-d93f-4379-a387-8ffbf039fa91","environmentName":"58b9c692-d0ef-ecab-b424-4d67be894d55"},{"appComponentName":"27e7930a7f6f49778810495c5fa59211","appName":"b31b6d9f-f6be-408a-9175-fe0c88c786a5","appComponentLibraryName":"7cdcd55f-9b4e-47b2-b79e-77d6f96a0fc0","appComponentLibraryVersion":"2025-03-30T15:33:50Z","appComponentLibraryLogicalName":"faf_paco_877d7","tenantId":"80abc0a6-d93f-4379-a387-8ffbf039fa91","environmentName":"58b9c692-d0ef-ecab-b424-4d67be894d55"},{"appComponentName":"32472a348c1241bfbab2d7e75dc060b7","appName":"b31b6d9f-f6be-408a-9175-fe0c88c786a5","appComponentLibraryName":"7cdcd55f-9b4e-47b2-b79e-77d6f96a0fc0","appComponentLibraryVersion":"2025-03-30T15:33:50Z","appComponentLibraryLogicalName":"faf_paco_877d7","tenantId":"80abc0a6-d93f-4379-a387-8ffbf039fa91","environmentName":"58b9c692-d0ef-ecab-b424-4d67be894d55"},{"appComponentName":"33486db5277f46d69d2e59331a26c291","appName":"b31b6d9f-f6be-408a-9175-fe0c88c786a5","appComponentLibraryName":"7cdcd55f-9b4e-47b2-b79e-77d6f96a0fc0","appComponentLibraryVersion":"2025-03-30T15:33:50Z","appComponentLibraryLogicalName":"faf_paco_877d7","tenantId":"80abc0a6-d93f-4379-a387-8ffbf039fa91","environmentName":"58b9c692-d0ef-ecab-b424-4d67be894d55"},{"appComponentName":"346be8cdc5404f8db785796aa59e7fef","appName":"b31b6d9f-f6be-408a-9175-fe0c88c786a5","appComponentLibraryName":"7cdcd55f-9b4e-47b2-b79e-77d6f96a0fc0","appComponentLibraryVersion":"2025-03-30T15:33:50Z","appComponentLibraryLogicalName":"faf_paco_877d7","tenantId":"80abc0a6-d93f-4379-a387-8ffbf039fa91","environmentName":"58b9c692-d0ef-ecab-b424-4d67be894d55"},{"appComponentName":"34b05f8cc4c7498f948dc0b2a78562ea","appName":"b31b6d9f-f6be-408a-9175-fe0c88c786a5","appComponentLibraryName":"7cdcd55f-9b4e-47b2-b79e-77d6f96a0fc0","appComponentLibraryVersion":"2025-03-30T15:33:50Z","appComponentLibraryLogicalName":"faf_paco_877d7","tenantId":"80abc0a6-d93f-4379-a387-8ffbf039fa91","environmentName":"58b9c692-d0ef-ecab-b424-4d67be894d55"},{"appComponentName":"35e5588f03f04b6784901cfd9ad6090f","appName":"b31b6d9f-f6be-408a-9175-fe0c88c786a5","appComponentLibraryName":"7cdcd55f-9b4e-47b2-b79e-77d6f96a0fc0","appComponentLibraryVersion":"2025-03-30T15:33:50Z","appComponentLibraryLogicalName":"faf_paco_877d7","tenantId":"80abc0a6-d93f-4379-a387-8ffbf039fa91","environmentName":"58b9c692-d0ef-ecab-b424-4d67be894d55"},{"appComponentName":"3614311e56fd468594355b24e6c347ca","appName":"b31b6d9f-f6be-408a-9175-fe0c88c786a5","appComponentLibraryName":"7cdcd55f-9b4e-47b2-b79e-77d6f96a0fc0","appComponentLibraryVersion":"2025-03-30T15:33:50Z","appComponentLibraryLogicalName":"faf_paco_877d7","tenantId":"80abc0a6-d93f-4379-a387-8ffbf039fa91","environmentName":"58b9c692-d0ef-ecab-b424-4d67be894d55"},{"appComponentName":"3a932213d78146d1a5cbbe990c34ac9e","appName":"b31b6d9f-f6be-408a-9175-fe0c88c786a5","appComponentLibraryName":"7cdcd55f-9b4e-47b2-b79e-77d6f96a0fc0","appComponentLibraryVersion":"2025-03-30T15:33:50Z","appComponentLibraryLogicalName":"faf_paco_877d7","tenantId":"80abc0a6-d93f-4379-a387-8ffbf039fa91","environmentName":"58b9c692-d0ef-ecab-b424-4d67be894d55"},{"appComponentName":"3c863698964c40f0ad0fa633a605fb80","appName":"b31b6d9f-f6be-408a-9175-fe0c88c786a5","appComponentLibraryName":"7cdcd55f-9b4e-47b2-b79e-77d6f96a0fc0","appComponentLibraryVersion":"2025-03-30T15:33:50Z","appComponentLibraryLogicalName":"faf_paco_877d7","tenantId":"80abc0a6-d93f-4379-a387-8ffbf039fa91","environmentName":"58b9c692-d0ef-ecab-b424-4d67be894d55"},{"appComponentName":"3e4db8bad69e44278da14c1432176415","appName":"b31b6d9f-f6be-408a-9175-fe0c88c786a5","appComponentLibraryName":"7cdcd55f-9b4e-47b2-b79e-77d6f96a0fc0","appComponentLibraryVersion":"2025-03-30T15:33:50Z","appComponentLibraryLogicalName":"faf_paco_877d7","tenantId":"80abc0a6-d93f-4379-a387-8ffbf039fa91","environmentName":"58b9c692-d0ef-ecab-b424-4d67be894d55"},{"appComponentName":"5703b36338b749f887ead6cfafbcdb8d","appName":"b31b6d9f-f6be-408a-9175-fe0c88c786a5","appComponentLibraryName":"7cdcd55f-9b4e-47b2-b79e-77d6f96a0fc0","appComponentLibraryVersion":"2025-03-30T15:33:50Z","appComponentLibraryLogicalName":"faf_paco_877d7","tenantId":"80abc0a6-d93f-4379-a387-8ffbf039fa91","environmentName":"58b9c692-d0ef-ecab-b424-4d67be894d55"},{"appComponentName":"5783ab3906654229b07de8cc9b42de79","appName":"b31b6d9f-f6be-408a-9175-fe0c88c786a5","appComponentLibraryName":"7cdcd55f-9b4e-47b2-b79e-77d6f96a0fc0","appComponentLibraryVersion":"2025-03-30T15:33:50Z","appComponentLibraryLogicalName":"faf_paco_877d7","tenantId":"80abc0a6-d93f-4379-a387-8ffbf039fa91","environmentName":"58b9c692-d0ef-ecab-b424-4d67be894d55"},{"appComponentName":"5a9d34f835ca452b8f433f064681d77a","appName":"b31b6d9f-f6be-408a-9175-fe0c88c786a5","appComponentLibraryName":"7cdcd55f-9b4e-47b2-b79e-77d6f96a0fc0","appComponentLibraryVersion":"2025-03-30T15:33:50Z","appComponentLibraryLogicalName":"faf_paco_877d7","tenantId":"80abc0a6-d93f-4379-a387-8ffbf039fa91","environmentName":"58b9c692-d0ef-ecab-b424-4d67be894d55"},{"appComponentName":"5d92f40d00224012b07f4ba2f2934da4","appName":"b31b6d9f-f6be-408a-9175-fe0c88c786a5","appComponentLibraryName":"7cdcd55f-9b4e-47b2-b79e-77d6f96a0fc0","appComponentLibraryVersion":"2025-03-30T15:33:50Z","appComponentLibraryLogicalName":"faf_paco_877d7","tenantId":"80abc0a6-d93f-4379-a387-8ffbf039fa91","environmentName":"58b9c692-d0ef-ecab-b424-4d67be894d55"},{"appComponentName":"6395f1ced8964b30b95333007c006642","appName":"b31b6d9f-f6be-408a-9175-fe0c88c786a5","appComponentLibraryName":"7cdcd55f-9b4e-47b2-b79e-77d6f96a0fc0","appComponentLibraryVersion":"2025-03-30T15:33:50Z","appComponentLibraryLogicalName":"faf_paco_877d7","tenantId":"80abc0a6-d93f-4379-a387-8ffbf039fa91","environmentName":"58b9c692-d0ef-ecab-b424-4d67be894d55"},{"appComponentName":"65e4df45941945388649b375ec8d679b","appName":"b31b6d9f-f6be-408a-9175-fe0c88c786a5","appComponentLibraryName":"7cdcd55f-9b4e-47b2-b79e-77d6f96a0fc0","appComponentLibraryVersion":"2025-03-30T15:33:50Z","appComponentLibraryLogicalName":"faf_paco_877d7","tenantId":"80abc0a6-d93f-4379-a387-8ffbf039fa91","environmentName":"58b9c692-d0ef-ecab-b424-4d67be894d55"},{"appComponentName":"6cc17fa9fef742f99265f0a5da55a032","appName":"b31b6d9f-f6be-408a-9175-fe0c88c786a5","appComponentLibraryName":"7cdcd55f-9b4e-47b2-b79e-77d6f96a0fc0","appComponentLibraryVersion":"2025-03-30T15:33:50Z","appComponentLibraryLogicalName":"faf_paco_877d7","tenantId":"80abc0a6-d93f-4379-a387-8ffbf039fa91","environmentName":"58b9c692-d0ef-ecab-b424-4d67be894d55"},{"appComponentName":"84ac7c4eb6a2491a87681343635ddf4b","appName":"b31b6d9f-f6be-408a-9175-fe0c88c786a5","appComponentLibraryName":"7cdcd55f-9b4e-47b2-b79e-77d6f96a0fc0","appComponentLibraryVersion":"2025-03-30T15:33:50Z","appComponentLibraryLogicalName":"faf_paco_877d7","tenantId":"80abc0a6-d93f-4379-a387-8ffbf039fa91","environmentName":"58b9c692-d0ef-ecab-b424-4d67be894d55"},{"appComponentName":"89f932efbc1f4927bc92f6710cf8c631","appName":"b31b6d9f-f6be-408a-9175-fe0c88c786a5","appComponentLibraryName":"7cdcd55f-9b4e-47b2-b79e-77d6f96a0fc0","appComponentLibraryVersion":"2025-03-30T15:33:50Z","appComponentLibraryLogicalName":"faf_paco_877d7","tenantId":"80abc0a6-d93f-4379-a387-8ffbf039fa91","environmentName":"58b9c692-d0ef-ecab-b424-4d67be894d55"},{"appComponentName":"8fd3b202b1dc472cbc579bbabd550af6","appName":"b31b6d9f-f6be-408a-9175-fe0c88c786a5","appComponentLibraryName":"7cdcd55f-9b4e-47b2-b79e-77d6f96a0fc0","appComponentLibraryVersion":"2025-03-30T15:33:50Z","appComponentLibraryLogicalName":"faf_paco_877d7","tenantId":"80abc0a6-d93f-4379-a387-8ffbf039fa91","environmentName":"58b9c692-d0ef-ecab-b424-4d67be894d55"},{"appComponentName":"957aeeea5fa34085b22cb096d6ffca7b","appName":"b31b6d9f-f6be-408a-9175-fe0c88c786a5","appComponentLibraryName":"7cdcd55f-9b4e-47b2-b79e-77d6f96a0fc0","appComponentLibraryVersion":"2025-03-30T15:33:50Z","appComponentLibraryLogicalName":"faf_paco_877d7","tenantId":"80abc0a6-d93f-4379-a387-8ffbf039fa91","environmentName":"58b9c692-d0ef-ecab-b424-4d67be894d55"},{"appComponentName":"97d04a40ccef4f0fafe455264dea863c","appName":"b31b6d9f-f6be-408a-9175-fe0c88c786a5","appComponentLibraryName":"7cdcd55f-9b4e-47b2-b79e-77d6f96a0fc0","appComponentLibraryVersion":"2025-03-30T15:33:50Z","appComponentLibraryLogicalName":"faf_paco_877d7","tenantId":"80abc0a6-d93f-4379-a387-8ffbf039fa91","environmentName":"58b9c692-d0ef-ecab-b424-4d67be894d55"},{"appComponentName":"9ef2a827e0b64a95a78c95f04f7d1e05","appName":"b31b6d9f-f6be-408a-9175-fe0c88c786a5","appComponentLibraryName":"7cdcd55f-9b4e-47b2-b79e-77d6f96a0fc0","appComponentLibraryVersion":"2025-03-30T15:33:50Z","appComponentLibraryLogicalName":"faf_paco_877d7","tenantId":"80abc0a6-d93f-4379-a387-8ffbf039fa91","environmentName":"58b9c692-d0ef-ecab-b424-4d67be894d55"},{"appComponentName":"b276b640873240309624bb5113f80100","appName":"b31b6d9f-f6be-408a-9175-fe0c88c786a5","appComponentLibraryName":"7cdcd55f-9b4e-47b2-b79e-77d6f96a0fc0","appComponentLibraryVersion":"2025-03-30T15:33:50Z","appComponentLibraryLogicalName":"faf_paco_877d7","tenantId":"80abc0a6-d93f-4379-a387-8ffbf039fa91","environmentName":"58b9c692-d0ef-ecab-b424-4d67be894d55"},{"appComponentName":"b9bc42caeee7419f996665959f65bfd0","appName":"b31b6d9f-f6be-408a-9175-fe0c88c786a5","appComponentLibraryName":"7cdcd55f-9b4e-47b2-b79e-77d6f96a0fc0","appComponentLibraryVersion":"2025-03-30T15:33:50Z","appComponentLibraryLogicalName":"faf_paco_877d7","tenantId":"80abc0a6-d93f-4379-a387-8ffbf039fa91","environmentName":"58b9c692-d0ef-ecab-b424-4d67be894d55"},{"appComponentName":"be91c0b6104d454eb5e750c8cfca90a9","appName":"b31b6d9f-f6be-408a-9175-fe0c88c786a5","appComponentLibraryName":"7cdcd55f-9b4e-47b2-b79e-77d6f96a0fc0","appComponentLibraryVersion":"2025-03-30T15:33:50Z","appComponentLibraryLogicalName":"faf_paco_877d7","tenantId":"80abc0a6-d93f-4379-a387-8ffbf039fa91","environmentName":"58b9c692-d0ef-ecab-b424-4d67be894d55"},{"appComponentName":"cf356dabe9d94e90900ff197a50aa565","appName":"b31b6d9f-f6be-408a-9175-fe0c88c786a5","appComponentLibraryName":"7cdcd55f-9b4e-47b2-b79e-77d6f96a0fc0","appComponentLibraryVersion":"2025-03-30T15:33:50Z","appComponentLibraryLogicalName":"faf_paco_877d7","tenantId":"80abc0a6-d93f-4379-a387-8ffbf039fa91","environmentName":"58b9c692-d0ef-ecab-b424-4d67be894d55"},{"appComponentName":"d06303d86725479aa0ec7401208cd0a3","appName":"b31b6d9f-f6be-408a-9175-fe0c88c786a5","appComponentLibraryName":"7cdcd55f-9b4e-47b2-b79e-77d6f96a0fc0","appComponentLibraryVersion":"2025-03-30T15:33:50Z","appComponentLibraryLogicalName":"faf_paco_877d7","tenantId":"80abc0a6-d93f-4379-a387-8ffbf039fa91","environmentName":"58b9c692-d0ef-ecab-b424-4d67be894d55"},{"appComponentName":"d811ab8935174f77b6299ae0cb117c81","appName":"b31b6d9f-f6be-408a-9175-fe0c88c786a5","appComponentLibraryName":"7cdcd55f-9b4e-47b2-b79e-77d6f96a0fc0","appComponentLibraryVersion":"2025-03-30T15:33:50Z","appComponentLibraryLogicalName":"faf_paco_877d7","tenantId":"80abc0a6-d93f-4379-a387-8ffbf039fa91","environmentName":"58b9c692-d0ef-ecab-b424-4d67be894d55"},{"appComponentName":"ead3c390c203493bbb74fbed45c32aa3","appName":"b31b6d9f-f6be-408a-9175-fe0c88c786a5","appComponentLibraryName":"7cdcd55f-9b4e-47b2-b79e-77d6f96a0fc0","appComponentLibraryVersion":"2025-03-30T15:33:50Z","appComponentLibraryLogicalName":"faf_paco_877d7","tenantId":"80abc0a6-d93f-4379-a387-8ffbf039fa91","environmentName":"58b9c692-d0ef-ecab-b424-4d67be894d55"},{"appComponentName":"eff8ef1532d545d6a76be9cd65b9572a","appName":"b31b6d9f-f6be-408a-9175-fe0c88c786a5","appComponentLibraryName":"7cdcd55f-9b4e-47b2-b79e-77d6f96a0fc0","appComponentLibraryVersion":"2025-03-30T15:33:50Z","appComponentLibraryLogicalName":"faf_paco_877d7","tenantId":"80abc0a6-d93f-4379-a387-8ffbf039fa91","environmentName":"58b9c692-d0ef-ecab-b424-4d67be894d55"},{"appComponentName":"f95cd6d4014f420fb9917fb20880c054","appName":"b31b6d9f-f6be-408a-9175-fe0c88c786a5","appComponentLibraryName":"7cdcd55f-9b4e-47b2-b79e-77d6f96a0fc0","appComponentLibraryVersion":"2025-03-30T15:33:50Z","appComponentLibraryLogicalName":"faf_paco_877d7","tenantId":"80abc0a6-d93f-4379-a387-8ffbf039fa91","environmentName":"58b9c692-d0ef-ecab-b424-4d67be894d55"},{"appComponentName":"fa524ed235254040934aad9fadc0bfe1","appName":"b31b6d9f-f6be-408a-9175-fe0c88c786a5","appComponentLibraryName":"7cdcd55f-9b4e-47b2-b79e-77d6f96a0fc0","appComponentLibraryVersion":"2025-03-30T15:33:50Z","appComponentLibraryLogicalName":"faf_paco_877d7","tenantId":"80abc0a6-d93f-4379-a387-8ffbf039fa91","environmentName":"58b9c692-d0ef-ecab-b424-4d67be894d55"},{"appComponentName":"ff5a88694e2d4760aa0180b477ef1506","appName":"b31b6d9f-f6be-408a-9175-fe0c88c786a5","appComponentLibraryName":"7cdcd55f-9b4e-47b2-b79e-77d6f96a0fc0","appComponentLibraryVersion":"2025-03-30T15:33:50Z","appComponentLibraryLogicalName":"faf_paco_877d7","tenantId":"80abc0a6-d93f-4379-a387-8ffbf039fa91","environmentName":"58b9c692-d0ef-ecab-b424-4d67be894d55"}]</AppComponentDependencies>
      <CanConsumeAppPass>0</CanConsumeAppPass>
      <CanvasAppType>0</CanvasAppType>
      <BypassConsent>0</BypassConsent>
      <AdminControlBypassConsent>0</AdminControlBypassConsent>
      <EmbeddedApp xsi:nil="true"></EmbeddedApp>
      <IntroducedVersion>1.0</IntroducedVersion>
      <CdsDependencies>{"cdsdependencies":[{"logicalname":"faf_paco_877d7","componenttype":300,"componenttypeplatformname":"CanvasApp"}]}</CdsDependencies>
      <IsCustomizable>1</IsCustomizable>
      <BackgroundImageUri>/CanvasApps/faf_pacocopyfrom_c277d_BackgroundImageUri</BackgroundImageUri>
      <DocumentUri>/CanvasApps/faf_pacocopyfrom_c277d_DocumentUri.msapp</DocumentUri>
      <AdditionalUris>
        <AdditionalUri>/CanvasApps/faf_pacocopyfrom_c277d_AdditionalUris0_identity.json</AdditionalUri>
      </AdditionalUris>
    </CanvasApp>
  </CanvasApps>
  <Languages>
    <Language>1033</Language>
  </Languages>
</ImportExportXml>