{"__Version":"0.1","App":"69c81fb7-1711-467c-9d60-85b8a346eb15","Test_7F478737223C4B69":"fd241787-4f30-4af6-a853-8cd25a4898c6","Host":"b6c9af76-dfec-451e-8c81-e504ea2d139d","PACo_CommandBar_B":"fb38b3a7-a01a-432d-bdec-7c9e7b51c193","html_CommandBar_B_Visualization":"89bd273e-1d1e-44e7-badf-1af8555db3c4","shp_CommandBar_B_Visualization":"65644298-f341-47ee-95b1-5f63e4c6b78a","cntr_CommandBar_B":"af9e4cce-71b0-43c7-becf-975f54fccc0a","img_CommandBar_B_1":"5ea952af-44fc-4ea0-a4d9-e82361098457","icn_CommandBar_B_1":"5cdc8b72-f87a-4edd-b2c0-494bf26cd414","lbl_CommandBar_B_1":"892dcda2-23ee-465c-8799-a85fa53225fe","img_CommandBar_B_2":"f20a5792-4676-4f5b-ab5e-816820cf5b46","lbl_CommandBar_B_2":"721409c1-fcbb-4a40-bd7f-954f2a694dc1","icn_CommandBar_B_2":"8da75ea0-9565-45a8-a9b6-ec8434f47a2a","img_CommandBar_B_3":"a9bfd9ad-cf6c-44ac-8472-9e2ca1db9e1d","icn_CommandBar_B_3":"7187c823-9965-42cb-9dc2-07dc405fe1be","img_CommandBar_B_4":"b916e1e1-e686-4143-bc22-d1b3670e2c34","icn_CommandBar_B_4":"17b4e4c5-d890-4b25-9c1a-f556637297c1","lbl_CommandBar_B_3":"dbd4f659-c6bf-4ec4-88dd-63efeabe0a4c","lbl_CommandBar_B_4":"3a05b14f-01ac-4559-92c2-2c92f21b8d13","img_CommandBar_B_5":"65d4a764-50f2-4890-a730-fd27957577c3","icn_CommandBar_B_5":"b65294c0-95ad-47f0-ac07-af8d277d0de6","lbl_CommandBar_B_5":"9080b19a-fc02-4d9e-a6c9-79d0ffd12451","img_CommandBar_B_6":"bb21859e-5984-4598-9e4b-8214f97668f3","icn_CommandBar_B_6":"483be0b4-ee8c-4065-919f-3b2592f31fe7","lbl_CommandBar_B_6":"dfcdf1e9-ca67-43aa-9966-4d2da6b7a31d","img_CommandBar_B_7":"4d1b9e41-a516-4bf0-8a1f-af9e6af911d8","lbl_CommandBar_B_7":"7253bc10-87ab-4b8c-893f-7c9a2ac48576","icn_CommandBar_B_7":"9f4cd2d6-6eaa-4512-9283-b3e7db715007","img_CommandBar_B_8":"497f3027-1990-4685-b592-f5e554c9438e","icn_CommandBar_B_8":"e755513c-7c8b-40b8-b4c2-2e8dae2ca7b9","lbl_CommandBar_B_Menu":"b43e4c84-25c6-4d41-bbcf-dc0cb491c75c","icn_CommandBar_B_Menu":"fc4f1729-813b-4d0e-a3ee-c6c30e39d51d","lbl_CommandBar_B_8":"6eaf1785-9853-4946-9620-1279e23e3ee0","html_CommandBar_B_1":"2d04b8e5-7358-438c-897f-2fa8cefc7409","html_CommandBar_B_2":"d91d21fd-02ca-4b8a-b567-5ba1a8594efb","html_CommandBar_B_3":"1af42423-15c6-44e1-b50a-82b34e84c828","html_CommandBar_B_4":"44cbb7dd-a0e9-4481-9207-260dd3dfaa76","html_CommandBar_B_5":"9089834f-47aa-4f06-92ed-b394c8fc6433","html_CommandBar_B_6":"7933d9d9-9617-493c-a04f-6f41314ecae5","html_CommandBar_B_7":"7536c89e-0011-4c34-bd69-dc5cd3b19bde","html_CommandBar_B_8":"ac95cdf8-1af3-44e6-a34f-2be261aff0f9","PACo_Nav_B":"fa56fea7-6ae6-4855-b774-757120c8fe45","html_Nav_B_Visualization":"146992a0-7e58-4bd8-8fbe-05aca04c2443","shp_Nav_B_Visualization":"7f554961-fd68-43af-9ea3-26855236359d","gall_Nav_B":"fc4b6ad8-d227-424a-a036-581ddde922f3","galleryTemplate1_3":"e9c367b6-3304-4ce3-926d-93aff90313cf","shp_Nav_B_Gall":"8a751005-635a-4ce9-baee-858d56961ec8","img_Nav_B_Gall":"347ca112-98b5-4df7-8b3b-eb75884455d7","lbl_Nav_B_Gall":"6d015095-5d75-4d04-8dec-8b10815b1e64","icn_Nav_B_Gall":"702e1831-3a6b-4242-bca6-d7f1563a2973","shp_Nav_B_Gall_Divider":"ed6daa6e-4670-43bb-97c8-42be371a5cb6","PACo_Panel_A":"08a62ebf-5e55-40db-a689-9f761f93518f","html_Panel_A":"ab665686-bf2a-4532-a0fd-4d075cd11029","shp_Panel_A_Area":"4fa8236a-0f63-41ef-81f4-f21346ccff2e","html_Panel_A_CommandBar_Visualization":"c75f0784-e608-4dfd-a050-f0a73319a027","shp_Panel_A":"f57b463e-d602-4872-b1cd-fe404ab624d9","shp_Panel_A_CommandBar_Visualization":"a2a9bc7e-f70b-4095-9afb-19a4113d1be0","cntr_Panel_A_CommandBar":"2d991f16-84ff-49d3-902d-310b3e6831e1","img_Panel_A_CommandBar_1":"7094d48f-baf4-4e6d-8717-18d4818f2211","icn_Panel_A_CommandBar_1":"3135fb84-9399-4179-916f-989722f1c1aa","lbl_Panel_A_CommandBar_1":"5fbca798-d410-4a52-8b48-2da55c26922c","img_Panel_A_CommandBar_2":"c8685b96-c0ba-4100-bf7c-d87ee81276d2","icn_Panel_A_CommandBar_2":"517166cc-cae8-4ae4-83d4-58b83cf60e8b","lbl_Panel_A_CommandBar_2":"365d03db-da04-4981-b95e-7cef8535e8d5","gall_Panel_A":"6b29e6e2-48d2-429f-961b-e1a341757b1a","galleryTemplate2":"4806b2b7-7821-4020-8cf5-08ccb2b6b34b","lbl_Panel_A_Gall_Label":"14910ce2-1412-45e9-9e31-42eb35737c49","lbl_Panel_A_Gall_Text":"0befc864-b0b6-4535-abbf-6fa013401ce6","cntr_Panel_A_Button":"813dd799-f846-4057-9909-145b790cbd73","shp_Panel_A_Button":"ccdce249-a5e2-467d-8929-648e9f2ee4ae","icn_Panel_A_Button":"d75a27a4-79d4-40d9-a828-de1704afb504","img_Panel_A_Button":"82544bda-6139-4335-b1fc-ef4eb59cfd7f","lbl_Panel_A_Button":"991a26b2-f77b-4456-b739-9bf56a2d9238","html_Panel_A_Button":"016fb5dc-03e4-4a12-ae4c-7efceef7ba54","html_Panel_A_CommandBar_1":"47182548-4604-4d67-a94d-433805f5568d","html_Panel_A_CommandBar_2":"0bd6af59-67bc-4188-a35b-45369f1c7234","PACo_Dialog_A":"31d015d9-17cb-489b-a3bb-7395cf72aac6","cntr_Dialog_A":"9b906769-391e-4f01-811d-37075ba9f2cb","html_Dialog_A_Visualization":"55a6712a-3311-4379-96f4-5c37f56c2ce1","shp_Dialog_A_Visualization":"138af656-5411-47eb-bac9-6b57a7236d94","shp_Dialog_A_Area":"df458e23-70a1-4823-98e9-1c2f5314d290","lbl_Dialog_A_Title":"3bc3d237-ae03-4c02-8167-afbcceb44d2a","lbl_Dialog_A_Message":"d58061c4-9604-423b-885b-41115234a6de","html_Dialog_A_Message":"b3fd1025-1721-4ed2-b2fe-a634ed94088d","cntr_Dialog_A_Button_Last":"b37c04d4-418e-4bfd-a48f-6d7c7c457a59","shp_Dialog_A_Button_Last":"0caeb768-9932-48ca-b650-ea2ec94c0b43","icn_Dialog_A_Button_Last":"52761b26-5703-4677-8442-17b4a0b0350f","img_Dialog_A_Button_Last":"0ef801e4-9e5d-4154-8e80-5231fba6db40","lbl_Dialog_A_Button_Last":"2dcad3dc-fcf7-42dd-b27b-0293c4318ce4","cntr_Dialog_A_Button_First":"60a45d9b-8331-4d2b-a4f8-acdfa4906246","shp_Dialog_A_Button_First":"2f5488a9-88d7-4bf5-8a33-8f15440160f7","icn_Dialog_A_Button_First":"1f21a424-ef16-436c-9f2a-260c23c2669c","img_Dialog_A_Button_First":"2b56b184-7707-4a85-bec2-c0aebae3293d","lbl_Dialog_A_Button_First":"baae3ff8-e6e1-49e5-b843-cd91290081ca","html_Dialog_A_Button_First":"370b2670-4507-4bd4-a4c2-4461680113b2","html_Dialog_A_Button_Last":"85bc7d2f-2590-4272-bf65-72697cd0e1f5","PACo_HeaderSettingsMenu_A":"d0b1bdd7-bda1-43d8-822c-8c36c2876941","html_HeaderSettingsMenu_A_Visualization":"63fbaefa-42d0-4cfb-a6c0-476537ac77fc","shp_HeaderSettingsMenu_A_Area_Visualization":"d758bef3-2e6b-49bc-899c-5bc39456aca2","gall_HeaderSettingsMenu_A":"219dd875-0c72-4f22-b470-6e12cdca8f9b","galleryTemplate1_2":"54d0765d-9700-4a77-81c6-2ec4ec1fdaec","shp_HeaderSettingsMenu_A_Gall":"893a0e98-c96a-4c19-9b72-e237b16c1dc6","lbl_HeaderSettingsMenu_A_Gall":"089bb546-a323-4212-9ece-02173cd2fde8","icn_HeaderSettingsMenu_A_Gall":"d65a4474-e362-484c-b2af-6571c4681a6c","shp_HeaderSettingsMenu_A_Gall_Divider":"b4038323-10dd-4fa4-af2a-0b74f8957fa2","shp_HeaderSettingsMenu_A":"51057c90-bb90-4d02-b55d-211ee2a70495","PACo_DetailsList_B":"73a447b8-f380-4ed4-967d-4dca6dbf03ec","html_DetailsList_B_Visualization":"b92304df-4600-4045-ac25-0b6d735b5ec7","shp_DetailsList_B_Visualization":"b9e09139-cb7f-49db-bbec-729c085da066","cntr_DetailsList_B_Main":"9d461ba2-de0a-481c-8d32-779378e6d34a","cntr_DetailsList_B":"f1d18c9d-82f9-49cf-b1fe-b681b745f409","lbl_DetailsList_B_Header_1":"f5957908-f024-401f-8d9c-8b0c74a72eb4","icn_DetailsList_B_Header_1":"8d0dc9c7-89a4-440b-97b1-5c1580bd0bbb","cb_DetailsList_B_Header":"a4e4553d-fa03-4270-9564-0a4d33b35983","icn_DetailsList_B_Header_Sorting":"afa4b874-aebe-4d60-bfaa-0a26ed9ef69f","lbl_DetailsList_B_Header_2":"3781d255-32f6-4534-aef2-aa4d843f449f","icn_DetailsList_B_Header_2":"15304043-fa1a-46b4-873b-a354c8461892","lbl_DetailsList_B_Header_3":"b99abe1d-0c86-40b4-92b0-3cf0b37b4546","icn_DetailsList_B_Header_3":"ef9930b6-4975-49b7-a5a3-817fbfcb9f61","lbl_DetailsList_B_Header_4":"804e2fff-e6db-401d-bd37-5ecdce900c4a","icn_DetailsList_B_Header_4":"a8d31b32-7f5c-4041-a32f-b9d1cff5855a","lbl_DetailsList_B_Header_5":"383f5d99-38c9-4c61-87c9-03107a54d3d7","icn_DetailsList_B_Header_5":"3f247914-1763-47f0-b93d-fc04c7c5d807","lbl_DetailsList_B_Header_6":"d1a5a9e1-da28-4366-86ae-1bba721186bb","icn_DetailsList_B_Header_6":"eb724663-4c2c-4113-bf25-a02e428e1261","lbl_DetailsList_B_Header_7":"1d2d8749-70bc-49a3-baaa-b730fc8f912f","icn_DetailsList_B_Header_7":"dd142bfa-f222-4934-8f4a-73698c1fdd51","lbl_DetailsList_B_Header_8":"2378522c-7058-48fd-8262-6738f0624ff9","icn_DetailsList_B_Header_8":"bdbb0aa4-ba23-477f-b3d9-52624faf7257","lbl_DetailsList_B_Header_9":"0f5375f2-d97d-4bcb-8144-5bb80e1eaa6b","icn_DetailsList_B_Header_9":"9d310a5e-0b23-42a9-a58e-b86d7e5e4cda","lbl_DetailsList_B_Header_10":"86de8a7a-7746-4c61-b629-80318da487e7","icn_DetailsList_B_Header_10":"d19a9910-9804-4bce-87b7-effc67f39e8f","gall_DetailsList_B":"b22e8421-1d24-40c2-ab26-3c3a0cea2ecf","galleryTemplate2_4":"6d9bbb59-54b3-40ab-a317-70831f51115a","lbl_DetailsList_B_Gall_1":"0012340f-1810-4fc4-b845-ca6102f010ca","cb_DetailsList_B_Gall":"27a0cb78-8705-4e2e-a26c-95e9598cd8f7","lbl_DetailsList_B_Gall_2":"4d2d14e6-468f-4889-8dec-e70348ce7f45","lbl_DetailsList_B_Gall_3":"17d0c865-de9c-40a0-b78a-49ded6e336f9","lbl_DetailsList_B_Gall_4":"1e6c5ee1-f978-4cb2-a954-b02d8feb28a8","lbl_DetailsList_B_Gall_5":"9da497d6-412f-41b1-8b2e-34177341998d","lbl_DetailsList_B_Gall_6":"892f5924-5c6c-4a71-91ad-c181a1cedbab","lbl_DetailsList_B_Gall_7":"05d5c052-5762-4248-b9d6-0cb1476d2716","lbl_DetailsList_B_Gall_8":"81176e2d-1a4f-4d22-af52-cde97daa842d","lbl_DetailsList_B_Gall_9":"3ed88213-865c-49dd-8d01-126c5b0f08ef","lbl_DetailsList_B_Gall_10":"4a15f56e-7574-46fa-ac21-5794383aee0a","shp_DetailsList_B_Gall_Divider":"7a5bd3a2-ffc7-4925-9491-87f52c63a229","PACo_ProgressIndicator_B":"03790ba7-0c06-4ddd-8e2d-2baabfd2f80f","html_ProgressIndicator_B_Visualization":"d085741d-e249-4ab1-af93-742e10e2faf6","shp_ProgressIndicator_B_Visualization":"268798b9-d2d8-4c7f-996d-5f55b5cabf32","gall_ProgressIndicator_B":"c88444a5-d0db-4232-ad79-d8b5beae5718","galleryTemplate1_4":"f0fe2500-23b2-4449-9be7-8940a8496f77","shp_ProgressIndicator_B_Gall_Circle1":"ec2fefe1-d56b-4c98-9f45-05e868e3ba8e","shp_ProgressIndicator_B_Gall_Circle2":"7c38a73a-857e-422c-a7ec-5fb0a0bd85b6","shp_ProgressIndicator_B_Gall_Circle3":"7b52b53e-9101-4f53-88d1-8b187bb29490","shp_ProgressIndicator_B_Gall_Left":"7a6d1d5a-5b47-497f-97ff-ec9e91ef0767","shp_ProgressIndicator_B_Gall_Right":"fef48baa-9333-4ae3-b5cf-0e0b447848f4","lbl_ProgressIndicator_B_Gall":"a756d9d4-8d99-444c-9dfc-1a64c9ddfe1b","PACo_ProgressIndicator_A":"766a6a5a-0904-4640-b959-ebfa641bfec1","html_ProgressIndicator_A_Visualization":"60eb8c26-128f-45f6-aebd-990c1491e77d","shp_ProgressIndicator_A_Visualization":"a6331083-3c07-4658-8062-7f25285e5524","gall_ProgressIndicator_A":"5a4b841c-1f2b-44dc-89e7-ede998d7cf6e","galleryTemplate1_1":"5925d589-c273-4014-b291-26d74d9a503d","shp_ProgressIndicator_A_Gall_Circle1":"19cae58a-852a-4fdc-ae02-776d77d8d2cc","shp_ProgressIndicator_A_Gall_Circle2":"338811a8-5d0f-4b1d-9a45-89caba056c24","shp_ProgressIndicator_A_Gall_Circle3":"47d4b83c-90ea-4cbc-8012-2c9d0180dbd5","shp_ProgressIndicator_A_Gall_Left":"af8cabff-212a-4a06-b0d2-d483346cbe93","shp_ProgressIndicator_A_Gall_Right":"677507d6-0dd7-4e37-8336-9c3aba4fb4e2","lbl_ProgressIndicator_A_Gall":"f228c01c-6739-4954-8bf6-0d604aec3d07","PACo_CommandBar_Item_A":"16d6ff0c-b8a4-407d-81e7-45105c6bd225","img_CommandBar_Item_A":"dd9bd763-2223-4a96-b08f-70d64afa1b7a","icn_CommandBar_Item_A":"97215df8-f884-40ed-be8f-48379cb13ea9","lbl_CommandBar_Item_A":"a4f9f708-b814-4d32-9e52-e37fbaf5fb52","shp_CommandBar_Item_A_Spacing":"192324e4-4956-439d-937b-885d51cc293d","html_CommandBar_Item_A":"055cdfa9-855a-4c4d-be58-17eaf0746f86","PACo_Tile_A":"5df122bf-a093-4254-9693-31338f165630","html_Tile_A_Visualization":"923c7298-0289-4776-b6df-9e79ddbfbceb","shp_Tile_A_Visualization":"df3fb7ff-f5a3-4885-98b3-f5d4579ce4bf","lbl_Tile_A_Text":"a4f370ec-e04a-44ee-9057-9a87108c1990","lbl_Tile_A_Value":"f823d8b0-1d2a-4e57-b419-2d17fd0d1fc7","PACo_Spinner_A":"0a19e32b-e001-401c-b395-0edb51675d2d","img_Spinner_A":"83646b09-b735-4fde-8f8c-53ceffb9eea7","lbl_Spinner_A":"befebb72-9ef3-4c51-9e75-12e31a3806ef","PACo_CommandBarMenu_A":"952c470a-fe69-42a9-82b6-a9387e52785b","html_CommandBarMenu_A_Visualization":"57a0556e-4d38-4589-aee1-2e526c8d0802","shp_CommandBarMenu_A_Visualization":"d6850453-dd12-4096-bcf7-2ebbd4d3d9b2","gall_CommandBarMenu_A":"83bc98d7-16c8-4034-adc8-d49c85944b05","galleryTemplate1":"76361182-7e4b-4671-8ab9-875e087d3b10","img_CommandBarMenu_A_Gall":"f1c4baba-8027-4792-8ae5-9af4296d0f8e","icn_CommandBarMenu_A_Gall":"98aacfe9-7518-4251-a693-a7366c23e914","lbl_CommandBarMenu_A_Gall":"0d29f272-4a13-4e9b-9fdf-5479ee7f73ea","shp_CommandBarMenu_A_Gall_Divider":"fbca4aa2-5640-488a-a85a-373816e81013","PACo_DetailsList_C":"f8717525-44bb-4530-be28-d0019c82ee65","html_DetailsList_C_Visualization":"4d14908f-c428-4399-844c-ec633f40e039","shp_DetailsList_C_Visualization":"2f73a9ed-ecd7-4225-9cfd-9e200240e116","gall_DetailsList_C":"6da3309b-79b1-427a-aa22-50857dbc6c88","galleryTemplate4":"42c07fea-371f-4849-9a6c-484d4c6a8983","shp_DetailsList_C_Gall":"3e021441-48f6-4260-9cb9-1276517cf1f5","cb_DetailsList_C_Gall":"12809dde-e400-417c-93c7-e78d866ed183","lbl_DetailsList_C_Gall_Title":"ec991e7a-25d6-46bd-89f4-f1d3541ebdcb","lbl_DetailsList_C_Gall_Subtitle":"dd09ba4d-17db-49e0-885f-b442e74467b4","lbl_DetailsList_C_Gall_Body":"1aeb5ca8-cf7b-4e58-9229-b80c07b45e93","shp_DetailList_C_Gall_Divider":"b1c82ada-acc4-4c1c-9001-124c715481f6","PACo_Nav_C":"54e13a2d-d5a2-45b0-9e91-0b24b09191d4","gall_Nav_C":"f84da7ee-4be1-4c37-b7d9-3931a57b0faa","galleryTemplate2_1":"564ec32b-b5a6-410c-8934-9913be2b1e05","shp_Nav_C_Gall":"85aa5373-9055-4dbc-b8d0-21a2d603dc05","img_Nav_C_Gall":"06129d83-665c-4dd5-9955-d3179741fd44","icn_Nav_C_Gall":"af966086-91b6-411b-8d73-b0f6a42710f9","shp_Nav_C_Gall_Divider_Left":"5ed30c76-1f1c-49ad-830b-eb6e3982d502","shp_Nav_C_Gall_Divider_Right":"f1892acd-c52e-4a2e-9577-228986f4a1a9","lbl_Nav_C_Gall":"0383c2f3-fc67-49b0-a534-2a949f19cd94","PACo_Button_A":"c0ea2ee8-4a34-45e7-9ab8-df373b7facc0","cntr_Button_A":"9a1fd151-b257-4e3d-af78-4995229a4325","shp_Button_A":"b1c590b5-92de-4490-a839-e4b1be856d75","img_Button_A":"76d736b8-b16b-4670-8a5b-846035817db8","icn_Button_A":"846578e3-755f-44bb-b37e-1e01fa882a95","lbl_Button_A":"58290271-6932-4353-a2a9-05e7f72363ad","html_Button_A":"8259269f-cca9-49b7-bf11-df3185364a15","PACo_Tile_B":"873eeff1-d4c0-4dd4-8c0c-30987a50e3b9","html_Tile_B_Visualization":"513e2f97-a85b-4243-8852-78c3b518ead1","shp_Tile_B_Visualization":"14abd455-cb3e-4a75-936f-7ebf31995e82","lbl_Tile_B":"5d6faea9-f0e8-4826-b187-5e12a49aed59","icn_Tile_B":"b2eb1ad6-e45b-43e4-bb98-d6d89fe607e7","PACo_Icon_A":"05bb015e-2a58-4a5b-bb2b-fff2cace4a68","html_Icon_A_Visualization":"99fdf311-4904-4017-85eb-7c4e12b19625","shp_Icon_A_Visualization":"6d888b8c-1ef3-4ec2-a098-c86054649a8f","img_Icon_A":"10885896-83e8-4048-b024-e88e8b6721b8","icn_Icon_A":"8f1317da-7e8e-481e-b5b2-1657ddb74b9b","PACo_Visualization_A":"c2697831-6e42-424a-9f4b-b28003b65336","html_Elevation_A":"932a919f-6a58-4616-b0d7-05f8986d4d7d","shp_Elevation_A":"e53f57ab-953e-49f7-ac1b-28d802fc7c1e","PACo_TabsMenu_A":"c9b0e2f7-6785-483b-b80b-47d1a6dfa51e","html_TabsMenu_A_Visualization":"953e3e6d-efc4-416b-94f2-d66632a68bf8","shp_TabsMenu_A_Visualization":"9528b991-18e0-4d41-b758-ebe32d6c6d0c","gall_TabsMenu_A":"e3ef8806-4145-4f9a-9485-6e2ea7b7b642","galleryTemplate1_7":"af8b27b0-7b29-452a-8741-1580cb1ea6cf","shp_TabsMenu_A":"d741428a-307c-40d2-913c-0f659bbc4947","icn_Tabs_A_Gall":"67de48c0-1cb4-498e-ab01-21aab2eedec0","lbl_TabsMenu_A_Gall":"437d7fac-ff71-4a3f-9108-c0a59fed505b","shp_TabsMenu_A_Gall_Divider":"3b0a6289-1fd7-4b57-a9aa-c5fb6019e2d6","PACo_Tabs_A":"df96f4be-c2e9-434d-b31b-f5134f898999","html_Tabs_A_Visualization":"2cf64044-7929-44a6-b9b8-533975f32e14","shp_Tabs_A_Visualization":"7b146dd6-34f3-4d77-807b-beb626131ebb","cntr_Tabs_A":"26183f85-173c-446b-a54e-ed4f45ab5e17","lbl_Tabs_A_1":"2e2aac35-e2c6-451d-9dcf-3e4c6e4f95ec","icn_Tabs_A_1":"6e401f23-b09a-4a96-a6fc-323b4740b743","lbl_Tabs_A_2":"7d3e32cf-b668-4801-90b7-18acad95d34e","icn_Tabs_A_2":"6f09a73a-c143-4b97-b84c-a9930a449c6d","lbl_Tabs_A_3":"ab553ee1-9527-4380-b45f-6b6664c668b0","icn_Tabs_A_3":"f13a33c3-5fe3-47a1-bf26-96fb35820da2","lbl_Tabs_A_4":"4cceafed-b2f6-4be1-b210-fc1f1af440e4","icn_Tabs_A_4":"d31d9c58-6488-4d75-83b2-6da16b405671","lbl_Tabs_A_5":"09a50850-c5af-41b0-805c-d764c0ae5f85","icn_Tabs_A_5":"1a017d30-6538-462b-a85c-00c342ee09b9","lbl_Tabs_A_6":"247bf471-cfe3-4d10-affc-929031002033","icn_Tabs_A_6":"b6b1e688-2b3b-4596-8e4d-c0e4a168b1d9","lbl_Tabs_A_7":"284d09db-25d3-4351-8c1d-071568d7880e","icn_Tabs_A_7":"0149fec2-d28f-4012-a423-7b9512e6add7","lbl_Tabs_A_8":"8ad719f1-ef4c-45d6-89f7-27a0c6114e06","icn_Tabs_A_8":"53d66643-7f61-45a3-930b-dc1ca225ad1e","lbl_Tabs_A_Menu":"156a84ab-6206-496b-8f95-290ca763a6ab","icn_Tabs_A_Menu":"bfb76b8c-17c0-495e-b79e-70ba779942bd","shp_Tabs_A_1":"6346be71-8c32-4392-8966-008f02f6288e","shp_Tabs_A_2":"65cb32ae-7782-4ec7-a90d-e9e4e0684314","shp_Tabs_A_3":"0dea2d3f-9f68-48d8-875b-757e3fabb524","shp_Tabs_A_4":"a82d4192-5c64-45e7-a4f1-ad091cf37030","shp_Tabs_A_5":"6a04d161-0673-47ed-b73a-37680a47573d","shp_Tabs_A_6":"497e2b82-d455-473c-a660-b1e17fe2a656","shp_Tabs_A_7":"b9f68bd8-2810-4c90-8a5b-01c541eedbc1","shp_Tabs_A_8":"759e6a7f-2aed-417e-9d75-1015e015cc37","html_Tabs_A_1":"e01980a7-ecbf-4477-9582-0002ae01de78","html_Tabs_A_2":"7d2355f7-cf9d-441c-9d06-54ce13fe63e2","html_Tabs_A_3":"4afcabd3-3779-43fb-8eaa-a0656a14484e","html_Tabs_A_4":"a3723b83-8d6a-405b-a8db-51537532d385","html_Tabs_A_5":"0f8e449e-eccc-44dd-af9b-6ff769852a6b","html_Tabs_A_6":"daaf60f0-a48f-47a3-b338-b60ec453ce5d","html_Tabs_A_7":"a8dd1b35-ab2b-4cdf-b76b-aaf07214e519","html_Tabs_A_8":"159880cb-95e0-49f1-9fb4-ccfe0c7a1f74","PACo_HeaderLanguagesMenu_A":"646c70d9-d164-447a-8047-63a836845ad5","html_HeaderLanguagesMenu_A_Visualization":"9e16e931-6da2-417c-a58d-04b4e758c831","shp_HeaderLanguagesMenu_A_Visualization":"f108354c-2930-4866-85a9-015c9faf099b","gall_HeaderLanguagesMenu_A":"4a4b0af0-a467-491a-882a-45a8eaa8b206","galleryTemplate1_6":"ace5461a-2311-4ca9-af5a-3fde0b98cfc7","img_HeaderLanguagesMenu_A_Gall":"33ca79a8-d390-4ce5-885b-54a1e6a551ae","icn_HeaderLanguagesMenu_A_Gall":"5812a0e1-0c76-4fe3-a190-18ec57e0361a","shp_HeaderLanguagesMenu_A_Gall_Divider":"8ff8bab9-1faf-4184-9962-b0a46576a309","PACo_Log_A":"85ce5f32-47cd-45a5-8507-70abc7d1d420","html_Log_A_Visualization":"68bc4fc0-42b4-4d1e-bac1-386ff34ce888","shp_Log_A_Visualization":"f77b60a7-a49d-4e65-918b-554c749236ac","gall_Log_A":"83a2462b-091f-4bec-b7fa-2f011fe0a8db","galleryTemplate1_5":"d4c58ec2-e96c-4641-9fba-704d628e6a04","shp_Log_A":"24b937fe-1200-4d7c-a5c5-9179d3e2c96c","icn_Log_A_Gall":"e6034c18-be63-4306-92be-4365dffb294e","img_Log_A_Gall":"137a9e27-d5ad-4f92-8b7f-dc68391ab982","lbl_Log_A_Gall":"75fe04ad-05f2-4b49-a057-ebcf1bc16341","shp_Log_A_Gall_Divider":"f1b07ed4-7632-4021-923f-2cea272cccea","PACo_SelectList_A":"ef675bff-40e7-4057-a65d-0138b5d90ce5","cntr_SelectList_A":"a98ea0aa-2958-4939-8c02-6c3533b3072a","html_SelectList_A_Visualization":"cbd9d61b-fe0b-4c36-9ea0-3edd0b9b885d","shp_SelectList_A_Visualization":"628dbdef-e794-4a49-81eb-a715a26488c4","shp_SelectList_A_Area":"08ad9c68-bf86-43b8-af64-37382c43c1da","cntr_SelectList_A_Search":"fbac4f1b-1910-4a49-97b0-97a00cbb41cd","html_SelectList_A_Search_Visualization":"eb9f6540-238b-4f7b-9c2c-a9e4542ac0de","shp_SelectList_A_Search_Visualization":"9cc0b243-891d-4d91-998e-00868b86ac9c","ti_SelectList_A_Search":"5c7aa2ba-3afa-45b3-a15d-3e0b71ecf039","img_SelectList_A_Search":"20436c91-36e3-4444-b8c6-686834aac7ce","html_SelectList_A_Gallery_Visualization":"e953f395-ea97-45b4-87b9-ac6d76e39743","shp_SelectList_A_Gallery_Visualization":"3aee1413-5d73-4649-835b-5ada8e4737e8","gall_SelectList_A":"f04d4174-882b-4dad-bba3-3447778789a9","galleryTemplate5_1":"f8d4bd92-6589-43a1-958c-fc87b431aea4","lbl_SelectList_A_Gall":"94ce9c17-31cd-4961-be6a-634e66fdab59","icn_SelectList_A_Gall":"11cfaf53-b368-4523-857b-8857d121d551","shp_SelectList_A_Gall_Divider":"b91482ff-d6f6-4ea9-832c-8d6c32ec2659","cntr_SelectList_A_Button":"ed2b4042-e5ae-4d83-9312-34195e8c5110","shp_SelectList_A_Button":"4c4d418d-0ea8-4fb5-9dea-db3295314001","icn_SelectList_A_Button":"3161e8bf-36fe-4ebf-86b9-7d2eaa310699","img_SelectList_A_Button":"c7d05556-5418-44aa-a79f-313b2a5ed784","lbl_SelectList_A_Button":"d37b6383-bb90-4710-94b0-792feae094a6","html_SelectList_A_Button":"dd2bfcf0-015c-489f-91bc-3b935c84d95d","PACo_DetailsList_A":"c93712e4-0f01-4d3f-a018-86fa98363528","html_DetailsList_A_Visualization":"a9dfb93f-ecf6-4fad-8462-7f76d8f59160","shp_DetailsList_A_Visualization":"4bdf3f93-f3bf-45cc-87ba-93712c044c40","cntr_DetailsList_A_Main":"d3876ac7-7d16-470e-aa60-73dd21106539","cntr_DetailsList_A":"3726d07f-e01a-41e5-afb8-04dfa90717ac","lbl_DetailsList_A_Header_1":"40a89a71-d7c9-4dab-9c8c-0d7f1c087bc7","icn_DetailsList_A_Header_1":"46e97da1-4ca9-41c4-97c8-b349e68b7d71","cb_DetailsList_A_Header":"f85840c9-52fd-43cf-9e9f-86f4aa799577","icn_DetailsList_A_Header_Sorting":"e2c5dfa0-b9c9-4904-aea6-153636374fa6","lbl_DetailsList_A_Header_2":"25fabd3f-3f8a-4bfc-b1a3-a73e9970d001","icn_DetailsList_A_Header_2":"01f5f302-c1ab-4acc-8337-64e13c51d237","lbl_DetailsList_A_Header_3":"ea68ed72-4874-4325-b2f0-369eed894481","icn_DetailsList_A_Header_3":"689a3b57-23c6-40f6-b524-d64c77504df5","lbl_DetailsList_A_Header_4":"e889deef-baa9-4c60-9698-082407c73e06","icn_DetailsList_A_Header_4":"10f5d3aa-3ea8-44cb-9106-6558958eb5f0","lbl_DetailsList_A_Header_5":"a1915ee5-4b8f-4727-bb4b-90b7ad5951fe","icn_DetailsList_A_Header_5":"09df822c-28f1-4060-a8f9-abcbb554e535","lbl_DetailsList_A_Header_6":"7c12b4d4-2c97-4b18-8e27-62dd17f31ff6","icn_DetailsList_A_Header_6":"eeb392c1-cbf7-4611-8af9-bee3bbafa126","lbl_DetailsList_A_Header_7":"cc67c59b-4b4d-45b2-a23d-65e1d8186d34","icn_DetailsList_A_Header_7":"d75fe126-bee1-4ebd-a331-a3770f73db4e","lbl_DetailsList_A_Header_8":"b6eb1bb7-58ef-4735-a1f9-6ce1d74070c9","icn_DetailsList_A_Header_8":"6de7e68b-d301-4798-9b89-baa58e4ca053","lbl_DetailsList_A_Header_9":"4331e6e4-7cc5-4cb1-9fa3-3554ade52e5d","icn_DetailsList_A_Header_9":"9ec037b9-532b-4f64-98c9-9d305d8ad343","lbl_DetailsList_A_Header_10":"68e430f3-116d-474c-8950-d12e33081b85","icn_DetailsList_A_Header_10":"ad376ece-bd38-4fb9-a9c6-a97cdee40075","lbl_DetailsList_A_Header_11":"1c47c777-89a2-4a94-a96a-edae111193f6","icn_DetailsList_A_Header_11":"6ec4be8f-c206-4ec4-bd0d-eec48f76e883","lbl_DetailsList_A_Header_12":"8afb4861-4346-40ff-888d-a59dc209b714","icn_DetailsList_A_Header_12":"113ca45e-d621-429e-9f0c-049641e0446b","lbl_DetailsList_A_Header_13":"01d5647b-0e1b-4ae3-a461-1e7e8cfab4c7","icn_DetailsList_A_Header_13":"5570a05c-3fbe-452e-b0f7-80f56365d770","lbl_DetailsList_A_Header_14":"b91eb0ca-04e1-4115-a2fd-566dd4fc61a7","icn_DetailsList_A_Header_14":"d35f70d2-245f-4edd-90e3-79106684be18","lbl_DetailsList_A_Header_15":"4c96c4d5-3196-4e4e-b2ef-30baa2365515","icn_DetailsList_A_Header_15":"9394002c-7e4d-4502-8402-0bde7db53e25","lbl_DetailsList_A_Header_16":"233f3266-86c3-480b-99f3-cc93cd323e99","icn_DetailsList_A_Header_16":"d990db48-8b8a-444d-935b-e110b761c087","lbl_DetailsList_A_Header_17":"563e97d3-6e42-4b4a-a08c-90642e9905dd","icn_DetailsList_A_Header_17":"224709c2-6f18-4c21-b858-8cd5372663fb","lbl_DetailsList_A_Header_18":"66b851f9-b12c-47b8-ac42-db390c778b49","icn_DetailsList_A_Header_18":"6658747a-dc32-4a16-b9da-f03f7078b3a7","lbl_DetailsList_A_Header_19":"82bdcdaf-383b-4ef6-828a-8e6d6aeef34f","icn_DetailsList_A_Header_19":"4fbe60e1-e1a8-44af-86d1-44641f0316d7","lbl_DetailsList_A_Header_20":"d920cc29-0069-477b-ab5d-c7eec3438740","icn_DetailsList_A_Header_20":"651412cb-ef73-4c2f-a44f-287bff24b438","gall_DetailsList_A":"73f83ab0-283a-4b20-a302-79d09fab9b74","galleryTemplate2_3":"6ac64299-01db-4e5c-9013-631a8c96f269","lbl_DetailsList_A_Gall_1":"caafecac-ed36-40bc-ab90-8263df0740e9","cb_DetailsList_A_Gall":"81007a97-6391-48ae-b0da-5c81114c2e02","lbl_DetailsList_A_Gall_2":"944b2850-91f9-4059-984a-92474348abd1","lbl_DetailsList_A_Gall_3":"4adaa35e-aef6-4e8e-b234-cf9959df8738","lbl_DetailsList_A_Gall_4":"9dba3f55-a84a-484b-9de7-38e89311a6e1","lbl_DetailsList_A_Gall_5":"0a2d4823-a91d-4d76-9a88-a241ac9ae555","lbl_DetailsList_A_Gall_6":"cbb28191-521b-445e-a63f-0238f1a7252a","lbl_DetailsList_A_Gall_7":"6227a4ea-f1d8-4a78-91f6-2eb949cc1261","lbl_DetailsList_A_Gall_8":"fb426ba9-bcd7-4608-8f08-b36a82e14357","lbl_DetailsList_A_Gall_9":"cace2cb5-92e4-4956-8f72-52f9f4ffaa03","lbl_DetailsList_A_Gall_10":"a73ee688-b6cc-4ae3-887c-6ca3568419c2","lbl_DetailsList_A_Gall_11":"32d81154-864a-411c-9b4a-9ca77e0092f6","lbl_DetailsList_A_Gall_12":"032c5ada-2848-4aa7-80df-3aca53f071a8","lbl_DetailsList_A_Gall_13":"04566101-b557-4098-b52b-943cd15f6137","lbl_DetailsList_A_Gall_14":"bef943f2-e870-4d58-b83e-261dfa71feaa","lbl_DetailsList_A_Gall_15":"e40ead3b-8601-479c-adc0-7e8ff3b99215","lbl_DetailsList_A_Gall_16":"12e2dcdc-020e-4ecb-8bdb-6262b771f535","lbl_DetailsList_A_Gall_17":"f4bb2376-a6aa-4fae-9170-dd7ad29c5c5b","lbl_DetailsList_A_Gall_18":"462ae190-2504-426f-a5aa-567b178e7915","lbl_DetailsList_A_Gall_19":"8d7f79cb-8a43-42eb-a94d-254880125f4c","lbl_DetailsList_A_Gall_20":"41a26388-69f1-48e3-a8fa-4212dc5576aa","shp_DetailsList_A_Gall_Divider":"a601bfad-0fb1-4a46-8bfa-cc058bcaa404","PACo_SearchBox_A":"04a3d91e-221c-4eb8-b0dc-9fc374ec0165","html_SearchBox_A_Visualization":"1af831cb-669d-48bb-83b4-14dcf5ace6ea","shp_SearchBox_A_Visualization":"d467ab21-8fda-4e5d-a6fb-07d82a380c5d","ti_SearchBox_A":"3c892d98-438e-44fd-abb4-956ef653dfcc","img_SearchBox_A_Search":"f0eb350b-01fd-4fa2-bc91-595eef545bce","PACo_Header_A":"28c55a94-872e-4707-ae6d-38b0feca0fc0","html_Header_A_Visualization":"a6305a38-92a6-465a-b97f-bb1d36dc56ee","lbl_Header_A":"c04dbc99-4fa8-4a18-a833-a4b0f421322b","img_Header_A_Back":"c2513b49-3d26-4d89-8169-1502083ed12b","icn_Header_A_Back":"84877f5d-31e0-4418-bd71-dd8cbbf396da","img_Header_A_Nav":"5757bb9d-e2af-4d4d-9736-080f91b3a223","icn_Header_A_Nav":"9d3ac138-b17b-4181-8b91-b3fcbb85efa8","img_Header_A_Logo":"b8e47c45-6dc3-4455-9d0b-7bb928946b4e","icn_Header_A_Logo":"fdf89fb8-b298-4d32-b3d6-a35fec71504b","img_Header_A_LanguagesMenu":"cbff2214-056d-4c35-ae0e-3f32f9e38720","icn_Header_A_LanguagesMenu":"04cae178-2d1a-4b27-98f7-c27d1c91fcca","img_Header_A_Help":"2498eea5-c6ef-413f-88da-352ae99100e4","icn_Header_A_Help":"29b6e393-0f24-4ec2-b01b-b6b5400d3f58","img_Header_A_SettingsMenu":"cc855e54-0c77-4617-8a49-9473aeea2e5c","icn_Header_A_SettingsMenu":"49875173-458f-4435-8d8d-0830ead94ee1","shp_Header_A_Visualization":"ff1fc4a9-325d-4b5b-b2f2-0ff5ecf89331","PACo_Log_A Screen":"d031df28-1216-47d5-9276-10d32a40aae7","cmp_Log_Back":"3ccfa5a9-e9d1-4271-bc57-b178cc7a6b0c","tmr_Log":"6d576875-7890-42c0-9da7-857d28fe1fe3","cmp_Log_A":"56e998e0-864f-405e-9c4f-c0a3cc96d7c5","cmp_Log_Button_LoadData":"be965022-2339-4e00-80b1-2415a05361c9","lbl_Log_A_VAR":"7b571760-e720-4ed3-996e-92b51fc85a17","PACo_SelectList_A Screen":"38f8ecc9-3ee3-4fb2-98f8-94e7b5e92636","cmp_SelectList_A":"aee3c8f6-95da-4c0b-b8d8-dbec97ffc173","cmp_SelectList_Back":"fd62c73e-20eb-4742-887a-937023e98eff","cmp_SelectList_Button_LoadData":"5d454ed1-7a6a-4922-9b8e-ef57b218fd28","lbl_SelectList_A_VAR":"e02ee09b-e02f-4439-9fae-7c621971c473","PACo_Header Screen":"b51bda0e-148c-405f-b210-d45b86e446c7","cmp_Header_A_1":"97b05ca9-2860-4dec-88a3-73249944ea9a","cmp_HeaderSettingsMenu_A":"a71ff017-88eb-4a7a-bde0-f9bfc2f65beb","cmp_Header_Back":"a85047fb-16df-492a-ab35-54070072f720","cmp_Header_A_2":"de3eb4ea-5ef7-443d-9a61-d0f527ba27a2","cmp_Header_A_3":"d557d8b9-f966-47a0-ada2-fb788481860a","cmp_HeaderLanguagesMenu_A":"1f38f073-fdbe-4013-973c-504ce0f5bbe0","lbl_Header_A_VAR":"31d0265c-bda4-4d8c-87f2-cb239b4ad8e1","PACo_DetailsList_C Screen":"fe27447e-2201-424d-beea-a55b568c7f0e","cmp_DetailsList_C_Back":"a5674e88-5b42-4038-a5d8-a9e80af7f59e","cmp_DetailsList_C_Button_LoadData":"e493dc84-b781-45bb-90c4-e0994ce388c4","lbl_DetailsList_C_VAR":"8773665d-6d38-4670-b3d6-17425bd504ac","cmp_DetailsList_C":"7108906e-a5b0-4e0c-9421-09d0c97e9df7","PACo_SearchBox_A Screen":"1cc43c6a-b2d9-45b2-bcd1-fb07bba0f8cf","cmp_SearchBox_A":"27ceb5f3-6f76-4c1a-9643-1d0f995d2c5d","cmp_SearchBox_Back":"ad855773-4286-48f4-93f4-88178f729707","lbl_SearchBox_A_VAR":"71bd2e4f-89fb-4fc2-b851-d3ac8ed62962","PACo_DetailsList_A Screen":"ef82f38d-55c6-4a03-a3aa-0fac1f9ceceb","cmp_DetailsList_A_Back":"61f3bf6e-ab60-46db-98ba-574c1c6f6391","cmp_DetailsList_A_Button_LoadData":"ae4af06c-6347-4fcd-8963-257ffbc3e61a","lbl_DetailsList_A_VAR":"19b5e9c4-1c03-4874-9b47-4510ec893dc4","cmp_DetailsList_A":"c30d7491-ba20-4130-8f66-18cd1693baae","PACo_ProgressIndicator_A Screen":"bb4e0a7b-324a-482a-8900-97d57f2eb383","cmp_ProgressIndicator_A_Back":"b0bba98d-0f34-422b-8f83-507746aa3011","cmp_ProgressIndicator_A_Button_LoadData":"c11e268b-9de6-426a-893f-6e5f9de2950a","cmp_ProgressIndicator_A":"bd57ca3e-82db-452f-9a60-bef4442fae0b","Home Screen":"2de53cd9-8f11-44e4-9e35-7f4ccd39042e","cntr_Home":"5d6fd9b7-b72b-430e-88fe-05c394fe8581","cmp_Button_PACo_Button_A":"fb67fe4c-a166-4494-ac67-55acd94d2c4f","cmp_Button_PACo_CommandBar":"5a582b10-ee68-476d-9c79-87d2241a36e0","cmp_Button_PACo_CommandBar_Item_A":"e462229c-266c-48e8-a05e-df237bd55ac0","cmp_Button_PACo_DetailsList_A":"7d1cedeb-19af-45cb-89b7-6478e1c29691","cmp_Button_PACo_DetailsList_B":"c856bab4-220a-486e-bc73-b8e464f7550c","cmp_Button_PACo_DetailsList_C":"fe94a540-2a82-4f2c-ae3d-4dd76a6c02d6","cmp_Button_PACo_Dialog_A":"13126e36-2a53-4286-a935-ee5586d6fc18","cmp_Button_PACo_Header_A":"01efd929-5d88-4f79-954c-3f8e703d41de","cmp_Button_PACo_Icon_A":"93695e29-dafe-418d-925a-fee1fe1b620f","cmp_Button_PACo_Log_A":"0ad4f25f-5b11-46fe-94b0-50b1bf28710c","cmp_Button_PACo_Nav_B":"f8669e43-47cd-4452-9b32-0c7eceb0f56e","cmp_Button_PACo_Nav_C":"51730f23-9667-4387-be3e-0d2e02b18632","cmp_Button_PACo_Panel_A":"d293bd16-4191-4222-a6c9-fdceed7f43d7","cmp_Button_PACo_ProgressIndicator_A":"0634b095-cf36-4a20-80ed-1b464d93240a","cmp_Button_PACo_ProgressIndicator_B":"fcd36a04-3234-4c7a-833d-8b3a2b842e64","cmp_Button_PACo_SearchBox_A":"c0991ec8-159b-407f-b6dd-b63cef920ae5","cmp_Button_PACo_SelectList_A":"7fe730d7-0c48-4280-b1a2-e71c794d2dd8","cmp_Button_PACo_Spinner_A":"ad918a57-331b-4a5d-8dd5-6fd81779e426","cmp_Button_PACo_Tabs":"a2693165-6d8d-4f11-a71d-6dba05642714","cmp_Button_PACo_Tiles":"b39e15d9-cf97-4f93-9e00-f72a3fb6af80","cmp_Button_PACo_Visualization_A":"f46d156e-b2e5-4881-b21f-275e14dd16d6","PACo_ProgressIndicator_B Screen":"8a586a47-55ce-40aa-bf21-bc654511b978","cmp_ProgressIndicator_B_Back":"c9899ead-c154-4fff-a98b-a6249a6830c8","cmp_ProgressIndicator_B_Button_LoadData":"ab4dcd77-af45-4452-90cb-5ca6bdeddca3","cmp_ProgressIndicator_B":"f9c4558a-35e5-43db-98b0-2989cb6e9a04","PACo_Button_A Screen":"d2c68483-5770-4dd0-b63a-c6b7e74206c5","cmp_Button_Back":"da2ecf3e-efce-4a55-862f-ef414d2a9d01","cmp_Button_A_Primary":"93c1b4b1-827c-461a-8bab-92105ab2529c","cmp_Button_A_Secondary":"85fba862-0dea-47c0-ae98-13f8a14e408c","cmp_Button_A_Primary_Disabled":"ef92777f-7b49-4b72-a87c-026be95e3125","cmp_Button_Secondary_B_Disabled":"41804fee-524d-459b-830b-0faee111937f","lbl_Button_A_Primary_VAR":"9ad44054-8f24-401d-ac40-8179054c45ed","lbl_Button_A_Secondary_VAR":"a42102ab-709e-4010-b090-59aef0932f26","PACo_CommandBar_Item_A Screen":"8cab4163-24dd-4717-9dbf-99c040e9db04","cmp_CommandBar_Item_Back":"177cb5cc-064f-40b9-91cd-9929577a49e8","cmp_CommandBar_Item_A":"3b587aa9-8162-4de3-b40d-4ba9c18aac06","lbl_CommandBar_Item_A_VAR":"50fe9dc0-4a1a-4d9e-a7da-cce96163e725","PACo_Spinner_A Screen":"5eb9dfbc-bae3-4788-bf23-5bad6ed46e02","cmp_Spinner_A":"4fe2b504-1959-44f7-acdb-94ec05074c41","cmp_Spinner_Back":"a5f8a9c7-abb8-4129-9918-ca2710af2e3a","PACo_Icon_A Screen":"849abd3c-8dd9-43b6-8ca9-1176130051d9","cmp_Icon_A":"c08b05ff-f084-43e9-8373-828d545533d4","cmp_Icon_Back":"356cb6d6-9015-48fe-aba8-16646a932209","lbl_Icon_A_VAR":"9f1c91b7-f160-4c98-8955-660b8a2a9752","PACo_Visualization_A Screen":"0445e2ad-6008-4f7f-a92b-8495c435313d","cmp_Visualization_A_Elevation":"37c35ecd-0788-4669-9980-247e1cdd98d4","cmp_Visualization_Back":"a0537c14-9d42-43ad-a29f-4706578874f2","cmp_Visualization_A_Line":"fbf7741f-f734-48c1-bddb-ea4dfcead990","PACo_Tiles Screen":"eae0d78f-9b62-4c9c-9767-f590a619de31","cmp_Tiles_Back":"92a677b6-c628-4785-ba31-51d5b6604f7f","cmp_Tiles_Button_LoadData":"03dcfe8a-2a77-4178-bfbc-8cacec91244b","cmp_Tiles_Tile_A":"c927f6f3-c423-46d9-9eb4-8606934cae24","cmp_Tiles_Tile_B":"5440ca8e-1031-42d9-b7a8-bc3271669566","lbl_Tiles_VAR":"1a108f45-e010-405f-8ce0-a02f445086da","PACo_CommandBar Screen":"7d40bd5c-c052-4da3-bb59-21a0f7a96213","cmp_CommandBar_Back":"371f9d1e-1ac8-41f9-8281-e2c8412c1758","cmp_CommandBar_Button_LoadData":"f1560a45-eb4b-4fe0-90d3-060427c82962","lbl_CommandBar_VAR":"5dc10733-21b1-4b9c-8f5b-cee2b231bcb6","sldr_CommandBar":"0796f7c1-3871-41e1-b97f-3e9af3b60bc3","cmp_CommandBar_B":"e39791eb-5aea-43f1-9b23-5c5d38c5eabb","cmp_CommandBarMenu_A":"c3f9ff66-73ce-4570-afd1-954df7d6a911","PACo_DetailsList_B Screen":"e99a7191-f0df-4141-957d-6046482fd534","cmp_DetailsList_B_Back":"8e62a4f5-b673-411a-95ea-4ce4aa6e4e50","cmp_DetailsList_B_Button_LoadData":"253d6ea6-0f28-45bc-93a8-74156cc6e6fb","lbl_DetailsList_B_VAR":"cec50f8b-a238-4d49-8ad7-db90d2cbd6e0","cmp_DetailsList_B":"39262d09-0d57-4ef6-b3be-bbacfdb92af8","PACo_Dialog_A Screen":"2044281d-4e11-42f3-b708-a227c8ae08fc","cmp_Dialog_A":"1afac886-2b70-4b3b-bd7b-c64f86e04096","cmp_Dialog_Back":"741b5c30-bd7e-4445-82b6-2d2e0416fcf1","cmp_Dialog_A_Button_LoadData_1":"c277b42f-e334-452e-a01b-38b473d6d8de","cmp_Dialog_A_Button_LoadData_2":"f7cbec3d-067a-4a10-8ab1-b5ba944fdd02","PACo_Nav_B Screen":"99dfeba5-7ad2-421b-958d-47e84d978f0f","cmp_Nav_B_Back":"857d853b-5527-451a-8a99-364dc8309d27","cmp_Nav_B":"7943e6f8-583c-4c30-a54d-d520f433fe8a","cmp_Nav_B_Button_LoadData":"d135b419-838d-4eab-854d-86a4bfb36f6f","lbl_Nav_B_VAR":"0724da19-9c10-4a6c-9657-eff310defa3c","PACo_Nav_C Screen":"5e4303d1-7c4f-4fe3-9d3a-d4e045e9a926","cmp_Nav_C":"c61216e1-bb30-4b24-aa94-17eecf2d3bd4","cmp_Nav_C_Back":"4011f748-835a-4d4c-be8f-f97c5035005c","cmp_Nav_C_Button_LoadData":"12483cf5-19e7-49be-896f-854e2c595895","lbl_Nav_C_VAR":"caca6608-e5eb-4cbb-9c49-420f5714e9d4","PACo_Panel_A Screen":"86cd12ec-5f07-4bb7-b007-ac07d55518c2","cmp_Panel_A":"fd3d3093-0a3c-4533-a202-3457dfbe05a2","cmp_Panel_Back":"fe8a0b29-5ead-426f-935f-06655efe9fa9","cmp_Panel_Button_LoadData":"52460957-1b66-4717-b301-0872f253b191","lbl_Panel_A_VAR":"6a69dab4-5a81-4995-bce2-63554769d299","PACo_Tabs Screen":"28b47d9c-62ec-439b-be38-4f7088b46e29","cmp_Tabs_Button_LoadData":"63e3431d-ee33-4b1c-a53f-857b06c07a49","lbl_Tabs_VAR":"db865fd7-86e0-4a54-baf7-bda239e0e2e9","sldr_Tabs":"3f6b97dd-e63b-44b7-ba53-ecf74b4d0c1e","cmp_Tabs_A":"57ec5968-7c6b-4846-992f-76844ebca335","cmp_TabsMenu_A":"5c09cfe9-5f88-4b5f-b22a-93a227805ec0","cmp_Tabs_Back":"8c44f843-c0fa-4c7d-ad5b-02cc63e5e2c8"}