{"__Version":"0.1","App":"69c81fb7-1711-467c-9d60-85b8a346eb15","Test_7F478737223C4B69":"fd241787-4f30-4af6-a853-8cd25a4898c6","Host":"b6c9af76-dfec-451e-8c81-e504ea2d139d","PACo_CommandBar_B":"98b2b0ce-45f5-476f-be8a-c3345b0b7e46","html_CommandBar_B_Visualization":"c4273aab-d3c5-4426-b597-4ee1b2114c52","shp_CommandBar_B_Visualization":"ed0a00e9-9490-4396-9ad0-44b687acf0da","cntr_CommandBar_B":"40872184-f70e-4f5c-92c7-cb5d30427cba","img_CommandBar_B_1":"6b25af9a-279f-4f2d-ab96-23ace6b54c8f","icn_CommandBar_B_1":"84e0d7f5-99d5-4a57-8f0e-f64beb6e4489","lbl_CommandBar_B_1":"3b38cd42-bc8c-4a4f-b65a-4b70d28fcce9","img_CommandBar_B_2":"6af57c75-0f19-42f0-8317-ddd6f17bc0f1","lbl_CommandBar_B_2":"4fb1ce7f-5e40-4293-8595-34b2ccd743d9","icn_CommandBar_B_2":"0fd99052-ad6e-40cd-b4c3-fb87dea05227","img_CommandBar_B_3":"3e7ba6e2-4f37-4c63-a169-4b5291e4b83f","icn_CommandBar_B_3":"97a2708f-1d7f-40c5-b42a-2afab8efbb7e","lbl_CommandBar_B_3":"51fdb5d1-3d7e-447a-a962-2f7871b157f8","img_CommandBar_B_4":"f35d3063-9391-45eb-9e7e-cb1b17fec77f","icn_CommandBar_B_4":"a6a92490-51ce-4b1a-80df-3fa611755e09","lbl_CommandBar_B_4":"c7fdddc6-dc53-4acf-ae02-e69855a085bb","img_CommandBar_B_5":"484b1b17-46c6-4a56-b173-794ed8d2156e","icn_CommandBar_B_5":"a83b48f6-fcde-4457-9908-2faf1e23dd65","lbl_CommandBar_B_5":"93708d5b-ba6c-4885-a2b2-790cbf65324b","img_CommandBar_B_6":"16f98058-cb1b-4e4d-84da-44035c4c035f","icn_CommandBar_B_6":"868a5f8a-c942-4943-bde7-cd46c75aa4b1","lbl_CommandBar_B_6":"d50c2bf5-f857-4f30-ac63-f52da709ef0a","lbl_CommandBar_B_Menu":"979140bd-7744-4274-bfaa-bb2c25e70d63","icn_CommandBar_B_Menu":"c135bd81-4363-4b8d-93f2-a7209a5da4c8","img_CommandBar_B_7":"a4c5486a-9cc7-4893-9b12-5b00ad10ea65","lbl_CommandBar_B_7":"7af793e1-2cb3-4648-a810-4267618c7531","icn_CommandBar_B_7":"c8d4779b-cd61-468e-aa4c-a1c8077614c2","img_CommandBar_B_8":"5252e702-e29b-4c66-8a22-53b45e062ac2","icn_CommandBar_B_8":"b9688d57-444d-4ee5-8861-df4867066b5a","lbl_CommandBar_B_8":"18e88894-8dab-4f15-83cc-69e4fdfb808c","html_CommandBar_B_1":"0535d309-bee8-4451-81a9-92f12e7df9da","html_CommandBar_B_2":"cf31b032-6418-47bc-9acf-bbd1e88ec411","html_CommandBar_B_3":"d0d24ab8-48b2-4e14-aa8d-a0588abb0a2d","html_CommandBar_B_4":"235625d9-76e3-4b0d-920d-0d7f57e021d6","html_CommandBar_B_5":"02616986-5f9f-4443-950b-68767efe45f3","html_CommandBar_B_6":"d86920b7-ecbd-4c5a-bb8b-e02fe55de772","html_CommandBar_B_7":"49768141-664a-476f-9e6c-0333098c1657","html_CommandBar_B_8":"f9825a7f-3984-46c8-9e00-3ebcd9e8b02e","PACo_CommandBarMenu_A":"36decb64-ba1d-496a-bd5b-84377db0ef65","html_CommandBarMenu_A_Visualization":"007ac5eb-5bdf-4e3c-a31d-08d0823704e7","shp_CommandBarMenu_A_Visualization":"0e50ce85-6076-4a09-aea6-6c65d425b850","gall_CommandBarMenu_A":"247ae849-7caa-4fd6-84f2-6db1878049c9","galleryTemplate1":"67a26aae-b9ec-4414-be4e-9ce1179c9b71","img_CommandBarMenu_A_Gall":"643532fb-929e-4f28-821e-5104c8e2cdf3","icn_CommandBarMenu_A_Gall":"87a2cbd9-7954-46fd-855e-bd92f8ef956c","lbl_CommandBarMenu_A_Gall":"79ffea6b-2a41-475c-a6b4-cafc96fa4c12","shp_CommandBarMenu_A_Gall_Divider":"3fb4857a-3135-4588-8683-0ee34bac5c80","PACo_ProgressIndicator_B":"d0b00021-0bd1-41a9-be80-e791fd3ab97c","html_ProgressIndicator_B_Visualization":"efe38db9-3ac6-4438-8645-6246cb2632d6","shp_ProgressIndicator_B_Visualization":"b0237f10-9c42-4008-9b2b-d3853afb024b","gall_ProgressIndicator_B":"165a994b-98fb-4bcf-8654-5490d5a0a577","galleryTemplate1_4":"fc601467-52a5-4168-89aa-fdb9e6e6ee64","shp_ProgressIndicator_B_Gall_Circle1":"04b8962e-e014-4d3a-84a5-ba8b9fef974f","shp_ProgressIndicator_B_Gall_Circle2":"1ba2046f-e178-4e91-aa3d-35ed092ab952","shp_ProgressIndicator_B_Gall_Circle3":"1f6c9d85-cac5-4423-aac6-09c3ce6de964","shp_ProgressIndicator_B_Gall_Left":"42feb719-e094-48cc-9bcd-a11a3cead95e","shp_ProgressIndicator_B_Gall_Right":"80ae67c2-b69f-47f2-a7f3-705a5718b01a","lbl_ProgressIndicator_B_Gall":"e9e70e37-81dc-46e0-bf95-930c431fefe9","PACo_ProgressIndicator_A":"27e69641-43f2-48c0-9474-12bfdeb7d815","html_ProgressIndicator_A_Visualization":"e811a4a7-48d9-4eb5-8afc-44e1848d395a","shp_ProgressIndicator_A_Visualization":"f1af3814-7475-4995-bb3d-5f95a7fd54b2","gall_ProgressIndicator_A":"0a5aca1a-38c0-4da9-8548-d780d80ec9d9","galleryTemplate1_1":"38058154-ab96-45c0-9213-b21e0a518adf","shp_ProgressIndicator_A_Gall_Circle1":"82b999c3-22fd-4627-bbd8-a923f262456e","shp_ProgressIndicator_A_Gall_Circle2":"6f846e0f-9441-4276-bec7-3410a02a4192","shp_ProgressIndicator_A_Gall_Circle3":"6a663751-f4c1-4406-8f90-7b0436c3d113","shp_ProgressIndicator_A_Gall_Left":"e0d9de73-f8f0-452d-8c9d-efd741d135f8","shp_ProgressIndicator_A_Gall_Right":"5f7cc810-0e34-4fb5-96fc-eab07702a89a","lbl_ProgressIndicator_A_Gall":"adb7d705-62a6-44ed-bc1d-8528453576df","PACo_CommandBar_Item_A":"c6b5d3f4-51a8-440d-80ba-1fd51abf655d","img_CommandBar_Item_A":"89e88e8b-2fdf-473b-be9a-f9ac8c22dcc1","icn_CommandBar_Item_A":"562e2441-e1be-4cbc-a922-4ec229d3b37f","lbl_CommandBar_Item_A":"cfe057f3-79fe-4092-bef7-3e036ea5410b","shp_CommandBar_Item_A_Spacing":"a2cd6927-5880-4a60-9773-b93c80aa2c3f","html_CommandBar_Item_A":"bae02469-f174-41cf-b036-2cfba19afe7b","PACo_Button_A":"9af56740-325d-4d31-90c7-d397cc89725b","cntr_Button_A":"5118114e-b67b-420b-bb07-85d0174fff58","shp_Button_A":"a3734ea1-1906-4254-bc7e-d1d5a1f7a47e","img_Button_A":"e554d3bb-14e8-4c16-8055-b15a70ceb493","icn_Button_A":"ca6db305-3376-43d3-bbda-bce12775b40e","lbl_Button_A":"7f544bd6-9dfa-4cb7-8405-1bdbed2635f3","html_Button_A":"84e3e7b1-7a87-4c8d-8de9-51fe631799f5","PACo_Tile_B":"12288513-48a6-4eea-a36e-e7e6f102480e","html_Tile_B_Visualization":"94bcd74f-5972-45d9-af64-89a162ca6c3a","shp_Tile_B_Visualization":"4514396b-b069-4de2-903e-f16b9c6cd830","lbl_Tile_B":"fa32872e-ee4c-4f0d-8474-2d947ae4627d","icn_Tile_B":"61124a6c-9928-416e-9011-f14b448490e2","PACo_Icon_A":"066cfb4c-1d62-4e32-99cf-3b257fefab77","html_Icon_A_Visualization":"9d1f5f1b-a72c-4dbf-9503-433a4ce83cc6","shp_Icon_A_Visualization":"c639180f-d18b-48fc-b304-cf97647538fa","img_Icon_A":"d3a08ee0-803e-4706-9f55-3c9e92091980","icn_Icon_A":"43bff470-13bc-481a-8520-f51817b5c87e","PACo_Visualization_A":"225e023f-a4f6-4027-bfa6-0db95156445c","html_Elevation_A":"47024a06-e5aa-43da-b2a0-c68b1c0226ea","shp_Elevation_A":"2a234058-729b-4f83-a152-e890ddac2266","PACo_Tile_A":"3dbc2a68-f1be-4293-980d-00a12eecdfb1","html_Tile_A_Visualization":"40177774-3772-4e4e-bd29-4481b8fe9442","shp_Tile_A_Visualization":"f86cf28a-d30a-422b-8b1f-26c6980f5260","lbl_Tile_A_Text":"b0fd8eb2-7ec7-47a5-a1d7-c0c88fc47212","lbl_Tile_A_Value":"a05b4f60-f7b8-42c9-a84b-b41dd49b6eb2","PACo_Spinner_A":"12a2ff83-547a-4a7e-9ae2-988b16d1b151","img_Spinner_A":"bf507ec7-be49-4254-bd00-bf7ad128ea34","lbl_Spinner_A":"a76ed43d-6cef-4e39-bd26-756e546992d2","PACo_DetailsList_C":"5555cc69-c74c-4c98-91ec-2cf22e5e63ba","html_DetailsList_C_Visualization":"1d343304-c591-4bdc-a26b-692c13010f7d","shp_DetailsList_C_Visualization":"055d4c43-f4bc-4dbe-9d9c-2a12d69940cc","gall_DetailsList_C":"9f2705c8-836d-4a04-9527-2e249df1a212","galleryTemplate4":"7929d6b0-c686-4a8a-b33a-ef912fde2eee","shp_DetailsList_C_Gall":"a30ca1dd-9fcd-4f84-b5aa-bf5db7750b43","cb_DetailsList_C_Gall":"576f3d35-3e81-4f59-a1ff-9ac42c67f2bc","lbl_DetailsList_C_Gall_Title":"3427d73e-68c7-4e1c-8d79-820d0a12e4bf","lbl_DetailsList_C_Gall_Subtitle":"edea31dc-75df-479f-90d2-38c3af97b77e","lbl_DetailsList_C_Gall_Body":"99d0fb3a-b13a-4dd9-867b-25b15af2afa9","shp_DetailList_C_Gall_Divider":"64d3c277-c1da-448b-b12e-0b0dc85774f5","PACo_Nav_C":"dd1ac899-f22e-4e69-b88c-7479172ee5a4","gall_Nav_C":"b2a443b7-d03d-49e9-bc73-c9ecc826ad59","galleryTemplate2_1":"48ddbbcf-fdcd-4014-b3a2-25a4fde7855d","shp_Nav_C_Gall":"2fc79872-79d3-4432-845e-0a35480ef558","img_Nav_C_Gall":"910b08fc-0e2f-4059-a78f-c63607b64c78","icn_Nav_C_Gall":"94f00713-c4d6-4d8b-b2a1-2fed698123b9","shp_Nav_C_Gall_Divider_Left":"222aa47e-fa3a-4eaa-8a07-73b29d3c3880","shp_Nav_C_Gall_Divider_Right":"e1be6ddb-3d07-4216-a86f-8658b7b1aa3e","lbl_Nav_C_Gall":"f81fc367-563e-4b16-9de1-f21551bf0719","PACo_Panel_A":"d6c4b87e-c56c-4c64-a52a-725cdda7e22d","cntr_Panel_A_Button":"414eff2b-2eaf-4834-99f5-520f62177aad","shp_Panel_A_Button":"24556301-ab52-408e-852c-828cd61a1c28","lbl_Panel_A_Button":"d0dd8149-f2c9-4d41-9548-9ad47e2af90a","icn_Panel_A_Button":"b4a28219-2c34-4a58-9469-e8b9325ae279","img_Panel_A_Button":"eeafc7f3-a381-42f3-bc0a-03f1f06aa283","html_Panel_A":"d09f5a6c-0fd7-4a81-a080-fa177f1ae86e","shp_Panel_A_Area":"805d299b-94bd-4788-9721-4f27c0aad4bd","html_Panel_A_CommandBar_Visualization":"405946d0-5181-4fce-8a3b-06cdb449c25f","shp_Panel_A":"5a9eb88b-7b7f-40d5-b9e6-c7d0dbb01d15","shp_Panel_A_CommandBar_Visualization":"4f92b0cd-ca4e-4ff0-af77-0d68b3857c46","cntr_Panel_A_CommandBar":"8dd16ea2-8d48-4f2b-a29d-0516b81ef212","img_Panel_A_CommandBar_1":"148f066e-38f7-42c7-88b9-c6583fde7cce","icn_Panel_A_CommandBar_1":"6e2baeac-19cb-4143-86ad-df9858eea0ba","lbl_Panel_A_CommandBar_1":"116a147b-7121-4cd5-9659-938d1271c6d4","img_Panel_A_CommandBar_2":"e336c59a-88b0-4477-85d5-b87c729b3d07","icn_Panel_A_CommandBar_2":"026125c0-0ae3-4430-9626-86b4de06bb8d","lbl_Panel_A_CommandBar_2":"d7987542-818f-48cd-90f0-d2671060cd23","gall_Panel_A":"ca56cc5c-6c92-41fb-a8ab-912c2a3f208d","galleryTemplate2":"d32c745d-1cf8-475a-959e-7d0b321b1909","lbl_Panel_A_Gall_Label":"c2a23381-ebb0-4cfa-b18c-2bc542a95808","lbl_Panel_A_Gall_Text":"ca59fb2c-9084-41b7-be77-996d36eae758","html_Panel_A_Button":"168894a3-7c20-43bc-8321-a2819db9f387","html_Panel_A_CommandBar_1":"b624effd-3b71-4ae1-8233-b5abb3f5fc4c","html_Panel_A_CommandBar_2":"683b0587-d14e-40d5-ac2a-a5abc9ebacc0","PACo_HeaderSettingsMenu_A":"4f80e833-6367-4698-a8b0-eed49f35683c","html_HeaderSettingsMenu_A_Visualization":"6f7d62c0-b87c-4bb4-b007-9b9df9ac21a8","shp_HeaderSettingsMenu_A_Area_Visualization":"cc954226-98a7-4b0a-ab0d-ff4cfa5107ae","gall_HeaderSettingsMenu_A":"60227f27-cac9-43c1-aa43-f950cf1340b7","galleryTemplate1_2":"bee22226-81b2-4bab-8126-738aca6b9ccb","shp_HeaderSettingsMenu_A_Gall":"8f06cfb4-e2d6-4213-8eb4-3420180ee86e","lbl_HeaderSettingsMenu_A_Gall":"d955bb50-47b6-4069-a55d-e5a0257beaad","icn_HeaderSettingsMenu_A_Gall":"61f06de4-ed83-4793-8f90-0e42bb501b1b","shp_HeaderSettingsMenu_A_Gall_Divider":"b6ec06c0-1613-4ecc-b6c9-9e9a6ad9fde5","shp_HeaderSettingsMenu_A":"83bf1df3-c237-40c2-ab72-fbcbdc3e298f","PACo_Nav_B":"005c564e-8e12-4c2f-8db1-774eb7b8e66f","html_Nav_B_Visualization":"dbdedd64-ebfe-404e-af1f-06e7c476204b","shp_Nav_B_Visualization":"dc1ebfef-454f-4586-abd0-e1ed2f6db05e","gall_Nav_B":"04010010-bb95-4342-9251-ed97afb31bc0","galleryTemplate1_3":"d297ff4b-1fb5-4142-8c40-e01931f38937","shp_Nav_B_Gall":"9d5ffa58-7090-4850-b42a-a9185134e74d","img_Nav_B_Gall":"517129fe-67b4-4a14-9270-dc564a54927d","lbl_Nav_B_Gall":"676d8144-76ee-48cb-be07-1c20a5fb4a10","icn_Nav_B_Gall":"071f8878-e0c3-4df7-9f7d-72346df87f84","shp_Nav_B_Gall_Divider":"f3fddf76-d92a-44f3-9d89-0e1ed5e68edc","PACo_DetailsList_B":"f9f9f96f-fee2-47d5-a77e-2de91e9aa0da","html_DetailsList_B_Visualization":"eb174ffc-58dc-4081-947d-0b05423a910b","shp_DetailsList_B_Visualization":"a2805168-75b4-423b-96f2-3af546b402bd","cntr_DetailsList_B_Main":"63c53ae0-6584-4af4-b4fd-2ac8c9c69dcf","cntr_DetailsList_B":"1f82b3a6-832d-4a51-8562-ce147ef7610d","lbl_DetailsList_B_Header_1":"d976fdde-c1ca-4fa8-b174-8ee59951ec47","icn_DetailsList_B_Header_1":"7b73c8fe-6c0c-40df-a7d2-a28d6c3605e3","cb_DetailsList_B_Header":"97d52d86-8a96-4ae7-9eab-7a53f2ad4dbd","icn_DetailsList_B_Header_Sorting":"ac0858be-0b72-480a-830c-1936a64e49d5","lbl_DetailsList_B_Header_2":"3becd35d-0918-4c22-ab93-e129fbb9a8ff","icn_DetailsList_B_Header_2":"bd8d8399-ce89-4521-96c6-573f79542de4","lbl_DetailsList_B_Header_3":"5aa7c0e8-19e6-4031-9066-bd12177734fd","icn_DetailsList_B_Header_3":"d52ee262-c25e-4ba7-8d80-0f5218d7e814","lbl_DetailsList_B_Header_4":"33864621-964d-40dd-b608-8a71196a0bb5","icn_DetailsList_B_Header_4":"6f4ce70d-8819-4569-a42f-58d734938162","lbl_DetailsList_B_Header_5":"e486fea5-4b1e-4566-9562-e8192ebd54db","icn_DetailsList_B_Header_5":"38d5922e-d051-4826-a9c5-fb8ec8035117","lbl_DetailsList_B_Header_6":"753c5b06-1507-435f-97e4-09c60c8689bb","icn_DetailsList_B_Header_6":"f1193f00-7fb6-4756-a105-418090a12bb7","lbl_DetailsList_B_Header_7":"c4736fcf-8347-4153-aa0a-79fc05d96a2c","icn_DetailsList_B_Header_7":"fde928f1-8098-4b07-8e39-73287ac0bf5c","lbl_DetailsList_B_Header_8":"5de4bb62-c542-4412-b9bc-014c82bdfc01","icn_DetailsList_B_Header_8":"9fc8268d-14c2-4517-971e-4852ca117ecb","lbl_DetailsList_B_Header_9":"56075923-0696-41ff-90b7-f9d9f4186d4c","icn_DetailsList_B_Header_9":"a38722cc-1a12-46e2-9760-b9ddabb8e7ef","lbl_DetailsList_B_Header_10":"3dde44d7-2697-4d6f-b0d5-2492bc704407","icn_DetailsList_B_Header_10":"85923d8f-db06-431a-a95b-139756855116","gall_DetailsList_B":"0d08327b-66a1-4e8a-b0a3-5ebf3257d1fb","galleryTemplate2_4":"a2f44cda-46a0-4a76-872b-38069f129655","lbl_DetailsList_B_Gall_1":"4ccb8437-7a0e-4e44-9918-893a5e442f27","cb_DetailsList_B_Gall":"62b55360-be30-4a0a-85a3-78b38c152c24","lbl_DetailsList_B_Gall_2":"92cdd487-b9fb-45db-8582-7ee1f6ba82a3","lbl_DetailsList_B_Gall_3":"f69bbf72-1c1e-4d3b-a523-2692051e91be","lbl_DetailsList_B_Gall_4":"6e997f55-9922-4975-bbed-547b98f56e94","lbl_DetailsList_B_Gall_5":"e6d1ded8-0512-453f-b19d-c03b5f7c49a7","lbl_DetailsList_B_Gall_6":"6cba91d3-4f54-4925-a95c-cba1de65b069","lbl_DetailsList_B_Gall_7":"66da09d5-691e-40fc-a730-5ac7ae0f1736","lbl_DetailsList_B_Gall_8":"0ac7b5df-d4fb-4c56-8f39-54b7f07e2655","lbl_DetailsList_B_Gall_9":"02bf56be-b0ff-47a4-b7f6-419be10c5a0a","lbl_DetailsList_B_Gall_10":"c5d52330-af88-494e-9a81-d1596cf26c26","shp_DetailsList_B_Gall_Divider":"f26b53ad-3c4c-413c-b3ad-8b92223b1456","PACo_Dialog_A":"66de3514-9981-44a4-beaf-3b838c2e1f7a","cntr_Dialog_A":"42a7dccb-73c1-45ba-8c39-95ebc4c4267d","html_Dialog_A_Visualization":"a94acef2-2902-4b1e-af44-00bdeeb9caaf","shp_Dialog_A_Visualization":"29823665-9dea-4b94-9ad6-2869b71fe85f","shp_Dialog_A_Area":"6c2b1883-8651-454c-8dd4-8bb7ee8b59fb","lbl_Dialog_A_Message":"db4798ca-e179-4422-87d8-294703f599cb","html_Dialog_A_Message":"aa98bdf7-1057-46ae-a45e-11918f62bbbb","lbl_Dialog_A_Title":"c03c6d39-78f7-4b42-9a96-0c9a2e1b81a3","cntr_Dialog_A_Button_Last":"c8a6aaf1-5d85-48a9-b3e5-7ff252fafc51","shp_Dialog_A_Button_Last":"2242c769-c37a-4433-9241-4c4c36d561c8","icn_Dialog_A_Button_Last":"b0ebb150-aab4-4dc9-9967-1a33939b0a3b","img_Dialog_A_Button_Last":"7cc02367-8807-4a31-a917-98adea6b636d","lbl_Dialog_A_Button_Last":"e86ccbd3-72c1-438b-96eb-2d00e583883f","cntr_Dialog_A_Button_First":"1dd1e8a4-e4fd-4c24-bf50-0ac8ef07876a","shp_Dialog_A_Button_First":"7800df5a-e9e2-400f-b14c-454e6c92bd7e","icn_Dialog_A_Button_First":"b5f704e4-d28f-445a-9fb8-7f830cacae18","img_Dialog_A_Button_First":"8eef04fc-76de-4d75-8412-863eafe2ea25","lbl_Dialog_A_Button_First":"7aec95b5-ee58-44e3-98bb-858d42bfb6bd","html_Dialog_A_Button_First":"408cf069-ebe1-45ff-bf42-60e670aaa068","html_Dialog_A_Button_Last":"7e024f65-0f06-4057-82e9-ca0a1a375c44","PACo_Header_A":"171e572b-9f14-4291-b102-7a7d109ec5d3","html_Header_A_Visualization":"518883d3-2af8-4a4a-8000-5c42c97bb3cb","lbl_Header_A":"27b1b516-1182-4c5f-9b20-cd242cf03d04","img_Header_A_Back":"c6dbc923-1713-4db6-b539-6cae3dcc472b","icn_Header_A_Back":"b9c8053e-9d6d-41a7-a267-04dfb0ea8076","img_Header_A_Nav":"708325b4-5f9e-43a4-814d-2f521f6cc6dd","icn_Header_A_Nav":"d10720ee-c415-4e4d-993a-1506b9078a2c","img_Header_A_Logo":"0c6bd3e6-1c8e-448e-8fb6-28f8ab5ebfae","icn_Header_A_Logo":"d09e82b5-de2a-4479-b5f5-550d328d069b","img_Header_A_LanguagesMenu":"00e07fbe-bd8f-4c7d-87da-438bd213f117","icn_Header_A_LanguagesMenu":"f14be4fa-aa1f-4cef-8999-e3a8305306a6","img_Header_A_Help":"fd3c1eea-8bb6-44fa-a1f8-88bcb78467b3","icn_Header_A_Help":"cc305fe9-f027-4bdc-a4a7-b199829eb65d","img_Header_A_SettingsMenu":"9d5795c7-f487-43db-a772-c449a1db9b2c","icn_Header_A_SettingsMenu":"1d7a646c-b21f-4bf6-afa0-7370081fadc0","shp_Header_A_Visualization":"72bb8c1d-1c77-4603-814f-686b84f3b5ee","PACo_DetailsList_A":"c3067228-6779-495a-977d-ddd4b191341d","html_DetailsList_A_Visualization":"7062b880-f01b-436a-98e0-784dab72b3b8","shp_DetailsList_A_Visualization":"546963f8-3040-436d-97ba-a581d3ab924e","cntr_DetailsList_A_Main":"32b17685-c516-4aa4-a786-1245c351ce55","cntr_DetailsList_A":"2277d950-5ef9-4f38-a3ad-8e2c733a18b2","lbl_DetailsList_A_Header_1":"0b4dd6c7-5931-4d34-b0e4-a86b2c1723a7","icn_DetailsList_A_Header_1":"b7fd9d21-2f6e-4e78-8219-75879a3890c2","cb_DetailsList_A_Header":"449a67d5-a237-4db8-8e48-674305b8439a","lbl_DetailsList_A_Header_2":"751ec106-398b-4a0e-96e0-67c6457079bc","icn_DetailsList_A_Header_2":"fe970384-914b-48cf-b454-700b66dc5c76","lbl_DetailsList_A_Header_3":"8fd246c9-d41c-4e35-85cb-bcdc30636fa8","icn_DetailsList_A_Header_3":"a0f75e29-4025-4425-aa91-50e883fd9845","icn_DetailsList_A_Header_Sorting":"c2c7aaee-3051-4d9f-823e-8d21921e2de1","lbl_DetailsList_A_Header_4":"921719c2-c4d2-4cb1-87e3-9ce9c301e554","icn_DetailsList_A_Header_4":"f7e23591-f36d-4bdd-94c0-a4b6b0f2cbce","lbl_DetailsList_A_Header_5":"5a6e356f-15b6-423d-b6f2-c9678f9404ad","icn_DetailsList_A_Header_5":"d32e56bb-5c48-44cd-9c6a-df92741efb61","lbl_DetailsList_A_Header_6":"e558dfcc-8e34-43e3-94dc-8a424d3996a5","icn_DetailsList_A_Header_6":"53a966ac-0372-494e-97f1-7a577c8f3e84","lbl_DetailsList_A_Header_7":"677f32ce-a96b-418b-9bfd-32ab0b898257","icn_DetailsList_A_Header_7":"2bc6768b-4e01-4925-bcc5-1cc500c31bc4","lbl_DetailsList_A_Header_8":"7b0f349b-9a53-4577-b4bb-00e8ff338fe7","icn_DetailsList_A_Header_8":"ca005e13-9291-4912-baf1-359759024597","lbl_DetailsList_A_Header_9":"c1f52dda-e1eb-44a4-a733-a543bc1523f4","icn_DetailsList_A_Header_9":"dbb59f18-bdb9-452d-99f7-4f14013ada58","lbl_DetailsList_A_Header_10":"e79c6661-ace0-4d45-8f5b-57ba539defb2","icn_DetailsList_A_Header_10":"3eec5386-fc8d-4134-90ed-4bec3b13bf56","lbl_DetailsList_A_Header_11":"0fdb5021-d8f8-4a0b-ba09-3bdf14347e8c","icn_DetailsList_A_Header_11":"cac85ac6-4e54-4f99-a5cf-d5daa26db103","lbl_DetailsList_A_Header_12":"81acc00b-c6a2-4676-900a-5a45ffc829e6","icn_DetailsList_A_Header_12":"dd123b7c-40d8-4154-8716-300deb7a439b","lbl_DetailsList_A_Header_13":"9887e723-e312-44fb-96bf-323163985dc8","icn_DetailsList_A_Header_13":"f8470f50-4b0c-4694-8efd-0383e2675f9d","lbl_DetailsList_A_Header_14":"6c85cc6c-6bf6-49cb-bf77-8bd920c83578","icn_DetailsList_A_Header_14":"fb720bbe-858e-4912-8e35-a72dead59fbb","lbl_DetailsList_A_Header_15":"d158b7e7-4450-4e4f-bd89-ba44cbebb413","icn_DetailsList_A_Header_15":"87ba5273-6445-4540-940b-ad70ebe10acc","lbl_DetailsList_A_Header_16":"82a1e606-e35a-408f-8486-0a0664fdb456","icn_DetailsList_A_Header_16":"364afdca-f8c5-4844-8272-ec6d7da5c51e","lbl_DetailsList_A_Header_17":"dd61ad4c-4aff-40e1-837c-fe0112e8fa1d","icn_DetailsList_A_Header_17":"cb7f8672-e746-4ecc-977b-7e06cb4b9eef","lbl_DetailsList_A_Header_18":"714b0e5c-3eed-40c4-991d-b2d3d0920897","icn_DetailsList_A_Header_18":"1200093c-d592-4130-a05c-24b0e3a85e5b","lbl_DetailsList_A_Header_19":"8ab571bf-0786-4c35-ba70-22e4a9fb9a5c","icn_DetailsList_A_Header_19":"44c605d1-344a-448c-8513-c54f0007f72d","lbl_DetailsList_A_Header_20":"a2da7fc5-4101-48c8-8e85-cc4f8dfb174f","icn_DetailsList_A_Header_20":"4c2379b8-7a4b-40e2-9c89-311de8932648","gall_DetailsList_A":"bd14d55a-d941-4f0a-98fa-889f1cc5208e","galleryTemplate2_3":"75455783-663e-4698-a838-d165164c6c75","lbl_DetailsList_A_Gall_1":"34352132-41e6-4430-9586-7a034eff53fc","cb_DetailsList_A_Gall":"b7ff4f3f-feae-4842-8dd4-29349cd6f4d6","lbl_DetailsList_A_Gall_2":"395cc0be-c92f-47d9-9d28-332f195e5026","lbl_DetailsList_A_Gall_3":"3d946ca0-9e42-449f-a7d7-4c99e8a7e095","lbl_DetailsList_A_Gall_4":"cf1203f2-a83d-4b19-a91a-4470f54743bd","lbl_DetailsList_A_Gall_5":"aa936265-eb00-4acc-ae63-11345f42e1d9","lbl_DetailsList_A_Gall_6":"37e3ccea-588e-4362-b273-62a683b19d4d","lbl_DetailsList_A_Gall_7":"89660bec-146e-4053-9d6b-191cd7c3b52b","lbl_DetailsList_A_Gall_8":"d228ef08-ef5a-4b2b-8848-47fd25203636","lbl_DetailsList_A_Gall_9":"731b0bfe-177c-4115-9c69-b1cf2d87745e","lbl_DetailsList_A_Gall_10":"136445b9-dfaa-433e-9e7c-606c364cc2ee","lbl_DetailsList_A_Gall_11":"5c720ca4-2e2a-4cc4-869f-8f0dba1de053","lbl_DetailsList_A_Gall_12":"1f784104-d2d0-4040-896c-360b018745f0","lbl_DetailsList_A_Gall_13":"3028404e-da5c-46cf-ac1e-8946077645c4","lbl_DetailsList_A_Gall_14":"d819208a-d43e-45dc-8656-0dfea26adac3","lbl_DetailsList_A_Gall_15":"6e806e3e-88a1-419a-9151-2c77add2f9a8","lbl_DetailsList_A_Gall_16":"d2e47d05-9588-4fb0-b5ab-9335e0edc4eb","lbl_DetailsList_A_Gall_17":"a7f26571-65e4-4165-94d1-43bec15d783d","lbl_DetailsList_A_Gall_18":"f525735a-d023-4d87-9f55-31a8faadeacb","lbl_DetailsList_A_Gall_19":"ce0273e6-b556-4d28-aa08-5c22c17ba0c7","lbl_DetailsList_A_Gall_20":"af9049c0-ef6b-4a17-a3e6-a8b7ca56bf5a","shp_DetailsList_A_Gall_Divider":"5e343055-d1a4-409b-a80b-7a8ce6377ebf","PACo_SearchBox_A":"63e9bac8-f83b-4ee3-a479-6d835ad78c48","html_SearchBox_A_Visualization":"9e913bcf-3b7a-41fe-b1ff-3b36e59d7cad","shp_SearchBox_A_Visualization":"43623f4f-cf32-4317-be37-91e128006461","ti_SearchBox_A":"2557d956-b9ab-4605-8d1e-9162bcaf165a","img_SearchBox_A_Search":"bc2ec759-f6e4-4aed-8e54-48c4cd4775ab","PACo_Tabs_A":"cb3b8d8d-7028-48a5-b48f-d5c5694909df","html_Tabs_A_Visualization":"4174aa01-af0e-47d8-8925-0d7c407b888e","shp_Tabs_A_Visualization":"af507e15-450d-4132-bde0-20571b9e2ffe","cntr_Tabs_A":"2d2cd8d6-ed70-48cf-833d-70a004ebe581","lbl_Tabs_A_1":"64503702-118d-4ae7-b059-f5daf1c87e92","icn_Tabs_A_1":"0c020ab7-c156-4bd7-9d5e-5f15cabf03dd","lbl_Tabs_A_Menu":"a7332589-7721-4097-9d0a-c1903b4d4b12","icn_Tabs_A_Menu":"deb126af-9d20-41ad-8c1d-f3a83c91b430","lbl_Tabs_A_2":"200523c3-5a76-48ad-83f4-e9f44a11e190","icn_Tabs_A_2":"57c66954-47d6-4218-ae21-e60c44633537","lbl_Tabs_A_3":"7eaf90d6-9519-4419-b8fe-676d70cc2e60","icn_Tabs_A_3":"77e025ee-aafd-4f4e-98b6-3342ad517e75","lbl_Tabs_A_4":"512d5695-feb9-431b-ad72-e09501f42877","icn_Tabs_A_4":"58c04892-ea19-472c-80a8-cd4c849a15a6","lbl_Tabs_A_5":"b426705c-be29-4de8-b56a-96764a6156d1","icn_Tabs_A_5":"80a93000-ad0c-413c-b539-ae59998d6f80","lbl_Tabs_A_6":"190462e9-8a82-4f18-bdc9-763451a174f9","icn_Tabs_A_6":"d09eee41-4c26-45ae-9d6f-3a631a431c34","lbl_Tabs_A_7":"f814097a-73f0-4d4f-a0db-63a1ddebdd50","icn_Tabs_A_7":"5798838f-c272-4adf-a274-52eee5ba0622","lbl_Tabs_A_8":"c5a3a9f2-fdf9-4b64-b3b1-0dad4f63f236","icn_Tabs_A_8":"c2a9de5d-dbf3-49fa-b69e-16b8362b4add","shp_Tabs_A_1":"908bbee2-757b-40db-8873-33ac190d1294","shp_Tabs_A_2":"17dae553-1563-4c6d-9fe7-9c3bce7103df","shp_Tabs_A_3":"4052cb89-4256-444c-a431-9c4392d2ca9b","shp_Tabs_A_4":"1ee9770a-9fd8-4390-b415-e260a7f2f23b","shp_Tabs_A_5":"7368a5fe-8710-4155-9180-6db9048c4112","shp_Tabs_A_6":"b5c2c1ca-838e-4e79-a481-8fce033c94fb","shp_Tabs_A_7":"7eed7a88-86e1-4b9c-8780-ad99ec6db1a2","shp_Tabs_A_8":"d7b86aad-e5ef-4e10-913d-183cec2a81d2","html_Tabs_A_1":"b42a4db3-cb34-4771-8909-b3dc06c3ce47","html_Tabs_A_2":"c3077024-3df1-4563-96cb-5dac96a7248f","html_Tabs_A_3":"b62aa3ee-7963-4af7-ab47-8d3a503b4fa8","html_Tabs_A_4":"d0a0f14b-9121-4147-9434-f1da9b72f325","html_Tabs_A_5":"9e8c115f-ada3-4210-aa33-833e6474c364","html_Tabs_A_6":"28c55006-739f-4e6b-bbb1-6126db35f24e","html_Tabs_A_7":"fb4d5824-d8a9-43bd-a07f-8d6c4b8ee036","html_Tabs_A_8":"3e80f204-dc26-4c5d-a208-d3a464b96858","PACo_HeaderLanguagesMenu_A":"17505eaa-5b2f-4ad4-86f9-a2b1f666513d","html_HeaderLanguagesMenu_A_Visualization":"e44dac2d-fc26-486a-80b8-d77bfaf9ad18","shp_HeaderLanguagesMenu_A_Visualization":"e6c85692-23d9-4548-a8b2-8958cede9c6f","gall_HeaderLanguagesMenu_A":"dda3210e-bc2a-4e4b-8b04-3b8e61e0dfdf","galleryTemplate1_6":"9d7a5826-8274-47fc-886d-07e5b03b277b","img_HeaderLanguagesMenu_A_Gall":"72291f9a-0090-4a44-9d49-e7c96e83cb3e","icn_HeaderLanguagesMenu_A_Gall":"3545ae6d-b789-4b5b-889a-535f8046d8fb","shp_HeaderLanguagesMenu_A_Gall_Divider":"454946b1-560a-4035-8bd8-1a67455bc9c1","PACo_Log_A":"510d06a7-0332-46b6-aec1-db07245b3562","html_Log_A_Visualization":"0582bc8e-df7f-40ea-af26-d804cb862336","shp_Log_A_Visualization":"6be58e4f-22ae-4eaa-85a4-1906c070d9aa","gall_Log_A":"a0fcfadd-f68e-44ed-82d6-c2558451b116","galleryTemplate1_5":"435b2653-8cd3-4c29-97dd-2675ce814508","shp_Log_A":"b1950a9c-fa3b-4749-88cb-2dde8ac09b57","icn_Log_A_Gall":"d5bf399d-bda8-4fae-8b4d-caebf1023dc9","img_Log_A_Gall":"150761b9-7710-42a8-87ef-45658f9faff5","lbl_Log_A_Gall":"328950d3-67b2-48da-ae48-44e349ff072c","shp_Log_A_Gall_Divider":"de3055d6-9d14-4be3-8a54-2e97ea34ca93","PACo_SelectList_A":"ec74b08a-0eb8-4066-a37a-db737f74b1aa","cntr_SelectList_A":"df3a0cd7-eefc-4223-a17d-bacee700b67f","cntr_SelectList_A_Button":"e94052c1-ad36-4e98-9ed4-276ff137677c","shp_SelectList_A_Button":"feb895b2-abbe-4da4-b252-5ca15b70705e","icn_SelectList_A_Button":"ab6d2512-8a36-4575-8a65-202d0823cd17","img_SelectList_A_Button":"d368964a-fe10-49e8-bbb1-1c814ce0e25e","lbl_SelectList_A_Button":"e872908b-a014-4074-93c8-546fe2a93a40","html_SelectList_A_Visualization":"dfbd63d5-18d8-4881-b80a-1cc06473816d","shp_SelectList_A_Visualization":"f14ef981-4d7b-4426-a6f4-60e5a8db3747","shp_SelectList_A_Area":"d06c43a7-c3cc-4dc6-8643-979a84ae2e4d","cntr_SelectList_A_Search":"9b60e25d-e14d-4479-bb85-bff98fd05ab5","html_SelectList_A_Search_Visualization":"e15c144a-a5f7-425b-8ff0-08c597545fd6","shp_SelectList_A_Search_Visualization":"702280f2-f516-4124-9aca-8786b332b957","ti_SelectList_A_Search":"f3177eb6-af94-4719-897c-e0d674190b1a","img_SelectList_A_Search":"6623b8e2-0c1e-4599-a40f-4d30ac9fdc95","html_SelectList_A_Gallery_Visualization":"8ec5cec3-3d6f-4eed-9192-cfefcca09ee7","shp_SelectList_A_Gallery_Visualization":"582460da-21fc-44de-82a1-e0bbc88af2ab","gall_SelectList_A":"023a7d78-a5df-4cff-94dc-6d8a14ff99ab","galleryTemplate5_1":"48a61036-b7f6-41e3-bac7-6ee4add618ab","lbl_SelectList_A_Gall":"774c3405-7ca6-48f5-a1a9-259715adfea8","icn_SelectList_A_Gall":"be1894a7-dc12-44f1-9a03-03fee6323fb7","shp_SelectList_A_Gall_Divider":"74b50979-e823-46be-bbed-c1ccedac394a","html_SelectList_A_Button":"5e2ae8ec-999f-4624-b2e6-262b0a83fc6c","PACo_TabsMenu_A":"018e2b60-bff3-4c00-8f3e-65c2aa02a8ce","html_TabsMenu_A_Visualization":"628b2493-89ed-4d39-9fff-87ded1061fd7","shp_TabsMenu_A_Visualization":"74c005d1-ebf7-43cc-ab70-d5c72cf7aec8","gall_TabsMenu_A":"e7b9179b-7e80-444e-af68-3edd009f7dc5","galleryTemplate1_7":"d08fd757-dbcb-42d4-9501-e0904321e964","shp_TabsMenu_A":"dae2fc7e-66d6-4726-8dfa-46f00f777748","icn_Tabs_A_Gall":"dc603401-6a1e-4a17-a439-ae8fe577aa2c","lbl_TabsMenu_A_Gall":"56c09bfd-b89b-4c03-b1bf-2a54f288f780","shp_TabsMenu_A_Gall_Divider":"12ae2e48-05c1-4e26-9b56-ea96b7c7e3ee","PACo_Log_A Screen":"d031df28-1216-47d5-9276-10d32a40aae7","cmp_Log_Back":"3ccfa5a9-e9d1-4271-bc57-b178cc7a6b0c","tmr_Log":"6d576875-7890-42c0-9da7-857d28fe1fe3","cmp_Log_A":"56e998e0-864f-405e-9c4f-c0a3cc96d7c5","cmp_Log_Button_LoadData":"be965022-2339-4e00-80b1-2415a05361c9","lbl_Log_A_VAR":"7b571760-e720-4ed3-996e-92b51fc85a17","PACo_SelectList_A Screen":"38f8ecc9-3ee3-4fb2-98f8-94e7b5e92636","cmp_SelectList_A":"aee3c8f6-95da-4c0b-b8d8-dbec97ffc173","cmp_SelectList_Back":"fd62c73e-20eb-4742-887a-937023e98eff","cmp_SelectList_Button_LoadData":"5d454ed1-7a6a-4922-9b8e-ef57b218fd28","lbl_SelectList_A_VAR":"e02ee09b-e02f-4439-9fae-7c621971c473","PACo_Header Screen":"b51bda0e-148c-405f-b210-d45b86e446c7","cmp_Header_A_1":"97b05ca9-2860-4dec-88a3-73249944ea9a","cmp_HeaderSettingsMenu_A":"a71ff017-88eb-4a7a-bde0-f9bfc2f65beb","cmp_Header_A_2":"de3eb4ea-5ef7-443d-9a61-d0f527ba27a2","cmp_Header_A_3":"d557d8b9-f966-47a0-ada2-fb788481860a","cmp_HeaderLanguagesMenu_A":"1f38f073-fdbe-4013-973c-504ce0f5bbe0","lbl_Header_A_VAR":"31d0265c-bda4-4d8c-87f2-cb239b4ad8e1","cmp_Header_Back":"a85047fb-16df-492a-ab35-54070072f720","PACo_DetailsList_C Screen":"fe27447e-2201-424d-beea-a55b568c7f0e","cmp_DetailsList_C_Back":"a5674e88-5b42-4038-a5d8-a9e80af7f59e","cmp_DetailsList_C_Button_LoadData":"e493dc84-b781-45bb-90c4-e0994ce388c4","lbl_DetailsList_C_VAR":"8773665d-6d38-4670-b3d6-17425bd504ac","cmp_DetailsList_C":"7108906e-a5b0-4e0c-9421-09d0c97e9df7","PACo_SearchBox_A Screen":"1cc43c6a-b2d9-45b2-bcd1-fb07bba0f8cf","cmp_SearchBox_A":"27ceb5f3-6f76-4c1a-9643-1d0f995d2c5d","cmp_SearchBox_Back":"ad855773-4286-48f4-93f4-88178f729707","lbl_SearchBox_A_VAR":"71bd2e4f-89fb-4fc2-b851-d3ac8ed62962","PACo_DetailsList_A Screen":"ef82f38d-55c6-4a03-a3aa-0fac1f9ceceb","cmp_DetailsList_A_Button_LoadData":"ae4af06c-6347-4fcd-8963-257ffbc3e61a","lbl_DetailsList_A_VAR":"19b5e9c4-1c03-4874-9b47-4510ec893dc4","cmp_DetailsList_A":"c30d7491-ba20-4130-8f66-18cd1693baae","cmp_DetailsList_A_Back":"61f3bf6e-ab60-46db-98ba-574c1c6f6391","PACo_ProgressIndicator_A Screen":"bb4e0a7b-324a-482a-8900-97d57f2eb383","cmp_ProgressIndicator_A_Back":"b0bba98d-0f34-422b-8f83-507746aa3011","cmp_ProgressIndicator_A_Button_LoadData":"c11e268b-9de6-426a-893f-6e5f9de2950a","cmp_ProgressIndicator_A":"bd57ca3e-82db-452f-9a60-bef4442fae0b","Home Screen":"2de53cd9-8f11-44e4-9e35-7f4ccd39042e","cntr_Home":"5d6fd9b7-b72b-430e-88fe-05c394fe8581","cmp_Button_PACo_Button_A":"fb67fe4c-a166-4494-ac67-55acd94d2c4f","cmp_Button_PACo_CommandBar":"5a582b10-ee68-476d-9c79-87d2241a36e0","cmp_Button_PACo_CommandBar_Item_A":"e462229c-266c-48e8-a05e-df237bd55ac0","cmp_Button_PACo_DetailsList_A":"7d1cedeb-19af-45cb-89b7-6478e1c29691","cmp_Button_PACo_DetailsList_B":"c856bab4-220a-486e-bc73-b8e464f7550c","cmp_Button_PACo_DetailsList_C":"fe94a540-2a82-4f2c-ae3d-4dd76a6c02d6","cmp_Button_PACo_Dialog_A":"13126e36-2a53-4286-a935-ee5586d6fc18","cmp_Button_PACo_Header_A":"01efd929-5d88-4f79-954c-3f8e703d41de","cmp_Button_PACo_Icon_A":"93695e29-dafe-418d-925a-fee1fe1b620f","cmp_Button_PACo_Log_A":"0ad4f25f-5b11-46fe-94b0-50b1bf28710c","cmp_Button_PACo_Nav_B":"f8669e43-47cd-4452-9b32-0c7eceb0f56e","cmp_Button_PACo_Nav_C":"51730f23-9667-4387-be3e-0d2e02b18632","cmp_Button_PACo_Panel_A":"d293bd16-4191-4222-a6c9-fdceed7f43d7","cmp_Button_PACo_ProgressIndicator_A":"0634b095-cf36-4a20-80ed-1b464d93240a","cmp_Button_PACo_ProgressIndicator_B":"fcd36a04-3234-4c7a-833d-8b3a2b842e64","cmp_Button_PACo_SearchBox_A":"c0991ec8-159b-407f-b6dd-b63cef920ae5","cmp_Button_PACo_SelectList_A":"7fe730d7-0c48-4280-b1a2-e71c794d2dd8","cmp_Button_PACo_Spinner_A":"ad918a57-331b-4a5d-8dd5-6fd81779e426","cmp_Button_PACo_Tabs":"a2693165-6d8d-4f11-a71d-6dba05642714","cmp_Button_PACo_Tiles":"b39e15d9-cf97-4f93-9e00-f72a3fb6af80","cmp_Button_PACo_Visualization_A":"f46d156e-b2e5-4881-b21f-275e14dd16d6","PACo_ProgressIndicator_B Screen":"8a586a47-55ce-40aa-bf21-bc654511b978","cmp_ProgressIndicator_B_Back":"c9899ead-c154-4fff-a98b-a6249a6830c8","cmp_ProgressIndicator_B_Button_LoadData":"ab4dcd77-af45-4452-90cb-5ca6bdeddca3","cmp_ProgressIndicator_B":"f9c4558a-35e5-43db-98b0-2989cb6e9a04","PACo_Button_A Screen":"d2c68483-5770-4dd0-b63a-c6b7e74206c5","cmp_Button_A_Primary":"93c1b4b1-827c-461a-8bab-92105ab2529c","cmp_Button_A_Secondary":"85fba862-0dea-47c0-ae98-13f8a14e408c","cmp_Button_A_Primary_Disabled":"ef92777f-7b49-4b72-a87c-026be95e3125","cmp_Button_Secondary_B_Disabled":"41804fee-524d-459b-830b-0faee111937f","lbl_Button_A_Primary_VAR":"9ad44054-8f24-401d-ac40-8179054c45ed","lbl_Button_A_Secondary_VAR":"a42102ab-709e-4010-b090-59aef0932f26","cmp_Button_Back":"da2ecf3e-efce-4a55-862f-ef414d2a9d01","PACo_CommandBar_Item_A Screen":"8cab4163-24dd-4717-9dbf-99c040e9db04","cmp_CommandBar_Item_A":"3b587aa9-8162-4de3-b40d-4ba9c18aac06","lbl_CommandBar_Item_A_VAR":"50fe9dc0-4a1a-4d9e-a7da-cce96163e725","cmp_CommandBar_Item_Back":"177cb5cc-064f-40b9-91cd-9929577a49e8","PACo_Spinner_A Screen":"5eb9dfbc-bae3-4788-bf23-5bad6ed46e02","cmp_Spinner_A":"4fe2b504-1959-44f7-acdb-94ec05074c41","cmp_Spinner_Back":"a5f8a9c7-abb8-4129-9918-ca2710af2e3a","PACo_Icon_A Screen":"849abd3c-8dd9-43b6-8ca9-1176130051d9","cmp_Icon_A":"c08b05ff-f084-43e9-8373-828d545533d4","cmp_Icon_Back":"356cb6d6-9015-48fe-aba8-16646a932209","lbl_Icon_A_VAR":"9f1c91b7-f160-4c98-8955-660b8a2a9752","PACo_Visualization_A Screen":"0445e2ad-6008-4f7f-a92b-8495c435313d","cmp_Visualization_A_Elevation":"37c35ecd-0788-4669-9980-247e1cdd98d4","cmp_Visualization_Back":"a0537c14-9d42-43ad-a29f-4706578874f2","cmp_Visualization_A_Line":"fbf7741f-f734-48c1-bddb-ea4dfcead990","PACo_Tiles Screen":"eae0d78f-9b62-4c9c-9767-f590a619de31","cmp_Tiles_Back":"92a677b6-c628-4785-ba31-51d5b6604f7f","cmp_Tiles_Button_LoadData":"03dcfe8a-2a77-4178-bfbc-8cacec91244b","cmp_Tiles_Tile_A":"c927f6f3-c423-46d9-9eb4-8606934cae24","cmp_Tiles_Tile_B":"5440ca8e-1031-42d9-b7a8-bc3271669566","lbl_Tiles_VAR":"1a108f45-e010-405f-8ce0-a02f445086da","PACo_CommandBar Screen":"7d40bd5c-c052-4da3-bb59-21a0f7a96213","cmp_CommandBar_Button_LoadData":"f1560a45-eb4b-4fe0-90d3-060427c82962","lbl_CommandBar_VAR":"5dc10733-21b1-4b9c-8f5b-cee2b231bcb6","sldr_CommandBar":"0796f7c1-3871-41e1-b97f-3e9af3b60bc3","cmp_CommandBar_B":"e39791eb-5aea-43f1-9b23-5c5d38c5eabb","cmp_CommandBarMenu_A":"c3f9ff66-73ce-4570-afd1-954df7d6a911","cmp_CommandBar_Back":"371f9d1e-1ac8-41f9-8281-e2c8412c1758","PACo_DetailsList_B Screen":"e99a7191-f0df-4141-957d-6046482fd534","cmp_DetailsList_B_Button_LoadData":"253d6ea6-0f28-45bc-93a8-74156cc6e6fb","lbl_DetailsList_B_VAR":"cec50f8b-a238-4d49-8ad7-db90d2cbd6e0","cmp_DetailsList_B":"39262d09-0d57-4ef6-b3be-bbacfdb92af8","cmp_DetailsList_B_Back":"8e62a4f5-b673-411a-95ea-4ce4aa6e4e50","PACo_Dialog_A Screen":"2044281d-4e11-42f3-b708-a227c8ae08fc","cmp_Dialog_A":"1afac886-2b70-4b3b-bd7b-c64f86e04096","cmp_Dialog_A_Button_LoadData_1":"c277b42f-e334-452e-a01b-38b473d6d8de","cmp_Dialog_A_Button_LoadData_2":"f7cbec3d-067a-4a10-8ab1-b5ba944fdd02","cmp_Dialog_Back":"741b5c30-bd7e-4445-82b6-2d2e0416fcf1","PACo_Nav_B Screen":"99dfeba5-7ad2-421b-958d-47e84d978f0f","cmp_Nav_B_Back":"857d853b-5527-451a-8a99-364dc8309d27","cmp_Nav_B":"7943e6f8-583c-4c30-a54d-d520f433fe8a","cmp_Nav_B_Button_LoadData":"d135b419-838d-4eab-854d-86a4bfb36f6f","lbl_Nav_B_VAR":"0724da19-9c10-4a6c-9657-eff310defa3c","PACo_Nav_C Screen":"5e4303d1-7c4f-4fe3-9d3a-d4e045e9a926","cmp_Nav_C":"c61216e1-bb30-4b24-aa94-17eecf2d3bd4","cmp_Nav_C_Back":"4011f748-835a-4d4c-be8f-f97c5035005c","cmp_Nav_C_Button_LoadData":"12483cf5-19e7-49be-896f-854e2c595895","lbl_Nav_C_VAR":"caca6608-e5eb-4cbb-9c49-420f5714e9d4","PACo_Panel_A Screen":"86cd12ec-5f07-4bb7-b007-ac07d55518c2","cmp_Panel_A":"fd3d3093-0a3c-4533-a202-3457dfbe05a2","cmp_Panel_Back":"fe8a0b29-5ead-426f-935f-06655efe9fa9","cmp_Panel_Button_LoadData":"52460957-1b66-4717-b301-0872f253b191","lbl_Panel_A_VAR":"6a69dab4-5a81-4995-bce2-63554769d299","PACo_Tabs Screen":"28b47d9c-62ec-439b-be38-4f7088b46e29","cmp_Tabs_Back":"8c44f843-c0fa-4c7d-ad5b-02cc63e5e2c8","cmp_Tabs_Button_LoadData":"63e3431d-ee33-4b1c-a53f-857b06c07a49","lbl_Tabs_VAR":"db865fd7-86e0-4a54-baf7-bda239e0e2e9","sldr_Tabs":"3f6b97dd-e63b-44b7-ba53-ecf74b4d0c1e","cmp_Tabs_A":"57ec5968-7c6b-4846-992f-76844ebca335","cmp_TabsMenu_A":"5c09cfe9-5f88-4b5f-b22a-93a227805ec0"}